1 6 345 346 347 352
2 6 697 698 699 704
3 6 1049 1050 1051 1056
4 6 1401 1402 1403 1408
5 6 1753 1754 1755 1760
6 6 2105 2106 2107 2112
7 6 2457 2458 2459 2464
8 6 2809 2810 2811 2816
9 6 3161 3162 3163 3168
10 6 3513 3514 3515 3520
11 12 350 346 347 352
12 12 351 346 347 352
13 12 702 698 699 704
14 12 703 698 699 704
15 12 1054 1050 1051 1056
16 12 1055 1050 1051 1056
17 12 1406 1402 1403 1408
18 12 1407 1402 1403 1408
19 12 1758 1754 1755 1760
20 12 1759 1754 1755 1760
21 12 2110 2106 2107 2112
22 12 2111 2106 2107 2112
23 12 2462 2458 2459 2464
24 12 2463 2458 2459 2464
25 12 2814 2810 2811 2816
26 12 2815 2810 2811 2816
27 12 3166 3162 3163 3168
28 12 3167 3162 3163 3168
29 12 3518 3514 3515 3520
30 12 3519 3514 3515 3520
31 26 347 346 345 348
32 26 347 346 345 349
33 26 699 698 697 700
34 26 699 698 697 701
35 26 1051 1050 1049 1052
36 26 1051 1050 1049 1053
37 26 1403 1402 1401 1404
38 26 1403 1402 1401 1405
39 26 1755 1754 1753 1756
40 26 1755 1754 1753 1757
41 26 2107 2106 2105 2108
42 26 2107 2106 2105 2109
43 26 2459 2458 2457 2460
44 26 2459 2458 2457 2461
45 26 2811 2810 2809 2812
46 26 2811 2810 2809 2813
47 26 3163 3162 3161 3164
48 26 3163 3162 3161 3165
49 26 3515 3514 3513 3516
50 26 3515 3514 3513 3517
51 46 2 3 1 4
52 46 2 3 1 5
53 46 2 3 1 6
54 46 354 355 353 356
55 46 354 355 353 357
56 46 354 355 353 358
57 46 706 707 705 708
58 46 706 707 705 709
59 46 706 707 705 710
60 46 1058 1059 1057 1060
61 46 1058 1059 1057 1061
62 46 1058 1059 1057 1062
63 46 1410 1411 1409 1412
64 46 1410 1411 1409 1413
65 46 1410 1411 1409 1414
66 46 1762 1763 1761 1764
67 46 1762 1763 1761 1765
68 46 1762 1763 1761 1766
69 46 2114 2115 2113 2116
70 46 2114 2115 2113 2117
71 46 2114 2115 2113 2118
72 46 2466 2467 2465 2468
73 46 2466 2467 2465 2469
74 46 2466 2467 2465 2470
75 46 2818 2819 2817 2820
76 46 2818 2819 2817 2821
77 46 2818 2819 2817 2822
78 46 3170 3171 3169 3172
79 46 3170 3171 3169 3173
80 46 3170 3171 3169 3174
81 48 339 345 346 350
82 48 339 345 346 351
83 48 691 697 698 702
84 48 691 697 698 703
85 48 1043 1049 1050 1054
86 48 1043 1049 1050 1055
87 48 1395 1401 1402 1406
88 48 1395 1401 1402 1407
89 48 1747 1753 1754 1758
90 48 1747 1753 1754 1759
91 48 2099 2105 2106 2110
92 48 2099 2105 2106 2111
93 48 2451 2457 2458 2462
94 48 2451 2457 2458 2463
95 48 2803 2809 2810 2814
96 48 2803 2809 2810 2815
97 48 3155 3161 3162 3166
98 48 3155 3161 3162 3167
99 48 3507 3513 3514 3518
100 48 3507 3513 3514 3519
101 51 2 9 11 14
102 51 2 9 11 15
103 51 10 11 9 12
104 51 10 11 9 13
105 51 10 16 18 21
106 51 10 16 18 22
107 51 17 18 16 19
108 51 17 18 16 20
109 51 17 23 25 28
110 51 17 23 25 29
111 51 24 25 23 26
112 51 24 25 23 27
113 51 24 30 32 35
114 51 24 30 32 36
115 51 31 32 30 33
116 51 31 32 30 34
117 51 31 37 39 42
118 51 31 37 39 43
119 51 38 39 37 40
120 51 38 39 37 41
121 51 38 44 46 49
122 51 38 44 46 50
123 51 45 46 44 47
124 51 45 46 44 48
125 51 45 51 53 56
126 51 45 51 53 57
127 51 52 53 51 54
128 51 52 53 51 55
129 51 52 58 60 63
130 51 52 58 60 64
131 51 59 60 58 61
132 51 59 60 58 62
133 51 59 65 67 70
134 51 59 65 67 71
135 51 66 67 65 68
136 51 66 67 65 69
137 51 66 72 74 77
138 51 66 72 74 78
139 51 73 74 72 75
140 51 73 74 72 76
141 51 73 79 81 84
142 51 73 79 81 85
143 51 80 81 79 82
144 51 80 81 79 83
145 51 80 86 88 91
146 51 80 86 88 92
147 51 87 88 86 89
148 51 87 88 86 90
149 51 87 93 95 98
150 51 87 93 95 99
151 51 94 95 93 96
152 51 94 95 93 97
153 51 94 100 102 105
154 51 94 100 102 106
155 51 101 102 100 103
156 51 101 102 100 104
157 51 101 107 109 112
158 51 101 107 109 113
159 51 108 109 107 110
160 51 108 109 107 111
161 51 108 114 116 119
162 51 108 114 116 120
163 51 115 116 114 117
164 51 115 116 114 118
165 51 115 121 123 126
166 51 115 121 123 127
167 51 122 123 121 124
168 51 122 123 121 125
169 51 122 128 130 133
170 51 122 128 130 134
171 51 129 130 128 131
172 51 129 130 128 132
173 51 129 135 137 140
174 51 129 135 137 141
175 51 136 137 135 138
176 51 136 137 135 139
177 51 136 142 144 147
178 51 136 142 144 148
179 51 143 144 142 145
180 51 143 144 142 146
181 51 143 149 151 154
182 51 143 149 151 155
183 51 150 151 149 152
184 51 150 151 149 153
185 51 150 156 158 161
186 51 150 156 158 162
187 51 157 158 156 159
188 51 157 158 156 160
189 51 157 163 165 168
190 51 157 163 165 169
191 51 164 165 163 166
192 51 164 165 163 167
193 51 164 170 172 175
194 51 164 170 172 176
195 51 171 172 170 173
196 51 171 172 170 174
197 51 171 177 179 182
198 51 171 177 179 183
199 51 178 179 177 180
200 51 178 179 177 181
201 51 178 184 186 189
202 51 178 184 186 190
203 51 185 186 184 187
204 51 185 186 184 188
205 51 185 191 193 196
206 51 185 191 193 197
207 51 192 193 191 194
208 51 192 193 191 195
209 51 192 198 200 203
210 51 192 198 200 204
211 51 199 200 198 201
212 51 199 200 198 202
213 51 199 205 207 210
214 51 199 205 207 211
215 51 206 207 205 208
216 51 206 207 205 209
217 51 206 212 214 217
218 51 206 212 214 218
219 51 213 214 212 215
220 51 213 214 212 216
221 51 213 219 221 224
222 51 213 219 221 225
223 51 220 221 219 222
224 51 220 221 219 223
225 51 220 226 228 231
226 51 220 226 228 232
227 51 227 228 226 229
228 51 227 228 226 230
229 51 227 233 235 238
230 51 227 233 235 239
231 51 234 235 233 236
232 51 234 235 233 237
233 51 234 240 242 245
234 51 234 240 242 246
235 51 241 242 240 243
236 51 241 242 240 244
237 51 241 247 249 252
238 51 241 247 249 253
239 51 248 249 247 250
240 51 248 249 247 251
241 51 248 254 256 259
242 51 248 254 256 260
243 51 255 256 254 257
244 51 255 256 254 258
245 51 255 261 263 266
246 51 255 261 263 267
247 51 262 263 261 264
248 51 262 263 261 265
249 51 262 268 270 273
250 51 262 268 270 274
251 51 269 270 268 271
252 51 269 270 268 272
253 51 269 275 277 280
254 51 269 275 277 281
255 51 276 277 275 278
256 51 276 277 275 279
257 51 276 282 284 287
258 51 276 282 284 288
259 51 283 284 282 285
260 51 283 284 282 286
261 51 283 289 291 294
262 51 283 289 291 295
263 51 290 291 289 292
264 51 290 291 289 293
265 51 290 296 298 301
266 51 290 296 298 302
267 51 297 298 296 299
268 51 297 298 296 300
269 51 297 303 305 308
270 51 297 303 305 309
271 51 304 305 303 306
272 51 304 305 303 307
273 51 304 310 312 315
274 51 304 310 312 316
275 51 311 312 310 313
276 51 311 312 310 314
277 51 311 317 319 322
278 51 311 317 319 323
279 51 318 319 317 320
280 51 318 319 317 321
281 51 318 324 326 329
282 51 318 324 326 330
283 51 325 326 324 327
284 51 325 326 324 328
285 51 325 331 333 336
286 51 325 331 333 337
287 51 332 333 331 334
288 51 332 333 331 335
289 51 332 338 340 343
290 51 332 338 340 344
291 51 339 340 338 341
292 51 339 340 338 342
293 51 354 361 363 366
294 51 354 361 363 367
295 51 362 363 361 364
296 51 362 363 361 365
297 51 362 368 370 373
298 51 362 368 370 374
299 51 369 370 368 371
300 51 369 370 368 372
301 51 369 375 377 380
302 51 369 375 377 381
303 51 376 377 375 378
304 51 376 377 375 379
305 51 376 382 384 387
306 51 376 382 384 388
307 51 383 384 382 385
308 51 383 384 382 386
309 51 383 389 391 394
310 51 383 389 391 395
311 51 390 391 389 392
312 51 390 391 389 393
313 51 390 396 398 401
314 51 390 396 398 402
315 51 397 398 396 399
316 51 397 398 396 400
317 51 397 403 405 408
318 51 397 403 405 409
319 51 404 405 403 406
320 51 404 405 403 407
321 51 404 410 412 415
322 51 404 410 412 416
323 51 411 412 410 413
324 51 411 412 410 414
325 51 411 417 419 422
326 51 411 417 419 423
327 51 418 419 417 420
328 51 418 419 417 421
329 51 418 424 426 429
330 51 418 424 426 430
331 51 425 426 424 427
332 51 425 426 424 428
333 51 425 431 433 436
334 51 425 431 433 437
335 51 432 433 431 434
336 51 432 433 431 435
337 51 432 438 440 443
338 51 432 438 440 444
339 51 439 440 438 441
340 51 439 440 438 442
341 51 439 445 447 450
342 51 439 445 447 451
343 51 446 447 445 448
344 51 446 447 445 449
345 51 446 452 454 457
346 51 446 452 454 458
347 51 453 454 452 455
348 51 453 454 452 456
349 51 453 459 461 464
350 51 453 459 461 465
351 51 460 461 459 462
352 51 460 461 459 463
353 51 460 466 468 471
354 51 460 466 468 472
355 51 467 468 466 469
356 51 467 468 466 470
357 51 467 473 475 478
358 51 467 473 475 479
359 51 474 475 473 476
360 51 474 475 473 477
361 51 474 480 482 485
362 51 474 480 482 486
363 51 481 482 480 483
364 51 481 482 480 484
365 51 481 487 489 492
366 51 481 487 489 493
367 51 488 489 487 490
368 51 488 489 487 491
369 51 488 494 496 499
370 51 488 494 496 500
371 51 495 496 494 497
372 51 495 496 494 498
373 51 495 501 503 506
374 51 495 501 503 507
375 51 502 503 501 504
376 51 502 503 501 505
377 51 502 508 510 513
378 51 502 508 510 514
379 51 509 510 508 511
380 51 509 510 508 512
381 51 509 515 517 520
382 51 509 515 517 521
383 51 516 517 515 518
384 51 516 517 515 519
385 51 516 522 524 527
386 51 516 522 524 528
387 51 523 524 522 525
388 51 523 524 522 526
389 51 523 529 531 534
390 51 523 529 531 535
391 51 530 531 529 532
392 51 530 531 529 533
393 51 530 536 538 541
394 51 530 536 538 542
395 51 537 538 536 539
396 51 537 538 536 540
397 51 537 543 545 548
398 51 537 543 545 549
399 51 544 545 543 546
400 51 544 545 543 547
401 51 544 550 552 555
402 51 544 550 552 556
403 51 551 552 550 553
404 51 551 552 550 554
405 51 551 557 559 562
406 51 551 557 559 563
407 51 558 559 557 560
408 51 558 559 557 561
409 51 558 564 566 569
410 51 558 564 566 570
411 51 565 566 564 567
412 51 565 566 564 568
413 51 565 571 573 576
414 51 565 571 573 577
415 51 572 573 571 574
416 51 572 573 571 575
417 51 572 578 580 583
418 51 572 578 580 584
419 51 579 580 578 581
420 51 579 580 578 582
421 51 579 585 587 590
422 51 579 585 587 591
423 51 586 587 585 588
424 51 586 587 585 589
425 51 586 592 594 597
426 51 586 592 594 598
427 51 593 594 592 595
428 51 593 594 592 596
429 51 593 599 601 604
430 51 593 599 601 605
431 51 600 601 599 602
432 51 600 601 599 603
433 51 600 606 608 611
434 51 600 606 608 612
435 51 607 608 606 609
436 51 607 608 606 610
437 51 607 613 615 618
438 51 607 613 615 619
439 51 614 615 613 616
440 51 614 615 613 617
441 51 614 620 622 625
442 51 614 620 622 626
443 51 621 622 620 623
444 51 621 622 620 624
445 51 621 627 629 632
446 51 621 627 629 633
447 51 628 629 627 630
448 51 628 629 627 631
449 51 628 634 636 639
450 51 628 634 636 640
451 51 635 636 634 637
452 51 635 636 634 638
453 51 635 641 643 646
454 51 635 641 643 647
455 51 642 643 641 644
456 51 642 643 641 645
457 51 642 648 650 653
458 51 642 648 650 654
459 51 649 650 648 651
460 51 649 650 648 652
461 51 649 655 657 660
462 51 649 655 657 661
463 51 656 657 655 658
464 51 656 657 655 659
465 51 656 662 664 667
466 51 656 662 664 668
467 51 663 664 662 665
468 51 663 664 662 666
469 51 663 669 671 674
470 51 663 669 671 675
471 51 670 671 669 672
472 51 670 671 669 673
473 51 670 676 678 681
474 51 670 676 678 682
475 51 677 678 676 679
476 51 677 678 676 680
477 51 677 683 685 688
478 51 677 683 685 689
479 51 684 685 683 686
480 51 684 685 683 687
481 51 684 690 692 695
482 51 684 690 692 696
483 51 691 692 690 693
484 51 691 692 690 694
485 51 706 713 715 718
486 51 706 713 715 719
487 51 714 715 713 716
488 51 714 715 713 717
489 51 714 720 722 725
490 51 714 720 722 726
491 51 721 722 720 723
492 51 721 722 720 724
493 51 721 727 729 732
494 51 721 727 729 733
495 51 728 729 727 730
496 51 728 729 727 731
497 51 728 734 736 739
498 51 728 734 736 740
499 51 735 736 734 737
500 51 735 736 734 738
501 51 735 741 743 746
502 51 735 741 743 747
503 51 742 743 741 744
504 51 742 743 741 745
505 51 742 748 750 753
506 51 742 748 750 754
507 51 749 750 748 751
508 51 749 750 748 752
509 51 749 755 757 760
510 51 749 755 757 761
511 51 756 757 755 758
512 51 756 757 755 759
513 51 756 762 764 767
514 51 756 762 764 768
515 51 763 764 762 765
516 51 763 764 762 766
517 51 763 769 771 774
518 51 763 769 771 775
519 51 770 771 769 772
520 51 770 771 769 773
521 51 770 776 778 781
522 51 770 776 778 782
523 51 777 778 776 779
524 51 777 778 776 780
525 51 777 783 785 788
526 51 777 783 785 789
527 51 784 785 783 786
528 51 784 785 783 787
529 51 784 790 792 795
530 51 784 790 792 796
531 51 791 792 790 793
532 51 791 792 790 794
533 51 791 797 799 802
534 51 791 797 799 803
535 51 798 799 797 800
536 51 798 799 797 801
537 51 798 804 806 809
538 51 798 804 806 810
539 51 805 806 804 807
540 51 805 806 804 808
541 51 805 811 813 816
542 51 805 811 813 817
543 51 812 813 811 814
544 51 812 813 811 815
545 51 812 818 820 823
546 51 812 818 820 824
547 51 819 820 818 821
548 51 819 820 818 822
549 51 819 825 827 830
550 51 819 825 827 831
551 51 826 827 825 828
552 51 826 827 825 829
553 51 826 832 834 837
554 51 826 832 834 838
555 51 833 834 832 835
556 51 833 834 832 836
557 51 833 839 841 844
558 51 833 839 841 845
559 51 840 841 839 842
560 51 840 841 839 843
561 51 840 846 848 851
562 51 840 846 848 852
563 51 847 848 846 849
564 51 847 848 846 850
565 51 847 853 855 858
566 51 847 853 855 859
567 51 854 855 853 856
568 51 854 855 853 857
569 51 854 860 862 865
570 51 854 860 862 866
571 51 861 862 860 863
572 51 861 862 860 864
573 51 861 867 869 872
574 51 861 867 869 873
575 51 868 869 867 870
576 51 868 869 867 871
577 51 868 874 876 879
578 51 868 874 876 880
579 51 875 876 874 877
580 51 875 876 874 878
581 51 875 881 883 886
582 51 875 881 883 887
583 51 882 883 881 884
584 51 882 883 881 885
585 51 882 888 890 893
586 51 882 888 890 894
587 51 889 890 888 891
588 51 889 890 888 892
589 51 889 895 897 900
590 51 889 895 897 901
591 51 896 897 895 898
592 51 896 897 895 899
593 51 896 902 904 907
594 51 896 902 904 908
595 51 903 904 902 905
596 51 903 904 902 906
597 51 903 909 911 914
598 51 903 909 911 915
599 51 910 911 909 912
600 51 910 911 909 913
601 51 910 916 918 921
602 51 910 916 918 922
603 51 917 918 916 919
604 51 917 918 916 920
605 51 917 923 925 928
606 51 917 923 925 929
607 51 924 925 923 926
608 51 924 925 923 927
609 51 924 930 932 935
610 51 924 930 932 936
611 51 931 932 930 933
612 51 931 932 930 934
613 51 931 937 939 942
614 51 931 937 939 943
615 51 938 939 937 940
616 51 938 939 937 941
617 51 938 944 946 949
618 51 938 944 946 950
619 51 945 946 944 947
620 51 945 946 944 948
621 51 945 951 953 956
622 51 945 951 953 957
623 51 952 953 951 954
624 51 952 953 951 955
625 51 952 958 960 963
626 51 952 958 960 964
627 51 959 960 958 961
628 51 959 960 958 962
629 51 959 965 967 970
630 51 959 965 967 971
631 51 966 967 965 968
632 51 966 967 965 969
633 51 966 972 974 977
634 51 966 972 974 978
635 51 973 974 972 975
636 51 973 974 972 976
637 51 973 979 981 984
638 51 973 979 981 985
639 51 980 981 979 982
640 51 980 981 979 983
641 51 980 986 988 991
642 51 980 986 988 992
643 51 987 988 986 989
644 51 987 988 986 990
645 51 987 993 995 998
646 51 987 993 995 999
647 51 994 995 993 996
648 51 994 995 993 997
649 51 994 1000 1002 1005
650 51 994 1000 1002 1006
651 51 1001 1002 1000 1003
652 51 1001 1002 1000 1004
653 51 1001 1007 1009 1012
654 51 1001 1007 1009 1013
655 51 1008 1009 1007 1010
656 51 1008 1009 1007 1011
657 51 1008 1014 1016 1019
658 51 1008 1014 1016 1020
659 51 1015 1016 1014 1017
660 51 1015 1016 1014 1018
661 51 1015 1021 1023 1026
662 51 1015 1021 1023 1027
663 51 1022 1023 1021 1024
664 51 1022 1023 1021 1025
665 51 1022 1028 1030 1033
666 51 1022 1028 1030 1034
667 51 1029 1030 1028 1031
668 51 1029 1030 1028 1032
669 51 1029 1035 1037 1040
670 51 1029 1035 1037 1041
671 51 1036 1037 1035 1038
672 51 1036 1037 1035 1039
673 51 1036 1042 1044 1047
674 51 1036 1042 1044 1048
675 51 1043 1044 1042 1045
676 51 1043 1044 1042 1046
677 51 1058 1065 1067 1070
678 51 1058 1065 1067 1071
679 51 1066 1067 1065 1068
680 51 1066 1067 1065 1069
681 51 1066 1072 1074 1077
682 51 1066 1072 1074 1078
683 51 1073 1074 1072 1075
684 51 1073 1074 1072 1076
685 51 1073 1079 1081 1084
686 51 1073 1079 1081 1085
687 51 1080 1081 1079 1082
688 51 1080 1081 1079 1083
689 51 1080 1086 1088 1091
690 51 1080 1086 1088 1092
691 51 1087 1088 1086 1089
692 51 1087 1088 1086 1090
693 51 1087 1093 1095 1098
694 51 1087 1093 1095 1099
695 51 1094 1095 1093 1096
696 51 1094 1095 1093 1097
697 51 1094 1100 1102 1105
698 51 1094 1100 1102 1106
699 51 1101 1102 1100 1103
700 51 1101 1102 1100 1104
701 51 1101 1107 1109 1112
702 51 1101 1107 1109 1113
703 51 1108 1109 1107 1110
704 51 1108 1109 1107 1111
705 51 1108 1114 1116 1119
706 51 1108 1114 1116 1120
707 51 1115 1116 1114 1117
708 51 1115 1116 1114 1118
709 51 1115 1121 1123 1126
710 51 1115 1121 1123 1127
711 51 1122 1123 1121 1124
712 51 1122 1123 1121 1125
713 51 1122 1128 1130 1133
714 51 1122 1128 1130 1134
715 51 1129 1130 1128 1131
716 51 1129 1130 1128 1132
717 51 1129 1135 1137 1140
718 51 1129 1135 1137 1141
719 51 1136 1137 1135 1138
720 51 1136 1137 1135 1139
721 51 1136 1142 1144 1147
722 51 1136 1142 1144 1148
723 51 1143 1144 1142 1145
724 51 1143 1144 1142 1146
725 51 1143 1149 1151 1154
726 51 1143 1149 1151 1155
727 51 1150 1151 1149 1152
728 51 1150 1151 1149 1153
729 51 1150 1156 1158 1161
730 51 1150 1156 1158 1162
731 51 1157 1158 1156 1159
732 51 1157 1158 1156 1160
733 51 1157 1163 1165 1168
734 51 1157 1163 1165 1169
735 51 1164 1165 1163 1166
736 51 1164 1165 1163 1167
737 51 1164 1170 1172 1175
738 51 1164 1170 1172 1176
739 51 1171 1172 1170 1173
740 51 1171 1172 1170 1174
741 51 1171 1177 1179 1182
742 51 1171 1177 1179 1183
743 51 1178 1179 1177 1180
744 51 1178 1179 1177 1181
745 51 1178 1184 1186 1189
746 51 1178 1184 1186 1190
747 51 1185 1186 1184 1187
748 51 1185 1186 1184 1188
749 51 1185 1191 1193 1196
750 51 1185 1191 1193 1197
751 51 1192 1193 1191 1194
752 51 1192 1193 1191 1195
753 51 1192 1198 1200 1203
754 51 1192 1198 1200 1204
755 51 1199 1200 1198 1201
756 51 1199 1200 1198 1202
757 51 1199 1205 1207 1210
758 51 1199 1205 1207 1211
759 51 1206 1207 1205 1208
760 51 1206 1207 1205 1209
761 51 1206 1212 1214 1217
762 51 1206 1212 1214 1218
763 51 1213 1214 1212 1215
764 51 1213 1214 1212 1216
765 51 1213 1219 1221 1224
766 51 1213 1219 1221 1225
767 51 1220 1221 1219 1222
768 51 1220 1221 1219 1223
769 51 1220 1226 1228 1231
770 51 1220 1226 1228 1232
771 51 1227 1228 1226 1229
772 51 1227 1228 1226 1230
773 51 1227 1233 1235 1238
774 51 1227 1233 1235 1239
775 51 1234 1235 1233 1236
776 51 1234 1235 1233 1237
777 51 1234 1240 1242 1245
778 51 1234 1240 1242 1246
779 51 1241 1242 1240 1243
780 51 1241 1242 1240 1244
781 51 1241 1247 1249 1252
782 51 1241 1247 1249 1253
783 51 1248 1249 1247 1250
784 51 1248 1249 1247 1251
785 51 1248 1254 1256 1259
786 51 1248 1254 1256 1260
787 51 1255 1256 1254 1257
788 51 1255 1256 1254 1258
789 51 1255 1261 1263 1266
790 51 1255 1261 1263 1267
791 51 1262 1263 1261 1264
792 51 1262 1263 1261 1265
793 51 1262 1268 1270 1273
794 51 1262 1268 1270 1274
795 51 1269 1270 1268 1271
796 51 1269 1270 1268 1272
797 51 1269 1275 1277 1280
798 51 1269 1275 1277 1281
799 51 1276 1277 1275 1278
800 51 1276 1277 1275 1279
801 51 1276 1282 1284 1287
802 51 1276 1282 1284 1288
803 51 1283 1284 1282 1285
804 51 1283 1284 1282 1286
805 51 1283 1289 1291 1294
806 51 1283 1289 1291 1295
807 51 1290 1291 1289 1292
808 51 1290 1291 1289 1293
809 51 1290 1296 1298 1301
810 51 1290 1296 1298 1302
811 51 1297 1298 1296 1299
812 51 1297 1298 1296 1300
813 51 1297 1303 1305 1308
814 51 1297 1303 1305 1309
815 51 1304 1305 1303 1306
816 51 1304 1305 1303 1307
817 51 1304 1310 1312 1315
818 51 1304 1310 1312 1316
819 51 1311 1312 1310 1313
820 51 1311 1312 1310 1314
821 51 1311 1317 1319 1322
822 51 1311 1317 1319 1323
823 51 1318 1319 1317 1320
824 51 1318 1319 1317 1321
825 51 1318 1324 1326 1329
826 51 1318 1324 1326 1330
827 51 1325 1326 1324 1327
828 51 1325 1326 1324 1328
829 51 1325 1331 1333 1336
830 51 1325 1331 1333 1337
831 51 1332 1333 1331 1334
832 51 1332 1333 1331 1335
833 51 1332 1338 1340 1343
834 51 1332 1338 1340 1344
835 51 1339 1340 1338 1341
836 51 1339 1340 1338 1342
837 51 1339 1345 1347 1350
838 51 1339 1345 1347 1351
839 51 1346 1347 1345 1348
840 51 1346 1347 1345 1349
841 51 1346 1352 1354 1357
842 51 1346 1352 1354 1358
843 51 1353 1354 1352 1355
844 51 1353 1354 1352 1356
845 51 1353 1359 1361 1364
846 51 1353 1359 1361 1365
847 51 1360 1361 1359 1362
848 51 1360 1361 1359 1363
849 51 1360 1366 1368 1371
850 51 1360 1366 1368 1372
851 51 1367 1368 1366 1369
852 51 1367 1368 1366 1370
853 51 1367 1373 1375 1378
854 51 1367 1373 1375 1379
855 51 1374 1375 1373 1376
856 51 1374 1375 1373 1377
857 51 1374 1380 1382 1385
858 51 1374 1380 1382 1386
859 51 1381 1382 1380 1383
860 51 1381 1382 1380 1384
861 51 1381 1387 1389 1392
862 51 1381 1387 1389 1393
863 51 1388 1389 1387 1390
864 51 1388 1389 1387 1391
865 51 1388 1394 1396 1399
866 51 1388 1394 1396 1400
867 51 1395 1396 1394 1397
868 51 1395 1396 1394 1398
869 51 1410 1417 1419 1422
870 51 1410 1417 1419 1423
871 51 1418 1419 1417 1420
872 51 1418 1419 1417 1421
873 51 1418 1424 1426 1429
874 51 1418 1424 1426 1430
875 51 1425 1426 1424 1427
876 51 1425 1426 1424 1428
877 51 1425 1431 1433 1436
878 51 1425 1431 1433 1437
879 51 1432 1433 1431 1434
880 51 1432 1433 1431 1435
881 51 1432 1438 1440 1443
882 51 1432 1438 1440 1444
883 51 1439 1440 1438 1441
884 51 1439 1440 1438 1442
885 51 1439 1445 1447 1450
886 51 1439 1445 1447 1451
887 51 1446 1447 1445 1448
888 51 1446 1447 1445 1449
889 51 1446 1452 1454 1457
890 51 1446 1452 1454 1458
891 51 1453 1454 1452 1455
892 51 1453 1454 1452 1456
893 51 1453 1459 1461 1464
894 51 1453 1459 1461 1465
895 51 1460 1461 1459 1462
896 51 1460 1461 1459 1463
897 51 1460 1466 1468 1471
898 51 1460 1466 1468 1472
899 51 1467 1468 1466 1469
900 51 1467 1468 1466 1470
901 51 1467 1473 1475 1478
902 51 1467 1473 1475 1479
903 51 1474 1475 1473 1476
904 51 1474 1475 1473 1477
905 51 1474 1480 1482 1485
906 51 1474 1480 1482 1486
907 51 1481 1482 1480 1483
908 51 1481 1482 1480 1484
909 51 1481 1487 1489 1492
910 51 1481 1487 1489 1493
911 51 1488 1489 1487 1490
912 51 1488 1489 1487 1491
913 51 1488 1494 1496 1499
914 51 1488 1494 1496 1500
915 51 1495 1496 1494 1497
916 51 1495 1496 1494 1498
917 51 1495 1501 1503 1506
918 51 1495 1501 1503 1507
919 51 1502 1503 1501 1504
920 51 1502 1503 1501 1505
921 51 1502 1508 1510 1513
922 51 1502 1508 1510 1514
923 51 1509 1510 1508 1511
924 51 1509 1510 1508 1512
925 51 1509 1515 1517 1520
926 51 1509 1515 1517 1521
927 51 1516 1517 1515 1518
928 51 1516 1517 1515 1519
929 51 1516 1522 1524 1527
930 51 1516 1522 1524 1528
931 51 1523 1524 1522 1525
932 51 1523 1524 1522 1526
933 51 1523 1529 1531 1534
934 51 1523 1529 1531 1535
935 51 1530 1531 1529 1532
936 51 1530 1531 1529 1533
937 51 1530 1536 1538 1541
938 51 1530 1536 1538 1542
939 51 1537 1538 1536 1539
940 51 1537 1538 1536 1540
941 51 1537 1543 1545 1548
942 51 1537 1543 1545 1549
943 51 1544 1545 1543 1546
944 51 1544 1545 1543 1547
945 51 1544 1550 1552 1555
946 51 1544 1550 1552 1556
947 51 1551 1552 1550 1553
948 51 1551 1552 1550 1554
949 51 1551 1557 1559 1562
950 51 1551 1557 1559 1563
951 51 1558 1559 1557 1560
952 51 1558 1559 1557 1561
953 51 1558 1564 1566 1569
954 51 1558 1564 1566 1570
955 51 1565 1566 1564 1567
956 51 1565 1566 1564 1568
957 51 1565 1571 1573 1576
958 51 1565 1571 1573 1577
959 51 1572 1573 1571 1574
960 51 1572 1573 1571 1575
961 51 1572 1578 1580 1583
962 51 1572 1578 1580 1584
963 51 1579 1580 1578 1581
964 51 1579 1580 1578 1582
965 51 1579 1585 1587 1590
966 51 1579 1585 1587 1591
967 51 1586 1587 1585 1588
968 51 1586 1587 1585 1589
969 51 1586 1592 1594 1597
970 51 1586 1592 1594 1598
971 51 1593 1594 1592 1595
972 51 1593 1594 1592 1596
973 51 1593 1599 1601 1604
974 51 1593 1599 1601 1605
975 51 1600 1601 1599 1602
976 51 1600 1601 1599 1603
977 51 1600 1606 1608 1611
978 51 1600 1606 1608 1612
979 51 1607 1608 1606 1609
980 51 1607 1608 1606 1610
981 51 1607 1613 1615 1618
982 51 1607 1613 1615 1619
983 51 1614 1615 1613 1616
984 51 1614 1615 1613 1617
985 51 1614 1620 1622 1625
986 51 1614 1620 1622 1626
987 51 1621 1622 1620 1623
988 51 1621 1622 1620 1624
989 51 1621 1627 1629 1632
990 51 1621 1627 1629 1633
991 51 1628 1629 1627 1630
992 51 1628 1629 1627 1631
993 51 1628 1634 1636 1639
994 51 1628 1634 1636 1640
995 51 1635 1636 1634 1637
996 51 1635 1636 1634 1638
997 51 1635 1641 1643 1646
998 51 1635 1641 1643 1647
999 51 1642 1643 1641 1644
1000 51 1642 1643 1641 1645
1001 51 1642 1648 1650 1653
1002 51 1642 1648 1650 1654
1003 51 1649 1650 1648 1651
1004 51 1649 1650 1648 1652
1005 51 1649 1655 1657 1660
1006 51 1649 1655 1657 1661
1007 51 1656 1657 1655 1658
1008 51 1656 1657 1655 1659
1009 51 1656 1662 1664 1667
1010 51 1656 1662 1664 1668
1011 51 1663 1664 1662 1665
1012 51 1663 1664 1662 1666
1013 51 1663 1669 1671 1674
1014 51 1663 1669 1671 1675
1015 51 1670 1671 1669 1672
1016 51 1670 1671 1669 1673
1017 51 1670 1676 1678 1681
1018 51 1670 1676 1678 1682
1019 51 1677 1678 1676 1679
1020 51 1677 1678 1676 1680
1021 51 1677 1683 1685 1688
1022 51 1677 1683 1685 1689
1023 51 1684 1685 1683 1686
1024 51 1684 1685 1683 1687
1025 51 1684 1690 1692 1695
1026 51 1684 1690 1692 1696
1027 51 1691 1692 1690 1693
1028 51 1691 1692 1690 1694
1029 51 1691 1697 1699 1702
1030 51 1691 1697 1699 1703
1031 51 1698 1699 1697 1700
1032 51 1698 1699 1697 1701
1033 51 1698 1704 1706 1709
1034 51 1698 1704 1706 1710
1035 51 1705 1706 1704 1707
1036 51 1705 1706 1704 1708
1037 51 1705 1711 1713 1716
1038 51 1705 1711 1713 1717
1039 51 1712 1713 1711 1714
1040 51 1712 1713 1711 1715
1041 51 1712 1718 1720 1723
1042 51 1712 1718 1720 1724
1043 51 1719 1720 1718 1721
1044 51 1719 1720 1718 1722
1045 51 1719 1725 1727 1730
1046 51 1719 1725 1727 1731
1047 51 1726 1727 1725 1728
1048 51 1726 1727 1725 1729
1049 51 1726 1732 1734 1737
1050 51 1726 1732 1734 1738
1051 51 1733 1734 1732 1735
1052 51 1733 1734 1732 1736
1053 51 1733 1739 1741 1744
1054 51 1733 1739 1741 1745
1055 51 1740 1741 1739 1742
1056 51 1740 1741 1739 1743
1057 51 1740 1746 1748 1751
1058 51 1740 1746 1748 1752
1059 51 1747 1748 1746 1749
1060 51 1747 1748 1746 1750
1061 51 1762 1769 1771 1774
1062 51 1762 1769 1771 1775
1063 51 1770 1771 1769 1772
1064 51 1770 1771 1769 1773
1065 51 1770 1776 1778 1781
1066 51 1770 1776 1778 1782
1067 51 1777 1778 1776 1779
1068 51 1777 1778 1776 1780
1069 51 1777 1783 1785 1788
1070 51 1777 1783 1785 1789
1071 51 1784 1785 1783 1786
1072 51 1784 1785 1783 1787
1073 51 1784 1790 1792 1795
1074 51 1784 1790 1792 1796
1075 51 1791 1792 1790 1793
1076 51 1791 1792 1790 1794
1077 51 1791 1797 1799 1802
1078 51 1791 1797 1799 1803
1079 51 1798 1799 1797 1800
1080 51 1798 1799 1797 1801
1081 51 1798 1804 1806 1809
1082 51 1798 1804 1806 1810
1083 51 1805 1806 1804 1807
1084 51 1805 1806 1804 1808
1085 51 1805 1811 1813 1816
1086 51 1805 1811 1813 1817
1087 51 1812 1813 1811 1814
1088 51 1812 1813 1811 1815
1089 51 1812 1818 1820 1823
1090 51 1812 1818 1820 1824
1091 51 1819 1820 1818 1821
1092 51 1819 1820 1818 1822
1093 51 1819 1825 1827 1830
1094 51 1819 1825 1827 1831
1095 51 1826 1827 1825 1828
1096 51 1826 1827 1825 1829
1097 51 1826 1832 1834 1837
1098 51 1826 1832 1834 1838
1099 51 1833 1834 1832 1835
1100 51 1833 1834 1832 1836
1101 51 1833 1839 1841 1844
1102 51 1833 1839 1841 1845
1103 51 1840 1841 1839 1842
1104 51 1840 1841 1839 1843
1105 51 1840 1846 1848 1851
1106 51 1840 1846 1848 1852
1107 51 1847 1848 1846 1849
1108 51 1847 1848 1846 1850
1109 51 1847 1853 1855 1858
1110 51 1847 1853 1855 1859
1111 51 1854 1855 1853 1856
1112 51 1854 1855 1853 1857
1113 51 1854 1860 1862 1865
1114 51 1854 1860 1862 1866
1115 51 1861 1862 1860 1863
1116 51 1861 1862 1860 1864
1117 51 1861 1867 1869 1872
1118 51 1861 1867 1869 1873
1119 51 1868 1869 1867 1870
1120 51 1868 1869 1867 1871
1121 51 1868 1874 1876 1879
1122 51 1868 1874 1876 1880
1123 51 1875 1876 1874 1877
1124 51 1875 1876 1874 1878
1125 51 1875 1881 1883 1886
1126 51 1875 1881 1883 1887
1127 51 1882 1883 1881 1884
1128 51 1882 1883 1881 1885
1129 51 1882 1888 1890 1893
1130 51 1882 1888 1890 1894
1131 51 1889 1890 1888 1891
1132 51 1889 1890 1888 1892
1133 51 1889 1895 1897 1900
1134 51 1889 1895 1897 1901
1135 51 1896 1897 1895 1898
1136 51 1896 1897 1895 1899
1137 51 1896 1902 1904 1907
1138 51 1896 1902 1904 1908
1139 51 1903 1904 1902 1905
1140 51 1903 1904 1902 1906
1141 51 1903 1909 1911 1914
1142 51 1903 1909 1911 1915
1143 51 1910 1911 1909 1912
1144 51 1910 1911 1909 1913
1145 51 1910 1916 1918 1921
1146 51 1910 1916 1918 1922
1147 51 1917 1918 1916 1919
1148 51 1917 1918 1916 1920
1149 51 1917 1923 1925 1928
1150 51 1917 1923 1925 1929
1151 51 1924 1925 1923 1926
1152 51 1924 1925 1923 1927
1153 51 1924 1930 1932 1935
1154 51 1924 1930 1932 1936
1155 51 1931 1932 1930 1933
1156 51 1931 1932 1930 1934
1157 51 1931 1937 1939 1942
1158 51 1931 1937 1939 1943
1159 51 1938 1939 1937 1940
1160 51 1938 1939 1937 1941
1161 51 1938 1944 1946 1949
1162 51 1938 1944 1946 1950
1163 51 1945 1946 1944 1947
1164 51 1945 1946 1944 1948
1165 51 1945 1951 1953 1956
1166 51 1945 1951 1953 1957
1167 51 1952 1953 1951 1954
1168 51 1952 1953 1951 1955
1169 51 1952 1958 1960 1963
1170 51 1952 1958 1960 1964
1171 51 1959 1960 1958 1961
1172 51 1959 1960 1958 1962
1173 51 1959 1965 1967 1970
1174 51 1959 1965 1967 1971
1175 51 1966 1967 1965 1968
1176 51 1966 1967 1965 1969
1177 51 1966 1972 1974 1977
1178 51 1966 1972 1974 1978
1179 51 1973 1974 1972 1975
1180 51 1973 1974 1972 1976
1181 51 1973 1979 1981 1984
1182 51 1973 1979 1981 1985
1183 51 1980 1981 1979 1982
1184 51 1980 1981 1979 1983
1185 51 1980 1986 1988 1991
1186 51 1980 1986 1988 1992
1187 51 1987 1988 1986 1989
1188 51 1987 1988 1986 1990
1189 51 1987 1993 1995 1998
1190 51 1987 1993 1995 1999
1191 51 1994 1995 1993 1996
1192 51 1994 1995 1993 1997
1193 51 1994 2000 2002 2005
1194 51 1994 2000 2002 2006
1195 51 2001 2002 2000 2003
1196 51 2001 2002 2000 2004
1197 51 2001 2007 2009 2012
1198 51 2001 2007 2009 2013
1199 51 2008 2009 2007 2010
1200 51 2008 2009 2007 2011
1201 51 2008 2014 2016 2019
1202 51 2008 2014 2016 2020
1203 51 2015 2016 2014 2017
1204 51 2015 2016 2014 2018
1205 51 2015 2021 2023 2026
1206 51 2015 2021 2023 2027
1207 51 2022 2023 2021 2024
1208 51 2022 2023 2021 2025
1209 51 2022 2028 2030 2033
1210 51 2022 2028 2030 2034
1211 51 2029 2030 2028 2031
1212 51 2029 2030 2028 2032
1213 51 2029 2035 2037 2040
1214 51 2029 2035 2037 2041
1215 51 2036 2037 2035 2038
1216 51 2036 2037 2035 2039
1217 51 2036 2042 2044 2047
1218 51 2036 2042 2044 2048
1219 51 2043 2044 2042 2045
1220 51 2043 2044 2042 2046
1221 51 2043 2049 2051 2054
1222 51 2043 2049 2051 2055
1223 51 2050 2051 2049 2052
1224 51 2050 2051 2049 2053
1225 51 2050 2056 2058 2061
1226 51 2050 2056 2058 2062
1227 51 2057 2058 2056 2059
1228 51 2057 2058 2056 2060
1229 51 2057 2063 2065 2068
1230 51 2057 2063 2065 2069
1231 51 2064 2065 2063 2066
1232 51 2064 2065 2063 2067
1233 51 2064 2070 2072 2075
1234 51 2064 2070 2072 2076
1235 51 2071 2072 2070 2073
1236 51 2071 2072 2070 2074
1237 51 2071 2077 2079 2082
1238 51 2071 2077 2079 2083
1239 51 2078 2079 2077 2080
1240 51 2078 2079 2077 2081
1241 51 2078 2084 2086 2089
1242 51 2078 2084 2086 2090
1243 51 2085 2086 2084 2087
1244 51 2085 2086 2084 2088
1245 51 2085 2091 2093 2096
1246 51 2085 2091 2093 2097
1247 51 2092 2093 2091 2094
1248 51 2092 2093 2091 2095
1249 51 2092 2098 2100 2103
1250 51 2092 2098 2100 2104
1251 51 2099 2100 2098 2101
1252 51 2099 2100 2098 2102
1253 51 2114 2121 2123 2126
1254 51 2114 2121 2123 2127
1255 51 2122 2123 2121 2124
1256 51 2122 2123 2121 2125
1257 51 2122 2128 2130 2133
1258 51 2122 2128 2130 2134
1259 51 2129 2130 2128 2131
1260 51 2129 2130 2128 2132
1261 51 2129 2135 2137 2140
1262 51 2129 2135 2137 2141
1263 51 2136 2137 2135 2138
1264 51 2136 2137 2135 2139
1265 51 2136 2142 2144 2147
1266 51 2136 2142 2144 2148
1267 51 2143 2144 2142 2145
1268 51 2143 2144 2142 2146
1269 51 2143 2149 2151 2154
1270 51 2143 2149 2151 2155
1271 51 2150 2151 2149 2152
1272 51 2150 2151 2149 2153
1273 51 2150 2156 2158 2161
1274 51 2150 2156 2158 2162
1275 51 2157 2158 2156 2159
1276 51 2157 2158 2156 2160
1277 51 2157 2163 2165 2168
1278 51 2157 2163 2165 2169
1279 51 2164 2165 2163 2166
1280 51 2164 2165 2163 2167
1281 51 2164 2170 2172 2175
1282 51 2164 2170 2172 2176
1283 51 2171 2172 2170 2173
1284 51 2171 2172 2170 2174
1285 51 2171 2177 2179 2182
1286 51 2171 2177 2179 2183
1287 51 2178 2179 2177 2180
1288 51 2178 2179 2177 2181
1289 51 2178 2184 2186 2189
1290 51 2178 2184 2186 2190
1291 51 2185 2186 2184 2187
1292 51 2185 2186 2184 2188
1293 51 2185 2191 2193 2196
1294 51 2185 2191 2193 2197
1295 51 2192 2193 2191 2194
1296 51 2192 2193 2191 2195
1297 51 2192 2198 2200 2203
1298 51 2192 2198 2200 2204
1299 51 2199 2200 2198 2201
1300 51 2199 2200 2198 2202
1301 51 2199 2205 2207 2210
1302 51 2199 2205 2207 2211
1303 51 2206 2207 2205 2208
1304 51 2206 2207 2205 2209
1305 51 2206 2212 2214 2217
1306 51 2206 2212 2214 2218
1307 51 2213 2214 2212 2215
1308 51 2213 2214 2212 2216
1309 51 2213 2219 2221 2224
1310 51 2213 2219 2221 2225
1311 51 2220 2221 2219 2222
1312 51 2220 2221 2219 2223
1313 51 2220 2226 2228 2231
1314 51 2220 2226 2228 2232
1315 51 2227 2228 2226 2229
1316 51 2227 2228 2226 2230
1317 51 2227 2233 2235 2238
1318 51 2227 2233 2235 2239
1319 51 2234 2235 2233 2236
1320 51 2234 2235 2233 2237
1321 51 2234 2240 2242 2245
1322 51 2234 2240 2242 2246
1323 51 2241 2242 2240 2243
1324 51 2241 2242 2240 2244
1325 51 2241 2247 2249 2252
1326 51 2241 2247 2249 2253
1327 51 2248 2249 2247 2250
1328 51 2248 2249 2247 2251
1329 51 2248 2254 2256 2259
1330 51 2248 2254 2256 2260
1331 51 2255 2256 2254 2257
1332 51 2255 2256 2254 2258
1333 51 2255 2261 2263 2266
1334 51 2255 2261 2263 2267
1335 51 2262 2263 2261 2264
1336 51 2262 2263 2261 2265
1337 51 2262 2268 2270 2273
1338 51 2262 2268 2270 2274
1339 51 2269 2270 2268 2271
1340 51 2269 2270 2268 2272
1341 51 2269 2275 2277 2280
1342 51 2269 2275 2277 2281
1343 51 2276 2277 2275 2278
1344 51 2276 2277 2275 2279
1345 51 2276 2282 2284 2287
1346 51 2276 2282 2284 2288
1347 51 2283 2284 2282 2285
1348 51 2283 2284 2282 2286
1349 51 2283 2289 2291 2294
1350 51 2283 2289 2291 2295
1351 51 2290 2291 2289 2292
1352 51 2290 2291 2289 2293
1353 51 2290 2296 2298 2301
1354 51 2290 2296 2298 2302
1355 51 2297 2298 2296 2299
1356 51 2297 2298 2296 2300
1357 51 2297 2303 2305 2308
1358 51 2297 2303 2305 2309
1359 51 2304 2305 2303 2306
1360 51 2304 2305 2303 2307
1361 51 2304 2310 2312 2315
1362 51 2304 2310 2312 2316
1363 51 2311 2312 2310 2313
1364 51 2311 2312 2310 2314
1365 51 2311 2317 2319 2322
1366 51 2311 2317 2319 2323
1367 51 2318 2319 2317 2320
1368 51 2318 2319 2317 2321
1369 51 2318 2324 2326 2329
1370 51 2318 2324 2326 2330
1371 51 2325 2326 2324 2327
1372 51 2325 2326 2324 2328
1373 51 2325 2331 2333 2336
1374 51 2325 2331 2333 2337
1375 51 2332 2333 2331 2334
1376 51 2332 2333 2331 2335
1377 51 2332 2338 2340 2343
1378 51 2332 2338 2340 2344
1379 51 2339 2340 2338 2341
1380 51 2339 2340 2338 2342
1381 51 2339 2345 2347 2350
1382 51 2339 2345 2347 2351
1383 51 2346 2347 2345 2348
1384 51 2346 2347 2345 2349
1385 51 2346 2352 2354 2357
1386 51 2346 2352 2354 2358
1387 51 2353 2354 2352 2355
1388 51 2353 2354 2352 2356
1389 51 2353 2359 2361 2364
1390 51 2353 2359 2361 2365
1391 51 2360 2361 2359 2362
1392 51 2360 2361 2359 2363
1393 51 2360 2366 2368 2371
1394 51 2360 2366 2368 2372
1395 51 2367 2368 2366 2369
1396 51 2367 2368 2366 2370
1397 51 2367 2373 2375 2378
1398 51 2367 2373 2375 2379
1399 51 2374 2375 2373 2376
1400 51 2374 2375 2373 2377
1401 51 2374 2380 2382 2385
1402 51 2374 2380 2382 2386
1403 51 2381 2382 2380 2383
1404 51 2381 2382 2380 2384
1405 51 2381 2387 2389 2392
1406 51 2381 2387 2389 2393
1407 51 2388 2389 2387 2390
1408 51 2388 2389 2387 2391
1409 51 2388 2394 2396 2399
1410 51 2388 2394 2396 2400
1411 51 2395 2396 2394 2397
1412 51 2395 2396 2394 2398
1413 51 2395 2401 2403 2406
1414 51 2395 2401 2403 2407
1415 51 2402 2403 2401 2404
1416 51 2402 2403 2401 2405
1417 51 2402 2408 2410 2413
1418 51 2402 2408 2410 2414
1419 51 2409 2410 2408 2411
1420 51 2409 2410 2408 2412
1421 51 2409 2415 2417 2420
1422 51 2409 2415 2417 2421
1423 51 2416 2417 2415 2418
1424 51 2416 2417 2415 2419
1425 51 2416 2422 2424 2427
1426 51 2416 2422 2424 2428
1427 51 2423 2424 2422 2425
1428 51 2423 2424 2422 2426
1429 51 2423 2429 2431 2434
1430 51 2423 2429 2431 2435
1431 51 2430 2431 2429 2432
1432 51 2430 2431 2429 2433
1433 51 2430 2436 2438 2441
1434 51 2430 2436 2438 2442
1435 51 2437 2438 2436 2439
1436 51 2437 2438 2436 2440
1437 51 2437 2443 2445 2448
1438 51 2437 2443 2445 2449
1439 51 2444 2445 2443 2446
1440 51 2444 2445 2443 2447
1441 51 2444 2450 2452 2455
1442 51 2444 2450 2452 2456
1443 51 2451 2452 2450 2453
1444 51 2451 2452 2450 2454
1445 51 2466 2473 2475 2478
1446 51 2466 2473 2475 2479
1447 51 2474 2475 2473 2476
1448 51 2474 2475 2473 2477
1449 51 2474 2480 2482 2485
1450 51 2474 2480 2482 2486
1451 51 2481 2482 2480 2483
1452 51 2481 2482 2480 2484
1453 51 2481 2487 2489 2492
1454 51 2481 2487 2489 2493
1455 51 2488 2489 2487 2490
1456 51 2488 2489 2487 2491
1457 51 2488 2494 2496 2499
1458 51 2488 2494 2496 2500
1459 51 2495 2496 2494 2497
1460 51 2495 2496 2494 2498
1461 51 2495 2501 2503 2506
1462 51 2495 2501 2503 2507
1463 51 2502 2503 2501 2504
1464 51 2502 2503 2501 2505
1465 51 2502 2508 2510 2513
1466 51 2502 2508 2510 2514
1467 51 2509 2510 2508 2511
1468 51 2509 2510 2508 2512
1469 51 2509 2515 2517 2520
1470 51 2509 2515 2517 2521
1471 51 2516 2517 2515 2518
1472 51 2516 2517 2515 2519
1473 51 2516 2522 2524 2527
1474 51 2516 2522 2524 2528
1475 51 2523 2524 2522 2525
1476 51 2523 2524 2522 2526
1477 51 2523 2529 2531 2534
1478 51 2523 2529 2531 2535
1479 51 2530 2531 2529 2532
1480 51 2530 2531 2529 2533
1481 51 2530 2536 2538 2541
1482 51 2530 2536 2538 2542
1483 51 2537 2538 2536 2539
1484 51 2537 2538 2536 2540
1485 51 2537 2543 2545 2548
1486 51 2537 2543 2545 2549
1487 51 2544 2545 2543 2546
1488 51 2544 2545 2543 2547
1489 51 2544 2550 2552 2555
1490 51 2544 2550 2552 2556
1491 51 2551 2552 2550 2553
1492 51 2551 2552 2550 2554
1493 51 2551 2557 2559 2562
1494 51 2551 2557 2559 2563
1495 51 2558 2559 2557 2560
1496 51 2558 2559 2557 2561
1497 51 2558 2564 2566 2569
1498 51 2558 2564 2566 2570
1499 51 2565 2566 2564 2567
1500 51 2565 2566 2564 2568
1501 51 2565 2571 2573 2576
1502 51 2565 2571 2573 2577
1503 51 2572 2573 2571 2574
1504 51 2572 2573 2571 2575
1505 51 2572 2578 2580 2583
1506 51 2572 2578 2580 2584
1507 51 2579 2580 2578 2581
1508 51 2579 2580 2578 2582
1509 51 2579 2585 2587 2590
1510 51 2579 2585 2587 2591
1511 51 2586 2587 2585 2588
1512 51 2586 2587 2585 2589
1513 51 2586 2592 2594 2597
1514 51 2586 2592 2594 2598
1515 51 2593 2594 2592 2595
1516 51 2593 2594 2592 2596
1517 51 2593 2599 2601 2604
1518 51 2593 2599 2601 2605
1519 51 2600 2601 2599 2602
1520 51 2600 2601 2599 2603
1521 51 2600 2606 2608 2611
1522 51 2600 2606 2608 2612
1523 51 2607 2608 2606 2609
1524 51 2607 2608 2606 2610
1525 51 2607 2613 2615 2618
1526 51 2607 2613 2615 2619
1527 51 2614 2615 2613 2616
1528 51 2614 2615 2613 2617
1529 51 2614 2620 2622 2625
1530 51 2614 2620 2622 2626
1531 51 2621 2622 2620 2623
1532 51 2621 2622 2620 2624
1533 51 2621 2627 2629 2632
1534 51 2621 2627 2629 2633
1535 51 2628 2629 2627 2630
1536 51 2628 2629 2627 2631
1537 51 2628 2634 2636 2639
1538 51 2628 2634 2636 2640
1539 51 2635 2636 2634 2637
1540 51 2635 2636 2634 2638
1541 51 2635 2641 2643 2646
1542 51 2635 2641 2643 2647
1543 51 2642 2643 2641 2644
1544 51 2642 2643 2641 2645
1545 51 2642 2648 2650 2653
1546 51 2642 2648 2650 2654
1547 51 2649 2650 2648 2651
1548 51 2649 2650 2648 2652
1549 51 2649 2655 2657 2660
1550 51 2649 2655 2657 2661
1551 51 2656 2657 2655 2658
1552 51 2656 2657 2655 2659
1553 51 2656 2662 2664 2667
1554 51 2656 2662 2664 2668
1555 51 2663 2664 2662 2665
1556 51 2663 2664 2662 2666
1557 51 2663 2669 2671 2674
1558 51 2663 2669 2671 2675
1559 51 2670 2671 2669 2672
1560 51 2670 2671 2669 2673
1561 51 2670 2676 2678 2681
1562 51 2670 2676 2678 2682
1563 51 2677 2678 2676 2679
1564 51 2677 2678 2676 2680
1565 51 2677 2683 2685 2688
1566 51 2677 2683 2685 2689
1567 51 2684 2685 2683 2686
1568 51 2684 2685 2683 2687
1569 51 2684 2690 2692 2695
1570 51 2684 2690 2692 2696
1571 51 2691 2692 2690 2693
1572 51 2691 2692 2690 2694
1573 51 2691 2697 2699 2702
1574 51 2691 2697 2699 2703
1575 51 2698 2699 2697 2700
1576 51 2698 2699 2697 2701
1577 51 2698 2704 2706 2709
1578 51 2698 2704 2706 2710
1579 51 2705 2706 2704 2707
1580 51 2705 2706 2704 2708
1581 51 2705 2711 2713 2716
1582 51 2705 2711 2713 2717
1583 51 2712 2713 2711 2714
1584 51 2712 2713 2711 2715
1585 51 2712 2718 2720 2723
1586 51 2712 2718 2720 2724
1587 51 2719 2720 2718 2721
1588 51 2719 2720 2718 2722
1589 51 2719 2725 2727 2730
1590 51 2719 2725 2727 2731
1591 51 2726 2727 2725 2728
1592 51 2726 2727 2725 2729
1593 51 2726 2732 2734 2737
1594 51 2726 2732 2734 2738
1595 51 2733 2734 2732 2735
1596 51 2733 2734 2732 2736
1597 51 2733 2739 2741 2744
1598 51 2733 2739 2741 2745
1599 51 2740 2741 2739 2742
1600 51 2740 2741 2739 2743
1601 51 2740 2746 2748 2751
1602 51 2740 2746 2748 2752
1603 51 2747 2748 2746 2749
1604 51 2747 2748 2746 2750
1605 51 2747 2753 2755 2758
1606 51 2747 2753 2755 2759
1607 51 2754 2755 2753 2756
1608 51 2754 2755 2753 2757
1609 51 2754 2760 2762 2765
1610 51 2754 2760 2762 2766
1611 51 2761 2762 2760 2763
1612 51 2761 2762 2760 2764
1613 51 2761 2767 2769 2772
1614 51 2761 2767 2769 2773
1615 51 2768 2769 2767 2770
1616 51 2768 2769 2767 2771
1617 51 2768 2774 2776 2779
1618 51 2768 2774 2776 2780
1619 51 2775 2776 2774 2777
1620 51 2775 2776 2774 2778
1621 51 2775 2781 2783 2786
1622 51 2775 2781 2783 2787
1623 51 2782 2783 2781 2784
1624 51 2782 2783 2781 2785
1625 51 2782 2788 2790 2793
1626 51 2782 2788 2790 2794
1627 51 2789 2790 2788 2791
1628 51 2789 2790 2788 2792
1629 51 2789 2795 2797 2800
1630 51 2789 2795 2797 2801
1631 51 2796 2797 2795 2798
1632 51 2796 2797 2795 2799
1633 51 2796 2802 2804 2807
1634 51 2796 2802 2804 2808
1635 51 2803 2804 2802 2805
1636 51 2803 2804 2802 2806
1637 51 2818 2825 2827 2830
1638 51 2818 2825 2827 2831
1639 51 2826 2827 2825 2828
1640 51 2826 2827 2825 2829
1641 51 2826 2832 2834 2837
1642 51 2826 2832 2834 2838
1643 51 2833 2834 2832 2835
1644 51 2833 2834 2832 2836
1645 51 2833 2839 2841 2844
1646 51 2833 2839 2841 2845
1647 51 2840 2841 2839 2842
1648 51 2840 2841 2839 2843
1649 51 2840 2846 2848 2851
1650 51 2840 2846 2848 2852
1651 51 2847 2848 2846 2849
1652 51 2847 2848 2846 2850
1653 51 2847 2853 2855 2858
1654 51 2847 2853 2855 2859
1655 51 2854 2855 2853 2856
1656 51 2854 2855 2853 2857
1657 51 2854 2860 2862 2865
1658 51 2854 2860 2862 2866
1659 51 2861 2862 2860 2863
1660 51 2861 2862 2860 2864
1661 51 2861 2867 2869 2872
1662 51 2861 2867 2869 2873
1663 51 2868 2869 2867 2870
1664 51 2868 2869 2867 2871
1665 51 2868 2874 2876 2879
1666 51 2868 2874 2876 2880
1667 51 2875 2876 2874 2877
1668 51 2875 2876 2874 2878
1669 51 2875 2881 2883 2886
1670 51 2875 2881 2883 2887
1671 51 2882 2883 2881 2884
1672 51 2882 2883 2881 2885
1673 51 2882 2888 2890 2893
1674 51 2882 2888 2890 2894
1675 51 2889 2890 2888 2891
1676 51 2889 2890 2888 2892
1677 51 2889 2895 2897 2900
1678 51 2889 2895 2897 2901
1679 51 2896 2897 2895 2898
1680 51 2896 2897 2895 2899
1681 51 2896 2902 2904 2907
1682 51 2896 2902 2904 2908
1683 51 2903 2904 2902 2905
1684 51 2903 2904 2902 2906
1685 51 2903 2909 2911 2914
1686 51 2903 2909 2911 2915
1687 51 2910 2911 2909 2912
1688 51 2910 2911 2909 2913
1689 51 2910 2916 2918 2921
1690 51 2910 2916 2918 2922
1691 51 2917 2918 2916 2919
1692 51 2917 2918 2916 2920
1693 51 2917 2923 2925 2928
1694 51 2917 2923 2925 2929
1695 51 2924 2925 2923 2926
1696 51 2924 2925 2923 2927
1697 51 2924 2930 2932 2935
1698 51 2924 2930 2932 2936
1699 51 2931 2932 2930 2933
1700 51 2931 2932 2930 2934
1701 51 2931 2937 2939 2942
1702 51 2931 2937 2939 2943
1703 51 2938 2939 2937 2940
1704 51 2938 2939 2937 2941
1705 51 2938 2944 2946 2949
1706 51 2938 2944 2946 2950
1707 51 2945 2946 2944 2947
1708 51 2945 2946 2944 2948
1709 51 2945 2951 2953 2956
1710 51 2945 2951 2953 2957
1711 51 2952 2953 2951 2954
1712 51 2952 2953 2951 2955
1713 51 2952 2958 2960 2963
1714 51 2952 2958 2960 2964
1715 51 2959 2960 2958 2961
1716 51 2959 2960 2958 2962
1717 51 2959 2965 2967 2970
1718 51 2959 2965 2967 2971
1719 51 2966 2967 2965 2968
1720 51 2966 2967 2965 2969
1721 51 2966 2972 2974 2977
1722 51 2966 2972 2974 2978
1723 51 2973 2974 2972 2975
1724 51 2973 2974 2972 2976
1725 51 2973 2979 2981 2984
1726 51 2973 2979 2981 2985
1727 51 2980 2981 2979 2982
1728 51 2980 2981 2979 2983
1729 51 2980 2986 2988 2991
1730 51 2980 2986 2988 2992
1731 51 2987 2988 2986 2989
1732 51 2987 2988 2986 2990
1733 51 2987 2993 2995 2998
1734 51 2987 2993 2995 2999
1735 51 2994 2995 2993 2996
1736 51 2994 2995 2993 2997
1737 51 2994 3000 3002 3005
1738 51 2994 3000 3002 3006
1739 51 3001 3002 3000 3003
1740 51 3001 3002 3000 3004
1741 51 3001 3007 3009 3012
1742 51 3001 3007 3009 3013
1743 51 3008 3009 3007 3010
1744 51 3008 3009 3007 3011
1745 51 3008 3014 3016 3019
1746 51 3008 3014 3016 3020
1747 51 3015 3016 3014 3017
1748 51 3015 3016 3014 3018
1749 51 3015 3021 3023 3026
1750 51 3015 3021 3023 3027
1751 51 3022 3023 3021 3024
1752 51 3022 3023 3021 3025
1753 51 3022 3028 3030 3033
1754 51 3022 3028 3030 3034
1755 51 3029 3030 3028 3031
1756 51 3029 3030 3028 3032
1757 51 3029 3035 3037 3040
1758 51 3029 3035 3037 3041
1759 51 3036 3037 3035 3038
1760 51 3036 3037 3035 3039
1761 51 3036 3042 3044 3047
1762 51 3036 3042 3044 3048
1763 51 3043 3044 3042 3045
1764 51 3043 3044 3042 3046
1765 51 3043 3049 3051 3054
1766 51 3043 3049 3051 3055
1767 51 3050 3051 3049 3052
1768 51 3050 3051 3049 3053
1769 51 3050 3056 3058 3061
1770 51 3050 3056 3058 3062
1771 51 3057 3058 3056 3059
1772 51 3057 3058 3056 3060
1773 51 3057 3063 3065 3068
1774 51 3057 3063 3065 3069
1775 51 3064 3065 3063 3066
1776 51 3064 3065 3063 3067
1777 51 3064 3070 3072 3075
1778 51 3064 3070 3072 3076
1779 51 3071 3072 3070 3073
1780 51 3071 3072 3070 3074
1781 51 3071 3077 3079 3082
1782 51 3071 3077 3079 3083
1783 51 3078 3079 3077 3080
1784 51 3078 3079 3077 3081
1785 51 3078 3084 3086 3089
1786 51 3078 3084 3086 3090
1787 51 3085 3086 3084 3087
1788 51 3085 3086 3084 3088
1789 51 3085 3091 3093 3096
1790 51 3085 3091 3093 3097
1791 51 3092 3093 3091 3094
1792 51 3092 3093 3091 3095
1793 51 3092 3098 3100 3103
1794 51 3092 3098 3100 3104
1795 51 3099 3100 3098 3101
1796 51 3099 3100 3098 3102
1797 51 3099 3105 3107 3110
1798 51 3099 3105 3107 3111
1799 51 3106 3107 3105 3108
1800 51 3106 3107 3105 3109
1801 51 3106 3112 3114 3117
1802 51 3106 3112 3114 3118
1803 51 3113 3114 3112 3115
1804 51 3113 3114 3112 3116
1805 51 3113 3119 3121 3124
1806 51 3113 3119 3121 3125
1807 51 3120 3121 3119 3122
1808 51 3120 3121 3119 3123
1809 51 3120 3126 3128 3131
1810 51 3120 3126 3128 3132
1811 51 3127 3128 3126 3129
1812 51 3127 3128 3126 3130
1813 51 3127 3133 3135 3138
1814 51 3127 3133 3135 3139
1815 51 3134 3135 3133 3136
1816 51 3134 3135 3133 3137
1817 51 3134 3140 3142 3145
1818 51 3134 3140 3142 3146
1819 51 3141 3142 3140 3143
1820 51 3141 3142 3140 3144
1821 51 3141 3147 3149 3152
1822 51 3141 3147 3149 3153
1823 51 3148 3149 3147 3150
1824 51 3148 3149 3147 3151
1825 51 3148 3154 3156 3159
1826 51 3148 3154 3156 3160
1827 51 3155 3156 3154 3157
1828 51 3155 3156 3154 3158
1829 51 3170 3177 3179 3182
1830 51 3170 3177 3179 3183
1831 51 3178 3179 3177 3180
1832 51 3178 3179 3177 3181
1833 51 3178 3184 3186 3189
1834 51 3178 3184 3186 3190
1835 51 3185 3186 3184 3187
1836 51 3185 3186 3184 3188
1837 51 3185 3191 3193 3196
1838 51 3185 3191 3193 3197
1839 51 3192 3193 3191 3194
1840 51 3192 3193 3191 3195
1841 51 3192 3198 3200 3203
1842 51 3192 3198 3200 3204
1843 51 3199 3200 3198 3201
1844 51 3199 3200 3198 3202
1845 51 3199 3205 3207 3210
1846 51 3199 3205 3207 3211
1847 51 3206 3207 3205 3208
1848 51 3206 3207 3205 3209
1849 51 3206 3212 3214 3217
1850 51 3206 3212 3214 3218
1851 51 3213 3214 3212 3215
1852 51 3213 3214 3212 3216
1853 51 3213 3219 3221 3224
1854 51 3213 3219 3221 3225
1855 51 3220 3221 3219 3222
1856 51 3220 3221 3219 3223
1857 51 3220 3226 3228 3231
1858 51 3220 3226 3228 3232
1859 51 3227 3228 3226 3229
1860 51 3227 3228 3226 3230
1861 51 3227 3233 3235 3238
1862 51 3227 3233 3235 3239
1863 51 3234 3235 3233 3236
1864 51 3234 3235 3233 3237
1865 51 3234 3240 3242 3245
1866 51 3234 3240 3242 3246
1867 51 3241 3242 3240 3243
1868 51 3241 3242 3240 3244
1869 51 3241 3247 3249 3252
1870 51 3241 3247 3249 3253
1871 51 3248 3249 3247 3250
1872 51 3248 3249 3247 3251
1873 51 3248 3254 3256 3259
1874 51 3248 3254 3256 3260
1875 51 3255 3256 3254 3257
1876 51 3255 3256 3254 3258
1877 51 3255 3261 3263 3266
1878 51 3255 3261 3263 3267
1879 51 3262 3263 3261 3264
1880 51 3262 3263 3261 3265
1881 51 3262 3268 3270 3273
1882 51 3262 3268 3270 3274
1883 51 3269 3270 3268 3271
1884 51 3269 3270 3268 3272
1885 51 3269 3275 3277 3280
1886 51 3269 3275 3277 3281
1887 51 3276 3277 3275 3278
1888 51 3276 3277 3275 3279
1889 51 3276 3282 3284 3287
1890 51 3276 3282 3284 3288
1891 51 3283 3284 3282 3285
1892 51 3283 3284 3282 3286
1893 51 3283 3289 3291 3294
1894 51 3283 3289 3291 3295
1895 51 3290 3291 3289 3292
1896 51 3290 3291 3289 3293
1897 51 3290 3296 3298 3301
1898 51 3290 3296 3298 3302
1899 51 3297 3298 3296 3299
1900 51 3297 3298 3296 3300
1901 51 3297 3303 3305 3308
1902 51 3297 3303 3305 3309
1903 51 3304 3305 3303 3306
1904 51 3304 3305 3303 3307
1905 51 3304 3310 3312 3315
1906 51 3304 3310 3312 3316
1907 51 3311 3312 3310 3313
1908 51 3311 3312 3310 3314
1909 51 3311 3317 3319 3322
1910 51 3311 3317 3319 3323
1911 51 3318 3319 3317 3320
1912 51 3318 3319 3317 3321
1913 51 3318 3324 3326 3329
1914 51 3318 3324 3326 3330
1915 51 3325 3326 3324 3327
1916 51 3325 3326 3324 3328
1917 51 3325 3331 3333 3336
1918 51 3325 3331 3333 3337
1919 51 3332 3333 3331 3334
1920 51 3332 3333 3331 3335
1921 51 3332 3338 3340 3343
1922 51 3332 3338 3340 3344
1923 51 3339 3340 3338 3341
1924 51 3339 3340 3338 3342
1925 51 3339 3345 3347 3350
1926 51 3339 3345 3347 3351
1927 51 3346 3347 3345 3348
1928 51 3346 3347 3345 3349
1929 51 3346 3352 3354 3357
1930 51 3346 3352 3354 3358
1931 51 3353 3354 3352 3355
1932 51 3353 3354 3352 3356
1933 51 3353 3359 3361 3364
1934 51 3353 3359 3361 3365
1935 51 3360 3361 3359 3362
1936 51 3360 3361 3359 3363
1937 51 3360 3366 3368 3371
1938 51 3360 3366 3368 3372
1939 51 3367 3368 3366 3369
1940 51 3367 3368 3366 3370
1941 51 3367 3373 3375 3378
1942 51 3367 3373 3375 3379
1943 51 3374 3375 3373 3376
1944 51 3374 3375 3373 3377
1945 51 3374 3380 3382 3385
1946 51 3374 3380 3382 3386
1947 51 3381 3382 3380 3383
1948 51 3381 3382 3380 3384
1949 51 3381 3387 3389 3392
1950 51 3381 3387 3389 3393
1951 51 3388 3389 3387 3390
1952 51 3388 3389 3387 3391
1953 51 3388 3394 3396 3399
1954 51 3388 3394 3396 3400
1955 51 3395 3396 3394 3397
1956 51 3395 3396 3394 3398
1957 51 3395 3401 3403 3406
1958 51 3395 3401 3403 3407
1959 51 3402 3403 3401 3404
1960 51 3402 3403 3401 3405
1961 51 3402 3408 3410 3413
1962 51 3402 3408 3410 3414
1963 51 3409 3410 3408 3411
1964 51 3409 3410 3408 3412
1965 51 3409 3415 3417 3420
1966 51 3409 3415 3417 3421
1967 51 3416 3417 3415 3418
1968 51 3416 3417 3415 3419
1969 51 3416 3422 3424 3427
1970 51 3416 3422 3424 3428
1971 51 3423 3424 3422 3425
1972 51 3423 3424 3422 3426
1973 51 3423 3429 3431 3434
1974 51 3423 3429 3431 3435
1975 51 3430 3431 3429 3432
1976 51 3430 3431 3429 3433
1977 51 3430 3436 3438 3441
1978 51 3430 3436 3438 3442
1979 51 3437 3438 3436 3439
1980 51 3437 3438 3436 3440
1981 51 3437 3443 3445 3448
1982 51 3437 3443 3445 3449
1983 51 3444 3445 3443 3446
1984 51 3444 3445 3443 3447
1985 51 3444 3450 3452 3455
1986 51 3444 3450 3452 3456
1987 51 3451 3452 3450 3453
1988 51 3451 3452 3450 3454
1989 51 3451 3457 3459 3462
1990 51 3451 3457 3459 3463
1991 51 3458 3459 3457 3460
1992 51 3458 3459 3457 3461
1993 51 3458 3464 3466 3469
1994 51 3458 3464 3466 3470
1995 51 3465 3466 3464 3467
1996 51 3465 3466 3464 3468
1997 51 3465 3471 3473 3476
1998 51 3465 3471 3473 3477
1999 51 3472 3473 3471 3474
2000 51 3472 3473 3471 3475
2001 51 3472 3478 3480 3483
2002 51 3472 3478 3480 3484
2003 51 3479 3480 3478 3481
2004 51 3479 3480 3478 3482
2005 51 3479 3485 3487 3490
2006 51 3479 3485 3487 3491
2007 51 3486 3487 3485 3488
2008 51 3486 3487 3485 3489
2009 51 3486 3492 3494 3497
2010 51 3486 3492 3494 3498
2011 51 3493 3494 3492 3495
2012 51 3493 3494 3492 3496
2013 51 3493 3499 3501 3504
2014 51 3493 3499 3501 3505
2015 51 3500 3501 3499 3502
2016 51 3500 3501 3499 3503
2017 51 3500 3506 3508 3511
2018 51 3500 3506 3508 3512
2019 51 3507 3508 3506 3509
2020 51 3507 3508 3506 3510
2021 66 348 345 346 350
2022 66 348 345 346 351
2023 66 349 345 346 350
2024 66 349 345 346 351
2025 66 700 697 698 702
2026 66 700 697 698 703
2027 66 701 697 698 702
2028 66 701 697 698 703
2029 66 1052 1049 1050 1054
2030 66 1052 1049 1050 1055
2031 66 1053 1049 1050 1054
2032 66 1053 1049 1050 1055
2033 66 1404 1401 1402 1406
2034 66 1404 1401 1402 1407
2035 66 1405 1401 1402 1406
2036 66 1405 1401 1402 1407
2037 66 1756 1753 1754 1758
2038 66 1756 1753 1754 1759
2039 66 1757 1753 1754 1758
2040 66 1757 1753 1754 1759
2041 66 2108 2105 2106 2110
2042 66 2108 2105 2106 2111
2043 66 2109 2105 2106 2110
2044 66 2109 2105 2106 2111
2045 66 2460 2457 2458 2462
2046 66 2460 2457 2458 2463
2047 66 2461 2457 2458 2462
2048 66 2461 2457 2458 2463
2049 66 2812 2809 2810 2814
2050 66 2812 2809 2810 2815
2051 66 2813 2809 2810 2814
2052 66 2813 2809 2810 2815
2053 66 3164 3161 3162 3166
2054 66 3164 3161 3162 3167
2055 66 3165 3161 3162 3166
2056 66 3165 3161 3162 3167
2057 66 3516 3513 3514 3518
2058 66 3516 3513 3514 3519
2059 66 3517 3513 3514 3518
2060 66 3517 3513 3514 3519
2061 82 4 1 3 7
2062 82 5 1 3 7
2063 82 6 1 3 7
2064 82 4 1 3 8
2065 82 5 1 3 8
2066 82 6 1 3 8
2067 82 356 353 355 359
2068 82 357 353 355 359
2069 82 358 353 355 359
2070 82 356 353 355 360
2071 82 357 353 355 360
2072 82 358 353 355 360
2073 82 708 705 707 711
2074 82 709 705 707 711
2075 82 710 705 707 711
2076 82 708 705 707 712
2077 82 709 705 707 712
2078 82 710 705 707 712
2079 82 1060 1057 1059 1063
2080 82 1061 1057 1059 1063
2081 82 1062 1057 1059 1063
2082 82 1060 1057 1059 1064
2083 82 1061 1057 1059 1064
2084 82 1062 1057 1059 1064
2085 82 1412 1409 1411 1415
2086 82 1413 1409 1411 1415
2087 82 1414 1409 1411 1415
2088 82 1412 1409 1411 1416
2089 82 1413 1409 1411 1416
2090 82 1414 1409 1411 1416
2091 82 1764 1761 1763 1767
2092 82 1765 1761 1763 1767
2093 82 1766 1761 1763 1767
2094 82 1764 1761 1763 1768
2095 82 1765 1761 1763 1768
2096 82 1766 1761 1763 1768
2097 82 2116 2113 2115 2119
2098 82 2117 2113 2115 2119
2099 82 2118 2113 2115 2119
2100 82 2116 2113 2115 2120
2101 82 2117 2113 2115 2120
2102 82 2118 2113 2115 2120
2103 82 2468 2465 2467 2471
2104 82 2469 2465 2467 2471
2105 82 2470 2465 2467 2471
2106 82 2468 2465 2467 2472
2107 82 2469 2465 2467 2472
2108 82 2470 2465 2467 2472
2109 82 2820 2817 2819 2823
2110 82 2821 2817 2819 2823
2111 82 2822 2817 2819 2823
2112 82 2820 2817 2819 2824
2113 82 2821 2817 2819 2824
2114 82 2822 2817 2819 2824
2115 82 3172 3169 3171 3175
2116 82 3173 3169 3171 3175
2117 82 3174 3169 3171 3175
2118 82 3172 3169 3171 3176
2119 82 3173 3169 3171 3176
2120 82 3174 3169 3171 3176
2121 87 12 9 11 14
2122 87 12 9 11 15
2123 87 13 9 11 14
2124 87 13 9 11 15
2125 87 19 16 18 21
2126 87 19 16 18 22
2127 87 20 16 18 21
2128 87 20 16 18 22
2129 87 26 23 25 28
2130 87 26 23 25 29
2131 87 27 23 25 28
2132 87 27 23 25 29
2133 87 33 30 32 35
2134 87 33 30 32 36
2135 87 34 30 32 35
2136 87 34 30 32 36
2137 87 40 37 39 42
2138 87 40 37 39 43
2139 87 41 37 39 42
2140 87 41 37 39 43
2141 87 47 44 46 49
2142 87 47 44 46 50
2143 87 48 44 46 49
2144 87 48 44 46 50
2145 87 54 51 53 56
2146 87 54 51 53 57
2147 87 55 51 53 56
2148 87 55 51 53 57
2149 87 61 58 60 63
2150 87 61 58 60 64
2151 87 62 58 60 63
2152 87 62 58 60 64
2153 87 68 65 67 70
2154 87 68 65 67 71
2155 87 69 65 67 70
2156 87 69 65 67 71
2157 87 75 72 74 77
2158 87 75 72 74 78
2159 87 76 72 74 77
2160 87 76 72 74 78
2161 87 82 79 81 84
2162 87 82 79 81 85
2163 87 83 79 81 84
2164 87 83 79 81 85
2165 87 89 86 88 91
2166 87 89 86 88 92
2167 87 90 86 88 91
2168 87 90 86 88 92
2169 87 96 93 95 98
2170 87 96 93 95 99
2171 87 97 93 95 98
2172 87 97 93 95 99
2173 87 103 100 102 105
2174 87 103 100 102 106
2175 87 104 100 102 105
2176 87 104 100 102 106
2177 87 110 107 109 112
2178 87 110 107 109 113
2179 87 111 107 109 112
2180 87 111 107 109 113
2181 87 117 114 116 119
2182 87 117 114 116 120
2183 87 118 114 116 119
2184 87 118 114 116 120
2185 87 124 121 123 126
2186 87 124 121 123 127
2187 87 125 121 123 126
2188 87 125 121 123 127
2189 87 131 128 130 133
2190 87 131 128 130 134
2191 87 132 128 130 133
2192 87 132 128 130 134
2193 87 138 135 137 140
2194 87 138 135 137 141
2195 87 139 135 137 140
2196 87 139 135 137 141
2197 87 145 142 144 147
2198 87 145 142 144 148
2199 87 146 142 144 147
2200 87 146 142 144 148
2201 87 152 149 151 154
2202 87 152 149 151 155
2203 87 153 149 151 154
2204 87 153 149 151 155
2205 87 159 156 158 161
2206 87 159 156 158 162
2207 87 160 156 158 161
2208 87 160 156 158 162
2209 87 166 163 165 168
2210 87 166 163 165 169
2211 87 167 163 165 168
2212 87 167 163 165 169
2213 87 173 170 172 175
2214 87 173 170 172 176
2215 87 174 170 172 175
2216 87 174 170 172 176
2217 87 180 177 179 182
2218 87 180 177 179 183
2219 87 181 177 179 182
2220 87 181 177 179 183
2221 87 187 184 186 189
2222 87 187 184 186 190
2223 87 188 184 186 189
2224 87 188 184 186 190
2225 87 194 191 193 196
2226 87 194 191 193 197
2227 87 195 191 193 196
2228 87 195 191 193 197
2229 87 201 198 200 203
2230 87 201 198 200 204
2231 87 202 198 200 203
2232 87 202 198 200 204
2233 87 208 205 207 210
2234 87 208 205 207 211
2235 87 209 205 207 210
2236 87 209 205 207 211
2237 87 215 212 214 217
2238 87 215 212 214 218
2239 87 216 212 214 217
2240 87 216 212 214 218
2241 87 222 219 221 224
2242 87 222 219 221 225
2243 87 223 219 221 224
2244 87 223 219 221 225
2245 87 229 226 228 231
2246 87 229 226 228 232
2247 87 230 226 228 231
2248 87 230 226 228 232
2249 87 236 233 235 238
2250 87 236 233 235 239
2251 87 237 233 235 238
2252 87 237 233 235 239
2253 87 243 240 242 245
2254 87 243 240 242 246
2255 87 244 240 242 245
2256 87 244 240 242 246
2257 87 250 247 249 252
2258 87 250 247 249 253
2259 87 251 247 249 252
2260 87 251 247 249 253
2261 87 257 254 256 259
2262 87 257 254 256 260
2263 87 258 254 256 259
2264 87 258 254 256 260
2265 87 264 261 263 266
2266 87 264 261 263 267
2267 87 265 261 263 266
2268 87 265 261 263 267
2269 87 271 268 270 273
2270 87 271 268 270 274
2271 87 272 268 270 273
2272 87 272 268 270 274
2273 87 278 275 277 280
2274 87 278 275 277 281
2275 87 279 275 277 280
2276 87 279 275 277 281
2277 87 285 282 284 287
2278 87 285 282 284 288
2279 87 286 282 284 287
2280 87 286 282 284 288
2281 87 292 289 291 294
2282 87 292 289 291 295
2283 87 293 289 291 294
2284 87 293 289 291 295
2285 87 299 296 298 301
2286 87 299 296 298 302
2287 87 300 296 298 301
2288 87 300 296 298 302
2289 87 306 303 305 308
2290 87 306 303 305 309
2291 87 307 303 305 308
2292 87 307 303 305 309
2293 87 313 310 312 315
2294 87 313 310 312 316
2295 87 314 310 312 315
2296 87 314 310 312 316
2297 87 320 317 319 322
2298 87 320 317 319 323
2299 87 321 317 319 322
2300 87 321 317 319 323
2301 87 327 324 326 329
2302 87 327 324 326 330
2303 87 328 324 326 329
2304 87 328 324 326 330
2305 87 334 331 333 336
2306 87 334 331 333 337
2307 87 335 331 333 336
2308 87 335 331 333 337
2309 87 341 338 340 343
2310 87 341 338 340 344
2311 87 342 338 340 343
2312 87 342 338 340 344
2313 87 364 361 363 366
2314 87 364 361 363 367
2315 87 365 361 363 366
2316 87 365 361 363 367
2317 87 371 368 370 373
2318 87 371 368 370 374
2319 87 372 368 370 373
2320 87 372 368 370 374
2321 87 378 375 377 380
2322 87 378 375 377 381
2323 87 379 375 377 380
2324 87 379 375 377 381
2325 87 385 382 384 387
2326 87 385 382 384 388
2327 87 386 382 384 387
2328 87 386 382 384 388
2329 87 392 389 391 394
2330 87 392 389 391 395
2331 87 393 389 391 394
2332 87 393 389 391 395
2333 87 399 396 398 401
2334 87 399 396 398 402
2335 87 400 396 398 401
2336 87 400 396 398 402
2337 87 406 403 405 408
2338 87 406 403 405 409
2339 87 407 403 405 408
2340 87 407 403 405 409
2341 87 413 410 412 415
2342 87 413 410 412 416
2343 87 414 410 412 415
2344 87 414 410 412 416
2345 87 420 417 419 422
2346 87 420 417 419 423
2347 87 421 417 419 422
2348 87 421 417 419 423
2349 87 427 424 426 429
2350 87 427 424 426 430
2351 87 428 424 426 429
2352 87 428 424 426 430
2353 87 434 431 433 436
2354 87 434 431 433 437
2355 87 435 431 433 436
2356 87 435 431 433 437
2357 87 441 438 440 443
2358 87 441 438 440 444
2359 87 442 438 440 443
2360 87 442 438 440 444
2361 87 448 445 447 450
2362 87 448 445 447 451
2363 87 449 445 447 450
2364 87 449 445 447 451
2365 87 455 452 454 457
2366 87 455 452 454 458
2367 87 456 452 454 457
2368 87 456 452 454 458
2369 87 462 459 461 464
2370 87 462 459 461 465
2371 87 463 459 461 464
2372 87 463 459 461 465
2373 87 469 466 468 471
2374 87 469 466 468 472
2375 87 470 466 468 471
2376 87 470 466 468 472
2377 87 476 473 475 478
2378 87 476 473 475 479
2379 87 477 473 475 478
2380 87 477 473 475 479
2381 87 483 480 482 485
2382 87 483 480 482 486
2383 87 484 480 482 485
2384 87 484 480 482 486
2385 87 490 487 489 492
2386 87 490 487 489 493
2387 87 491 487 489 492
2388 87 491 487 489 493
2389 87 497 494 496 499
2390 87 497 494 496 500
2391 87 498 494 496 499
2392 87 498 494 496 500
2393 87 504 501 503 506
2394 87 504 501 503 507
2395 87 505 501 503 506
2396 87 505 501 503 507
2397 87 511 508 510 513
2398 87 511 508 510 514
2399 87 512 508 510 513
2400 87 512 508 510 514
2401 87 518 515 517 520
2402 87 518 515 517 521
2403 87 519 515 517 520
2404 87 519 515 517 521
2405 87 525 522 524 527
2406 87 525 522 524 528
2407 87 526 522 524 527
2408 87 526 522 524 528
2409 87 532 529 531 534
2410 87 532 529 531 535
2411 87 533 529 531 534
2412 87 533 529 531 535
2413 87 539 536 538 541
2414 87 539 536 538 542
2415 87 540 536 538 541
2416 87 540 536 538 542
2417 87 546 543 545 548
2418 87 546 543 545 549
2419 87 547 543 545 548
2420 87 547 543 545 549
2421 87 553 550 552 555
2422 87 553 550 552 556
2423 87 554 550 552 555
2424 87 554 550 552 556
2425 87 560 557 559 562
2426 87 560 557 559 563
2427 87 561 557 559 562
2428 87 561 557 559 563
2429 87 567 564 566 569
2430 87 567 564 566 570
2431 87 568 564 566 569
2432 87 568 564 566 570
2433 87 574 571 573 576
2434 87 574 571 573 577
2435 87 575 571 573 576
2436 87 575 571 573 577
2437 87 581 578 580 583
2438 87 581 578 580 584
2439 87 582 578 580 583
2440 87 582 578 580 584
2441 87 588 585 587 590
2442 87 588 585 587 591
2443 87 589 585 587 590
2444 87 589 585 587 591
2445 87 595 592 594 597
2446 87 595 592 594 598
2447 87 596 592 594 597
2448 87 596 592 594 598
2449 87 602 599 601 604
2450 87 602 599 601 605
2451 87 603 599 601 604
2452 87 603 599 601 605
2453 87 609 606 608 611
2454 87 609 606 608 612
2455 87 610 606 608 611
2456 87 610 606 608 612
2457 87 616 613 615 618
2458 87 616 613 615 619
2459 87 617 613 615 618
2460 87 617 613 615 619
2461 87 623 620 622 625
2462 87 623 620 622 626
2463 87 624 620 622 625
2464 87 624 620 622 626
2465 87 630 627 629 632
2466 87 630 627 629 633
2467 87 631 627 629 632
2468 87 631 627 629 633
2469 87 637 634 636 639
2470 87 637 634 636 640
2471 87 638 634 636 639
2472 87 638 634 636 640
2473 87 644 641 643 646
2474 87 644 641 643 647
2475 87 645 641 643 646
2476 87 645 641 643 647
2477 87 651 648 650 653
2478 87 651 648 650 654
2479 87 652 648 650 653
2480 87 652 648 650 654
2481 87 658 655 657 660
2482 87 658 655 657 661
2483 87 659 655 657 660
2484 87 659 655 657 661
2485 87 665 662 664 667
2486 87 665 662 664 668
2487 87 666 662 664 667
2488 87 666 662 664 668
2489 87 672 669 671 674
2490 87 672 669 671 675
2491 87 673 669 671 674
2492 87 673 669 671 675
2493 87 679 676 678 681
2494 87 679 676 678 682
2495 87 680 676 678 681
2496 87 680 676 678 682
2497 87 686 683 685 688
2498 87 686 683 685 689
2499 87 687 683 685 688
2500 87 687 683 685 689
2501 87 693 690 692 695
2502 87 693 690 692 696
2503 87 694 690 692 695
2504 87 694 690 692 696
2505 87 716 713 715 718
2506 87 716 713 715 719
2507 87 717 713 715 718
2508 87 717 713 715 719
2509 87 723 720 722 725
2510 87 723 720 722 726
2511 87 724 720 722 725
2512 87 724 720 722 726
2513 87 730 727 729 732
2514 87 730 727 729 733
2515 87 731 727 729 732
2516 87 731 727 729 733
2517 87 737 734 736 739
2518 87 737 734 736 740
2519 87 738 734 736 739
2520 87 738 734 736 740
2521 87 744 741 743 746
2522 87 744 741 743 747
2523 87 745 741 743 746
2524 87 745 741 743 747
2525 87 751 748 750 753
2526 87 751 748 750 754
2527 87 752 748 750 753
2528 87 752 748 750 754
2529 87 758 755 757 760
2530 87 758 755 757 761
2531 87 759 755 757 760
2532 87 759 755 757 761
2533 87 765 762 764 767
2534 87 765 762 764 768
2535 87 766 762 764 767
2536 87 766 762 764 768
2537 87 772 769 771 774
2538 87 772 769 771 775
2539 87 773 769 771 774
2540 87 773 769 771 775
2541 87 779 776 778 781
2542 87 779 776 778 782
2543 87 780 776 778 781
2544 87 780 776 778 782
2545 87 786 783 785 788
2546 87 786 783 785 789
2547 87 787 783 785 788
2548 87 787 783 785 789
2549 87 793 790 792 795
2550 87 793 790 792 796
2551 87 794 790 792 795
2552 87 794 790 792 796
2553 87 800 797 799 802
2554 87 800 797 799 803
2555 87 801 797 799 802
2556 87 801 797 799 803
2557 87 807 804 806 809
2558 87 807 804 806 810
2559 87 808 804 806 809
2560 87 808 804 806 810
2561 87 814 811 813 816
2562 87 814 811 813 817
2563 87 815 811 813 816
2564 87 815 811 813 817
2565 87 821 818 820 823
2566 87 821 818 820 824
2567 87 822 818 820 823
2568 87 822 818 820 824
2569 87 828 825 827 830
2570 87 828 825 827 831
2571 87 829 825 827 830
2572 87 829 825 827 831
2573 87 835 832 834 837
2574 87 835 832 834 838
2575 87 836 832 834 837
2576 87 836 832 834 838
2577 87 842 839 841 844
2578 87 842 839 841 845
2579 87 843 839 841 844
2580 87 843 839 841 845
2581 87 849 846 848 851
2582 87 849 846 848 852
2583 87 850 846 848 851
2584 87 850 846 848 852
2585 87 856 853 855 858
2586 87 856 853 855 859
2587 87 857 853 855 858
2588 87 857 853 855 859
2589 87 863 860 862 865
2590 87 863 860 862 866
2591 87 864 860 862 865
2592 87 864 860 862 866
2593 87 870 867 869 872
2594 87 870 867 869 873
2595 87 871 867 869 872
2596 87 871 867 869 873
2597 87 877 874 876 879
2598 87 877 874 876 880
2599 87 878 874 876 879
2600 87 878 874 876 880
2601 87 884 881 883 886
2602 87 884 881 883 887
2603 87 885 881 883 886
2604 87 885 881 883 887
2605 87 891 888 890 893
2606 87 891 888 890 894
2607 87 892 888 890 893
2608 87 892 888 890 894
2609 87 898 895 897 900
2610 87 898 895 897 901
2611 87 899 895 897 900
2612 87 899 895 897 901
2613 87 905 902 904 907
2614 87 905 902 904 908
2615 87 906 902 904 907
2616 87 906 902 904 908
2617 87 912 909 911 914
2618 87 912 909 911 915
2619 87 913 909 911 914
2620 87 913 909 911 915
2621 87 919 916 918 921
2622 87 919 916 918 922
2623 87 920 916 918 921
2624 87 920 916 918 922
2625 87 926 923 925 928
2626 87 926 923 925 929
2627 87 927 923 925 928
2628 87 927 923 925 929
2629 87 933 930 932 935
2630 87 933 930 932 936
2631 87 934 930 932 935
2632 87 934 930 932 936
2633 87 940 937 939 942
2634 87 940 937 939 943
2635 87 941 937 939 942
2636 87 941 937 939 943
2637 87 947 944 946 949
2638 87 947 944 946 950
2639 87 948 944 946 949
2640 87 948 944 946 950
2641 87 954 951 953 956
2642 87 954 951 953 957
2643 87 955 951 953 956
2644 87 955 951 953 957
2645 87 961 958 960 963
2646 87 961 958 960 964
2647 87 962 958 960 963
2648 87 962 958 960 964
2649 87 968 965 967 970
2650 87 968 965 967 971
2651 87 969 965 967 970
2652 87 969 965 967 971
2653 87 975 972 974 977
2654 87 975 972 974 978
2655 87 976 972 974 977
2656 87 976 972 974 978
2657 87 982 979 981 984
2658 87 982 979 981 985
2659 87 983 979 981 984
2660 87 983 979 981 985
2661 87 989 986 988 991
2662 87 989 986 988 992
2663 87 990 986 988 991
2664 87 990 986 988 992
2665 87 996 993 995 998
2666 87 996 993 995 999
2667 87 997 993 995 998
2668 87 997 993 995 999
2669 87 1003 1000 1002 1005
2670 87 1003 1000 1002 1006
2671 87 1004 1000 1002 1005
2672 87 1004 1000 1002 1006
2673 87 1010 1007 1009 1012
2674 87 1010 1007 1009 1013
2675 87 1011 1007 1009 1012
2676 87 1011 1007 1009 1013
2677 87 1017 1014 1016 1019
2678 87 1017 1014 1016 1020
2679 87 1018 1014 1016 1019
2680 87 1018 1014 1016 1020
2681 87 1024 1021 1023 1026
2682 87 1024 1021 1023 1027
2683 87 1025 1021 1023 1026
2684 87 1025 1021 1023 1027
2685 87 1031 1028 1030 1033
2686 87 1031 1028 1030 1034
2687 87 1032 1028 1030 1033
2688 87 1032 1028 1030 1034
2689 87 1038 1035 1037 1040
2690 87 1038 1035 1037 1041
2691 87 1039 1035 1037 1040
2692 87 1039 1035 1037 1041
2693 87 1045 1042 1044 1047
2694 87 1045 1042 1044 1048
2695 87 1046 1042 1044 1047
2696 87 1046 1042 1044 1048
2697 87 1068 1065 1067 1070
2698 87 1068 1065 1067 1071
2699 87 1069 1065 1067 1070
2700 87 1069 1065 1067 1071
2701 87 1075 1072 1074 1077
2702 87 1075 1072 1074 1078
2703 87 1076 1072 1074 1077
2704 87 1076 1072 1074 1078
2705 87 1082 1079 1081 1084
2706 87 1082 1079 1081 1085
2707 87 1083 1079 1081 1084
2708 87 1083 1079 1081 1085
2709 87 1089 1086 1088 1091
2710 87 1089 1086 1088 1092
2711 87 1090 1086 1088 1091
2712 87 1090 1086 1088 1092
2713 87 1096 1093 1095 1098
2714 87 1096 1093 1095 1099
2715 87 1097 1093 1095 1098
2716 87 1097 1093 1095 1099
2717 87 1103 1100 1102 1105
2718 87 1103 1100 1102 1106
2719 87 1104 1100 1102 1105
2720 87 1104 1100 1102 1106
2721 87 1110 1107 1109 1112
2722 87 1110 1107 1109 1113
2723 87 1111 1107 1109 1112
2724 87 1111 1107 1109 1113
2725 87 1117 1114 1116 1119
2726 87 1117 1114 1116 1120
2727 87 1118 1114 1116 1119
2728 87 1118 1114 1116 1120
2729 87 1124 1121 1123 1126
2730 87 1124 1121 1123 1127
2731 87 1125 1121 1123 1126
2732 87 1125 1121 1123 1127
2733 87 1131 1128 1130 1133
2734 87 1131 1128 1130 1134
2735 87 1132 1128 1130 1133
2736 87 1132 1128 1130 1134
2737 87 1138 1135 1137 1140
2738 87 1138 1135 1137 1141
2739 87 1139 1135 1137 1140
2740 87 1139 1135 1137 1141
2741 87 1145 1142 1144 1147
2742 87 1145 1142 1144 1148
2743 87 1146 1142 1144 1147
2744 87 1146 1142 1144 1148
2745 87 1152 1149 1151 1154
2746 87 1152 1149 1151 1155
2747 87 1153 1149 1151 1154
2748 87 1153 1149 1151 1155
2749 87 1159 1156 1158 1161
2750 87 1159 1156 1158 1162
2751 87 1160 1156 1158 1161
2752 87 1160 1156 1158 1162
2753 87 1166 1163 1165 1168
2754 87 1166 1163 1165 1169
2755 87 1167 1163 1165 1168
2756 87 1167 1163 1165 1169
2757 87 1173 1170 1172 1175
2758 87 1173 1170 1172 1176
2759 87 1174 1170 1172 1175
2760 87 1174 1170 1172 1176
2761 87 1180 1177 1179 1182
2762 87 1180 1177 1179 1183
2763 87 1181 1177 1179 1182
2764 87 1181 1177 1179 1183
2765 87 1187 1184 1186 1189
2766 87 1187 1184 1186 1190
2767 87 1188 1184 1186 1189
2768 87 1188 1184 1186 1190
2769 87 1194 1191 1193 1196
2770 87 1194 1191 1193 1197
2771 87 1195 1191 1193 1196
2772 87 1195 1191 1193 1197
2773 87 1201 1198 1200 1203
2774 87 1201 1198 1200 1204
2775 87 1202 1198 1200 1203
2776 87 1202 1198 1200 1204
2777 87 1208 1205 1207 1210
2778 87 1208 1205 1207 1211
2779 87 1209 1205 1207 1210
2780 87 1209 1205 1207 1211
2781 87 1215 1212 1214 1217
2782 87 1215 1212 1214 1218
2783 87 1216 1212 1214 1217
2784 87 1216 1212 1214 1218
2785 87 1222 1219 1221 1224
2786 87 1222 1219 1221 1225
2787 87 1223 1219 1221 1224
2788 87 1223 1219 1221 1225
2789 87 1229 1226 1228 1231
2790 87 1229 1226 1228 1232
2791 87 1230 1226 1228 1231
2792 87 1230 1226 1228 1232
2793 87 1236 1233 1235 1238
2794 87 1236 1233 1235 1239
2795 87 1237 1233 1235 1238
2796 87 1237 1233 1235 1239
2797 87 1243 1240 1242 1245
2798 87 1243 1240 1242 1246
2799 87 1244 1240 1242 1245
2800 87 1244 1240 1242 1246
2801 87 1250 1247 1249 1252
2802 87 1250 1247 1249 1253
2803 87 1251 1247 1249 1252
2804 87 1251 1247 1249 1253
2805 87 1257 1254 1256 1259
2806 87 1257 1254 1256 1260
2807 87 1258 1254 1256 1259
2808 87 1258 1254 1256 1260
2809 87 1264 1261 1263 1266
2810 87 1264 1261 1263 1267
2811 87 1265 1261 1263 1266
2812 87 1265 1261 1263 1267
2813 87 1271 1268 1270 1273
2814 87 1271 1268 1270 1274
2815 87 1272 1268 1270 1273
2816 87 1272 1268 1270 1274
2817 87 1278 1275 1277 1280
2818 87 1278 1275 1277 1281
2819 87 1279 1275 1277 1280
2820 87 1279 1275 1277 1281
2821 87 1285 1282 1284 1287
2822 87 1285 1282 1284 1288
2823 87 1286 1282 1284 1287
2824 87 1286 1282 1284 1288
2825 87 1292 1289 1291 1294
2826 87 1292 1289 1291 1295
2827 87 1293 1289 1291 1294
2828 87 1293 1289 1291 1295
2829 87 1299 1296 1298 1301
2830 87 1299 1296 1298 1302
2831 87 1300 1296 1298 1301
2832 87 1300 1296 1298 1302
2833 87 1306 1303 1305 1308
2834 87 1306 1303 1305 1309
2835 87 1307 1303 1305 1308
2836 87 1307 1303 1305 1309
2837 87 1313 1310 1312 1315
2838 87 1313 1310 1312 1316
2839 87 1314 1310 1312 1315
2840 87 1314 1310 1312 1316
2841 87 1320 1317 1319 1322
2842 87 1320 1317 1319 1323
2843 87 1321 1317 1319 1322
2844 87 1321 1317 1319 1323
2845 87 1327 1324 1326 1329
2846 87 1327 1324 1326 1330
2847 87 1328 1324 1326 1329
2848 87 1328 1324 1326 1330
2849 87 1334 1331 1333 1336
2850 87 1334 1331 1333 1337
2851 87 1335 1331 1333 1336
2852 87 1335 1331 1333 1337
2853 87 1341 1338 1340 1343
2854 87 1341 1338 1340 1344
2855 87 1342 1338 1340 1343
2856 87 1342 1338 1340 1344
2857 87 1348 1345 1347 1350
2858 87 1348 1345 1347 1351
2859 87 1349 1345 1347 1350
2860 87 1349 1345 1347 1351
2861 87 1355 1352 1354 1357
2862 87 1355 1352 1354 1358
2863 87 1356 1352 1354 1357
2864 87 1356 1352 1354 1358
2865 87 1362 1359 1361 1364
2866 87 1362 1359 1361 1365
2867 87 1363 1359 1361 1364
2868 87 1363 1359 1361 1365
2869 87 1369 1366 1368 1371
2870 87 1369 1366 1368 1372
2871 87 1370 1366 1368 1371
2872 87 1370 1366 1368 1372
2873 87 1376 1373 1375 1378
2874 87 1376 1373 1375 1379
2875 87 1377 1373 1375 1378
2876 87 1377 1373 1375 1379
2877 87 1383 1380 1382 1385
2878 87 1383 1380 1382 1386
2879 87 1384 1380 1382 1385
2880 87 1384 1380 1382 1386
2881 87 1390 1387 1389 1392
2882 87 1390 1387 1389 1393
2883 87 1391 1387 1389 1392
2884 87 1391 1387 1389 1393
2885 87 1397 1394 1396 1399
2886 87 1397 1394 1396 1400
2887 87 1398 1394 1396 1399
2888 87 1398 1394 1396 1400
2889 87 1420 1417 1419 1422
2890 87 1420 1417 1419 1423
2891 87 1421 1417 1419 1422
2892 87 1421 1417 1419 1423
2893 87 1427 1424 1426 1429
2894 87 1427 1424 1426 1430
2895 87 1428 1424 1426 1429
2896 87 1428 1424 1426 1430
2897 87 1434 1431 1433 1436
2898 87 1434 1431 1433 1437
2899 87 1435 1431 1433 1436
2900 87 1435 1431 1433 1437
2901 87 1441 1438 1440 1443
2902 87 1441 1438 1440 1444
2903 87 1442 1438 1440 1443
2904 87 1442 1438 1440 1444
2905 87 1448 1445 1447 1450
2906 87 1448 1445 1447 1451
2907 87 1449 1445 1447 1450
2908 87 1449 1445 1447 1451
2909 87 1455 1452 1454 1457
2910 87 1455 1452 1454 1458
2911 87 1456 1452 1454 1457
2912 87 1456 1452 1454 1458
2913 87 1462 1459 1461 1464
2914 87 1462 1459 1461 1465
2915 87 1463 1459 1461 1464
2916 87 1463 1459 1461 1465
2917 87 1469 1466 1468 1471
2918 87 1469 1466 1468 1472
2919 87 1470 1466 1468 1471
2920 87 1470 1466 1468 1472
2921 87 1476 1473 1475 1478
2922 87 1476 1473 1475 1479
2923 87 1477 1473 1475 1478
2924 87 1477 1473 1475 1479
2925 87 1483 1480 1482 1485
2926 87 1483 1480 1482 1486
2927 87 1484 1480 1482 1485
2928 87 1484 1480 1482 1486
2929 87 1490 1487 1489 1492
2930 87 1490 1487 1489 1493
2931 87 1491 1487 1489 1492
2932 87 1491 1487 1489 1493
2933 87 1497 1494 1496 1499
2934 87 1497 1494 1496 1500
2935 87 1498 1494 1496 1499
2936 87 1498 1494 1496 1500
2937 87 1504 1501 1503 1506
2938 87 1504 1501 1503 1507
2939 87 1505 1501 1503 1506
2940 87 1505 1501 1503 1507
2941 87 1511 1508 1510 1513
2942 87 1511 1508 1510 1514
2943 87 1512 1508 1510 1513
2944 87 1512 1508 1510 1514
2945 87 1518 1515 1517 1520
2946 87 1518 1515 1517 1521
2947 87 1519 1515 1517 1520
2948 87 1519 1515 1517 1521
2949 87 1525 1522 1524 1527
2950 87 1525 1522 1524 1528
2951 87 1526 1522 1524 1527
2952 87 1526 1522 1524 1528
2953 87 1532 1529 1531 1534
2954 87 1532 1529 1531 1535
2955 87 1533 1529 1531 1534
2956 87 1533 1529 1531 1535
2957 87 1539 1536 1538 1541
2958 87 1539 1536 1538 1542
2959 87 1540 1536 1538 1541
2960 87 1540 1536 1538 1542
2961 87 1546 1543 1545 1548
2962 87 1546 1543 1545 1549
2963 87 1547 1543 1545 1548
2964 87 1547 1543 1545 1549
2965 87 1553 1550 1552 1555
2966 87 1553 1550 1552 1556
2967 87 1554 1550 1552 1555
2968 87 1554 1550 1552 1556
2969 87 1560 1557 1559 1562
2970 87 1560 1557 1559 1563
2971 87 1561 1557 1559 1562
2972 87 1561 1557 1559 1563
2973 87 1567 1564 1566 1569
2974 87 1567 1564 1566 1570
2975 87 1568 1564 1566 1569
2976 87 1568 1564 1566 1570
2977 87 1574 1571 1573 1576
2978 87 1574 1571 1573 1577
2979 87 1575 1571 1573 1576
2980 87 1575 1571 1573 1577
2981 87 1581 1578 1580 1583
2982 87 1581 1578 1580 1584
2983 87 1582 1578 1580 1583
2984 87 1582 1578 1580 1584
2985 87 1588 1585 1587 1590
2986 87 1588 1585 1587 1591
2987 87 1589 1585 1587 1590
2988 87 1589 1585 1587 1591
2989 87 1595 1592 1594 1597
2990 87 1595 1592 1594 1598
2991 87 1596 1592 1594 1597
2992 87 1596 1592 1594 1598
2993 87 1602 1599 1601 1604
2994 87 1602 1599 1601 1605
2995 87 1603 1599 1601 1604
2996 87 1603 1599 1601 1605
2997 87 1609 1606 1608 1611
2998 87 1609 1606 1608 1612
2999 87 1610 1606 1608 1611
3000 87 1610 1606 1608 1612
3001 87 1616 1613 1615 1618
3002 87 1616 1613 1615 1619
3003 87 1617 1613 1615 1618
3004 87 1617 1613 1615 1619
3005 87 1623 1620 1622 1625
3006 87 1623 1620 1622 1626
3007 87 1624 1620 1622 1625
3008 87 1624 1620 1622 1626
3009 87 1630 1627 1629 1632
3010 87 1630 1627 1629 1633
3011 87 1631 1627 1629 1632
3012 87 1631 1627 1629 1633
3013 87 1637 1634 1636 1639
3014 87 1637 1634 1636 1640
3015 87 1638 1634 1636 1639
3016 87 1638 1634 1636 1640
3017 87 1644 1641 1643 1646
3018 87 1644 1641 1643 1647
3019 87 1645 1641 1643 1646
3020 87 1645 1641 1643 1647
3021 87 1651 1648 1650 1653
3022 87 1651 1648 1650 1654
3023 87 1652 1648 1650 1653
3024 87 1652 1648 1650 1654
3025 87 1658 1655 1657 1660
3026 87 1658 1655 1657 1661
3027 87 1659 1655 1657 1660
3028 87 1659 1655 1657 1661
3029 87 1665 1662 1664 1667
3030 87 1665 1662 1664 1668
3031 87 1666 1662 1664 1667
3032 87 1666 1662 1664 1668
3033 87 1672 1669 1671 1674
3034 87 1672 1669 1671 1675
3035 87 1673 1669 1671 1674
3036 87 1673 1669 1671 1675
3037 87 1679 1676 1678 1681
3038 87 1679 1676 1678 1682
3039 87 1680 1676 1678 1681
3040 87 1680 1676 1678 1682
3041 87 1686 1683 1685 1688
3042 87 1686 1683 1685 1689
3043 87 1687 1683 1685 1688
3044 87 1687 1683 1685 1689
3045 87 1693 1690 1692 1695
3046 87 1693 1690 1692 1696
3047 87 1694 1690 1692 1695
3048 87 1694 1690 1692 1696
3049 87 1700 1697 1699 1702
3050 87 1700 1697 1699 1703
3051 87 1701 1697 1699 1702
3052 87 1701 1697 1699 1703
3053 87 1707 1704 1706 1709
3054 87 1707 1704 1706 1710
3055 87 1708 1704 1706 1709
3056 87 1708 1704 1706 1710
3057 87 1714 1711 1713 1716
3058 87 1714 1711 1713 1717
3059 87 1715 1711 1713 1716
3060 87 1715 1711 1713 1717
3061 87 1721 1718 1720 1723
3062 87 1721 1718 1720 1724
3063 87 1722 1718 1720 1723
3064 87 1722 1718 1720 1724
3065 87 1728 1725 1727 1730
3066 87 1728 1725 1727 1731
3067 87 1729 1725 1727 1730
3068 87 1729 1725 1727 1731
3069 87 1735 1732 1734 1737
3070 87 1735 1732 1734 1738
3071 87 1736 1732 1734 1737
3072 87 1736 1732 1734 1738
3073 87 1742 1739 1741 1744
3074 87 1742 1739 1741 1745
3075 87 1743 1739 1741 1744
3076 87 1743 1739 1741 1745
3077 87 1749 1746 1748 1751
3078 87 1749 1746 1748 1752
3079 87 1750 1746 1748 1751
3080 87 1750 1746 1748 1752
3081 87 1772 1769 1771 1774
3082 87 1772 1769 1771 1775
3083 87 1773 1769 1771 1774
3084 87 1773 1769 1771 1775
3085 87 1779 1776 1778 1781
3086 87 1779 1776 1778 1782
3087 87 1780 1776 1778 1781
3088 87 1780 1776 1778 1782
3089 87 1786 1783 1785 1788
3090 87 1786 1783 1785 1789
3091 87 1787 1783 1785 1788
3092 87 1787 1783 1785 1789
3093 87 1793 1790 1792 1795
3094 87 1793 1790 1792 1796
3095 87 1794 1790 1792 1795
3096 87 1794 1790 1792 1796
3097 87 1800 1797 1799 1802
3098 87 1800 1797 1799 1803
3099 87 1801 1797 1799 1802
3100 87 1801 1797 1799 1803
3101 87 1807 1804 1806 1809
3102 87 1807 1804 1806 1810
3103 87 1808 1804 1806 1809
3104 87 1808 1804 1806 1810
3105 87 1814 1811 1813 1816
3106 87 1814 1811 1813 1817
3107 87 1815 1811 1813 1816
3108 87 1815 1811 1813 1817
3109 87 1821 1818 1820 1823
3110 87 1821 1818 1820 1824
3111 87 1822 1818 1820 1823
3112 87 1822 1818 1820 1824
3113 87 1828 1825 1827 1830
3114 87 1828 1825 1827 1831
3115 87 1829 1825 1827 1830
3116 87 1829 1825 1827 1831
3117 87 1835 1832 1834 1837
3118 87 1835 1832 1834 1838
3119 87 1836 1832 1834 1837
3120 87 1836 1832 1834 1838
3121 87 1842 1839 1841 1844
3122 87 1842 1839 1841 1845
3123 87 1843 1839 1841 1844
3124 87 1843 1839 1841 1845
3125 87 1849 1846 1848 1851
3126 87 1849 1846 1848 1852
3127 87 1850 1846 1848 1851
3128 87 1850 1846 1848 1852
3129 87 1856 1853 1855 1858
3130 87 1856 1853 1855 1859
3131 87 1857 1853 1855 1858
3132 87 1857 1853 1855 1859
3133 87 1863 1860 1862 1865
3134 87 1863 1860 1862 1866
3135 87 1864 1860 1862 1865
3136 87 1864 1860 1862 1866
3137 87 1870 1867 1869 1872
3138 87 1870 1867 1869 1873
3139 87 1871 1867 1869 1872
3140 87 1871 1867 1869 1873
3141 87 1877 1874 1876 1879
3142 87 1877 1874 1876 1880
3143 87 1878 1874 1876 1879
3144 87 1878 1874 1876 1880
3145 87 1884 1881 1883 1886
3146 87 1884 1881 1883 1887
3147 87 1885 1881 1883 1886
3148 87 1885 1881 1883 1887
3149 87 1891 1888 1890 1893
3150 87 1891 1888 1890 1894
3151 87 1892 1888 1890 1893
3152 87 1892 1888 1890 1894
3153 87 1898 1895 1897 1900
3154 87 1898 1895 1897 1901
3155 87 1899 1895 1897 1900
3156 87 1899 1895 1897 1901
3157 87 1905 1902 1904 1907
3158 87 1905 1902 1904 1908
3159 87 1906 1902 1904 1907
3160 87 1906 1902 1904 1908
3161 87 1912 1909 1911 1914
3162 87 1912 1909 1911 1915
3163 87 1913 1909 1911 1914
3164 87 1913 1909 1911 1915
3165 87 1919 1916 1918 1921
3166 87 1919 1916 1918 1922
3167 87 1920 1916 1918 1921
3168 87 1920 1916 1918 1922
3169 87 1926 1923 1925 1928
3170 87 1926 1923 1925 1929
3171 87 1927 1923 1925 1928
3172 87 1927 1923 1925 1929
3173 87 1933 1930 1932 1935
3174 87 1933 1930 1932 1936
3175 87 1934 1930 1932 1935
3176 87 1934 1930 1932 1936
3177 87 1940 1937 1939 1942
3178 87 1940 1937 1939 1943
3179 87 1941 1937 1939 1942
3180 87 1941 1937 1939 1943
3181 87 1947 1944 1946 1949
3182 87 1947 1944 1946 1950
3183 87 1948 1944 1946 1949
3184 87 1948 1944 1946 1950
3185 87 1954 1951 1953 1956
3186 87 1954 1951 1953 1957
3187 87 1955 1951 1953 1956
3188 87 1955 1951 1953 1957
3189 87 1961 1958 1960 1963
3190 87 1961 1958 1960 1964
3191 87 1962 1958 1960 1963
3192 87 1962 1958 1960 1964
3193 87 1968 1965 1967 1970
3194 87 1968 1965 1967 1971
3195 87 1969 1965 1967 1970
3196 87 1969 1965 1967 1971
3197 87 1975 1972 1974 1977
3198 87 1975 1972 1974 1978
3199 87 1976 1972 1974 1977
3200 87 1976 1972 1974 1978
3201 87 1982 1979 1981 1984
3202 87 1982 1979 1981 1985
3203 87 1983 1979 1981 1984
3204 87 1983 1979 1981 1985
3205 87 1989 1986 1988 1991
3206 87 1989 1986 1988 1992
3207 87 1990 1986 1988 1991
3208 87 1990 1986 1988 1992
3209 87 1996 1993 1995 1998
3210 87 1996 1993 1995 1999
3211 87 1997 1993 1995 1998
3212 87 1997 1993 1995 1999
3213 87 2003 2000 2002 2005
3214 87 2003 2000 2002 2006
3215 87 2004 2000 2002 2005
3216 87 2004 2000 2002 2006
3217 87 2010 2007 2009 2012
3218 87 2010 2007 2009 2013
3219 87 2011 2007 2009 2012
3220 87 2011 2007 2009 2013
3221 87 2017 2014 2016 2019
3222 87 2017 2014 2016 2020
3223 87 2018 2014 2016 2019
3224 87 2018 2014 2016 2020
3225 87 2024 2021 2023 2026
3226 87 2024 2021 2023 2027
3227 87 2025 2021 2023 2026
3228 87 2025 2021 2023 2027
3229 87 2031 2028 2030 2033
3230 87 2031 2028 2030 2034
3231 87 2032 2028 2030 2033
3232 87 2032 2028 2030 2034
3233 87 2038 2035 2037 2040
3234 87 2038 2035 2037 2041
3235 87 2039 2035 2037 2040
3236 87 2039 2035 2037 2041
3237 87 2045 2042 2044 2047
3238 87 2045 2042 2044 2048
3239 87 2046 2042 2044 2047
3240 87 2046 2042 2044 2048
3241 87 2052 2049 2051 2054
3242 87 2052 2049 2051 2055
3243 87 2053 2049 2051 2054
3244 87 2053 2049 2051 2055
3245 87 2059 2056 2058 2061
3246 87 2059 2056 2058 2062
3247 87 2060 2056 2058 2061
3248 87 2060 2056 2058 2062
3249 87 2066 2063 2065 2068
3250 87 2066 2063 2065 2069
3251 87 2067 2063 2065 2068
3252 87 2067 2063 2065 2069
3253 87 2073 2070 2072 2075
3254 87 2073 2070 2072 2076
3255 87 2074 2070 2072 2075
3256 87 2074 2070 2072 2076
3257 87 2080 2077 2079 2082
3258 87 2080 2077 2079 2083
3259 87 2081 2077 2079 2082
3260 87 2081 2077 2079 2083
3261 87 2087 2084 2086 2089
3262 87 2087 2084 2086 2090
3263 87 2088 2084 2086 2089
3264 87 2088 2084 2086 2090
3265 87 2094 2091 2093 2096
3266 87 2094 2091 2093 2097
3267 87 2095 2091 2093 2096
3268 87 2095 2091 2093 2097
3269 87 2101 2098 2100 2103
3270 87 2101 2098 2100 2104
3271 87 2102 2098 2100 2103
3272 87 2102 2098 2100 2104
3273 87 2124 2121 2123 2126
3274 87 2124 2121 2123 2127
3275 87 2125 2121 2123 2126
3276 87 2125 2121 2123 2127
3277 87 2131 2128 2130 2133
3278 87 2131 2128 2130 2134
3279 87 2132 2128 2130 2133
3280 87 2132 2128 2130 2134
3281 87 2138 2135 2137 2140
3282 87 2138 2135 2137 2141
3283 87 2139 2135 2137 2140
3284 87 2139 2135 2137 2141
3285 87 2145 2142 2144 2147
3286 87 2145 2142 2144 2148
3287 87 2146 2142 2144 2147
3288 87 2146 2142 2144 2148
3289 87 2152 2149 2151 2154
3290 87 2152 2149 2151 2155
3291 87 2153 2149 2151 2154
3292 87 2153 2149 2151 2155
3293 87 2159 2156 2158 2161
3294 87 2159 2156 2158 2162
3295 87 2160 2156 2158 2161
3296 87 2160 2156 2158 2162
3297 87 2166 2163 2165 2168
3298 87 2166 2163 2165 2169
3299 87 2167 2163 2165 2168
3300 87 2167 2163 2165 2169
3301 87 2173 2170 2172 2175
3302 87 2173 2170 2172 2176
3303 87 2174 2170 2172 2175
3304 87 2174 2170 2172 2176
3305 87 2180 2177 2179 2182
3306 87 2180 2177 2179 2183
3307 87 2181 2177 2179 2182
3308 87 2181 2177 2179 2183
3309 87 2187 2184 2186 2189
3310 87 2187 2184 2186 2190
3311 87 2188 2184 2186 2189
3312 87 2188 2184 2186 2190
3313 87 2194 2191 2193 2196
3314 87 2194 2191 2193 2197
3315 87 2195 2191 2193 2196
3316 87 2195 2191 2193 2197
3317 87 2201 2198 2200 2203
3318 87 2201 2198 2200 2204
3319 87 2202 2198 2200 2203
3320 87 2202 2198 2200 2204
3321 87 2208 2205 2207 2210
3322 87 2208 2205 2207 2211
3323 87 2209 2205 2207 2210
3324 87 2209 2205 2207 2211
3325 87 2215 2212 2214 2217
3326 87 2215 2212 2214 2218
3327 87 2216 2212 2214 2217
3328 87 2216 2212 2214 2218
3329 87 2222 2219 2221 2224
3330 87 2222 2219 2221 2225
3331 87 2223 2219 2221 2224
3332 87 2223 2219 2221 2225
3333 87 2229 2226 2228 2231
3334 87 2229 2226 2228 2232
3335 87 2230 2226 2228 2231
3336 87 2230 2226 2228 2232
3337 87 2236 2233 2235 2238
3338 87 2236 2233 2235 2239
3339 87 2237 2233 2235 2238
3340 87 2237 2233 2235 2239
3341 87 2243 2240 2242 2245
3342 87 2243 2240 2242 2246
3343 87 2244 2240 2242 2245
3344 87 2244 2240 2242 2246
3345 87 2250 2247 2249 2252
3346 87 2250 2247 2249 2253
3347 87 2251 2247 2249 2252
3348 87 2251 2247 2249 2253
3349 87 2257 2254 2256 2259
3350 87 2257 2254 2256 2260
3351 87 2258 2254 2256 2259
3352 87 2258 2254 2256 2260
3353 87 2264 2261 2263 2266
3354 87 2264 2261 2263 2267
3355 87 2265 2261 2263 2266
3356 87 2265 2261 2263 2267
3357 87 2271 2268 2270 2273
3358 87 2271 2268 2270 2274
3359 87 2272 2268 2270 2273
3360 87 2272 2268 2270 2274
3361 87 2278 2275 2277 2280
3362 87 2278 2275 2277 2281
3363 87 2279 2275 2277 2280
3364 87 2279 2275 2277 2281
3365 87 2285 2282 2284 2287
3366 87 2285 2282 2284 2288
3367 87 2286 2282 2284 2287
3368 87 2286 2282 2284 2288
3369 87 2292 2289 2291 2294
3370 87 2292 2289 2291 2295
3371 87 2293 2289 2291 2294
3372 87 2293 2289 2291 2295
3373 87 2299 2296 2298 2301
3374 87 2299 2296 2298 2302
3375 87 2300 2296 2298 2301
3376 87 2300 2296 2298 2302
3377 87 2306 2303 2305 2308
3378 87 2306 2303 2305 2309
3379 87 2307 2303 2305 2308
3380 87 2307 2303 2305 2309
3381 87 2313 2310 2312 2315
3382 87 2313 2310 2312 2316
3383 87 2314 2310 2312 2315
3384 87 2314 2310 2312 2316
3385 87 2320 2317 2319 2322
3386 87 2320 2317 2319 2323
3387 87 2321 2317 2319 2322
3388 87 2321 2317 2319 2323
3389 87 2327 2324 2326 2329
3390 87 2327 2324 2326 2330
3391 87 2328 2324 2326 2329
3392 87 2328 2324 2326 2330
3393 87 2334 2331 2333 2336
3394 87 2334 2331 2333 2337
3395 87 2335 2331 2333 2336
3396 87 2335 2331 2333 2337
3397 87 2341 2338 2340 2343
3398 87 2341 2338 2340 2344
3399 87 2342 2338 2340 2343
3400 87 2342 2338 2340 2344
3401 87 2348 2345 2347 2350
3402 87 2348 2345 2347 2351
3403 87 2349 2345 2347 2350
3404 87 2349 2345 2347 2351
3405 87 2355 2352 2354 2357
3406 87 2355 2352 2354 2358
3407 87 2356 2352 2354 2357
3408 87 2356 2352 2354 2358
3409 87 2362 2359 2361 2364
3410 87 2362 2359 2361 2365
3411 87 2363 2359 2361 2364
3412 87 2363 2359 2361 2365
3413 87 2369 2366 2368 2371
3414 87 2369 2366 2368 2372
3415 87 2370 2366 2368 2371
3416 87 2370 2366 2368 2372
3417 87 2376 2373 2375 2378
3418 87 2376 2373 2375 2379
3419 87 2377 2373 2375 2378
3420 87 2377 2373 2375 2379
3421 87 2383 2380 2382 2385
3422 87 2383 2380 2382 2386
3423 87 2384 2380 2382 2385
3424 87 2384 2380 2382 2386
3425 87 2390 2387 2389 2392
3426 87 2390 2387 2389 2393
3427 87 2391 2387 2389 2392
3428 87 2391 2387 2389 2393
3429 87 2397 2394 2396 2399
3430 87 2397 2394 2396 2400
3431 87 2398 2394 2396 2399
3432 87 2398 2394 2396 2400
3433 87 2404 2401 2403 2406
3434 87 2404 2401 2403 2407
3435 87 2405 2401 2403 2406
3436 87 2405 2401 2403 2407
3437 87 2411 2408 2410 2413
3438 87 2411 2408 2410 2414
3439 87 2412 2408 2410 2413
3440 87 2412 2408 2410 2414
3441 87 2418 2415 2417 2420
3442 87 2418 2415 2417 2421
3443 87 2419 2415 2417 2420
3444 87 2419 2415 2417 2421
3445 87 2425 2422 2424 2427
3446 87 2425 2422 2424 2428
3447 87 2426 2422 2424 2427
3448 87 2426 2422 2424 2428
3449 87 2432 2429 2431 2434
3450 87 2432 2429 2431 2435
3451 87 2433 2429 2431 2434
3452 87 2433 2429 2431 2435
3453 87 2439 2436 2438 2441
3454 87 2439 2436 2438 2442
3455 87 2440 2436 2438 2441
3456 87 2440 2436 2438 2442
3457 87 2446 2443 2445 2448
3458 87 2446 2443 2445 2449
3459 87 2447 2443 2445 2448
3460 87 2447 2443 2445 2449
3461 87 2453 2450 2452 2455
3462 87 2453 2450 2452 2456
3463 87 2454 2450 2452 2455
3464 87 2454 2450 2452 2456
3465 87 2476 2473 2475 2478
3466 87 2476 2473 2475 2479
3467 87 2477 2473 2475 2478
3468 87 2477 2473 2475 2479
3469 87 2483 2480 2482 2485
3470 87 2483 2480 2482 2486
3471 87 2484 2480 2482 2485
3472 87 2484 2480 2482 2486
3473 87 2490 2487 2489 2492
3474 87 2490 2487 2489 2493
3475 87 2491 2487 2489 2492
3476 87 2491 2487 2489 2493
3477 87 2497 2494 2496 2499
3478 87 2497 2494 2496 2500
3479 87 2498 2494 2496 2499
3480 87 2498 2494 2496 2500
3481 87 2504 2501 2503 2506
3482 87 2504 2501 2503 2507
3483 87 2505 2501 2503 2506
3484 87 2505 2501 2503 2507
3485 87 2511 2508 2510 2513
3486 87 2511 2508 2510 2514
3487 87 2512 2508 2510 2513
3488 87 2512 2508 2510 2514
3489 87 2518 2515 2517 2520
3490 87 2518 2515 2517 2521
3491 87 2519 2515 2517 2520
3492 87 2519 2515 2517 2521
3493 87 2525 2522 2524 2527
3494 87 2525 2522 2524 2528
3495 87 2526 2522 2524 2527
3496 87 2526 2522 2524 2528
3497 87 2532 2529 2531 2534
3498 87 2532 2529 2531 2535
3499 87 2533 2529 2531 2534
3500 87 2533 2529 2531 2535
3501 87 2539 2536 2538 2541
3502 87 2539 2536 2538 2542
3503 87 2540 2536 2538 2541
3504 87 2540 2536 2538 2542
3505 87 2546 2543 2545 2548
3506 87 2546 2543 2545 2549
3507 87 2547 2543 2545 2548
3508 87 2547 2543 2545 2549
3509 87 2553 2550 2552 2555
3510 87 2553 2550 2552 2556
3511 87 2554 2550 2552 2555
3512 87 2554 2550 2552 2556
3513 87 2560 2557 2559 2562
3514 87 2560 2557 2559 2563
3515 87 2561 2557 2559 2562
3516 87 2561 2557 2559 2563
3517 87 2567 2564 2566 2569
3518 87 2567 2564 2566 2570
3519 87 2568 2564 2566 2569
3520 87 2568 2564 2566 2570
3521 87 2574 2571 2573 2576
3522 87 2574 2571 2573 2577
3523 87 2575 2571 2573 2576
3524 87 2575 2571 2573 2577
3525 87 2581 2578 2580 2583
3526 87 2581 2578 2580 2584
3527 87 2582 2578 2580 2583
3528 87 2582 2578 2580 2584
3529 87 2588 2585 2587 2590
3530 87 2588 2585 2587 2591
3531 87 2589 2585 2587 2590
3532 87 2589 2585 2587 2591
3533 87 2595 2592 2594 2597
3534 87 2595 2592 2594 2598
3535 87 2596 2592 2594 2597
3536 87 2596 2592 2594 2598
3537 87 2602 2599 2601 2604
3538 87 2602 2599 2601 2605
3539 87 2603 2599 2601 2604
3540 87 2603 2599 2601 2605
3541 87 2609 2606 2608 2611
3542 87 2609 2606 2608 2612
3543 87 2610 2606 2608 2611
3544 87 2610 2606 2608 2612
3545 87 2616 2613 2615 2618
3546 87 2616 2613 2615 2619
3547 87 2617 2613 2615 2618
3548 87 2617 2613 2615 2619
3549 87 2623 2620 2622 2625
3550 87 2623 2620 2622 2626
3551 87 2624 2620 2622 2625
3552 87 2624 2620 2622 2626
3553 87 2630 2627 2629 2632
3554 87 2630 2627 2629 2633
3555 87 2631 2627 2629 2632
3556 87 2631 2627 2629 2633
3557 87 2637 2634 2636 2639
3558 87 2637 2634 2636 2640
3559 87 2638 2634 2636 2639
3560 87 2638 2634 2636 2640
3561 87 2644 2641 2643 2646
3562 87 2644 2641 2643 2647
3563 87 2645 2641 2643 2646
3564 87 2645 2641 2643 2647
3565 87 2651 2648 2650 2653
3566 87 2651 2648 2650 2654
3567 87 2652 2648 2650 2653
3568 87 2652 2648 2650 2654
3569 87 2658 2655 2657 2660
3570 87 2658 2655 2657 2661
3571 87 2659 2655 2657 2660
3572 87 2659 2655 2657 2661
3573 87 2665 2662 2664 2667
3574 87 2665 2662 2664 2668
3575 87 2666 2662 2664 2667
3576 87 2666 2662 2664 2668
3577 87 2672 2669 2671 2674
3578 87 2672 2669 2671 2675
3579 87 2673 2669 2671 2674
3580 87 2673 2669 2671 2675
3581 87 2679 2676 2678 2681
3582 87 2679 2676 2678 2682
3583 87 2680 2676 2678 2681
3584 87 2680 2676 2678 2682
3585 87 2686 2683 2685 2688
3586 87 2686 2683 2685 2689
3587 87 2687 2683 2685 2688
3588 87 2687 2683 2685 2689
3589 87 2693 2690 2692 2695
3590 87 2693 2690 2692 2696
3591 87 2694 2690 2692 2695
3592 87 2694 2690 2692 2696
3593 87 2700 2697 2699 2702
3594 87 2700 2697 2699 2703
3595 87 2701 2697 2699 2702
3596 87 2701 2697 2699 2703
3597 87 2707 2704 2706 2709
3598 87 2707 2704 2706 2710
3599 87 2708 2704 2706 2709
3600 87 2708 2704 2706 2710
3601 87 2714 2711 2713 2716
3602 87 2714 2711 2713 2717
3603 87 2715 2711 2713 2716
3604 87 2715 2711 2713 2717
3605 87 2721 2718 2720 2723
3606 87 2721 2718 2720 2724
3607 87 2722 2718 2720 2723
3608 87 2722 2718 2720 2724
3609 87 2728 2725 2727 2730
3610 87 2728 2725 2727 2731
3611 87 2729 2725 2727 2730
3612 87 2729 2725 2727 2731
3613 87 2735 2732 2734 2737
3614 87 2735 2732 2734 2738
3615 87 2736 2732 2734 2737
3616 87 2736 2732 2734 2738
3617 87 2742 2739 2741 2744
3618 87 2742 2739 2741 2745
3619 87 2743 2739 2741 2744
3620 87 2743 2739 2741 2745
3621 87 2749 2746 2748 2751
3622 87 2749 2746 2748 2752
3623 87 2750 2746 2748 2751
3624 87 2750 2746 2748 2752
3625 87 2756 2753 2755 2758
3626 87 2756 2753 2755 2759
3627 87 2757 2753 2755 2758
3628 87 2757 2753 2755 2759
3629 87 2763 2760 2762 2765
3630 87 2763 2760 2762 2766
3631 87 2764 2760 2762 2765
3632 87 2764 2760 2762 2766
3633 87 2770 2767 2769 2772
3634 87 2770 2767 2769 2773
3635 87 2771 2767 2769 2772
3636 87 2771 2767 2769 2773
3637 87 2777 2774 2776 2779
3638 87 2777 2774 2776 2780
3639 87 2778 2774 2776 2779
3640 87 2778 2774 2776 2780
3641 87 2784 2781 2783 2786
3642 87 2784 2781 2783 2787
3643 87 2785 2781 2783 2786
3644 87 2785 2781 2783 2787
3645 87 2791 2788 2790 2793
3646 87 2791 2788 2790 2794
3647 87 2792 2788 2790 2793
3648 87 2792 2788 2790 2794
3649 87 2798 2795 2797 2800
3650 87 2798 2795 2797 2801
3651 87 2799 2795 2797 2800
3652 87 2799 2795 2797 2801
3653 87 2805 2802 2804 2807
3654 87 2805 2802 2804 2808
3655 87 2806 2802 2804 2807
3656 87 2806 2802 2804 2808
3657 87 2828 2825 2827 2830
3658 87 2828 2825 2827 2831
3659 87 2829 2825 2827 2830
3660 87 2829 2825 2827 2831
3661 87 2835 2832 2834 2837
3662 87 2835 2832 2834 2838
3663 87 2836 2832 2834 2837
3664 87 2836 2832 2834 2838
3665 87 2842 2839 2841 2844
3666 87 2842 2839 2841 2845
3667 87 2843 2839 2841 2844
3668 87 2843 2839 2841 2845
3669 87 2849 2846 2848 2851
3670 87 2849 2846 2848 2852
3671 87 2850 2846 2848 2851
3672 87 2850 2846 2848 2852
3673 87 2856 2853 2855 2858
3674 87 2856 2853 2855 2859
3675 87 2857 2853 2855 2858
3676 87 2857 2853 2855 2859
3677 87 2863 2860 2862 2865
3678 87 2863 2860 2862 2866
3679 87 2864 2860 2862 2865
3680 87 2864 2860 2862 2866
3681 87 2870 2867 2869 2872
3682 87 2870 2867 2869 2873
3683 87 2871 2867 2869 2872
3684 87 2871 2867 2869 2873
3685 87 2877 2874 2876 2879
3686 87 2877 2874 2876 2880
3687 87 2878 2874 2876 2879
3688 87 2878 2874 2876 2880
3689 87 2884 2881 2883 2886
3690 87 2884 2881 2883 2887
3691 87 2885 2881 2883 2886
3692 87 2885 2881 2883 2887
3693 87 2891 2888 2890 2893
3694 87 2891 2888 2890 2894
3695 87 2892 2888 2890 2893
3696 87 2892 2888 2890 2894
3697 87 2898 2895 2897 2900
3698 87 2898 2895 2897 2901
3699 87 2899 2895 2897 2900
3700 87 2899 2895 2897 2901
3701 87 2905 2902 2904 2907
3702 87 2905 2902 2904 2908
3703 87 2906 2902 2904 2907
3704 87 2906 2902 2904 2908
3705 87 2912 2909 2911 2914
3706 87 2912 2909 2911 2915
3707 87 2913 2909 2911 2914
3708 87 2913 2909 2911 2915
3709 87 2919 2916 2918 2921
3710 87 2919 2916 2918 2922
3711 87 2920 2916 2918 2921
3712 87 2920 2916 2918 2922
3713 87 2926 2923 2925 2928
3714 87 2926 2923 2925 2929
3715 87 2927 2923 2925 2928
3716 87 2927 2923 2925 2929
3717 87 2933 2930 2932 2935
3718 87 2933 2930 2932 2936
3719 87 2934 2930 2932 2935
3720 87 2934 2930 2932 2936
3721 87 2940 2937 2939 2942
3722 87 2940 2937 2939 2943
3723 87 2941 2937 2939 2942
3724 87 2941 2937 2939 2943
3725 87 2947 2944 2946 2949
3726 87 2947 2944 2946 2950
3727 87 2948 2944 2946 2949
3728 87 2948 2944 2946 2950
3729 87 2954 2951 2953 2956
3730 87 2954 2951 2953 2957
3731 87 2955 2951 2953 2956
3732 87 2955 2951 2953 2957
3733 87 2961 2958 2960 2963
3734 87 2961 2958 2960 2964
3735 87 2962 2958 2960 2963
3736 87 2962 2958 2960 2964
3737 87 2968 2965 2967 2970
3738 87 2968 2965 2967 2971
3739 87 2969 2965 2967 2970
3740 87 2969 2965 2967 2971
3741 87 2975 2972 2974 2977
3742 87 2975 2972 2974 2978
3743 87 2976 2972 2974 2977
3744 87 2976 2972 2974 2978
3745 87 2982 2979 2981 2984
3746 87 2982 2979 2981 2985
3747 87 2983 2979 2981 2984
3748 87 2983 2979 2981 2985
3749 87 2989 2986 2988 2991
3750 87 2989 2986 2988 2992
3751 87 2990 2986 2988 2991
3752 87 2990 2986 2988 2992
3753 87 2996 2993 2995 2998
3754 87 2996 2993 2995 2999
3755 87 2997 2993 2995 2998
3756 87 2997 2993 2995 2999
3757 87 3003 3000 3002 3005
3758 87 3003 3000 3002 3006
3759 87 3004 3000 3002 3005
3760 87 3004 3000 3002 3006
3761 87 3010 3007 3009 3012
3762 87 3010 3007 3009 3013
3763 87 3011 3007 3009 3012
3764 87 3011 3007 3009 3013
3765 87 3017 3014 3016 3019
3766 87 3017 3014 3016 3020
3767 87 3018 3014 3016 3019
3768 87 3018 3014 3016 3020
3769 87 3024 3021 3023 3026
3770 87 3024 3021 3023 3027
3771 87 3025 3021 3023 3026
3772 87 3025 3021 3023 3027
3773 87 3031 3028 3030 3033
3774 87 3031 3028 3030 3034
3775 87 3032 3028 3030 3033
3776 87 3032 3028 3030 3034
3777 87 3038 3035 3037 3040
3778 87 3038 3035 3037 3041
3779 87 3039 3035 3037 3040
3780 87 3039 3035 3037 3041
3781 87 3045 3042 3044 3047
3782 87 3045 3042 3044 3048
3783 87 3046 3042 3044 3047
3784 87 3046 3042 3044 3048
3785 87 3052 3049 3051 3054
3786 87 3052 3049 3051 3055
3787 87 3053 3049 3051 3054
3788 87 3053 3049 3051 3055
3789 87 3059 3056 3058 3061
3790 87 3059 3056 3058 3062
3791 87 3060 3056 3058 3061
3792 87 3060 3056 3058 3062
3793 87 3066 3063 3065 3068
3794 87 3066 3063 3065 3069
3795 87 3067 3063 3065 3068
3796 87 3067 3063 3065 3069
3797 87 3073 3070 3072 3075
3798 87 3073 3070 3072 3076
3799 87 3074 3070 3072 3075
3800 87 3074 3070 3072 3076
3801 87 3080 3077 3079 3082
3802 87 3080 3077 3079 3083
3803 87 3081 3077 3079 3082
3804 87 3081 3077 3079 3083
3805 87 3087 3084 3086 3089
3806 87 3087 3084 3086 3090
3807 87 3088 3084 3086 3089
3808 87 3088 3084 3086 3090
3809 87 3094 3091 3093 3096
3810 87 3094 3091 3093 3097
3811 87 3095 3091 3093 3096
3812 87 3095 3091 3093 3097
3813 87 3101 3098 3100 3103
3814 87 3101 3098 3100 3104
3815 87 3102 3098 3100 3103
3816 87 3102 3098 3100 3104
3817 87 3108 3105 3107 3110
3818 87 3108 3105 3107 3111
3819 87 3109 3105 3107 3110
3820 87 3109 3105 3107 3111
3821 87 3115 3112 3114 3117
3822 87 3115 3112 3114 3118
3823 87 3116 3112 3114 3117
3824 87 3116 3112 3114 3118
3825 87 3122 3119 3121 3124
3826 87 3122 3119 3121 3125
3827 87 3123 3119 3121 3124
3828 87 3123 3119 3121 3125
3829 87 3129 3126 3128 3131
3830 87 3129 3126 3128 3132
3831 87 3130 3126 3128 3131
3832 87 3130 3126 3128 3132
3833 87 3136 3133 3135 3138
3834 87 3136 3133 3135 3139
3835 87 3137 3133 3135 3138
3836 87 3137 3133 3135 3139
3837 87 3143 3140 3142 3145
3838 87 3143 3140 3142 3146
3839 87 3144 3140 3142 3145
3840 87 3144 3140 3142 3146
3841 87 3150 3147 3149 3152
3842 87 3150 3147 3149 3153
3843 87 3151 3147 3149 3152
3844 87 3151 3147 3149 3153
3845 87 3157 3154 3156 3159
3846 87 3157 3154 3156 3160
3847 87 3158 3154 3156 3159
3848 87 3158 3154 3156 3160
3849 87 3180 3177 3179 3182
3850 87 3180 3177 3179 3183
3851 87 3181 3177 3179 3182
3852 87 3181 3177 3179 3183
3853 87 3187 3184 3186 3189
3854 87 3187 3184 3186 3190
3855 87 3188 3184 3186 3189
3856 87 3188 3184 3186 3190
3857 87 3194 3191 3193 3196
3858 87 3194 3191 3193 3197
3859 87 3195 3191 3193 3196
3860 87 3195 3191 3193 3197
3861 87 3201 3198 3200 3203
3862 87 3201 3198 3200 3204
3863 87 3202 3198 3200 3203
3864 87 3202 3198 3200 3204
3865 87 3208 3205 3207 3210
3866 87 3208 3205 3207 3211
3867 87 3209 3205 3207 3210
3868 87 3209 3205 3207 3211
3869 87 3215 3212 3214 3217
3870 87 3215 3212 3214 3218
3871 87 3216 3212 3214 3217
3872 87 3216 3212 3214 3218
3873 87 3222 3219 3221 3224
3874 87 3222 3219 3221 3225
3875 87 3223 3219 3221 3224
3876 87 3223 3219 3221 3225
3877 87 3229 3226 3228 3231
3878 87 3229 3226 3228 3232
3879 87 3230 3226 3228 3231
3880 87 3230 3226 3228 3232
3881 87 3236 3233 3235 3238
3882 87 3236 3233 3235 3239
3883 87 3237 3233 3235 3238
3884 87 3237 3233 3235 3239
3885 87 3243 3240 3242 3245
3886 87 3243 3240 3242 3246
3887 87 3244 3240 3242 3245
3888 87 3244 3240 3242 3246
3889 87 3250 3247 3249 3252
3890 87 3250 3247 3249 3253
3891 87 3251 3247 3249 3252
3892 87 3251 3247 3249 3253
3893 87 3257 3254 3256 3259
3894 87 3257 3254 3256 3260
3895 87 3258 3254 3256 3259
3896 87 3258 3254 3256 3260
3897 87 3264 3261 3263 3266
3898 87 3264 3261 3263 3267
3899 87 3265 3261 3263 3266
3900 87 3265 3261 3263 3267
3901 87 3271 3268 3270 3273
3902 87 3271 3268 3270 3274
3903 87 3272 3268 3270 3273
3904 87 3272 3268 3270 3274
3905 87 3278 3275 3277 3280
3906 87 3278 3275 3277 3281
3907 87 3279 3275 3277 3280
3908 87 3279 3275 3277 3281
3909 87 3285 3282 3284 3287
3910 87 3285 3282 3284 3288
3911 87 3286 3282 3284 3287
3912 87 3286 3282 3284 3288
3913 87 3292 3289 3291 3294
3914 87 3292 3289 3291 3295
3915 87 3293 3289 3291 3294
3916 87 3293 3289 3291 3295
3917 87 3299 3296 3298 3301
3918 87 3299 3296 3298 3302
3919 87 3300 3296 3298 3301
3920 87 3300 3296 3298 3302
3921 87 3306 3303 3305 3308
3922 87 3306 3303 3305 3309
3923 87 3307 3303 3305 3308
3924 87 3307 3303 3305 3309
3925 87 3313 3310 3312 3315
3926 87 3313 3310 3312 3316
3927 87 3314 3310 3312 3315
3928 87 3314 3310 3312 3316
3929 87 3320 3317 3319 3322
3930 87 3320 3317 3319 3323
3931 87 3321 3317 3319 3322
3932 87 3321 3317 3319 3323
3933 87 3327 3324 3326 3329
3934 87 3327 3324 3326 3330
3935 87 3328 3324 3326 3329
3936 87 3328 3324 3326 3330
3937 87 3334 3331 3333 3336
3938 87 3334 3331 3333 3337
3939 87 3335 3331 3333 3336
3940 87 3335 3331 3333 3337
3941 87 3341 3338 3340 3343
3942 87 3341 3338 3340 3344
3943 87 3342 3338 3340 3343
3944 87 3342 3338 3340 3344
3945 87 3348 3345 3347 3350
3946 87 3348 3345 3347 3351
3947 87 3349 3345 3347 3350
3948 87 3349 3345 3347 3351
3949 87 3355 3352 3354 3357
3950 87 3355 3352 3354 3358
3951 87 3356 3352 3354 3357
3952 87 3356 3352 3354 3358
3953 87 3362 3359 3361 3364
3954 87 3362 3359 3361 3365
3955 87 3363 3359 3361 3364
3956 87 3363 3359 3361 3365
3957 87 3369 3366 3368 3371
3958 87 3369 3366 3368 3372
3959 87 3370 3366 3368 3371
3960 87 3370 3366 3368 3372
3961 87 3376 3373 3375 3378
3962 87 3376 3373 3375 3379
3963 87 3377 3373 3375 3378
3964 87 3377 3373 3375 3379
3965 87 3383 3380 3382 3385
3966 87 3383 3380 3382 3386
3967 87 3384 3380 3382 3385
3968 87 3384 3380 3382 3386
3969 87 3390 3387 3389 3392
3970 87 3390 3387 3389 3393
3971 87 3391 3387 3389 3392
3972 87 3391 3387 3389 3393
3973 87 3397 3394 3396 3399
3974 87 3397 3394 3396 3400
3975 87 3398 3394 3396 3399
3976 87 3398 3394 3396 3400
3977 87 3404 3401 3403 3406
3978 87 3404 3401 3403 3407
3979 87 3405 3401 3403 3406
3980 87 3405 3401 3403 3407
3981 87 3411 3408 3410 3413
3982 87 3411 3408 3410 3414
3983 87 3412 3408 3410 3413
3984 87 3412 3408 3410 3414
3985 87 3418 3415 3417 3420
3986 87 3418 3415 3417 3421
3987 87 3419 3415 3417 3420
3988 87 3419 3415 3417 3421
3989 87 3425 3422 3424 3427
3990 87 3425 3422 3424 3428
3991 87 3426 3422 3424 3427
3992 87 3426 3422 3424 3428
3993 87 3432 3429 3431 3434
3994 87 3432 3429 3431 3435
3995 87 3433 3429 3431 3434
3996 87 3433 3429 3431 3435
3997 87 3439 3436 3438 3441
3998 87 3439 3436 3438 3442
3999 87 3440 3436 3438 3441
4000 87 3440 3436 3438 3442
4001 87 3446 3443 3445 3448
4002 87 3446 3443 3445 3449
4003 87 3447 3443 3445 3448
4004 87 3447 3443 3445 3449
4005 87 3453 3450 3452 3455
4006 87 3453 3450 3452 3456
4007 87 3454 3450 3452 3455
4008 87 3454 3450 3452 3456
4009 87 3460 3457 3459 3462
4010 87 3460 3457 3459 3463
4011 87 3461 3457 3459 3462
4012 87 3461 3457 3459 3463
4013 87 3467 3464 3466 3469
4014 87 3467 3464 3466 3470
4015 87 3468 3464 3466 3469
4016 87 3468 3464 3466 3470
4017 87 3474 3471 3473 3476
4018 87 3474 3471 3473 3477
4019 87 3475 3471 3473 3476
4020 87 3475 3471 3473 3477
4021 87 3481 3478 3480 3483
4022 87 3481 3478 3480 3484
4023 87 3482 3478 3480 3483
4024 87 3482 3478 3480 3484
4025 87 3488 3485 3487 3490
4026 87 3488 3485 3487 3491
4027 87 3489 3485 3487 3490
4028 87 3489 3485 3487 3491
4029 87 3495 3492 3494 3497
4030 87 3495 3492 3494 3498
4031 87 3496 3492 3494 3497
4032 87 3496 3492 3494 3498
4033 87 3502 3499 3501 3504
4034 87 3502 3499 3501 3505
4035 87 3503 3499 3501 3504
4036 87 3503 3499 3501 3505
4037 87 3509 3506 3508 3511
4038 87 3509 3506 3508 3512
4039 87 3510 3506 3508 3511
4040 87 3510 3506 3508 3512
