1 2 346 347 352
2 2 698 699 704
3 2 1050 1051 1056
4 2 1402 1403 1408
5 2 1754 1755 1760
6 2 2106 2107 2112
7 2 2458 2459 2464
8 2 2810 2811 2816
9 2 3162 3163 3168
10 2 3514 3515 3520
11 9 345 346 347
12 9 697 698 699
13 9 1049 1050 1051
14 9 1401 1402 1403
15 9 1753 1754 1755
16 9 2105 2106 2107
17 9 2457 2458 2459
18 9 2809 2810 2811
19 9 3161 3162 3163
20 9 3513 3514 3515
21 15 1 3 2
22 15 353 355 354
23 15 705 707 706
24 15 1057 1059 1058
25 15 1409 1411 1410
26 15 1761 1763 1762
27 15 2113 2115 2114
28 15 2465 2467 2466
29 15 2817 2819 2818
30 15 3169 3171 3170
31 18 339 345 346
32 18 691 697 698
33 18 1043 1049 1050
34 18 1395 1401 1402
35 18 1747 1753 1754
36 18 2099 2105 2106
37 18 2451 2457 2458
38 18 2803 2809 2810
39 18 3155 3161 3162
40 18 3507 3513 3514
41 21 9 11 10
42 21 2 9 11
43 21 16 18 17
44 21 10 16 18
45 21 23 25 24
46 21 17 23 25
47 21 30 32 31
48 21 24 30 32
49 21 37 39 38
50 21 31 37 39
51 21 44 46 45
52 21 38 44 46
53 21 51 53 52
54 21 45 51 53
55 21 58 60 59
56 21 52 58 60
57 21 65 67 66
58 21 59 65 67
59 21 72 74 73
60 21 66 72 74
61 21 79 81 80
62 21 73 79 81
63 21 86 88 87
64 21 80 86 88
65 21 93 95 94
66 21 87 93 95
67 21 100 102 101
68 21 94 100 102
69 21 107 109 108
70 21 101 107 109
71 21 114 116 115
72 21 108 114 116
73 21 121 123 122
74 21 115 121 123
75 21 128 130 129
76 21 122 128 130
77 21 135 137 136
78 21 129 135 137
79 21 142 144 143
80 21 136 142 144
81 21 149 151 150
82 21 143 149 151
83 21 156 158 157
84 21 150 156 158
85 21 163 165 164
86 21 157 163 165
87 21 170 172 171
88 21 164 170 172
89 21 177 179 178
90 21 171 177 179
91 21 184 186 185
92 21 178 184 186
93 21 191 193 192
94 21 185 191 193
95 21 198 200 199
96 21 192 198 200
97 21 205 207 206
98 21 199 205 207
99 21 212 214 213
100 21 206 212 214
101 21 219 221 220
102 21 213 219 221
103 21 226 228 227
104 21 220 226 228
105 21 233 235 234
106 21 227 233 235
107 21 240 242 241
108 21 234 240 242
109 21 247 249 248
110 21 241 247 249
111 21 254 256 255
112 21 248 254 256
113 21 261 263 262
114 21 255 261 263
115 21 268 270 269
116 21 262 268 270
117 21 275 277 276
118 21 269 275 277
119 21 282 284 283
120 21 276 282 284
121 21 289 291 290
122 21 283 289 291
123 21 296 298 297
124 21 290 296 298
125 21 303 305 304
126 21 297 303 305
127 21 310 312 311
128 21 304 310 312
129 21 317 319 318
130 21 311 317 319
131 21 324 326 325
132 21 318 324 326
133 21 331 333 332
134 21 325 331 333
135 21 338 340 339
136 21 332 338 340
137 21 361 363 362
138 21 354 361 363
139 21 368 370 369
140 21 362 368 370
141 21 375 377 376
142 21 369 375 377
143 21 382 384 383
144 21 376 382 384
145 21 389 391 390
146 21 383 389 391
147 21 396 398 397
148 21 390 396 398
149 21 403 405 404
150 21 397 403 405
151 21 410 412 411
152 21 404 410 412
153 21 417 419 418
154 21 411 417 419
155 21 424 426 425
156 21 418 424 426
157 21 431 433 432
158 21 425 431 433
159 21 438 440 439
160 21 432 438 440
161 21 445 447 446
162 21 439 445 447
163 21 452 454 453
164 21 446 452 454
165 21 459 461 460
166 21 453 459 461
167 21 466 468 467
168 21 460 466 468
169 21 473 475 474
170 21 467 473 475
171 21 480 482 481
172 21 474 480 482
173 21 487 489 488
174 21 481 487 489
175 21 494 496 495
176 21 488 494 496
177 21 501 503 502
178 21 495 501 503
179 21 508 510 509
180 21 502 508 510
181 21 515 517 516
182 21 509 515 517
183 21 522 524 523
184 21 516 522 524
185 21 529 531 530
186 21 523 529 531
187 21 536 538 537
188 21 530 536 538
189 21 543 545 544
190 21 537 543 545
191 21 550 552 551
192 21 544 550 552
193 21 557 559 558
194 21 551 557 559
195 21 564 566 565
196 21 558 564 566
197 21 571 573 572
198 21 565 571 573
199 21 578 580 579
200 21 572 578 580
201 21 585 587 586
202 21 579 585 587
203 21 592 594 593
204 21 586 592 594
205 21 599 601 600
206 21 593 599 601
207 21 606 608 607
208 21 600 606 608
209 21 613 615 614
210 21 607 613 615
211 21 620 622 621
212 21 614 620 622
213 21 627 629 628
214 21 621 627 629
215 21 634 636 635
216 21 628 634 636
217 21 641 643 642
218 21 635 641 643
219 21 648 650 649
220 21 642 648 650
221 21 655 657 656
222 21 649 655 657
223 21 662 664 663
224 21 656 662 664
225 21 669 671 670
226 21 663 669 671
227 21 676 678 677
228 21 670 676 678
229 21 683 685 684
230 21 677 683 685
231 21 690 692 691
232 21 684 690 692
233 21 713 715 714
234 21 706 713 715
235 21 720 722 721
236 21 714 720 722
237 21 727 729 728
238 21 721 727 729
239 21 734 736 735
240 21 728 734 736
241 21 741 743 742
242 21 735 741 743
243 21 748 750 749
244 21 742 748 750
245 21 755 757 756
246 21 749 755 757
247 21 762 764 763
248 21 756 762 764
249 21 769 771 770
250 21 763 769 771
251 21 776 778 777
252 21 770 776 778
253 21 783 785 784
254 21 777 783 785
255 21 790 792 791
256 21 784 790 792
257 21 797 799 798
258 21 791 797 799
259 21 804 806 805
260 21 798 804 806
261 21 811 813 812
262 21 805 811 813
263 21 818 820 819
264 21 812 818 820
265 21 825 827 826
266 21 819 825 827
267 21 832 834 833
268 21 826 832 834
269 21 839 841 840
270 21 833 839 841
271 21 846 848 847
272 21 840 846 848
273 21 853 855 854
274 21 847 853 855
275 21 860 862 861
276 21 854 860 862
277 21 867 869 868
278 21 861 867 869
279 21 874 876 875
280 21 868 874 876
281 21 881 883 882
282 21 875 881 883
283 21 888 890 889
284 21 882 888 890
285 21 895 897 896
286 21 889 895 897
287 21 902 904 903
288 21 896 902 904
289 21 909 911 910
290 21 903 909 911
291 21 916 918 917
292 21 910 916 918
293 21 923 925 924
294 21 917 923 925
295 21 930 932 931
296 21 924 930 932
297 21 937 939 938
298 21 931 937 939
299 21 944 946 945
300 21 938 944 946
301 21 951 953 952
302 21 945 951 953
303 21 958 960 959
304 21 952 958 960
305 21 965 967 966
306 21 959 965 967
307 21 972 974 973
308 21 966 972 974
309 21 979 981 980
310 21 973 979 981
311 21 986 988 987
312 21 980 986 988
313 21 993 995 994
314 21 987 993 995
315 21 1000 1002 1001
316 21 994 1000 1002
317 21 1007 1009 1008
318 21 1001 1007 1009
319 21 1014 1016 1015
320 21 1008 1014 1016
321 21 1021 1023 1022
322 21 1015 1021 1023
323 21 1028 1030 1029
324 21 1022 1028 1030
325 21 1035 1037 1036
326 21 1029 1035 1037
327 21 1042 1044 1043
328 21 1036 1042 1044
329 21 1065 1067 1066
330 21 1058 1065 1067
331 21 1072 1074 1073
332 21 1066 1072 1074
333 21 1079 1081 1080
334 21 1073 1079 1081
335 21 1086 1088 1087
336 21 1080 1086 1088
337 21 1093 1095 1094
338 21 1087 1093 1095
339 21 1100 1102 1101
340 21 1094 1100 1102
341 21 1107 1109 1108
342 21 1101 1107 1109
343 21 1114 1116 1115
344 21 1108 1114 1116
345 21 1121 1123 1122
346 21 1115 1121 1123
347 21 1128 1130 1129
348 21 1122 1128 1130
349 21 1135 1137 1136
350 21 1129 1135 1137
351 21 1142 1144 1143
352 21 1136 1142 1144
353 21 1149 1151 1150
354 21 1143 1149 1151
355 21 1156 1158 1157
356 21 1150 1156 1158
357 21 1163 1165 1164
358 21 1157 1163 1165
359 21 1170 1172 1171
360 21 1164 1170 1172
361 21 1177 1179 1178
362 21 1171 1177 1179
363 21 1184 1186 1185
364 21 1178 1184 1186
365 21 1191 1193 1192
366 21 1185 1191 1193
367 21 1198 1200 1199
368 21 1192 1198 1200
369 21 1205 1207 1206
370 21 1199 1205 1207
371 21 1212 1214 1213
372 21 1206 1212 1214
373 21 1219 1221 1220
374 21 1213 1219 1221
375 21 1226 1228 1227
376 21 1220 1226 1228
377 21 1233 1235 1234
378 21 1227 1233 1235
379 21 1240 1242 1241
380 21 1234 1240 1242
381 21 1247 1249 1248
382 21 1241 1247 1249
383 21 1254 1256 1255
384 21 1248 1254 1256
385 21 1261 1263 1262
386 21 1255 1261 1263
387 21 1268 1270 1269
388 21 1262 1268 1270
389 21 1275 1277 1276
390 21 1269 1275 1277
391 21 1282 1284 1283
392 21 1276 1282 1284
393 21 1289 1291 1290
394 21 1283 1289 1291
395 21 1296 1298 1297
396 21 1290 1296 1298
397 21 1303 1305 1304
398 21 1297 1303 1305
399 21 1310 1312 1311
400 21 1304 1310 1312
401 21 1317 1319 1318
402 21 1311 1317 1319
403 21 1324 1326 1325
404 21 1318 1324 1326
405 21 1331 1333 1332
406 21 1325 1331 1333
407 21 1338 1340 1339
408 21 1332 1338 1340
409 21 1345 1347 1346
410 21 1339 1345 1347
411 21 1352 1354 1353
412 21 1346 1352 1354
413 21 1359 1361 1360
414 21 1353 1359 1361
415 21 1366 1368 1367
416 21 1360 1366 1368
417 21 1373 1375 1374
418 21 1367 1373 1375
419 21 1380 1382 1381
420 21 1374 1380 1382
421 21 1387 1389 1388
422 21 1381 1387 1389
423 21 1394 1396 1395
424 21 1388 1394 1396
425 21 1417 1419 1418
426 21 1410 1417 1419
427 21 1424 1426 1425
428 21 1418 1424 1426
429 21 1431 1433 1432
430 21 1425 1431 1433
431 21 1438 1440 1439
432 21 1432 1438 1440
433 21 1445 1447 1446
434 21 1439 1445 1447
435 21 1452 1454 1453
436 21 1446 1452 1454
437 21 1459 1461 1460
438 21 1453 1459 1461
439 21 1466 1468 1467
440 21 1460 1466 1468
441 21 1473 1475 1474
442 21 1467 1473 1475
443 21 1480 1482 1481
444 21 1474 1480 1482
445 21 1487 1489 1488
446 21 1481 1487 1489
447 21 1494 1496 1495
448 21 1488 1494 1496
449 21 1501 1503 1502
450 21 1495 1501 1503
451 21 1508 1510 1509
452 21 1502 1508 1510
453 21 1515 1517 1516
454 21 1509 1515 1517
455 21 1522 1524 1523
456 21 1516 1522 1524
457 21 1529 1531 1530
458 21 1523 1529 1531
459 21 1536 1538 1537
460 21 1530 1536 1538
461 21 1543 1545 1544
462 21 1537 1543 1545
463 21 1550 1552 1551
464 21 1544 1550 1552
465 21 1557 1559 1558
466 21 1551 1557 1559
467 21 1564 1566 1565
468 21 1558 1564 1566
469 21 1571 1573 1572
470 21 1565 1571 1573
471 21 1578 1580 1579
472 21 1572 1578 1580
473 21 1585 1587 1586
474 21 1579 1585 1587
475 21 1592 1594 1593
476 21 1586 1592 1594
477 21 1599 1601 1600
478 21 1593 1599 1601
479 21 1606 1608 1607
480 21 1600 1606 1608
481 21 1613 1615 1614
482 21 1607 1613 1615
483 21 1620 1622 1621
484 21 1614 1620 1622
485 21 1627 1629 1628
486 21 1621 1627 1629
487 21 1634 1636 1635
488 21 1628 1634 1636
489 21 1641 1643 1642
490 21 1635 1641 1643
491 21 1648 1650 1649
492 21 1642 1648 1650
493 21 1655 1657 1656
494 21 1649 1655 1657
495 21 1662 1664 1663
496 21 1656 1662 1664
497 21 1669 1671 1670
498 21 1663 1669 1671
499 21 1676 1678 1677
500 21 1670 1676 1678
501 21 1683 1685 1684
502 21 1677 1683 1685
503 21 1690 1692 1691
504 21 1684 1690 1692
505 21 1697 1699 1698
506 21 1691 1697 1699
507 21 1704 1706 1705
508 21 1698 1704 1706
509 21 1711 1713 1712
510 21 1705 1711 1713
511 21 1718 1720 1719
512 21 1712 1718 1720
513 21 1725 1727 1726
514 21 1719 1725 1727
515 21 1732 1734 1733
516 21 1726 1732 1734
517 21 1739 1741 1740
518 21 1733 1739 1741
519 21 1746 1748 1747
520 21 1740 1746 1748
521 21 1769 1771 1770
522 21 1762 1769 1771
523 21 1776 1778 1777
524 21 1770 1776 1778
525 21 1783 1785 1784
526 21 1777 1783 1785
527 21 1790 1792 1791
528 21 1784 1790 1792
529 21 1797 1799 1798
530 21 1791 1797 1799
531 21 1804 1806 1805
532 21 1798 1804 1806
533 21 1811 1813 1812
534 21 1805 1811 1813
535 21 1818 1820 1819
536 21 1812 1818 1820
537 21 1825 1827 1826
538 21 1819 1825 1827
539 21 1832 1834 1833
540 21 1826 1832 1834
541 21 1839 1841 1840
542 21 1833 1839 1841
543 21 1846 1848 1847
544 21 1840 1846 1848
545 21 1853 1855 1854
546 21 1847 1853 1855
547 21 1860 1862 1861
548 21 1854 1860 1862
549 21 1867 1869 1868
550 21 1861 1867 1869
551 21 1874 1876 1875
552 21 1868 1874 1876
553 21 1881 1883 1882
554 21 1875 1881 1883
555 21 1888 1890 1889
556 21 1882 1888 1890
557 21 1895 1897 1896
558 21 1889 1895 1897
559 21 1902 1904 1903
560 21 1896 1902 1904
561 21 1909 1911 1910
562 21 1903 1909 1911
563 21 1916 1918 1917
564 21 1910 1916 1918
565 21 1923 1925 1924
566 21 1917 1923 1925
567 21 1930 1932 1931
568 21 1924 1930 1932
569 21 1937 1939 1938
570 21 1931 1937 1939
571 21 1944 1946 1945
572 21 1938 1944 1946
573 21 1951 1953 1952
574 21 1945 1951 1953
575 21 1958 1960 1959
576 21 1952 1958 1960
577 21 1965 1967 1966
578 21 1959 1965 1967
579 21 1972 1974 1973
580 21 1966 1972 1974
581 21 1979 1981 1980
582 21 1973 1979 1981
583 21 1986 1988 1987
584 21 1980 1986 1988
585 21 1993 1995 1994
586 21 1987 1993 1995
587 21 2000 2002 2001
588 21 1994 2000 2002
589 21 2007 2009 2008
590 21 2001 2007 2009
591 21 2014 2016 2015
592 21 2008 2014 2016
593 21 2021 2023 2022
594 21 2015 2021 2023
595 21 2028 2030 2029
596 21 2022 2028 2030
597 21 2035 2037 2036
598 21 2029 2035 2037
599 21 2042 2044 2043
600 21 2036 2042 2044
601 21 2049 2051 2050
602 21 2043 2049 2051
603 21 2056 2058 2057
604 21 2050 2056 2058
605 21 2063 2065 2064
606 21 2057 2063 2065
607 21 2070 2072 2071
608 21 2064 2070 2072
609 21 2077 2079 2078
610 21 2071 2077 2079
611 21 2084 2086 2085
612 21 2078 2084 2086
613 21 2091 2093 2092
614 21 2085 2091 2093
615 21 2098 2100 2099
616 21 2092 2098 2100
617 21 2121 2123 2122
618 21 2114 2121 2123
619 21 2128 2130 2129
620 21 2122 2128 2130
621 21 2135 2137 2136
622 21 2129 2135 2137
623 21 2142 2144 2143
624 21 2136 2142 2144
625 21 2149 2151 2150
626 21 2143 2149 2151
627 21 2156 2158 2157
628 21 2150 2156 2158
629 21 2163 2165 2164
630 21 2157 2163 2165
631 21 2170 2172 2171
632 21 2164 2170 2172
633 21 2177 2179 2178
634 21 2171 2177 2179
635 21 2184 2186 2185
636 21 2178 2184 2186
637 21 2191 2193 2192
638 21 2185 2191 2193
639 21 2198 2200 2199
640 21 2192 2198 2200
641 21 2205 2207 2206
642 21 2199 2205 2207
643 21 2212 2214 2213
644 21 2206 2212 2214
645 21 2219 2221 2220
646 21 2213 2219 2221
647 21 2226 2228 2227
648 21 2220 2226 2228
649 21 2233 2235 2234
650 21 2227 2233 2235
651 21 2240 2242 2241
652 21 2234 2240 2242
653 21 2247 2249 2248
654 21 2241 2247 2249
655 21 2254 2256 2255
656 21 2248 2254 2256
657 21 2261 2263 2262
658 21 2255 2261 2263
659 21 2268 2270 2269
660 21 2262 2268 2270
661 21 2275 2277 2276
662 21 2269 2275 2277
663 21 2282 2284 2283
664 21 2276 2282 2284
665 21 2289 2291 2290
666 21 2283 2289 2291
667 21 2296 2298 2297
668 21 2290 2296 2298
669 21 2303 2305 2304
670 21 2297 2303 2305
671 21 2310 2312 2311
672 21 2304 2310 2312
673 21 2317 2319 2318
674 21 2311 2317 2319
675 21 2324 2326 2325
676 21 2318 2324 2326
677 21 2331 2333 2332
678 21 2325 2331 2333
679 21 2338 2340 2339
680 21 2332 2338 2340
681 21 2345 2347 2346
682 21 2339 2345 2347
683 21 2352 2354 2353
684 21 2346 2352 2354
685 21 2359 2361 2360
686 21 2353 2359 2361
687 21 2366 2368 2367
688 21 2360 2366 2368
689 21 2373 2375 2374
690 21 2367 2373 2375
691 21 2380 2382 2381
692 21 2374 2380 2382
693 21 2387 2389 2388
694 21 2381 2387 2389
695 21 2394 2396 2395
696 21 2388 2394 2396
697 21 2401 2403 2402
698 21 2395 2401 2403
699 21 2408 2410 2409
700 21 2402 2408 2410
701 21 2415 2417 2416
702 21 2409 2415 2417
703 21 2422 2424 2423
704 21 2416 2422 2424
705 21 2429 2431 2430
706 21 2423 2429 2431
707 21 2436 2438 2437
708 21 2430 2436 2438
709 21 2443 2445 2444
710 21 2437 2443 2445
711 21 2450 2452 2451
712 21 2444 2450 2452
713 21 2473 2475 2474
714 21 2466 2473 2475
715 21 2480 2482 2481
716 21 2474 2480 2482
717 21 2487 2489 2488
718 21 2481 2487 2489
719 21 2494 2496 2495
720 21 2488 2494 2496
721 21 2501 2503 2502
722 21 2495 2501 2503
723 21 2508 2510 2509
724 21 2502 2508 2510
725 21 2515 2517 2516
726 21 2509 2515 2517
727 21 2522 2524 2523
728 21 2516 2522 2524
729 21 2529 2531 2530
730 21 2523 2529 2531
731 21 2536 2538 2537
732 21 2530 2536 2538
733 21 2543 2545 2544
734 21 2537 2543 2545
735 21 2550 2552 2551
736 21 2544 2550 2552
737 21 2557 2559 2558
738 21 2551 2557 2559
739 21 2564 2566 2565
740 21 2558 2564 2566
741 21 2571 2573 2572
742 21 2565 2571 2573
743 21 2578 2580 2579
744 21 2572 2578 2580
745 21 2585 2587 2586
746 21 2579 2585 2587
747 21 2592 2594 2593
748 21 2586 2592 2594
749 21 2599 2601 2600
750 21 2593 2599 2601
751 21 2606 2608 2607
752 21 2600 2606 2608
753 21 2613 2615 2614
754 21 2607 2613 2615
755 21 2620 2622 2621
756 21 2614 2620 2622
757 21 2627 2629 2628
758 21 2621 2627 2629
759 21 2634 2636 2635
760 21 2628 2634 2636
761 21 2641 2643 2642
762 21 2635 2641 2643
763 21 2648 2650 2649
764 21 2642 2648 2650
765 21 2655 2657 2656
766 21 2649 2655 2657
767 21 2662 2664 2663
768 21 2656 2662 2664
769 21 2669 2671 2670
770 21 2663 2669 2671
771 21 2676 2678 2677
772 21 2670 2676 2678
773 21 2683 2685 2684
774 21 2677 2683 2685
775 21 2690 2692 2691
776 21 2684 2690 2692
777 21 2697 2699 2698
778 21 2691 2697 2699
779 21 2704 2706 2705
780 21 2698 2704 2706
781 21 2711 2713 2712
782 21 2705 2711 2713
783 21 2718 2720 2719
784 21 2712 2718 2720
785 21 2725 2727 2726
786 21 2719 2725 2727
787 21 2732 2734 2733
788 21 2726 2732 2734
789 21 2739 2741 2740
790 21 2733 2739 2741
791 21 2746 2748 2747
792 21 2740 2746 2748
793 21 2753 2755 2754
794 21 2747 2753 2755
795 21 2760 2762 2761
796 21 2754 2760 2762
797 21 2767 2769 2768
798 21 2761 2767 2769
799 21 2774 2776 2775
800 21 2768 2774 2776
801 21 2781 2783 2782
802 21 2775 2781 2783
803 21 2788 2790 2789
804 21 2782 2788 2790
805 21 2795 2797 2796
806 21 2789 2795 2797
807 21 2802 2804 2803
808 21 2796 2802 2804
809 21 2825 2827 2826
810 21 2818 2825 2827
811 21 2832 2834 2833
812 21 2826 2832 2834
813 21 2839 2841 2840
814 21 2833 2839 2841
815 21 2846 2848 2847
816 21 2840 2846 2848
817 21 2853 2855 2854
818 21 2847 2853 2855
819 21 2860 2862 2861
820 21 2854 2860 2862
821 21 2867 2869 2868
822 21 2861 2867 2869
823 21 2874 2876 2875
824 21 2868 2874 2876
825 21 2881 2883 2882
826 21 2875 2881 2883
827 21 2888 2890 2889
828 21 2882 2888 2890
829 21 2895 2897 2896
830 21 2889 2895 2897
831 21 2902 2904 2903
832 21 2896 2902 2904
833 21 2909 2911 2910
834 21 2903 2909 2911
835 21 2916 2918 2917
836 21 2910 2916 2918
837 21 2923 2925 2924
838 21 2917 2923 2925
839 21 2930 2932 2931
840 21 2924 2930 2932
841 21 2937 2939 2938
842 21 2931 2937 2939
843 21 2944 2946 2945
844 21 2938 2944 2946
845 21 2951 2953 2952
846 21 2945 2951 2953
847 21 2958 2960 2959
848 21 2952 2958 2960
849 21 2965 2967 2966
850 21 2959 2965 2967
851 21 2972 2974 2973
852 21 2966 2972 2974
853 21 2979 2981 2980
854 21 2973 2979 2981
855 21 2986 2988 2987
856 21 2980 2986 2988
857 21 2993 2995 2994
858 21 2987 2993 2995
859 21 3000 3002 3001
860 21 2994 3000 3002
861 21 3007 3009 3008
862 21 3001 3007 3009
863 21 3014 3016 3015
864 21 3008 3014 3016
865 21 3021 3023 3022
866 21 3015 3021 3023
867 21 3028 3030 3029
868 21 3022 3028 3030
869 21 3035 3037 3036
870 21 3029 3035 3037
871 21 3042 3044 3043
872 21 3036 3042 3044
873 21 3049 3051 3050
874 21 3043 3049 3051
875 21 3056 3058 3057
876 21 3050 3056 3058
877 21 3063 3065 3064
878 21 3057 3063 3065
879 21 3070 3072 3071
880 21 3064 3070 3072
881 21 3077 3079 3078
882 21 3071 3077 3079
883 21 3084 3086 3085
884 21 3078 3084 3086
885 21 3091 3093 3092
886 21 3085 3091 3093
887 21 3098 3100 3099
888 21 3092 3098 3100
889 21 3105 3107 3106
890 21 3099 3105 3107
891 21 3112 3114 3113
892 21 3106 3112 3114
893 21 3119 3121 3120
894 21 3113 3119 3121
895 21 3126 3128 3127
896 21 3120 3126 3128
897 21 3133 3135 3134
898 21 3127 3133 3135
899 21 3140 3142 3141
900 21 3134 3140 3142
901 21 3147 3149 3148
902 21 3141 3147 3149
903 21 3154 3156 3155
904 21 3148 3154 3156
905 21 3177 3179 3178
906 21 3170 3177 3179
907 21 3184 3186 3185
908 21 3178 3184 3186
909 21 3191 3193 3192
910 21 3185 3191 3193
911 21 3198 3200 3199
912 21 3192 3198 3200
913 21 3205 3207 3206
914 21 3199 3205 3207
915 21 3212 3214 3213
916 21 3206 3212 3214
917 21 3219 3221 3220
918 21 3213 3219 3221
919 21 3226 3228 3227
920 21 3220 3226 3228
921 21 3233 3235 3234
922 21 3227 3233 3235
923 21 3240 3242 3241
924 21 3234 3240 3242
925 21 3247 3249 3248
926 21 3241 3247 3249
927 21 3254 3256 3255
928 21 3248 3254 3256
929 21 3261 3263 3262
930 21 3255 3261 3263
931 21 3268 3270 3269
932 21 3262 3268 3270
933 21 3275 3277 3276
934 21 3269 3275 3277
935 21 3282 3284 3283
936 21 3276 3282 3284
937 21 3289 3291 3290
938 21 3283 3289 3291
939 21 3296 3298 3297
940 21 3290 3296 3298
941 21 3303 3305 3304
942 21 3297 3303 3305
943 21 3310 3312 3311
944 21 3304 3310 3312
945 21 3317 3319 3318
946 21 3311 3317 3319
947 21 3324 3326 3325
948 21 3318 3324 3326
949 21 3331 3333 3332
950 21 3325 3331 3333
951 21 3338 3340 3339
952 21 3332 3338 3340
953 21 3345 3347 3346
954 21 3339 3345 3347
955 21 3352 3354 3353
956 21 3346 3352 3354
957 21 3359 3361 3360
958 21 3353 3359 3361
959 21 3366 3368 3367
960 21 3360 3366 3368
961 21 3373 3375 3374
962 21 3367 3373 3375
963 21 3380 3382 3381
964 21 3374 3380 3382
965 21 3387 3389 3388
966 21 3381 3387 3389
967 21 3394 3396 3395
968 21 3388 3394 3396
969 21 3401 3403 3402
970 21 3395 3401 3403
971 21 3408 3410 3409
972 21 3402 3408 3410
973 21 3415 3417 3416
974 21 3409 3415 3417
975 21 3422 3424 3423
976 21 3416 3422 3424
977 21 3429 3431 3430
978 21 3423 3429 3431
979 21 3436 3438 3437
980 21 3430 3436 3438
981 21 3443 3445 3444
982 21 3437 3443 3445
983 21 3450 3452 3451
984 21 3444 3450 3452
985 21 3457 3459 3458
986 21 3451 3457 3459
987 21 3464 3466 3465
988 21 3458 3464 3466
989 21 3471 3473 3472
990 21 3465 3471 3473
991 21 3478 3480 3479
992 21 3472 3478 3480
993 21 3485 3487 3486
994 21 3479 3485 3487
995 21 3492 3494 3493
996 21 3486 3492 3494
997 21 3499 3501 3500
998 21 3493 3499 3501
999 21 3506 3508 3507
1000 21 3500 3506 3508
1001 22 4 1 5
1002 22 4 1 6
1003 22 5 1 6
1004 22 356 353 357
1005 22 356 353 358
1006 22 357 353 358
1007 22 708 705 709
1008 22 708 705 710
1009 22 709 705 710
1010 22 1060 1057 1061
1011 22 1060 1057 1062
1012 22 1061 1057 1062
1013 22 1412 1409 1413
1014 22 1412 1409 1414
1015 22 1413 1409 1414
1016 22 1764 1761 1765
1017 22 1764 1761 1766
1018 22 1765 1761 1766
1019 22 2116 2113 2117
1020 22 2116 2113 2118
1021 22 2117 2113 2118
1022 22 2468 2465 2469
1023 22 2468 2465 2470
1024 22 2469 2465 2470
1025 22 2820 2817 2821
1026 22 2820 2817 2822
1027 22 2821 2817 2822
1028 22 3172 3169 3173
1029 22 3172 3169 3174
1030 22 3173 3169 3174
1031 24 350 346 351
1032 24 702 698 703
1033 24 1054 1050 1055
1034 24 1406 1402 1407
1035 24 1758 1754 1759
1036 24 2110 2106 2111
1037 24 2462 2458 2463
1038 24 2814 2810 2815
1039 24 3166 3162 3167
1040 24 3518 3514 3519
1041 26 348 345 349
1042 26 700 697 701
1043 26 1052 1049 1053
1044 26 1404 1401 1405
1045 26 1756 1753 1757
1046 26 2108 2105 2109
1047 26 2460 2457 2461
1048 26 2812 2809 2813
1049 26 3164 3161 3165
1050 26 3516 3513 3517
1051 33 7 3 8
1052 33 12 9 13
1053 33 14 11 15
1054 33 19 16 20
1055 33 21 18 22
1056 33 26 23 27
1057 33 28 25 29
1058 33 33 30 34
1059 33 35 32 36
1060 33 40 37 41
1061 33 42 39 43
1062 33 47 44 48
1063 33 49 46 50
1064 33 54 51 55
1065 33 56 53 57
1066 33 61 58 62
1067 33 63 60 64
1068 33 68 65 69
1069 33 70 67 71
1070 33 75 72 76
1071 33 77 74 78
1072 33 82 79 83
1073 33 84 81 85
1074 33 89 86 90
1075 33 91 88 92
1076 33 96 93 97
1077 33 98 95 99
1078 33 103 100 104
1079 33 105 102 106
1080 33 110 107 111
1081 33 112 109 113
1082 33 117 114 118
1083 33 119 116 120
1084 33 124 121 125
1085 33 126 123 127
1086 33 131 128 132
1087 33 133 130 134
1088 33 138 135 139
1089 33 140 137 141
1090 33 145 142 146
1091 33 147 144 148
1092 33 152 149 153
1093 33 154 151 155
1094 33 159 156 160
1095 33 161 158 162
1096 33 166 163 167
1097 33 168 165 169
1098 33 173 170 174
1099 33 175 172 176
1100 33 180 177 181
1101 33 182 179 183
1102 33 187 184 188
1103 33 189 186 190
1104 33 194 191 195
1105 33 196 193 197
1106 33 201 198 202
1107 33 203 200 204
1108 33 208 205 209
1109 33 210 207 211
1110 33 215 212 216
1111 33 217 214 218
1112 33 222 219 223
1113 33 224 221 225
1114 33 229 226 230
1115 33 231 228 232
1116 33 236 233 237
1117 33 238 235 239
1118 33 243 240 244
1119 33 245 242 246
1120 33 250 247 251
1121 33 252 249 253
1122 33 257 254 258
1123 33 259 256 260
1124 33 264 261 265
1125 33 266 263 267
1126 33 271 268 272
1127 33 273 270 274
1128 33 278 275 279
1129 33 280 277 281
1130 33 285 282 286
1131 33 287 284 288
1132 33 292 289 293
1133 33 294 291 295
1134 33 299 296 300
1135 33 301 298 302
1136 33 306 303 307
1137 33 308 305 309
1138 33 313 310 314
1139 33 315 312 316
1140 33 320 317 321
1141 33 322 319 323
1142 33 327 324 328
1143 33 329 326 330
1144 33 334 331 335
1145 33 336 333 337
1146 33 341 338 342
1147 33 343 340 344
1148 33 359 355 360
1149 33 364 361 365
1150 33 366 363 367
1151 33 371 368 372
1152 33 373 370 374
1153 33 378 375 379
1154 33 380 377 381
1155 33 385 382 386
1156 33 387 384 388
1157 33 392 389 393
1158 33 394 391 395
1159 33 399 396 400
1160 33 401 398 402
1161 33 406 403 407
1162 33 408 405 409
1163 33 413 410 414
1164 33 415 412 416
1165 33 420 417 421
1166 33 422 419 423
1167 33 427 424 428
1168 33 429 426 430
1169 33 434 431 435
1170 33 436 433 437
1171 33 441 438 442
1172 33 443 440 444
1173 33 448 445 449
1174 33 450 447 451
1175 33 455 452 456
1176 33 457 454 458
1177 33 462 459 463
1178 33 464 461 465
1179 33 469 466 470
1180 33 471 468 472
1181 33 476 473 477
1182 33 478 475 479
1183 33 483 480 484
1184 33 485 482 486
1185 33 490 487 491
1186 33 492 489 493
1187 33 497 494 498
1188 33 499 496 500
1189 33 504 501 505
1190 33 506 503 507
1191 33 511 508 512
1192 33 513 510 514
1193 33 518 515 519
1194 33 520 517 521
1195 33 525 522 526
1196 33 527 524 528
1197 33 532 529 533
1198 33 534 531 535
1199 33 539 536 540
1200 33 541 538 542
1201 33 546 543 547
1202 33 548 545 549
1203 33 553 550 554
1204 33 555 552 556
1205 33 560 557 561
1206 33 562 559 563
1207 33 567 564 568
1208 33 569 566 570
1209 33 574 571 575
1210 33 576 573 577
1211 33 581 578 582
1212 33 583 580 584
1213 33 588 585 589
1214 33 590 587 591
1215 33 595 592 596
1216 33 597 594 598
1217 33 602 599 603
1218 33 604 601 605
1219 33 609 606 610
1220 33 611 608 612
1221 33 616 613 617
1222 33 618 615 619
1223 33 623 620 624
1224 33 625 622 626
1225 33 630 627 631
1226 33 632 629 633
1227 33 637 634 638
1228 33 639 636 640
1229 33 644 641 645
1230 33 646 643 647
1231 33 651 648 652
1232 33 653 650 654
1233 33 658 655 659
1234 33 660 657 661
1235 33 665 662 666
1236 33 667 664 668
1237 33 672 669 673
1238 33 674 671 675
1239 33 679 676 680
1240 33 681 678 682
1241 33 686 683 687
1242 33 688 685 689
1243 33 693 690 694
1244 33 695 692 696
1245 33 711 707 712
1246 33 716 713 717
1247 33 718 715 719
1248 33 723 720 724
1249 33 725 722 726
1250 33 730 727 731
1251 33 732 729 733
1252 33 737 734 738
1253 33 739 736 740
1254 33 744 741 745
1255 33 746 743 747
1256 33 751 748 752
1257 33 753 750 754
1258 33 758 755 759
1259 33 760 757 761
1260 33 765 762 766
1261 33 767 764 768
1262 33 772 769 773
1263 33 774 771 775
1264 33 779 776 780
1265 33 781 778 782
1266 33 786 783 787
1267 33 788 785 789
1268 33 793 790 794
1269 33 795 792 796
1270 33 800 797 801
1271 33 802 799 803
1272 33 807 804 808
1273 33 809 806 810
1274 33 814 811 815
1275 33 816 813 817
1276 33 821 818 822
1277 33 823 820 824
1278 33 828 825 829
1279 33 830 827 831
1280 33 835 832 836
1281 33 837 834 838
1282 33 842 839 843
1283 33 844 841 845
1284 33 849 846 850
1285 33 851 848 852
1286 33 856 853 857
1287 33 858 855 859
1288 33 863 860 864
1289 33 865 862 866
1290 33 870 867 871
1291 33 872 869 873
1292 33 877 874 878
1293 33 879 876 880
1294 33 884 881 885
1295 33 886 883 887
1296 33 891 888 892
1297 33 893 890 894
1298 33 898 895 899
1299 33 900 897 901
1300 33 905 902 906
1301 33 907 904 908
1302 33 912 909 913
1303 33 914 911 915
1304 33 919 916 920
1305 33 921 918 922
1306 33 926 923 927
1307 33 928 925 929
1308 33 933 930 934
1309 33 935 932 936
1310 33 940 937 941
1311 33 942 939 943
1312 33 947 944 948
1313 33 949 946 950
1314 33 954 951 955
1315 33 956 953 957
1316 33 961 958 962
1317 33 963 960 964
1318 33 968 965 969
1319 33 970 967 971
1320 33 975 972 976
1321 33 977 974 978
1322 33 982 979 983
1323 33 984 981 985
1324 33 989 986 990
1325 33 991 988 992
1326 33 996 993 997
1327 33 998 995 999
1328 33 1003 1000 1004
1329 33 1005 1002 1006
1330 33 1010 1007 1011
1331 33 1012 1009 1013
1332 33 1017 1014 1018
1333 33 1019 1016 1020
1334 33 1024 1021 1025
1335 33 1026 1023 1027
1336 33 1031 1028 1032
1337 33 1033 1030 1034
1338 33 1038 1035 1039
1339 33 1040 1037 1041
1340 33 1045 1042 1046
1341 33 1047 1044 1048
1342 33 1063 1059 1064
1343 33 1068 1065 1069
1344 33 1070 1067 1071
1345 33 1075 1072 1076
1346 33 1077 1074 1078
1347 33 1082 1079 1083
1348 33 1084 1081 1085
1349 33 1089 1086 1090
1350 33 1091 1088 1092
1351 33 1096 1093 1097
1352 33 1098 1095 1099
1353 33 1103 1100 1104
1354 33 1105 1102 1106
1355 33 1110 1107 1111
1356 33 1112 1109 1113
1357 33 1117 1114 1118
1358 33 1119 1116 1120
1359 33 1124 1121 1125
1360 33 1126 1123 1127
1361 33 1131 1128 1132
1362 33 1133 1130 1134
1363 33 1138 1135 1139
1364 33 1140 1137 1141
1365 33 1145 1142 1146
1366 33 1147 1144 1148
1367 33 1152 1149 1153
1368 33 1154 1151 1155
1369 33 1159 1156 1160
1370 33 1161 1158 1162
1371 33 1166 1163 1167
1372 33 1168 1165 1169
1373 33 1173 1170 1174
1374 33 1175 1172 1176
1375 33 1180 1177 1181
1376 33 1182 1179 1183
1377 33 1187 1184 1188
1378 33 1189 1186 1190
1379 33 1194 1191 1195
1380 33 1196 1193 1197
1381 33 1201 1198 1202
1382 33 1203 1200 1204
1383 33 1208 1205 1209
1384 33 1210 1207 1211
1385 33 1215 1212 1216
1386 33 1217 1214 1218
1387 33 1222 1219 1223
1388 33 1224 1221 1225
1389 33 1229 1226 1230
1390 33 1231 1228 1232
1391 33 1236 1233 1237
1392 33 1238 1235 1239
1393 33 1243 1240 1244
1394 33 1245 1242 1246
1395 33 1250 1247 1251
1396 33 1252 1249 1253
1397 33 1257 1254 1258
1398 33 1259 1256 1260
1399 33 1264 1261 1265
1400 33 1266 1263 1267
1401 33 1271 1268 1272
1402 33 1273 1270 1274
1403 33 1278 1275 1279
1404 33 1280 1277 1281
1405 33 1285 1282 1286
1406 33 1287 1284 1288
1407 33 1292 1289 1293
1408 33 1294 1291 1295
1409 33 1299 1296 1300
1410 33 1301 1298 1302
1411 33 1306 1303 1307
1412 33 1308 1305 1309
1413 33 1313 1310 1314
1414 33 1315 1312 1316
1415 33 1320 1317 1321
1416 33 1322 1319 1323
1417 33 1327 1324 1328
1418 33 1329 1326 1330
1419 33 1334 1331 1335
1420 33 1336 1333 1337
1421 33 1341 1338 1342
1422 33 1343 1340 1344
1423 33 1348 1345 1349
1424 33 1350 1347 1351
1425 33 1355 1352 1356
1426 33 1357 1354 1358
1427 33 1362 1359 1363
1428 33 1364 1361 1365
1429 33 1369 1366 1370
1430 33 1371 1368 1372
1431 33 1376 1373 1377
1432 33 1378 1375 1379
1433 33 1383 1380 1384
1434 33 1385 1382 1386
1435 33 1390 1387 1391
1436 33 1392 1389 1393
1437 33 1397 1394 1398
1438 33 1399 1396 1400
1439 33 1415 1411 1416
1440 33 1420 1417 1421
1441 33 1422 1419 1423
1442 33 1427 1424 1428
1443 33 1429 1426 1430
1444 33 1434 1431 1435
1445 33 1436 1433 1437
1446 33 1441 1438 1442
1447 33 1443 1440 1444
1448 33 1448 1445 1449
1449 33 1450 1447 1451
1450 33 1455 1452 1456
1451 33 1457 1454 1458
1452 33 1462 1459 1463
1453 33 1464 1461 1465
1454 33 1469 1466 1470
1455 33 1471 1468 1472
1456 33 1476 1473 1477
1457 33 1478 1475 1479
1458 33 1483 1480 1484
1459 33 1485 1482 1486
1460 33 1490 1487 1491
1461 33 1492 1489 1493
1462 33 1497 1494 1498
1463 33 1499 1496 1500
1464 33 1504 1501 1505
1465 33 1506 1503 1507
1466 33 1511 1508 1512
1467 33 1513 1510 1514
1468 33 1518 1515 1519
1469 33 1520 1517 1521
1470 33 1525 1522 1526
1471 33 1527 1524 1528
1472 33 1532 1529 1533
1473 33 1534 1531 1535
1474 33 1539 1536 1540
1475 33 1541 1538 1542
1476 33 1546 1543 1547
1477 33 1548 1545 1549
1478 33 1553 1550 1554
1479 33 1555 1552 1556
1480 33 1560 1557 1561
1481 33 1562 1559 1563
1482 33 1567 1564 1568
1483 33 1569 1566 1570
1484 33 1574 1571 1575
1485 33 1576 1573 1577
1486 33 1581 1578 1582
1487 33 1583 1580 1584
1488 33 1588 1585 1589
1489 33 1590 1587 1591
1490 33 1595 1592 1596
1491 33 1597 1594 1598
1492 33 1602 1599 1603
1493 33 1604 1601 1605
1494 33 1609 1606 1610
1495 33 1611 1608 1612
1496 33 1616 1613 1617
1497 33 1618 1615 1619
1498 33 1623 1620 1624
1499 33 1625 1622 1626
1500 33 1630 1627 1631
1501 33 1632 1629 1633
1502 33 1637 1634 1638
1503 33 1639 1636 1640
1504 33 1644 1641 1645
1505 33 1646 1643 1647
1506 33 1651 1648 1652
1507 33 1653 1650 1654
1508 33 1658 1655 1659
1509 33 1660 1657 1661
1510 33 1665 1662 1666
1511 33 1667 1664 1668
1512 33 1672 1669 1673
1513 33 1674 1671 1675
1514 33 1679 1676 1680
1515 33 1681 1678 1682
1516 33 1686 1683 1687
1517 33 1688 1685 1689
1518 33 1693 1690 1694
1519 33 1695 1692 1696
1520 33 1700 1697 1701
1521 33 1702 1699 1703
1522 33 1707 1704 1708
1523 33 1709 1706 1710
1524 33 1714 1711 1715
1525 33 1716 1713 1717
1526 33 1721 1718 1722
1527 33 1723 1720 1724
1528 33 1728 1725 1729
1529 33 1730 1727 1731
1530 33 1735 1732 1736
1531 33 1737 1734 1738
1532 33 1742 1739 1743
1533 33 1744 1741 1745
1534 33 1749 1746 1750
1535 33 1751 1748 1752
1536 33 1767 1763 1768
1537 33 1772 1769 1773
1538 33 1774 1771 1775
1539 33 1779 1776 1780
1540 33 1781 1778 1782
1541 33 1786 1783 1787
1542 33 1788 1785 1789
1543 33 1793 1790 1794
1544 33 1795 1792 1796
1545 33 1800 1797 1801
1546 33 1802 1799 1803
1547 33 1807 1804 1808
1548 33 1809 1806 1810
1549 33 1814 1811 1815
1550 33 1816 1813 1817
1551 33 1821 1818 1822
1552 33 1823 1820 1824
1553 33 1828 1825 1829
1554 33 1830 1827 1831
1555 33 1835 1832 1836
1556 33 1837 1834 1838
1557 33 1842 1839 1843
1558 33 1844 1841 1845
1559 33 1849 1846 1850
1560 33 1851 1848 1852
1561 33 1856 1853 1857
1562 33 1858 1855 1859
1563 33 1863 1860 1864
1564 33 1865 1862 1866
1565 33 1870 1867 1871
1566 33 1872 1869 1873
1567 33 1877 1874 1878
1568 33 1879 1876 1880
1569 33 1884 1881 1885
1570 33 1886 1883 1887
1571 33 1891 1888 1892
1572 33 1893 1890 1894
1573 33 1898 1895 1899
1574 33 1900 1897 1901
1575 33 1905 1902 1906
1576 33 1907 1904 1908
1577 33 1912 1909 1913
1578 33 1914 1911 1915
1579 33 1919 1916 1920
1580 33 1921 1918 1922
1581 33 1926 1923 1927
1582 33 1928 1925 1929
1583 33 1933 1930 1934
1584 33 1935 1932 1936
1585 33 1940 1937 1941
1586 33 1942 1939 1943
1587 33 1947 1944 1948
1588 33 1949 1946 1950
1589 33 1954 1951 1955
1590 33 1956 1953 1957
1591 33 1961 1958 1962
1592 33 1963 1960 1964
1593 33 1968 1965 1969
1594 33 1970 1967 1971
1595 33 1975 1972 1976
1596 33 1977 1974 1978
1597 33 1982 1979 1983
1598 33 1984 1981 1985
1599 33 1989 1986 1990
1600 33 1991 1988 1992
1601 33 1996 1993 1997
1602 33 1998 1995 1999
1603 33 2003 2000 2004
1604 33 2005 2002 2006
1605 33 2010 2007 2011
1606 33 2012 2009 2013
1607 33 2017 2014 2018
1608 33 2019 2016 2020
1609 33 2024 2021 2025
1610 33 2026 2023 2027
1611 33 2031 2028 2032
1612 33 2033 2030 2034
1613 33 2038 2035 2039
1614 33 2040 2037 2041
1615 33 2045 2042 2046
1616 33 2047 2044 2048
1617 33 2052 2049 2053
1618 33 2054 2051 2055
1619 33 2059 2056 2060
1620 33 2061 2058 2062
1621 33 2066 2063 2067
1622 33 2068 2065 2069
1623 33 2073 2070 2074
1624 33 2075 2072 2076
1625 33 2080 2077 2081
1626 33 2082 2079 2083
1627 33 2087 2084 2088
1628 33 2089 2086 2090
1629 33 2094 2091 2095
1630 33 2096 2093 2097
1631 33 2101 2098 2102
1632 33 2103 2100 2104
1633 33 2119 2115 2120
1634 33 2124 2121 2125
1635 33 2126 2123 2127
1636 33 2131 2128 2132
1637 33 2133 2130 2134
1638 33 2138 2135 2139
1639 33 2140 2137 2141
1640 33 2145 2142 2146
1641 33 2147 2144 2148
1642 33 2152 2149 2153
1643 33 2154 2151 2155
1644 33 2159 2156 2160
1645 33 2161 2158 2162
1646 33 2166 2163 2167
1647 33 2168 2165 2169
1648 33 2173 2170 2174
1649 33 2175 2172 2176
1650 33 2180 2177 2181
1651 33 2182 2179 2183
1652 33 2187 2184 2188
1653 33 2189 2186 2190
1654 33 2194 2191 2195
1655 33 2196 2193 2197
1656 33 2201 2198 2202
1657 33 2203 2200 2204
1658 33 2208 2205 2209
1659 33 2210 2207 2211
1660 33 2215 2212 2216
1661 33 2217 2214 2218
1662 33 2222 2219 2223
1663 33 2224 2221 2225
1664 33 2229 2226 2230
1665 33 2231 2228 2232
1666 33 2236 2233 2237
1667 33 2238 2235 2239
1668 33 2243 2240 2244
1669 33 2245 2242 2246
1670 33 2250 2247 2251
1671 33 2252 2249 2253
1672 33 2257 2254 2258
1673 33 2259 2256 2260
1674 33 2264 2261 2265
1675 33 2266 2263 2267
1676 33 2271 2268 2272
1677 33 2273 2270 2274
1678 33 2278 2275 2279
1679 33 2280 2277 2281
1680 33 2285 2282 2286
1681 33 2287 2284 2288
1682 33 2292 2289 2293
1683 33 2294 2291 2295
1684 33 2299 2296 2300
1685 33 2301 2298 2302
1686 33 2306 2303 2307
1687 33 2308 2305 2309
1688 33 2313 2310 2314
1689 33 2315 2312 2316
1690 33 2320 2317 2321
1691 33 2322 2319 2323
1692 33 2327 2324 2328
1693 33 2329 2326 2330
1694 33 2334 2331 2335
1695 33 2336 2333 2337
1696 33 2341 2338 2342
1697 33 2343 2340 2344
1698 33 2348 2345 2349
1699 33 2350 2347 2351
1700 33 2355 2352 2356
1701 33 2357 2354 2358
1702 33 2362 2359 2363
1703 33 2364 2361 2365
1704 33 2369 2366 2370
1705 33 2371 2368 2372
1706 33 2376 2373 2377
1707 33 2378 2375 2379
1708 33 2383 2380 2384
1709 33 2385 2382 2386
1710 33 2390 2387 2391
1711 33 2392 2389 2393
1712 33 2397 2394 2398
1713 33 2399 2396 2400
1714 33 2404 2401 2405
1715 33 2406 2403 2407
1716 33 2411 2408 2412
1717 33 2413 2410 2414
1718 33 2418 2415 2419
1719 33 2420 2417 2421
1720 33 2425 2422 2426
1721 33 2427 2424 2428
1722 33 2432 2429 2433
1723 33 2434 2431 2435
1724 33 2439 2436 2440
1725 33 2441 2438 2442
1726 33 2446 2443 2447
1727 33 2448 2445 2449
1728 33 2453 2450 2454
1729 33 2455 2452 2456
1730 33 2471 2467 2472
1731 33 2476 2473 2477
1732 33 2478 2475 2479
1733 33 2483 2480 2484
1734 33 2485 2482 2486
1735 33 2490 2487 2491
1736 33 2492 2489 2493
1737 33 2497 2494 2498
1738 33 2499 2496 2500
1739 33 2504 2501 2505
1740 33 2506 2503 2507
1741 33 2511 2508 2512
1742 33 2513 2510 2514
1743 33 2518 2515 2519
1744 33 2520 2517 2521
1745 33 2525 2522 2526
1746 33 2527 2524 2528
1747 33 2532 2529 2533
1748 33 2534 2531 2535
1749 33 2539 2536 2540
1750 33 2541 2538 2542
1751 33 2546 2543 2547
1752 33 2548 2545 2549
1753 33 2553 2550 2554
1754 33 2555 2552 2556
1755 33 2560 2557 2561
1756 33 2562 2559 2563
1757 33 2567 2564 2568
1758 33 2569 2566 2570
1759 33 2574 2571 2575
1760 33 2576 2573 2577
1761 33 2581 2578 2582
1762 33 2583 2580 2584
1763 33 2588 2585 2589
1764 33 2590 2587 2591
1765 33 2595 2592 2596
1766 33 2597 2594 2598
1767 33 2602 2599 2603
1768 33 2604 2601 2605
1769 33 2609 2606 2610
1770 33 2611 2608 2612
1771 33 2616 2613 2617
1772 33 2618 2615 2619
1773 33 2623 2620 2624
1774 33 2625 2622 2626
1775 33 2630 2627 2631
1776 33 2632 2629 2633
1777 33 2637 2634 2638
1778 33 2639 2636 2640
1779 33 2644 2641 2645
1780 33 2646 2643 2647
1781 33 2651 2648 2652
1782 33 2653 2650 2654
1783 33 2658 2655 2659
1784 33 2660 2657 2661
1785 33 2665 2662 2666
1786 33 2667 2664 2668
1787 33 2672 2669 2673
1788 33 2674 2671 2675
1789 33 2679 2676 2680
1790 33 2681 2678 2682
1791 33 2686 2683 2687
1792 33 2688 2685 2689
1793 33 2693 2690 2694
1794 33 2695 2692 2696
1795 33 2700 2697 2701
1796 33 2702 2699 2703
1797 33 2707 2704 2708
1798 33 2709 2706 2710
1799 33 2714 2711 2715
1800 33 2716 2713 2717
1801 33 2721 2718 2722
1802 33 2723 2720 2724
1803 33 2728 2725 2729
1804 33 2730 2727 2731
1805 33 2735 2732 2736
1806 33 2737 2734 2738
1807 33 2742 2739 2743
1808 33 2744 2741 2745
1809 33 2749 2746 2750
1810 33 2751 2748 2752
1811 33 2756 2753 2757
1812 33 2758 2755 2759
1813 33 2763 2760 2764
1814 33 2765 2762 2766
1815 33 2770 2767 2771
1816 33 2772 2769 2773
1817 33 2777 2774 2778
1818 33 2779 2776 2780
1819 33 2784 2781 2785
1820 33 2786 2783 2787
1821 33 2791 2788 2792
1822 33 2793 2790 2794
1823 33 2798 2795 2799
1824 33 2800 2797 2801
1825 33 2805 2802 2806
1826 33 2807 2804 2808
1827 33 2823 2819 2824
1828 33 2828 2825 2829
1829 33 2830 2827 2831
1830 33 2835 2832 2836
1831 33 2837 2834 2838
1832 33 2842 2839 2843
1833 33 2844 2841 2845
1834 33 2849 2846 2850
1835 33 2851 2848 2852
1836 33 2856 2853 2857
1837 33 2858 2855 2859
1838 33 2863 2860 2864
1839 33 2865 2862 2866
1840 33 2870 2867 2871
1841 33 2872 2869 2873
1842 33 2877 2874 2878
1843 33 2879 2876 2880
1844 33 2884 2881 2885
1845 33 2886 2883 2887
1846 33 2891 2888 2892
1847 33 2893 2890 2894
1848 33 2898 2895 2899
1849 33 2900 2897 2901
1850 33 2905 2902 2906
1851 33 2907 2904 2908
1852 33 2912 2909 2913
1853 33 2914 2911 2915
1854 33 2919 2916 2920
1855 33 2921 2918 2922
1856 33 2926 2923 2927
1857 33 2928 2925 2929
1858 33 2933 2930 2934
1859 33 2935 2932 2936
1860 33 2940 2937 2941
1861 33 2942 2939 2943
1862 33 2947 2944 2948
1863 33 2949 2946 2950
1864 33 2954 2951 2955
1865 33 2956 2953 2957
1866 33 2961 2958 2962
1867 33 2963 2960 2964
1868 33 2968 2965 2969
1869 33 2970 2967 2971
1870 33 2975 2972 2976
1871 33 2977 2974 2978
1872 33 2982 2979 2983
1873 33 2984 2981 2985
1874 33 2989 2986 2990
1875 33 2991 2988 2992
1876 33 2996 2993 2997
1877 33 2998 2995 2999
1878 33 3003 3000 3004
1879 33 3005 3002 3006
1880 33 3010 3007 3011
1881 33 3012 3009 3013
1882 33 3017 3014 3018
1883 33 3019 3016 3020
1884 33 3024 3021 3025
1885 33 3026 3023 3027
1886 33 3031 3028 3032
1887 33 3033 3030 3034
1888 33 3038 3035 3039
1889 33 3040 3037 3041
1890 33 3045 3042 3046
1891 33 3047 3044 3048
1892 33 3052 3049 3053
1893 33 3054 3051 3055
1894 33 3059 3056 3060
1895 33 3061 3058 3062
1896 33 3066 3063 3067
1897 33 3068 3065 3069
1898 33 3073 3070 3074
1899 33 3075 3072 3076
1900 33 3080 3077 3081
1901 33 3082 3079 3083
1902 33 3087 3084 3088
1903 33 3089 3086 3090
1904 33 3094 3091 3095
1905 33 3096 3093 3097
1906 33 3101 3098 3102
1907 33 3103 3100 3104
1908 33 3108 3105 3109
1909 33 3110 3107 3111
1910 33 3115 3112 3116
1911 33 3117 3114 3118
1912 33 3122 3119 3123
1913 33 3124 3121 3125
1914 33 3129 3126 3130
1915 33 3131 3128 3132
1916 33 3136 3133 3137
1917 33 3138 3135 3139
1918 33 3143 3140 3144
1919 33 3145 3142 3146
1920 33 3150 3147 3151
1921 33 3152 3149 3153
1922 33 3157 3154 3158
1923 33 3159 3156 3160
1924 33 3175 3171 3176
1925 33 3180 3177 3181
1926 33 3182 3179 3183
1927 33 3187 3184 3188
1928 33 3189 3186 3190
1929 33 3194 3191 3195
1930 33 3196 3193 3197
1931 33 3201 3198 3202
1932 33 3203 3200 3204
1933 33 3208 3205 3209
1934 33 3210 3207 3211
1935 33 3215 3212 3216
1936 33 3217 3214 3218
1937 33 3222 3219 3223
1938 33 3224 3221 3225
1939 33 3229 3226 3230
1940 33 3231 3228 3232
1941 33 3236 3233 3237
1942 33 3238 3235 3239
1943 33 3243 3240 3244
1944 33 3245 3242 3246
1945 33 3250 3247 3251
1946 33 3252 3249 3253
1947 33 3257 3254 3258
1948 33 3259 3256 3260
1949 33 3264 3261 3265
1950 33 3266 3263 3267
1951 33 3271 3268 3272
1952 33 3273 3270 3274
1953 33 3278 3275 3279
1954 33 3280 3277 3281
1955 33 3285 3282 3286
1956 33 3287 3284 3288
1957 33 3292 3289 3293
1958 33 3294 3291 3295
1959 33 3299 3296 3300
1960 33 3301 3298 3302
1961 33 3306 3303 3307
1962 33 3308 3305 3309
1963 33 3313 3310 3314
1964 33 3315 3312 3316
1965 33 3320 3317 3321
1966 33 3322 3319 3323
1967 33 3327 3324 3328
1968 33 3329 3326 3330
1969 33 3334 3331 3335
1970 33 3336 3333 3337
1971 33 3341 3338 3342
1972 33 3343 3340 3344
1973 33 3348 3345 3349
1974 33 3350 3347 3351
1975 33 3355 3352 3356
1976 33 3357 3354 3358
1977 33 3362 3359 3363
1978 33 3364 3361 3365
1979 33 3369 3366 3370
1980 33 3371 3368 3372
1981 33 3376 3373 3377
1982 33 3378 3375 3379
1983 33 3383 3380 3384
1984 33 3385 3382 3386
1985 33 3390 3387 3391
1986 33 3392 3389 3393
1987 33 3397 3394 3398
1988 33 3399 3396 3400
1989 33 3404 3401 3405
1990 33 3406 3403 3407
1991 33 3411 3408 3412
1992 33 3413 3410 3414
1993 33 3418 3415 3419
1994 33 3420 3417 3421
1995 33 3425 3422 3426
1996 33 3427 3424 3428
1997 33 3432 3429 3433
1998 33 3434 3431 3435
1999 33 3439 3436 3440
2000 33 3441 3438 3442
2001 33 3446 3443 3447
2002 33 3448 3445 3449
2003 33 3453 3450 3454
2004 33 3455 3452 3456
2005 33 3460 3457 3461
2006 33 3462 3459 3463
2007 33 3467 3464 3468
2008 33 3469 3466 3470
2009 33 3474 3471 3475
2010 33 3476 3473 3477
2011 33 3481 3478 3482
2012 33 3483 3480 3484
2013 33 3488 3485 3489
2014 33 3490 3487 3491
2015 33 3495 3492 3496
2016 33 3497 3494 3498
2017 33 3502 3499 3503
2018 33 3504 3501 3505
2019 33 3509 3506 3510
2020 33 3511 3508 3512
2021 36 347 346 350
2022 36 347 346 351
2023 36 699 698 702
2024 36 699 698 703
2025 36 1051 1050 1054
2026 36 1051 1050 1055
2027 36 1403 1402 1406
2028 36 1403 1402 1407
2029 36 1755 1754 1758
2030 36 1755 1754 1759
2031 36 2107 2106 2110
2032 36 2107 2106 2111
2033 36 2459 2458 2462
2034 36 2459 2458 2463
2035 36 2811 2810 2814
2036 36 2811 2810 2815
2037 36 3163 3162 3166
2038 36 3163 3162 3167
2039 36 3515 3514 3518
2040 36 3515 3514 3519
2041 44 339 345 348
2042 44 339 345 349
2043 44 691 697 700
2044 44 691 697 701
2045 44 1043 1049 1052
2046 44 1043 1049 1053
2047 44 1395 1401 1404
2048 44 1395 1401 1405
2049 44 1747 1753 1756
2050 44 1747 1753 1757
2051 44 2099 2105 2108
2052 44 2099 2105 2109
2053 44 2451 2457 2460
2054 44 2451 2457 2461
2055 44 2803 2809 2812
2056 44 2803 2809 2813
2057 44 3155 3161 3164
2058 44 3155 3161 3165
2059 44 3507 3513 3516
2060 44 3507 3513 3517
2061 45 2 3 7
2062 45 2 3 8
2063 45 2 9 12
2064 45 2 9 13
2065 45 10 11 14
2066 45 10 11 15
2067 45 10 16 19
2068 45 10 16 20
2069 45 17 18 21
2070 45 17 18 22
2071 45 17 23 26
2072 45 17 23 27
2073 45 24 25 28
2074 45 24 25 29
2075 45 24 30 33
2076 45 24 30 34
2077 45 31 32 35
2078 45 31 32 36
2079 45 31 37 40
2080 45 31 37 41
2081 45 38 39 42
2082 45 38 39 43
2083 45 38 44 47
2084 45 38 44 48
2085 45 45 46 49
2086 45 45 46 50
2087 45 45 51 54
2088 45 45 51 55
2089 45 52 53 56
2090 45 52 53 57
2091 45 52 58 61
2092 45 52 58 62
2093 45 59 60 63
2094 45 59 60 64
2095 45 59 65 68
2096 45 59 65 69
2097 45 66 67 70
2098 45 66 67 71
2099 45 66 72 75
2100 45 66 72 76
2101 45 73 74 77
2102 45 73 74 78
2103 45 73 79 82
2104 45 73 79 83
2105 45 80 81 84
2106 45 80 81 85
2107 45 80 86 89
2108 45 80 86 90
2109 45 87 88 91
2110 45 87 88 92
2111 45 87 93 96
2112 45 87 93 97
2113 45 94 95 98
2114 45 94 95 99
2115 45 94 100 103
2116 45 94 100 104
2117 45 101 102 105
2118 45 101 102 106
2119 45 101 107 110
2120 45 101 107 111
2121 45 108 109 112
2122 45 108 109 113
2123 45 108 114 117
2124 45 108 114 118
2125 45 115 116 119
2126 45 115 116 120
2127 45 115 121 124
2128 45 115 121 125
2129 45 122 123 126
2130 45 122 123 127
2131 45 122 128 131
2132 45 122 128 132
2133 45 129 130 133
2134 45 129 130 134
2135 45 129 135 138
2136 45 129 135 139
2137 45 136 137 140
2138 45 136 137 141
2139 45 136 142 145
2140 45 136 142 146
2141 45 143 144 147
2142 45 143 144 148
2143 45 143 149 152
2144 45 143 149 153
2145 45 150 151 154
2146 45 150 151 155
2147 45 150 156 159
2148 45 150 156 160
2149 45 157 158 161
2150 45 157 158 162
2151 45 157 163 166
2152 45 157 163 167
2153 45 164 165 168
2154 45 164 165 169
2155 45 164 170 173
2156 45 164 170 174
2157 45 171 172 175
2158 45 171 172 176
2159 45 171 177 180
2160 45 171 177 181
2161 45 178 179 182
2162 45 178 179 183
2163 45 178 184 187
2164 45 178 184 188
2165 45 185 186 189
2166 45 185 186 190
2167 45 185 191 194
2168 45 185 191 195
2169 45 192 193 196
2170 45 192 193 197
2171 45 192 198 201
2172 45 192 198 202
2173 45 199 200 203
2174 45 199 200 204
2175 45 199 205 208
2176 45 199 205 209
2177 45 206 207 210
2178 45 206 207 211
2179 45 206 212 215
2180 45 206 212 216
2181 45 213 214 217
2182 45 213 214 218
2183 45 213 219 222
2184 45 213 219 223
2185 45 220 221 224
2186 45 220 221 225
2187 45 220 226 229
2188 45 220 226 230
2189 45 227 228 231
2190 45 227 228 232
2191 45 227 233 236
2192 45 227 233 237
2193 45 234 235 238
2194 45 234 235 239
2195 45 234 240 243
2196 45 234 240 244
2197 45 241 242 245
2198 45 241 242 246
2199 45 241 247 250
2200 45 241 247 251
2201 45 248 249 252
2202 45 248 249 253
2203 45 248 254 257
2204 45 248 254 258
2205 45 255 256 259
2206 45 255 256 260
2207 45 255 261 264
2208 45 255 261 265
2209 45 262 263 266
2210 45 262 263 267
2211 45 262 268 271
2212 45 262 268 272
2213 45 269 270 273
2214 45 269 270 274
2215 45 269 275 278
2216 45 269 275 279
2217 45 276 277 280
2218 45 276 277 281
2219 45 276 282 285
2220 45 276 282 286
2221 45 283 284 287
2222 45 283 284 288
2223 45 283 289 292
2224 45 283 289 293
2225 45 290 291 294
2226 45 290 291 295
2227 45 290 296 299
2228 45 290 296 300
2229 45 297 298 301
2230 45 297 298 302
2231 45 297 303 306
2232 45 297 303 307
2233 45 304 305 308
2234 45 304 305 309
2235 45 304 310 313
2236 45 304 310 314
2237 45 311 312 315
2238 45 311 312 316
2239 45 311 317 320
2240 45 311 317 321
2241 45 318 319 322
2242 45 318 319 323
2243 45 318 324 327
2244 45 318 324 328
2245 45 325 326 329
2246 45 325 326 330
2247 45 325 331 334
2248 45 325 331 335
2249 45 332 333 336
2250 45 332 333 337
2251 45 332 338 341
2252 45 332 338 342
2253 45 339 340 343
2254 45 339 340 344
2255 45 354 355 359
2256 45 354 355 360
2257 45 354 361 364
2258 45 354 361 365
2259 45 362 363 366
2260 45 362 363 367
2261 45 362 368 371
2262 45 362 368 372
2263 45 369 370 373
2264 45 369 370 374
2265 45 369 375 378
2266 45 369 375 379
2267 45 376 377 380
2268 45 376 377 381
2269 45 376 382 385
2270 45 376 382 386
2271 45 383 384 387
2272 45 383 384 388
2273 45 383 389 392
2274 45 383 389 393
2275 45 390 391 394
2276 45 390 391 395
2277 45 390 396 399
2278 45 390 396 400
2279 45 397 398 401
2280 45 397 398 402
2281 45 397 403 406
2282 45 397 403 407
2283 45 404 405 408
2284 45 404 405 409
2285 45 404 410 413
2286 45 404 410 414
2287 45 411 412 415
2288 45 411 412 416
2289 45 411 417 420
2290 45 411 417 421
2291 45 418 419 422
2292 45 418 419 423
2293 45 418 424 427
2294 45 418 424 428
2295 45 425 426 429
2296 45 425 426 430
2297 45 425 431 434
2298 45 425 431 435
2299 45 432 433 436
2300 45 432 433 437
2301 45 432 438 441
2302 45 432 438 442
2303 45 439 440 443
2304 45 439 440 444
2305 45 439 445 448
2306 45 439 445 449
2307 45 446 447 450
2308 45 446 447 451
2309 45 446 452 455
2310 45 446 452 456
2311 45 453 454 457
2312 45 453 454 458
2313 45 453 459 462
2314 45 453 459 463
2315 45 460 461 464
2316 45 460 461 465
2317 45 460 466 469
2318 45 460 466 470
2319 45 467 468 471
2320 45 467 468 472
2321 45 467 473 476
2322 45 467 473 477
2323 45 474 475 478
2324 45 474 475 479
2325 45 474 480 483
2326 45 474 480 484
2327 45 481 482 485
2328 45 481 482 486
2329 45 481 487 490
2330 45 481 487 491
2331 45 488 489 492
2332 45 488 489 493
2333 45 488 494 497
2334 45 488 494 498
2335 45 495 496 499
2336 45 495 496 500
2337 45 495 501 504
2338 45 495 501 505
2339 45 502 503 506
2340 45 502 503 507
2341 45 502 508 511
2342 45 502 508 512
2343 45 509 510 513
2344 45 509 510 514
2345 45 509 515 518
2346 45 509 515 519
2347 45 516 517 520
2348 45 516 517 521
2349 45 516 522 525
2350 45 516 522 526
2351 45 523 524 527
2352 45 523 524 528
2353 45 523 529 532
2354 45 523 529 533
2355 45 530 531 534
2356 45 530 531 535
2357 45 530 536 539
2358 45 530 536 540
2359 45 537 538 541
2360 45 537 538 542
2361 45 537 543 546
2362 45 537 543 547
2363 45 544 545 548
2364 45 544 545 549
2365 45 544 550 553
2366 45 544 550 554
2367 45 551 552 555
2368 45 551 552 556
2369 45 551 557 560
2370 45 551 557 561
2371 45 558 559 562
2372 45 558 559 563
2373 45 558 564 567
2374 45 558 564 568
2375 45 565 566 569
2376 45 565 566 570
2377 45 565 571 574
2378 45 565 571 575
2379 45 572 573 576
2380 45 572 573 577
2381 45 572 578 581
2382 45 572 578 582
2383 45 579 580 583
2384 45 579 580 584
2385 45 579 585 588
2386 45 579 585 589
2387 45 586 587 590
2388 45 586 587 591
2389 45 586 592 595
2390 45 586 592 596
2391 45 593 594 597
2392 45 593 594 598
2393 45 593 599 602
2394 45 593 599 603
2395 45 600 601 604
2396 45 600 601 605
2397 45 600 606 609
2398 45 600 606 610
2399 45 607 608 611
2400 45 607 608 612
2401 45 607 613 616
2402 45 607 613 617
2403 45 614 615 618
2404 45 614 615 619
2405 45 614 620 623
2406 45 614 620 624
2407 45 621 622 625
2408 45 621 622 626
2409 45 621 627 630
2410 45 621 627 631
2411 45 628 629 632
2412 45 628 629 633
2413 45 628 634 637
2414 45 628 634 638
2415 45 635 636 639
2416 45 635 636 640
2417 45 635 641 644
2418 45 635 641 645
2419 45 642 643 646
2420 45 642 643 647
2421 45 642 648 651
2422 45 642 648 652
2423 45 649 650 653
2424 45 649 650 654
2425 45 649 655 658
2426 45 649 655 659
2427 45 656 657 660
2428 45 656 657 661
2429 45 656 662 665
2430 45 656 662 666
2431 45 663 664 667
2432 45 663 664 668
2433 45 663 669 672
2434 45 663 669 673
2435 45 670 671 674
2436 45 670 671 675
2437 45 670 676 679
2438 45 670 676 680
2439 45 677 678 681
2440 45 677 678 682
2441 45 677 683 686
2442 45 677 683 687
2443 45 684 685 688
2444 45 684 685 689
2445 45 684 690 693
2446 45 684 690 694
2447 45 691 692 695
2448 45 691 692 696
2449 45 706 707 711
2450 45 706 707 712
2451 45 706 713 716
2452 45 706 713 717
2453 45 714 715 718
2454 45 714 715 719
2455 45 714 720 723
2456 45 714 720 724
2457 45 721 722 725
2458 45 721 722 726
2459 45 721 727 730
2460 45 721 727 731
2461 45 728 729 732
2462 45 728 729 733
2463 45 728 734 737
2464 45 728 734 738
2465 45 735 736 739
2466 45 735 736 740
2467 45 735 741 744
2468 45 735 741 745
2469 45 742 743 746
2470 45 742 743 747
2471 45 742 748 751
2472 45 742 748 752
2473 45 749 750 753
2474 45 749 750 754
2475 45 749 755 758
2476 45 749 755 759
2477 45 756 757 760
2478 45 756 757 761
2479 45 756 762 765
2480 45 756 762 766
2481 45 763 764 767
2482 45 763 764 768
2483 45 763 769 772
2484 45 763 769 773
2485 45 770 771 774
2486 45 770 771 775
2487 45 770 776 779
2488 45 770 776 780
2489 45 777 778 781
2490 45 777 778 782
2491 45 777 783 786
2492 45 777 783 787
2493 45 784 785 788
2494 45 784 785 789
2495 45 784 790 793
2496 45 784 790 794
2497 45 791 792 795
2498 45 791 792 796
2499 45 791 797 800
2500 45 791 797 801
2501 45 798 799 802
2502 45 798 799 803
2503 45 798 804 807
2504 45 798 804 808
2505 45 805 806 809
2506 45 805 806 810
2507 45 805 811 814
2508 45 805 811 815
2509 45 812 813 816
2510 45 812 813 817
2511 45 812 818 821
2512 45 812 818 822
2513 45 819 820 823
2514 45 819 820 824
2515 45 819 825 828
2516 45 819 825 829
2517 45 826 827 830
2518 45 826 827 831
2519 45 826 832 835
2520 45 826 832 836
2521 45 833 834 837
2522 45 833 834 838
2523 45 833 839 842
2524 45 833 839 843
2525 45 840 841 844
2526 45 840 841 845
2527 45 840 846 849
2528 45 840 846 850
2529 45 847 848 851
2530 45 847 848 852
2531 45 847 853 856
2532 45 847 853 857
2533 45 854 855 858
2534 45 854 855 859
2535 45 854 860 863
2536 45 854 860 864
2537 45 861 862 865
2538 45 861 862 866
2539 45 861 867 870
2540 45 861 867 871
2541 45 868 869 872
2542 45 868 869 873
2543 45 868 874 877
2544 45 868 874 878
2545 45 875 876 879
2546 45 875 876 880
2547 45 875 881 884
2548 45 875 881 885
2549 45 882 883 886
2550 45 882 883 887
2551 45 882 888 891
2552 45 882 888 892
2553 45 889 890 893
2554 45 889 890 894
2555 45 889 895 898
2556 45 889 895 899
2557 45 896 897 900
2558 45 896 897 901
2559 45 896 902 905
2560 45 896 902 906
2561 45 903 904 907
2562 45 903 904 908
2563 45 903 909 912
2564 45 903 909 913
2565 45 910 911 914
2566 45 910 911 915
2567 45 910 916 919
2568 45 910 916 920
2569 45 917 918 921
2570 45 917 918 922
2571 45 917 923 926
2572 45 917 923 927
2573 45 924 925 928
2574 45 924 925 929
2575 45 924 930 933
2576 45 924 930 934
2577 45 931 932 935
2578 45 931 932 936
2579 45 931 937 940
2580 45 931 937 941
2581 45 938 939 942
2582 45 938 939 943
2583 45 938 944 947
2584 45 938 944 948
2585 45 945 946 949
2586 45 945 946 950
2587 45 945 951 954
2588 45 945 951 955
2589 45 952 953 956
2590 45 952 953 957
2591 45 952 958 961
2592 45 952 958 962
2593 45 959 960 963
2594 45 959 960 964
2595 45 959 965 968
2596 45 959 965 969
2597 45 966 967 970
2598 45 966 967 971
2599 45 966 972 975
2600 45 966 972 976
2601 45 973 974 977
2602 45 973 974 978
2603 45 973 979 982
2604 45 973 979 983
2605 45 980 981 984
2606 45 980 981 985
2607 45 980 986 989
2608 45 980 986 990
2609 45 987 988 991
2610 45 987 988 992
2611 45 987 993 996
2612 45 987 993 997
2613 45 994 995 998
2614 45 994 995 999
2615 45 994 1000 1003
2616 45 994 1000 1004
2617 45 1001 1002 1005
2618 45 1001 1002 1006
2619 45 1001 1007 1010
2620 45 1001 1007 1011
2621 45 1008 1009 1012
2622 45 1008 1009 1013
2623 45 1008 1014 1017
2624 45 1008 1014 1018
2625 45 1015 1016 1019
2626 45 1015 1016 1020
2627 45 1015 1021 1024
2628 45 1015 1021 1025
2629 45 1022 1023 1026
2630 45 1022 1023 1027
2631 45 1022 1028 1031
2632 45 1022 1028 1032
2633 45 1029 1030 1033
2634 45 1029 1030 1034
2635 45 1029 1035 1038
2636 45 1029 1035 1039
2637 45 1036 1037 1040
2638 45 1036 1037 1041
2639 45 1036 1042 1045
2640 45 1036 1042 1046
2641 45 1043 1044 1047
2642 45 1043 1044 1048
2643 45 1058 1059 1063
2644 45 1058 1059 1064
2645 45 1058 1065 1068
2646 45 1058 1065 1069
2647 45 1066 1067 1070
2648 45 1066 1067 1071
2649 45 1066 1072 1075
2650 45 1066 1072 1076
2651 45 1073 1074 1077
2652 45 1073 1074 1078
2653 45 1073 1079 1082
2654 45 1073 1079 1083
2655 45 1080 1081 1084
2656 45 1080 1081 1085
2657 45 1080 1086 1089
2658 45 1080 1086 1090
2659 45 1087 1088 1091
2660 45 1087 1088 1092
2661 45 1087 1093 1096
2662 45 1087 1093 1097
2663 45 1094 1095 1098
2664 45 1094 1095 1099
2665 45 1094 1100 1103
2666 45 1094 1100 1104
2667 45 1101 1102 1105
2668 45 1101 1102 1106
2669 45 1101 1107 1110
2670 45 1101 1107 1111
2671 45 1108 1109 1112
2672 45 1108 1109 1113
2673 45 1108 1114 1117
2674 45 1108 1114 1118
2675 45 1115 1116 1119
2676 45 1115 1116 1120
2677 45 1115 1121 1124
2678 45 1115 1121 1125
2679 45 1122 1123 1126
2680 45 1122 1123 1127
2681 45 1122 1128 1131
2682 45 1122 1128 1132
2683 45 1129 1130 1133
2684 45 1129 1130 1134
2685 45 1129 1135 1138
2686 45 1129 1135 1139
2687 45 1136 1137 1140
2688 45 1136 1137 1141
2689 45 1136 1142 1145
2690 45 1136 1142 1146
2691 45 1143 1144 1147
2692 45 1143 1144 1148
2693 45 1143 1149 1152
2694 45 1143 1149 1153
2695 45 1150 1151 1154
2696 45 1150 1151 1155
2697 45 1150 1156 1159
2698 45 1150 1156 1160
2699 45 1157 1158 1161
2700 45 1157 1158 1162
2701 45 1157 1163 1166
2702 45 1157 1163 1167
2703 45 1164 1165 1168
2704 45 1164 1165 1169
2705 45 1164 1170 1173
2706 45 1164 1170 1174
2707 45 1171 1172 1175
2708 45 1171 1172 1176
2709 45 1171 1177 1180
2710 45 1171 1177 1181
2711 45 1178 1179 1182
2712 45 1178 1179 1183
2713 45 1178 1184 1187
2714 45 1178 1184 1188
2715 45 1185 1186 1189
2716 45 1185 1186 1190
2717 45 1185 1191 1194
2718 45 1185 1191 1195
2719 45 1192 1193 1196
2720 45 1192 1193 1197
2721 45 1192 1198 1201
2722 45 1192 1198 1202
2723 45 1199 1200 1203
2724 45 1199 1200 1204
2725 45 1199 1205 1208
2726 45 1199 1205 1209
2727 45 1206 1207 1210
2728 45 1206 1207 1211
2729 45 1206 1212 1215
2730 45 1206 1212 1216
2731 45 1213 1214 1217
2732 45 1213 1214 1218
2733 45 1213 1219 1222
2734 45 1213 1219 1223
2735 45 1220 1221 1224
2736 45 1220 1221 1225
2737 45 1220 1226 1229
2738 45 1220 1226 1230
2739 45 1227 1228 1231
2740 45 1227 1228 1232
2741 45 1227 1233 1236
2742 45 1227 1233 1237
2743 45 1234 1235 1238
2744 45 1234 1235 1239
2745 45 1234 1240 1243
2746 45 1234 1240 1244
2747 45 1241 1242 1245
2748 45 1241 1242 1246
2749 45 1241 1247 1250
2750 45 1241 1247 1251
2751 45 1248 1249 1252
2752 45 1248 1249 1253
2753 45 1248 1254 1257
2754 45 1248 1254 1258
2755 45 1255 1256 1259
2756 45 1255 1256 1260
2757 45 1255 1261 1264
2758 45 1255 1261 1265
2759 45 1262 1263 1266
2760 45 1262 1263 1267
2761 45 1262 1268 1271
2762 45 1262 1268 1272
2763 45 1269 1270 1273
2764 45 1269 1270 1274
2765 45 1269 1275 1278
2766 45 1269 1275 1279
2767 45 1276 1277 1280
2768 45 1276 1277 1281
2769 45 1276 1282 1285
2770 45 1276 1282 1286
2771 45 1283 1284 1287
2772 45 1283 1284 1288
2773 45 1283 1289 1292
2774 45 1283 1289 1293
2775 45 1290 1291 1294
2776 45 1290 1291 1295
2777 45 1290 1296 1299
2778 45 1290 1296 1300
2779 45 1297 1298 1301
2780 45 1297 1298 1302
2781 45 1297 1303 1306
2782 45 1297 1303 1307
2783 45 1304 1305 1308
2784 45 1304 1305 1309
2785 45 1304 1310 1313
2786 45 1304 1310 1314
2787 45 1311 1312 1315
2788 45 1311 1312 1316
2789 45 1311 1317 1320
2790 45 1311 1317 1321
2791 45 1318 1319 1322
2792 45 1318 1319 1323
2793 45 1318 1324 1327
2794 45 1318 1324 1328
2795 45 1325 1326 1329
2796 45 1325 1326 1330
2797 45 1325 1331 1334
2798 45 1325 1331 1335
2799 45 1332 1333 1336
2800 45 1332 1333 1337
2801 45 1332 1338 1341
2802 45 1332 1338 1342
2803 45 1339 1340 1343
2804 45 1339 1340 1344
2805 45 1339 1345 1348
2806 45 1339 1345 1349
2807 45 1346 1347 1350
2808 45 1346 1347 1351
2809 45 1346 1352 1355
2810 45 1346 1352 1356
2811 45 1353 1354 1357
2812 45 1353 1354 1358
2813 45 1353 1359 1362
2814 45 1353 1359 1363
2815 45 1360 1361 1364
2816 45 1360 1361 1365
2817 45 1360 1366 1369
2818 45 1360 1366 1370
2819 45 1367 1368 1371
2820 45 1367 1368 1372
2821 45 1367 1373 1376
2822 45 1367 1373 1377
2823 45 1374 1375 1378
2824 45 1374 1375 1379
2825 45 1374 1380 1383
2826 45 1374 1380 1384
2827 45 1381 1382 1385
2828 45 1381 1382 1386
2829 45 1381 1387 1390
2830 45 1381 1387 1391
2831 45 1388 1389 1392
2832 45 1388 1389 1393
2833 45 1388 1394 1397
2834 45 1388 1394 1398
2835 45 1395 1396 1399
2836 45 1395 1396 1400
2837 45 1410 1411 1415
2838 45 1410 1411 1416
2839 45 1410 1417 1420
2840 45 1410 1417 1421
2841 45 1418 1419 1422
2842 45 1418 1419 1423
2843 45 1418 1424 1427
2844 45 1418 1424 1428
2845 45 1425 1426 1429
2846 45 1425 1426 1430
2847 45 1425 1431 1434
2848 45 1425 1431 1435
2849 45 1432 1433 1436
2850 45 1432 1433 1437
2851 45 1432 1438 1441
2852 45 1432 1438 1442
2853 45 1439 1440 1443
2854 45 1439 1440 1444
2855 45 1439 1445 1448
2856 45 1439 1445 1449
2857 45 1446 1447 1450
2858 45 1446 1447 1451
2859 45 1446 1452 1455
2860 45 1446 1452 1456
2861 45 1453 1454 1457
2862 45 1453 1454 1458
2863 45 1453 1459 1462
2864 45 1453 1459 1463
2865 45 1460 1461 1464
2866 45 1460 1461 1465
2867 45 1460 1466 1469
2868 45 1460 1466 1470
2869 45 1467 1468 1471
2870 45 1467 1468 1472
2871 45 1467 1473 1476
2872 45 1467 1473 1477
2873 45 1474 1475 1478
2874 45 1474 1475 1479
2875 45 1474 1480 1483
2876 45 1474 1480 1484
2877 45 1481 1482 1485
2878 45 1481 1482 1486
2879 45 1481 1487 1490
2880 45 1481 1487 1491
2881 45 1488 1489 1492
2882 45 1488 1489 1493
2883 45 1488 1494 1497
2884 45 1488 1494 1498
2885 45 1495 1496 1499
2886 45 1495 1496 1500
2887 45 1495 1501 1504
2888 45 1495 1501 1505
2889 45 1502 1503 1506
2890 45 1502 1503 1507
2891 45 1502 1508 1511
2892 45 1502 1508 1512
2893 45 1509 1510 1513
2894 45 1509 1510 1514
2895 45 1509 1515 1518
2896 45 1509 1515 1519
2897 45 1516 1517 1520
2898 45 1516 1517 1521
2899 45 1516 1522 1525
2900 45 1516 1522 1526
2901 45 1523 1524 1527
2902 45 1523 1524 1528
2903 45 1523 1529 1532
2904 45 1523 1529 1533
2905 45 1530 1531 1534
2906 45 1530 1531 1535
2907 45 1530 1536 1539
2908 45 1530 1536 1540
2909 45 1537 1538 1541
2910 45 1537 1538 1542
2911 45 1537 1543 1546
2912 45 1537 1543 1547
2913 45 1544 1545 1548
2914 45 1544 1545 1549
2915 45 1544 1550 1553
2916 45 1544 1550 1554
2917 45 1551 1552 1555
2918 45 1551 1552 1556
2919 45 1551 1557 1560
2920 45 1551 1557 1561
2921 45 1558 1559 1562
2922 45 1558 1559 1563
2923 45 1558 1564 1567
2924 45 1558 1564 1568
2925 45 1565 1566 1569
2926 45 1565 1566 1570
2927 45 1565 1571 1574
2928 45 1565 1571 1575
2929 45 1572 1573 1576
2930 45 1572 1573 1577
2931 45 1572 1578 1581
2932 45 1572 1578 1582
2933 45 1579 1580 1583
2934 45 1579 1580 1584
2935 45 1579 1585 1588
2936 45 1579 1585 1589
2937 45 1586 1587 1590
2938 45 1586 1587 1591
2939 45 1586 1592 1595
2940 45 1586 1592 1596
2941 45 1593 1594 1597
2942 45 1593 1594 1598
2943 45 1593 1599 1602
2944 45 1593 1599 1603
2945 45 1600 1601 1604
2946 45 1600 1601 1605
2947 45 1600 1606 1609
2948 45 1600 1606 1610
2949 45 1607 1608 1611
2950 45 1607 1608 1612
2951 45 1607 1613 1616
2952 45 1607 1613 1617
2953 45 1614 1615 1618
2954 45 1614 1615 1619
2955 45 1614 1620 1623
2956 45 1614 1620 1624
2957 45 1621 1622 1625
2958 45 1621 1622 1626
2959 45 1621 1627 1630
2960 45 1621 1627 1631
2961 45 1628 1629 1632
2962 45 1628 1629 1633
2963 45 1628 1634 1637
2964 45 1628 1634 1638
2965 45 1635 1636 1639
2966 45 1635 1636 1640
2967 45 1635 1641 1644
2968 45 1635 1641 1645
2969 45 1642 1643 1646
2970 45 1642 1643 1647
2971 45 1642 1648 1651
2972 45 1642 1648 1652
2973 45 1649 1650 1653
2974 45 1649 1650 1654
2975 45 1649 1655 1658
2976 45 1649 1655 1659
2977 45 1656 1657 1660
2978 45 1656 1657 1661
2979 45 1656 1662 1665
2980 45 1656 1662 1666
2981 45 1663 1664 1667
2982 45 1663 1664 1668
2983 45 1663 1669 1672
2984 45 1663 1669 1673
2985 45 1670 1671 1674
2986 45 1670 1671 1675
2987 45 1670 1676 1679
2988 45 1670 1676 1680
2989 45 1677 1678 1681
2990 45 1677 1678 1682
2991 45 1677 1683 1686
2992 45 1677 1683 1687
2993 45 1684 1685 1688
2994 45 1684 1685 1689
2995 45 1684 1690 1693
2996 45 1684 1690 1694
2997 45 1691 1692 1695
2998 45 1691 1692 1696
2999 45 1691 1697 1700
3000 45 1691 1697 1701
3001 45 1698 1699 1702
3002 45 1698 1699 1703
3003 45 1698 1704 1707
3004 45 1698 1704 1708
3005 45 1705 1706 1709
3006 45 1705 1706 1710
3007 45 1705 1711 1714
3008 45 1705 1711 1715
3009 45 1712 1713 1716
3010 45 1712 1713 1717
3011 45 1712 1718 1721
3012 45 1712 1718 1722
3013 45 1719 1720 1723
3014 45 1719 1720 1724
3015 45 1719 1725 1728
3016 45 1719 1725 1729
3017 45 1726 1727 1730
3018 45 1726 1727 1731
3019 45 1726 1732 1735
3020 45 1726 1732 1736
3021 45 1733 1734 1737
3022 45 1733 1734 1738
3023 45 1733 1739 1742
3024 45 1733 1739 1743
3025 45 1740 1741 1744
3026 45 1740 1741 1745
3027 45 1740 1746 1749
3028 45 1740 1746 1750
3029 45 1747 1748 1751
3030 45 1747 1748 1752
3031 45 1762 1763 1767
3032 45 1762 1763 1768
3033 45 1762 1769 1772
3034 45 1762 1769 1773
3035 45 1770 1771 1774
3036 45 1770 1771 1775
3037 45 1770 1776 1779
3038 45 1770 1776 1780
3039 45 1777 1778 1781
3040 45 1777 1778 1782
3041 45 1777 1783 1786
3042 45 1777 1783 1787
3043 45 1784 1785 1788
3044 45 1784 1785 1789
3045 45 1784 1790 1793
3046 45 1784 1790 1794
3047 45 1791 1792 1795
3048 45 1791 1792 1796
3049 45 1791 1797 1800
3050 45 1791 1797 1801
3051 45 1798 1799 1802
3052 45 1798 1799 1803
3053 45 1798 1804 1807
3054 45 1798 1804 1808
3055 45 1805 1806 1809
3056 45 1805 1806 1810
3057 45 1805 1811 1814
3058 45 1805 1811 1815
3059 45 1812 1813 1816
3060 45 1812 1813 1817
3061 45 1812 1818 1821
3062 45 1812 1818 1822
3063 45 1819 1820 1823
3064 45 1819 1820 1824
3065 45 1819 1825 1828
3066 45 1819 1825 1829
3067 45 1826 1827 1830
3068 45 1826 1827 1831
3069 45 1826 1832 1835
3070 45 1826 1832 1836
3071 45 1833 1834 1837
3072 45 1833 1834 1838
3073 45 1833 1839 1842
3074 45 1833 1839 1843
3075 45 1840 1841 1844
3076 45 1840 1841 1845
3077 45 1840 1846 1849
3078 45 1840 1846 1850
3079 45 1847 1848 1851
3080 45 1847 1848 1852
3081 45 1847 1853 1856
3082 45 1847 1853 1857
3083 45 1854 1855 1858
3084 45 1854 1855 1859
3085 45 1854 1860 1863
3086 45 1854 1860 1864
3087 45 1861 1862 1865
3088 45 1861 1862 1866
3089 45 1861 1867 1870
3090 45 1861 1867 1871
3091 45 1868 1869 1872
3092 45 1868 1869 1873
3093 45 1868 1874 1877
3094 45 1868 1874 1878
3095 45 1875 1876 1879
3096 45 1875 1876 1880
3097 45 1875 1881 1884
3098 45 1875 1881 1885
3099 45 1882 1883 1886
3100 45 1882 1883 1887
3101 45 1882 1888 1891
3102 45 1882 1888 1892
3103 45 1889 1890 1893
3104 45 1889 1890 1894
3105 45 1889 1895 1898
3106 45 1889 1895 1899
3107 45 1896 1897 1900
3108 45 1896 1897 1901
3109 45 1896 1902 1905
3110 45 1896 1902 1906
3111 45 1903 1904 1907
3112 45 1903 1904 1908
3113 45 1903 1909 1912
3114 45 1903 1909 1913
3115 45 1910 1911 1914
3116 45 1910 1911 1915
3117 45 1910 1916 1919
3118 45 1910 1916 1920
3119 45 1917 1918 1921
3120 45 1917 1918 1922
3121 45 1917 1923 1926
3122 45 1917 1923 1927
3123 45 1924 1925 1928
3124 45 1924 1925 1929
3125 45 1924 1930 1933
3126 45 1924 1930 1934
3127 45 1931 1932 1935
3128 45 1931 1932 1936
3129 45 1931 1937 1940
3130 45 1931 1937 1941
3131 45 1938 1939 1942
3132 45 1938 1939 1943
3133 45 1938 1944 1947
3134 45 1938 1944 1948
3135 45 1945 1946 1949
3136 45 1945 1946 1950
3137 45 1945 1951 1954
3138 45 1945 1951 1955
3139 45 1952 1953 1956
3140 45 1952 1953 1957
3141 45 1952 1958 1961
3142 45 1952 1958 1962
3143 45 1959 1960 1963
3144 45 1959 1960 1964
3145 45 1959 1965 1968
3146 45 1959 1965 1969
3147 45 1966 1967 1970
3148 45 1966 1967 1971
3149 45 1966 1972 1975
3150 45 1966 1972 1976
3151 45 1973 1974 1977
3152 45 1973 1974 1978
3153 45 1973 1979 1982
3154 45 1973 1979 1983
3155 45 1980 1981 1984
3156 45 1980 1981 1985
3157 45 1980 1986 1989
3158 45 1980 1986 1990
3159 45 1987 1988 1991
3160 45 1987 1988 1992
3161 45 1987 1993 1996
3162 45 1987 1993 1997
3163 45 1994 1995 1998
3164 45 1994 1995 1999
3165 45 1994 2000 2003
3166 45 1994 2000 2004
3167 45 2001 2002 2005
3168 45 2001 2002 2006
3169 45 2001 2007 2010
3170 45 2001 2007 2011
3171 45 2008 2009 2012
3172 45 2008 2009 2013
3173 45 2008 2014 2017
3174 45 2008 2014 2018
3175 45 2015 2016 2019
3176 45 2015 2016 2020
3177 45 2015 2021 2024
3178 45 2015 2021 2025
3179 45 2022 2023 2026
3180 45 2022 2023 2027
3181 45 2022 2028 2031
3182 45 2022 2028 2032
3183 45 2029 2030 2033
3184 45 2029 2030 2034
3185 45 2029 2035 2038
3186 45 2029 2035 2039
3187 45 2036 2037 2040
3188 45 2036 2037 2041
3189 45 2036 2042 2045
3190 45 2036 2042 2046
3191 45 2043 2044 2047
3192 45 2043 2044 2048
3193 45 2043 2049 2052
3194 45 2043 2049 2053
3195 45 2050 2051 2054
3196 45 2050 2051 2055
3197 45 2050 2056 2059
3198 45 2050 2056 2060
3199 45 2057 2058 2061
3200 45 2057 2058 2062
3201 45 2057 2063 2066
3202 45 2057 2063 2067
3203 45 2064 2065 2068
3204 45 2064 2065 2069
3205 45 2064 2070 2073
3206 45 2064 2070 2074
3207 45 2071 2072 2075
3208 45 2071 2072 2076
3209 45 2071 2077 2080
3210 45 2071 2077 2081
3211 45 2078 2079 2082
3212 45 2078 2079 2083
3213 45 2078 2084 2087
3214 45 2078 2084 2088
3215 45 2085 2086 2089
3216 45 2085 2086 2090
3217 45 2085 2091 2094
3218 45 2085 2091 2095
3219 45 2092 2093 2096
3220 45 2092 2093 2097
3221 45 2092 2098 2101
3222 45 2092 2098 2102
3223 45 2099 2100 2103
3224 45 2099 2100 2104
3225 45 2114 2115 2119
3226 45 2114 2115 2120
3227 45 2114 2121 2124
3228 45 2114 2121 2125
3229 45 2122 2123 2126
3230 45 2122 2123 2127
3231 45 2122 2128 2131
3232 45 2122 2128 2132
3233 45 2129 2130 2133
3234 45 2129 2130 2134
3235 45 2129 2135 2138
3236 45 2129 2135 2139
3237 45 2136 2137 2140
3238 45 2136 2137 2141
3239 45 2136 2142 2145
3240 45 2136 2142 2146
3241 45 2143 2144 2147
3242 45 2143 2144 2148
3243 45 2143 2149 2152
3244 45 2143 2149 2153
3245 45 2150 2151 2154
3246 45 2150 2151 2155
3247 45 2150 2156 2159
3248 45 2150 2156 2160
3249 45 2157 2158 2161
3250 45 2157 2158 2162
3251 45 2157 2163 2166
3252 45 2157 2163 2167
3253 45 2164 2165 2168
3254 45 2164 2165 2169
3255 45 2164 2170 2173
3256 45 2164 2170 2174
3257 45 2171 2172 2175
3258 45 2171 2172 2176
3259 45 2171 2177 2180
3260 45 2171 2177 2181
3261 45 2178 2179 2182
3262 45 2178 2179 2183
3263 45 2178 2184 2187
3264 45 2178 2184 2188
3265 45 2185 2186 2189
3266 45 2185 2186 2190
3267 45 2185 2191 2194
3268 45 2185 2191 2195
3269 45 2192 2193 2196
3270 45 2192 2193 2197
3271 45 2192 2198 2201
3272 45 2192 2198 2202
3273 45 2199 2200 2203
3274 45 2199 2200 2204
3275 45 2199 2205 2208
3276 45 2199 2205 2209
3277 45 2206 2207 2210
3278 45 2206 2207 2211
3279 45 2206 2212 2215
3280 45 2206 2212 2216
3281 45 2213 2214 2217
3282 45 2213 2214 2218
3283 45 2213 2219 2222
3284 45 2213 2219 2223
3285 45 2220 2221 2224
3286 45 2220 2221 2225
3287 45 2220 2226 2229
3288 45 2220 2226 2230
3289 45 2227 2228 2231
3290 45 2227 2228 2232
3291 45 2227 2233 2236
3292 45 2227 2233 2237
3293 45 2234 2235 2238
3294 45 2234 2235 2239
3295 45 2234 2240 2243
3296 45 2234 2240 2244
3297 45 2241 2242 2245
3298 45 2241 2242 2246
3299 45 2241 2247 2250
3300 45 2241 2247 2251
3301 45 2248 2249 2252
3302 45 2248 2249 2253
3303 45 2248 2254 2257
3304 45 2248 2254 2258
3305 45 2255 2256 2259
3306 45 2255 2256 2260
3307 45 2255 2261 2264
3308 45 2255 2261 2265
3309 45 2262 2263 2266
3310 45 2262 2263 2267
3311 45 2262 2268 2271
3312 45 2262 2268 2272
3313 45 2269 2270 2273
3314 45 2269 2270 2274
3315 45 2269 2275 2278
3316 45 2269 2275 2279
3317 45 2276 2277 2280
3318 45 2276 2277 2281
3319 45 2276 2282 2285
3320 45 2276 2282 2286
3321 45 2283 2284 2287
3322 45 2283 2284 2288
3323 45 2283 2289 2292
3324 45 2283 2289 2293
3325 45 2290 2291 2294
3326 45 2290 2291 2295
3327 45 2290 2296 2299
3328 45 2290 2296 2300
3329 45 2297 2298 2301
3330 45 2297 2298 2302
3331 45 2297 2303 2306
3332 45 2297 2303 2307
3333 45 2304 2305 2308
3334 45 2304 2305 2309
3335 45 2304 2310 2313
3336 45 2304 2310 2314
3337 45 2311 2312 2315
3338 45 2311 2312 2316
3339 45 2311 2317 2320
3340 45 2311 2317 2321
3341 45 2318 2319 2322
3342 45 2318 2319 2323
3343 45 2318 2324 2327
3344 45 2318 2324 2328
3345 45 2325 2326 2329
3346 45 2325 2326 2330
3347 45 2325 2331 2334
3348 45 2325 2331 2335
3349 45 2332 2333 2336
3350 45 2332 2333 2337
3351 45 2332 2338 2341
3352 45 2332 2338 2342
3353 45 2339 2340 2343
3354 45 2339 2340 2344
3355 45 2339 2345 2348
3356 45 2339 2345 2349
3357 45 2346 2347 2350
3358 45 2346 2347 2351
3359 45 2346 2352 2355
3360 45 2346 2352 2356
3361 45 2353 2354 2357
3362 45 2353 2354 2358
3363 45 2353 2359 2362
3364 45 2353 2359 2363
3365 45 2360 2361 2364
3366 45 2360 2361 2365
3367 45 2360 2366 2369
3368 45 2360 2366 2370
3369 45 2367 2368 2371
3370 45 2367 2368 2372
3371 45 2367 2373 2376
3372 45 2367 2373 2377
3373 45 2374 2375 2378
3374 45 2374 2375 2379
3375 45 2374 2380 2383
3376 45 2374 2380 2384
3377 45 2381 2382 2385
3378 45 2381 2382 2386
3379 45 2381 2387 2390
3380 45 2381 2387 2391
3381 45 2388 2389 2392
3382 45 2388 2389 2393
3383 45 2388 2394 2397
3384 45 2388 2394 2398
3385 45 2395 2396 2399
3386 45 2395 2396 2400
3387 45 2395 2401 2404
3388 45 2395 2401 2405
3389 45 2402 2403 2406
3390 45 2402 2403 2407
3391 45 2402 2408 2411
3392 45 2402 2408 2412
3393 45 2409 2410 2413
3394 45 2409 2410 2414
3395 45 2409 2415 2418
3396 45 2409 2415 2419
3397 45 2416 2417 2420
3398 45 2416 2417 2421
3399 45 2416 2422 2425
3400 45 2416 2422 2426
3401 45 2423 2424 2427
3402 45 2423 2424 2428
3403 45 2423 2429 2432
3404 45 2423 2429 2433
3405 45 2430 2431 2434
3406 45 2430 2431 2435
3407 45 2430 2436 2439
3408 45 2430 2436 2440
3409 45 2437 2438 2441
3410 45 2437 2438 2442
3411 45 2437 2443 2446
3412 45 2437 2443 2447
3413 45 2444 2445 2448
3414 45 2444 2445 2449
3415 45 2444 2450 2453
3416 45 2444 2450 2454
3417 45 2451 2452 2455
3418 45 2451 2452 2456
3419 45 2466 2467 2471
3420 45 2466 2467 2472
3421 45 2466 2473 2476
3422 45 2466 2473 2477
3423 45 2474 2475 2478
3424 45 2474 2475 2479
3425 45 2474 2480 2483
3426 45 2474 2480 2484
3427 45 2481 2482 2485
3428 45 2481 2482 2486
3429 45 2481 2487 2490
3430 45 2481 2487 2491
3431 45 2488 2489 2492
3432 45 2488 2489 2493
3433 45 2488 2494 2497
3434 45 2488 2494 2498
3435 45 2495 2496 2499
3436 45 2495 2496 2500
3437 45 2495 2501 2504
3438 45 2495 2501 2505
3439 45 2502 2503 2506
3440 45 2502 2503 2507
3441 45 2502 2508 2511
3442 45 2502 2508 2512
3443 45 2509 2510 2513
3444 45 2509 2510 2514
3445 45 2509 2515 2518
3446 45 2509 2515 2519
3447 45 2516 2517 2520
3448 45 2516 2517 2521
3449 45 2516 2522 2525
3450 45 2516 2522 2526
3451 45 2523 2524 2527
3452 45 2523 2524 2528
3453 45 2523 2529 2532
3454 45 2523 2529 2533
3455 45 2530 2531 2534
3456 45 2530 2531 2535
3457 45 2530 2536 2539
3458 45 2530 2536 2540
3459 45 2537 2538 2541
3460 45 2537 2538 2542
3461 45 2537 2543 2546
3462 45 2537 2543 2547
3463 45 2544 2545 2548
3464 45 2544 2545 2549
3465 45 2544 2550 2553
3466 45 2544 2550 2554
3467 45 2551 2552 2555
3468 45 2551 2552 2556
3469 45 2551 2557 2560
3470 45 2551 2557 2561
3471 45 2558 2559 2562
3472 45 2558 2559 2563
3473 45 2558 2564 2567
3474 45 2558 2564 2568
3475 45 2565 2566 2569
3476 45 2565 2566 2570
3477 45 2565 2571 2574
3478 45 2565 2571 2575
3479 45 2572 2573 2576
3480 45 2572 2573 2577
3481 45 2572 2578 2581
3482 45 2572 2578 2582
3483 45 2579 2580 2583
3484 45 2579 2580 2584
3485 45 2579 2585 2588
3486 45 2579 2585 2589
3487 45 2586 2587 2590
3488 45 2586 2587 2591
3489 45 2586 2592 2595
3490 45 2586 2592 2596
3491 45 2593 2594 2597
3492 45 2593 2594 2598
3493 45 2593 2599 2602
3494 45 2593 2599 2603
3495 45 2600 2601 2604
3496 45 2600 2601 2605
3497 45 2600 2606 2609
3498 45 2600 2606 2610
3499 45 2607 2608 2611
3500 45 2607 2608 2612
3501 45 2607 2613 2616
3502 45 2607 2613 2617
3503 45 2614 2615 2618
3504 45 2614 2615 2619
3505 45 2614 2620 2623
3506 45 2614 2620 2624
3507 45 2621 2622 2625
3508 45 2621 2622 2626
3509 45 2621 2627 2630
3510 45 2621 2627 2631
3511 45 2628 2629 2632
3512 45 2628 2629 2633
3513 45 2628 2634 2637
3514 45 2628 2634 2638
3515 45 2635 2636 2639
3516 45 2635 2636 2640
3517 45 2635 2641 2644
3518 45 2635 2641 2645
3519 45 2642 2643 2646
3520 45 2642 2643 2647
3521 45 2642 2648 2651
3522 45 2642 2648 2652
3523 45 2649 2650 2653
3524 45 2649 2650 2654
3525 45 2649 2655 2658
3526 45 2649 2655 2659
3527 45 2656 2657 2660
3528 45 2656 2657 2661
3529 45 2656 2662 2665
3530 45 2656 2662 2666
3531 45 2663 2664 2667
3532 45 2663 2664 2668
3533 45 2663 2669 2672
3534 45 2663 2669 2673
3535 45 2670 2671 2674
3536 45 2670 2671 2675
3537 45 2670 2676 2679
3538 45 2670 2676 2680
3539 45 2677 2678 2681
3540 45 2677 2678 2682
3541 45 2677 2683 2686
3542 45 2677 2683 2687
3543 45 2684 2685 2688
3544 45 2684 2685 2689
3545 45 2684 2690 2693
3546 45 2684 2690 2694
3547 45 2691 2692 2695
3548 45 2691 2692 2696
3549 45 2691 2697 2700
3550 45 2691 2697 2701
3551 45 2698 2699 2702
3552 45 2698 2699 2703
3553 45 2698 2704 2707
3554 45 2698 2704 2708
3555 45 2705 2706 2709
3556 45 2705 2706 2710
3557 45 2705 2711 2714
3558 45 2705 2711 2715
3559 45 2712 2713 2716
3560 45 2712 2713 2717
3561 45 2712 2718 2721
3562 45 2712 2718 2722
3563 45 2719 2720 2723
3564 45 2719 2720 2724
3565 45 2719 2725 2728
3566 45 2719 2725 2729
3567 45 2726 2727 2730
3568 45 2726 2727 2731
3569 45 2726 2732 2735
3570 45 2726 2732 2736
3571 45 2733 2734 2737
3572 45 2733 2734 2738
3573 45 2733 2739 2742
3574 45 2733 2739 2743
3575 45 2740 2741 2744
3576 45 2740 2741 2745
3577 45 2740 2746 2749
3578 45 2740 2746 2750
3579 45 2747 2748 2751
3580 45 2747 2748 2752
3581 45 2747 2753 2756
3582 45 2747 2753 2757
3583 45 2754 2755 2758
3584 45 2754 2755 2759
3585 45 2754 2760 2763
3586 45 2754 2760 2764
3587 45 2761 2762 2765
3588 45 2761 2762 2766
3589 45 2761 2767 2770
3590 45 2761 2767 2771
3591 45 2768 2769 2772
3592 45 2768 2769 2773
3593 45 2768 2774 2777
3594 45 2768 2774 2778
3595 45 2775 2776 2779
3596 45 2775 2776 2780
3597 45 2775 2781 2784
3598 45 2775 2781 2785
3599 45 2782 2783 2786
3600 45 2782 2783 2787
3601 45 2782 2788 2791
3602 45 2782 2788 2792
3603 45 2789 2790 2793
3604 45 2789 2790 2794
3605 45 2789 2795 2798
3606 45 2789 2795 2799
3607 45 2796 2797 2800
3608 45 2796 2797 2801
3609 45 2796 2802 2805
3610 45 2796 2802 2806
3611 45 2803 2804 2807
3612 45 2803 2804 2808
3613 45 2818 2819 2823
3614 45 2818 2819 2824
3615 45 2818 2825 2828
3616 45 2818 2825 2829
3617 45 2826 2827 2830
3618 45 2826 2827 2831
3619 45 2826 2832 2835
3620 45 2826 2832 2836
3621 45 2833 2834 2837
3622 45 2833 2834 2838
3623 45 2833 2839 2842
3624 45 2833 2839 2843
3625 45 2840 2841 2844
3626 45 2840 2841 2845
3627 45 2840 2846 2849
3628 45 2840 2846 2850
3629 45 2847 2848 2851
3630 45 2847 2848 2852
3631 45 2847 2853 2856
3632 45 2847 2853 2857
3633 45 2854 2855 2858
3634 45 2854 2855 2859
3635 45 2854 2860 2863
3636 45 2854 2860 2864
3637 45 2861 2862 2865
3638 45 2861 2862 2866
3639 45 2861 2867 2870
3640 45 2861 2867 2871
3641 45 2868 2869 2872
3642 45 2868 2869 2873
3643 45 2868 2874 2877
3644 45 2868 2874 2878
3645 45 2875 2876 2879
3646 45 2875 2876 2880
3647 45 2875 2881 2884
3648 45 2875 2881 2885
3649 45 2882 2883 2886
3650 45 2882 2883 2887
3651 45 2882 2888 2891
3652 45 2882 2888 2892
3653 45 2889 2890 2893
3654 45 2889 2890 2894
3655 45 2889 2895 2898
3656 45 2889 2895 2899
3657 45 2896 2897 2900
3658 45 2896 2897 2901
3659 45 2896 2902 2905
3660 45 2896 2902 2906
3661 45 2903 2904 2907
3662 45 2903 2904 2908
3663 45 2903 2909 2912
3664 45 2903 2909 2913
3665 45 2910 2911 2914
3666 45 2910 2911 2915
3667 45 2910 2916 2919
3668 45 2910 2916 2920
3669 45 2917 2918 2921
3670 45 2917 2918 2922
3671 45 2917 2923 2926
3672 45 2917 2923 2927
3673 45 2924 2925 2928
3674 45 2924 2925 2929
3675 45 2924 2930 2933
3676 45 2924 2930 2934
3677 45 2931 2932 2935
3678 45 2931 2932 2936
3679 45 2931 2937 2940
3680 45 2931 2937 2941
3681 45 2938 2939 2942
3682 45 2938 2939 2943
3683 45 2938 2944 2947
3684 45 2938 2944 2948
3685 45 2945 2946 2949
3686 45 2945 2946 2950
3687 45 2945 2951 2954
3688 45 2945 2951 2955
3689 45 2952 2953 2956
3690 45 2952 2953 2957
3691 45 2952 2958 2961
3692 45 2952 2958 2962
3693 45 2959 2960 2963
3694 45 2959 2960 2964
3695 45 2959 2965 2968
3696 45 2959 2965 2969
3697 45 2966 2967 2970
3698 45 2966 2967 2971
3699 45 2966 2972 2975
3700 45 2966 2972 2976
3701 45 2973 2974 2977
3702 45 2973 2974 2978
3703 45 2973 2979 2982
3704 45 2973 2979 2983
3705 45 2980 2981 2984
3706 45 2980 2981 2985
3707 45 2980 2986 2989
3708 45 2980 2986 2990
3709 45 2987 2988 2991
3710 45 2987 2988 2992
3711 45 2987 2993 2996
3712 45 2987 2993 2997
3713 45 2994 2995 2998
3714 45 2994 2995 2999
3715 45 2994 3000 3003
3716 45 2994 3000 3004
3717 45 3001 3002 3005
3718 45 3001 3002 3006
3719 45 3001 3007 3010
3720 45 3001 3007 3011
3721 45 3008 3009 3012
3722 45 3008 3009 3013
3723 45 3008 3014 3017
3724 45 3008 3014 3018
3725 45 3015 3016 3019
3726 45 3015 3016 3020
3727 45 3015 3021 3024
3728 45 3015 3021 3025
3729 45 3022 3023 3026
3730 45 3022 3023 3027
3731 45 3022 3028 3031
3732 45 3022 3028 3032
3733 45 3029 3030 3033
3734 45 3029 3030 3034
3735 45 3029 3035 3038
3736 45 3029 3035 3039
3737 45 3036 3037 3040
3738 45 3036 3037 3041
3739 45 3036 3042 3045
3740 45 3036 3042 3046
3741 45 3043 3044 3047
3742 45 3043 3044 3048
3743 45 3043 3049 3052
3744 45 3043 3049 3053
3745 45 3050 3051 3054
3746 45 3050 3051 3055
3747 45 3050 3056 3059
3748 45 3050 3056 3060
3749 45 3057 3058 3061
3750 45 3057 3058 3062
3751 45 3057 3063 3066
3752 45 3057 3063 3067
3753 45 3064 3065 3068
3754 45 3064 3065 3069
3755 45 3064 3070 3073
3756 45 3064 3070 3074
3757 45 3071 3072 3075
3758 45 3071 3072 3076
3759 45 3071 3077 3080
3760 45 3071 3077 3081
3761 45 3078 3079 3082
3762 45 3078 3079 3083
3763 45 3078 3084 3087
3764 45 3078 3084 3088
3765 45 3085 3086 3089
3766 45 3085 3086 3090
3767 45 3085 3091 3094
3768 45 3085 3091 3095
3769 45 3092 3093 3096
3770 45 3092 3093 3097
3771 45 3092 3098 3101
3772 45 3092 3098 3102
3773 45 3099 3100 3103
3774 45 3099 3100 3104
3775 45 3099 3105 3108
3776 45 3099 3105 3109
3777 45 3106 3107 3110
3778 45 3106 3107 3111
3779 45 3106 3112 3115
3780 45 3106 3112 3116
3781 45 3113 3114 3117
3782 45 3113 3114 3118
3783 45 3113 3119 3122
3784 45 3113 3119 3123
3785 45 3120 3121 3124
3786 45 3120 3121 3125
3787 45 3120 3126 3129
3788 45 3120 3126 3130
3789 45 3127 3128 3131
3790 45 3127 3128 3132
3791 45 3127 3133 3136
3792 45 3127 3133 3137
3793 45 3134 3135 3138
3794 45 3134 3135 3139
3795 45 3134 3140 3143
3796 45 3134 3140 3144
3797 45 3141 3142 3145
3798 45 3141 3142 3146
3799 45 3141 3147 3150
3800 45 3141 3147 3151
3801 45 3148 3149 3152
3802 45 3148 3149 3153
3803 45 3148 3154 3157
3804 45 3148 3154 3158
3805 45 3155 3156 3159
3806 45 3155 3156 3160
3807 45 3170 3171 3175
3808 45 3170 3171 3176
3809 45 3170 3177 3180
3810 45 3170 3177 3181
3811 45 3178 3179 3182
3812 45 3178 3179 3183
3813 45 3178 3184 3187
3814 45 3178 3184 3188
3815 45 3185 3186 3189
3816 45 3185 3186 3190
3817 45 3185 3191 3194
3818 45 3185 3191 3195
3819 45 3192 3193 3196
3820 45 3192 3193 3197
3821 45 3192 3198 3201
3822 45 3192 3198 3202
3823 45 3199 3200 3203
3824 45 3199 3200 3204
3825 45 3199 3205 3208
3826 45 3199 3205 3209
3827 45 3206 3207 3210
3828 45 3206 3207 3211
3829 45 3206 3212 3215
3830 45 3206 3212 3216
3831 45 3213 3214 3217
3832 45 3213 3214 3218
3833 45 3213 3219 3222
3834 45 3213 3219 3223
3835 45 3220 3221 3224
3836 45 3220 3221 3225
3837 45 3220 3226 3229
3838 45 3220 3226 3230
3839 45 3227 3228 3231
3840 45 3227 3228 3232
3841 45 3227 3233 3236
3842 45 3227 3233 3237
3843 45 3234 3235 3238
3844 45 3234 3235 3239
3845 45 3234 3240 3243
3846 45 3234 3240 3244
3847 45 3241 3242 3245
3848 45 3241 3242 3246
3849 45 3241 3247 3250
3850 45 3241 3247 3251
3851 45 3248 3249 3252
3852 45 3248 3249 3253
3853 45 3248 3254 3257
3854 45 3248 3254 3258
3855 45 3255 3256 3259
3856 45 3255 3256 3260
3857 45 3255 3261 3264
3858 45 3255 3261 3265
3859 45 3262 3263 3266
3860 45 3262 3263 3267
3861 45 3262 3268 3271
3862 45 3262 3268 3272
3863 45 3269 3270 3273
3864 45 3269 3270 3274
3865 45 3269 3275 3278
3866 45 3269 3275 3279
3867 45 3276 3277 3280
3868 45 3276 3277 3281
3869 45 3276 3282 3285
3870 45 3276 3282 3286
3871 45 3283 3284 3287
3872 45 3283 3284 3288
3873 45 3283 3289 3292
3874 45 3283 3289 3293
3875 45 3290 3291 3294
3876 45 3290 3291 3295
3877 45 3290 3296 3299
3878 45 3290 3296 3300
3879 45 3297 3298 3301
3880 45 3297 3298 3302
3881 45 3297 3303 3306
3882 45 3297 3303 3307
3883 45 3304 3305 3308
3884 45 3304 3305 3309
3885 45 3304 3310 3313
3886 45 3304 3310 3314
3887 45 3311 3312 3315
3888 45 3311 3312 3316
3889 45 3311 3317 3320
3890 45 3311 3317 3321
3891 45 3318 3319 3322
3892 45 3318 3319 3323
3893 45 3318 3324 3327
3894 45 3318 3324 3328
3895 45 3325 3326 3329
3896 45 3325 3326 3330
3897 45 3325 3331 3334
3898 45 3325 3331 3335
3899 45 3332 3333 3336
3900 45 3332 3333 3337
3901 45 3332 3338 3341
3902 45 3332 3338 3342
3903 45 3339 3340 3343
3904 45 3339 3340 3344
3905 45 3339 3345 3348
3906 45 3339 3345 3349
3907 45 3346 3347 3350
3908 45 3346 3347 3351
3909 45 3346 3352 3355
3910 45 3346 3352 3356
3911 45 3353 3354 3357
3912 45 3353 3354 3358
3913 45 3353 3359 3362
3914 45 3353 3359 3363
3915 45 3360 3361 3364
3916 45 3360 3361 3365
3917 45 3360 3366 3369
3918 45 3360 3366 3370
3919 45 3367 3368 3371
3920 45 3367 3368 3372
3921 45 3367 3373 3376
3922 45 3367 3373 3377
3923 45 3374 3375 3378
3924 45 3374 3375 3379
3925 45 3374 3380 3383
3926 45 3374 3380 3384
3927 45 3381 3382 3385
3928 45 3381 3382 3386
3929 45 3381 3387 3390
3930 45 3381 3387 3391
3931 45 3388 3389 3392
3932 45 3388 3389 3393
3933 45 3388 3394 3397
3934 45 3388 3394 3398
3935 45 3395 3396 3399
3936 45 3395 3396 3400
3937 45 3395 3401 3404
3938 45 3395 3401 3405
3939 45 3402 3403 3406
3940 45 3402 3403 3407
3941 45 3402 3408 3411
3942 45 3402 3408 3412
3943 45 3409 3410 3413
3944 45 3409 3410 3414
3945 45 3409 3415 3418
3946 45 3409 3415 3419
3947 45 3416 3417 3420
3948 45 3416 3417 3421
3949 45 3416 3422 3425
3950 45 3416 3422 3426
3951 45 3423 3424 3427
3952 45 3423 3424 3428
3953 45 3423 3429 3432
3954 45 3423 3429 3433
3955 45 3430 3431 3434
3956 45 3430 3431 3435
3957 45 3430 3436 3439
3958 45 3430 3436 3440
3959 45 3437 3438 3441
3960 45 3437 3438 3442
3961 45 3437 3443 3446
3962 45 3437 3443 3447
3963 45 3444 3445 3448
3964 45 3444 3445 3449
3965 45 3444 3450 3453
3966 45 3444 3450 3454
3967 45 3451 3452 3455
3968 45 3451 3452 3456
3969 45 3451 3457 3460
3970 45 3451 3457 3461
3971 45 3458 3459 3462
3972 45 3458 3459 3463
3973 45 3458 3464 3467
3974 45 3458 3464 3468
3975 45 3465 3466 3469
3976 45 3465 3466 3470
3977 45 3465 3471 3474
3978 45 3465 3471 3475
3979 45 3472 3473 3476
3980 45 3472 3473 3477
3981 45 3472 3478 3481
3982 45 3472 3478 3482
3983 45 3479 3480 3483
3984 45 3479 3480 3484
3985 45 3479 3485 3488
3986 45 3479 3485 3489
3987 45 3486 3487 3490
3988 45 3486 3487 3491
3989 45 3486 3492 3495
3990 45 3486 3492 3496
3991 45 3493 3494 3497
3992 45 3493 3494 3498
3993 45 3493 3499 3502
3994 45 3493 3499 3503
3995 45 3500 3501 3504
3996 45 3500 3501 3505
3997 45 3500 3506 3509
3998 45 3500 3506 3510
3999 45 3507 3508 3511
4000 45 3507 3508 3512
4001 51 1 3 7
4002 51 1 3 8
4003 51 353 355 359
4004 51 353 355 360
4005 51 705 707 711
4006 51 705 707 712
4007 51 1057 1059 1063
4008 51 1057 1059 1064
4009 51 1409 1411 1415
4010 51 1409 1411 1416
4011 51 1761 1763 1767
4012 51 1761 1763 1768
4013 51 2113 2115 2119
4014 51 2113 2115 2120
4015 51 2465 2467 2471
4016 51 2465 2467 2472
4017 51 2817 2819 2823
4018 51 2817 2819 2824
4019 51 3169 3171 3175
4020 51 3169 3171 3176
4021 56 346 345 348
4022 56 346 345 349
4023 56 698 697 700
4024 56 698 697 701
4025 56 1050 1049 1052
4026 56 1050 1049 1053
4027 56 1402 1401 1404
4028 56 1402 1401 1405
4029 56 1754 1753 1756
4030 56 1754 1753 1757
4031 56 2106 2105 2108
4032 56 2106 2105 2109
4033 56 2458 2457 2460
4034 56 2458 2457 2461
4035 56 2810 2809 2812
4036 56 2810 2809 2813
4037 56 3162 3161 3164
4038 56 3162 3161 3165
4039 56 3514 3513 3516
4040 56 3514 3513 3517
4041 58 3 1 4
4042 58 3 1 5
4043 58 3 1 6
4044 58 355 353 356
4045 58 355 353 357
4046 58 355 353 358
4047 58 707 705 708
4048 58 707 705 709
4049 58 707 705 710
4050 58 1059 1057 1060
4051 58 1059 1057 1061
4052 58 1059 1057 1062
4053 58 1411 1409 1412
4054 58 1411 1409 1413
4055 58 1411 1409 1414
4056 58 1763 1761 1764
4057 58 1763 1761 1765
4058 58 1763 1761 1766
4059 58 2115 2113 2116
4060 58 2115 2113 2117
4061 58 2115 2113 2118
4062 58 2467 2465 2468
4063 58 2467 2465 2469
4064 58 2467 2465 2470
4065 58 2819 2817 2820
4066 58 2819 2817 2821
4067 58 2819 2817 2822
4068 58 3171 3169 3172
4069 58 3171 3169 3173
4070 58 3171 3169 3174
4071 60 345 346 350
4072 60 345 346 351
4073 60 697 698 702
4074 60 697 698 703
4075 60 1049 1050 1054
4076 60 1049 1050 1055
4077 60 1401 1402 1406
4078 60 1401 1402 1407
4079 60 1753 1754 1758
4080 60 1753 1754 1759
4081 60 2105 2106 2110
4082 60 2105 2106 2111
4083 60 2457 2458 2462
4084 60 2457 2458 2463
4085 60 2809 2810 2814
4086 60 2809 2810 2815
4087 60 3161 3162 3166
4088 60 3161 3162 3167
4089 60 3513 3514 3518
4090 60 3513 3514 3519
4091 63 9 11 14
4092 63 9 11 15
4093 63 11 9 12
4094 63 11 9 13
4095 63 16 18 21
4096 63 16 18 22
4097 63 18 16 19
4098 63 18 16 20
4099 63 23 25 28
4100 63 23 25 29
4101 63 25 23 26
4102 63 25 23 27
4103 63 30 32 35
4104 63 30 32 36
4105 63 32 30 33
4106 63 32 30 34
4107 63 37 39 42
4108 63 37 39 43
4109 63 39 37 40
4110 63 39 37 41
4111 63 44 46 49
4112 63 44 46 50
4113 63 46 44 47
4114 63 46 44 48
4115 63 51 53 56
4116 63 51 53 57
4117 63 53 51 54
4118 63 53 51 55
4119 63 58 60 63
4120 63 58 60 64
4121 63 60 58 61
4122 63 60 58 62
4123 63 65 67 70
4124 63 65 67 71
4125 63 67 65 68
4126 63 67 65 69
4127 63 72 74 77
4128 63 72 74 78
4129 63 74 72 75
4130 63 74 72 76
4131 63 79 81 84
4132 63 79 81 85
4133 63 81 79 82
4134 63 81 79 83
4135 63 86 88 91
4136 63 86 88 92
4137 63 88 86 89
4138 63 88 86 90
4139 63 93 95 98
4140 63 93 95 99
4141 63 95 93 96
4142 63 95 93 97
4143 63 100 102 105
4144 63 100 102 106
4145 63 102 100 103
4146 63 102 100 104
4147 63 107 109 112
4148 63 107 109 113
4149 63 109 107 110
4150 63 109 107 111
4151 63 114 116 119
4152 63 114 116 120
4153 63 116 114 117
4154 63 116 114 118
4155 63 121 123 126
4156 63 121 123 127
4157 63 123 121 124
4158 63 123 121 125
4159 63 128 130 133
4160 63 128 130 134
4161 63 130 128 131
4162 63 130 128 132
4163 63 135 137 140
4164 63 135 137 141
4165 63 137 135 138
4166 63 137 135 139
4167 63 142 144 147
4168 63 142 144 148
4169 63 144 142 145
4170 63 144 142 146
4171 63 149 151 154
4172 63 149 151 155
4173 63 151 149 152
4174 63 151 149 153
4175 63 156 158 161
4176 63 156 158 162
4177 63 158 156 159
4178 63 158 156 160
4179 63 163 165 168
4180 63 163 165 169
4181 63 165 163 166
4182 63 165 163 167
4183 63 170 172 175
4184 63 170 172 176
4185 63 172 170 173
4186 63 172 170 174
4187 63 177 179 182
4188 63 177 179 183
4189 63 179 177 180
4190 63 179 177 181
4191 63 184 186 189
4192 63 184 186 190
4193 63 186 184 187
4194 63 186 184 188
4195 63 191 193 196
4196 63 191 193 197
4197 63 193 191 194
4198 63 193 191 195
4199 63 198 200 203
4200 63 198 200 204
4201 63 200 198 201
4202 63 200 198 202
4203 63 205 207 210
4204 63 205 207 211
4205 63 207 205 208
4206 63 207 205 209
4207 63 212 214 217
4208 63 212 214 218
4209 63 214 212 215
4210 63 214 212 216
4211 63 219 221 224
4212 63 219 221 225
4213 63 221 219 222
4214 63 221 219 223
4215 63 226 228 231
4216 63 226 228 232
4217 63 228 226 229
4218 63 228 226 230
4219 63 233 235 238
4220 63 233 235 239
4221 63 235 233 236
4222 63 235 233 237
4223 63 240 242 245
4224 63 240 242 246
4225 63 242 240 243
4226 63 242 240 244
4227 63 247 249 252
4228 63 247 249 253
4229 63 249 247 250
4230 63 249 247 251
4231 63 254 256 259
4232 63 254 256 260
4233 63 256 254 257
4234 63 256 254 258
4235 63 261 263 266
4236 63 261 263 267
4237 63 263 261 264
4238 63 263 261 265
4239 63 268 270 273
4240 63 268 270 274
4241 63 270 268 271
4242 63 270 268 272
4243 63 275 277 280
4244 63 275 277 281
4245 63 277 275 278
4246 63 277 275 279
4247 63 282 284 287
4248 63 282 284 288
4249 63 284 282 285
4250 63 284 282 286
4251 63 289 291 294
4252 63 289 291 295
4253 63 291 289 292
4254 63 291 289 293
4255 63 296 298 301
4256 63 296 298 302
4257 63 298 296 299
4258 63 298 296 300
4259 63 303 305 308
4260 63 303 305 309
4261 63 305 303 306
4262 63 305 303 307
4263 63 310 312 315
4264 63 310 312 316
4265 63 312 310 313
4266 63 312 310 314
4267 63 317 319 322
4268 63 317 319 323
4269 63 319 317 320
4270 63 319 317 321
4271 63 324 326 329
4272 63 324 326 330
4273 63 326 324 327
4274 63 326 324 328
4275 63 331 333 336
4276 63 331 333 337
4277 63 333 331 334
4278 63 333 331 335
4279 63 338 340 343
4280 63 338 340 344
4281 63 340 338 341
4282 63 340 338 342
4283 63 361 363 366
4284 63 361 363 367
4285 63 363 361 364
4286 63 363 361 365
4287 63 368 370 373
4288 63 368 370 374
4289 63 370 368 371
4290 63 370 368 372
4291 63 375 377 380
4292 63 375 377 381
4293 63 377 375 378
4294 63 377 375 379
4295 63 382 384 387
4296 63 382 384 388
4297 63 384 382 385
4298 63 384 382 386
4299 63 389 391 394
4300 63 389 391 395
4301 63 391 389 392
4302 63 391 389 393
4303 63 396 398 401
4304 63 396 398 402
4305 63 398 396 399
4306 63 398 396 400
4307 63 403 405 408
4308 63 403 405 409
4309 63 405 403 406
4310 63 405 403 407
4311 63 410 412 415
4312 63 410 412 416
4313 63 412 410 413
4314 63 412 410 414
4315 63 417 419 422
4316 63 417 419 423
4317 63 419 417 420
4318 63 419 417 421
4319 63 424 426 429
4320 63 424 426 430
4321 63 426 424 427
4322 63 426 424 428
4323 63 431 433 436
4324 63 431 433 437
4325 63 433 431 434
4326 63 433 431 435
4327 63 438 440 443
4328 63 438 440 444
4329 63 440 438 441
4330 63 440 438 442
4331 63 445 447 450
4332 63 445 447 451
4333 63 447 445 448
4334 63 447 445 449
4335 63 452 454 457
4336 63 452 454 458
4337 63 454 452 455
4338 63 454 452 456
4339 63 459 461 464
4340 63 459 461 465
4341 63 461 459 462
4342 63 461 459 463
4343 63 466 468 471
4344 63 466 468 472
4345 63 468 466 469
4346 63 468 466 470
4347 63 473 475 478
4348 63 473 475 479
4349 63 475 473 476
4350 63 475 473 477
4351 63 480 482 485
4352 63 480 482 486
4353 63 482 480 483
4354 63 482 480 484
4355 63 487 489 492
4356 63 487 489 493
4357 63 489 487 490
4358 63 489 487 491
4359 63 494 496 499
4360 63 494 496 500
4361 63 496 494 497
4362 63 496 494 498
4363 63 501 503 506
4364 63 501 503 507
4365 63 503 501 504
4366 63 503 501 505
4367 63 508 510 513
4368 63 508 510 514
4369 63 510 508 511
4370 63 510 508 512
4371 63 515 517 520
4372 63 515 517 521
4373 63 517 515 518
4374 63 517 515 519
4375 63 522 524 527
4376 63 522 524 528
4377 63 524 522 525
4378 63 524 522 526
4379 63 529 531 534
4380 63 529 531 535
4381 63 531 529 532
4382 63 531 529 533
4383 63 536 538 541
4384 63 536 538 542
4385 63 538 536 539
4386 63 538 536 540
4387 63 543 545 548
4388 63 543 545 549
4389 63 545 543 546
4390 63 545 543 547
4391 63 550 552 555
4392 63 550 552 556
4393 63 552 550 553
4394 63 552 550 554
4395 63 557 559 562
4396 63 557 559 563
4397 63 559 557 560
4398 63 559 557 561
4399 63 564 566 569
4400 63 564 566 570
4401 63 566 564 567
4402 63 566 564 568
4403 63 571 573 576
4404 63 571 573 577
4405 63 573 571 574
4406 63 573 571 575
4407 63 578 580 583
4408 63 578 580 584
4409 63 580 578 581
4410 63 580 578 582
4411 63 585 587 590
4412 63 585 587 591
4413 63 587 585 588
4414 63 587 585 589
4415 63 592 594 597
4416 63 592 594 598
4417 63 594 592 595
4418 63 594 592 596
4419 63 599 601 604
4420 63 599 601 605
4421 63 601 599 602
4422 63 601 599 603
4423 63 606 608 611
4424 63 606 608 612
4425 63 608 606 609
4426 63 608 606 610
4427 63 613 615 618
4428 63 613 615 619
4429 63 615 613 616
4430 63 615 613 617
4431 63 620 622 625
4432 63 620 622 626
4433 63 622 620 623
4434 63 622 620 624
4435 63 627 629 632
4436 63 627 629 633
4437 63 629 627 630
4438 63 629 627 631
4439 63 634 636 639
4440 63 634 636 640
4441 63 636 634 637
4442 63 636 634 638
4443 63 641 643 646
4444 63 641 643 647
4445 63 643 641 644
4446 63 643 641 645
4447 63 648 650 653
4448 63 648 650 654
4449 63 650 648 651
4450 63 650 648 652
4451 63 655 657 660
4452 63 655 657 661
4453 63 657 655 658
4454 63 657 655 659
4455 63 662 664 667
4456 63 662 664 668
4457 63 664 662 665
4458 63 664 662 666
4459 63 669 671 674
4460 63 669 671 675
4461 63 671 669 672
4462 63 671 669 673
4463 63 676 678 681
4464 63 676 678 682
4465 63 678 676 679
4466 63 678 676 680
4467 63 683 685 688
4468 63 683 685 689
4469 63 685 683 686
4470 63 685 683 687
4471 63 690 692 695
4472 63 690 692 696
4473 63 692 690 693
4474 63 692 690 694
4475 63 713 715 718
4476 63 713 715 719
4477 63 715 713 716
4478 63 715 713 717
4479 63 720 722 725
4480 63 720 722 726
4481 63 722 720 723
4482 63 722 720 724
4483 63 727 729 732
4484 63 727 729 733
4485 63 729 727 730
4486 63 729 727 731
4487 63 734 736 739
4488 63 734 736 740
4489 63 736 734 737
4490 63 736 734 738
4491 63 741 743 746
4492 63 741 743 747
4493 63 743 741 744
4494 63 743 741 745
4495 63 748 750 753
4496 63 748 750 754
4497 63 750 748 751
4498 63 750 748 752
4499 63 755 757 760
4500 63 755 757 761
4501 63 757 755 758
4502 63 757 755 759
4503 63 762 764 767
4504 63 762 764 768
4505 63 764 762 765
4506 63 764 762 766
4507 63 769 771 774
4508 63 769 771 775
4509 63 771 769 772
4510 63 771 769 773
4511 63 776 778 781
4512 63 776 778 782
4513 63 778 776 779
4514 63 778 776 780
4515 63 783 785 788
4516 63 783 785 789
4517 63 785 783 786
4518 63 785 783 787
4519 63 790 792 795
4520 63 790 792 796
4521 63 792 790 793
4522 63 792 790 794
4523 63 797 799 802
4524 63 797 799 803
4525 63 799 797 800
4526 63 799 797 801
4527 63 804 806 809
4528 63 804 806 810
4529 63 806 804 807
4530 63 806 804 808
4531 63 811 813 816
4532 63 811 813 817
4533 63 813 811 814
4534 63 813 811 815
4535 63 818 820 823
4536 63 818 820 824
4537 63 820 818 821
4538 63 820 818 822
4539 63 825 827 830
4540 63 825 827 831
4541 63 827 825 828
4542 63 827 825 829
4543 63 832 834 837
4544 63 832 834 838
4545 63 834 832 835
4546 63 834 832 836
4547 63 839 841 844
4548 63 839 841 845
4549 63 841 839 842
4550 63 841 839 843
4551 63 846 848 851
4552 63 846 848 852
4553 63 848 846 849
4554 63 848 846 850
4555 63 853 855 858
4556 63 853 855 859
4557 63 855 853 856
4558 63 855 853 857
4559 63 860 862 865
4560 63 860 862 866
4561 63 862 860 863
4562 63 862 860 864
4563 63 867 869 872
4564 63 867 869 873
4565 63 869 867 870
4566 63 869 867 871
4567 63 874 876 879
4568 63 874 876 880
4569 63 876 874 877
4570 63 876 874 878
4571 63 881 883 886
4572 63 881 883 887
4573 63 883 881 884
4574 63 883 881 885
4575 63 888 890 893
4576 63 888 890 894
4577 63 890 888 891
4578 63 890 888 892
4579 63 895 897 900
4580 63 895 897 901
4581 63 897 895 898
4582 63 897 895 899
4583 63 902 904 907
4584 63 902 904 908
4585 63 904 902 905
4586 63 904 902 906
4587 63 909 911 914
4588 63 909 911 915
4589 63 911 909 912
4590 63 911 909 913
4591 63 916 918 921
4592 63 916 918 922
4593 63 918 916 919
4594 63 918 916 920
4595 63 923 925 928
4596 63 923 925 929
4597 63 925 923 926
4598 63 925 923 927
4599 63 930 932 935
4600 63 930 932 936
4601 63 932 930 933
4602 63 932 930 934
4603 63 937 939 942
4604 63 937 939 943
4605 63 939 937 940
4606 63 939 937 941
4607 63 944 946 949
4608 63 944 946 950
4609 63 946 944 947
4610 63 946 944 948
4611 63 951 953 956
4612 63 951 953 957
4613 63 953 951 954
4614 63 953 951 955
4615 63 958 960 963
4616 63 958 960 964
4617 63 960 958 961
4618 63 960 958 962
4619 63 965 967 970
4620 63 965 967 971
4621 63 967 965 968
4622 63 967 965 969
4623 63 972 974 977
4624 63 972 974 978
4625 63 974 972 975
4626 63 974 972 976
4627 63 979 981 984
4628 63 979 981 985
4629 63 981 979 982
4630 63 981 979 983
4631 63 986 988 991
4632 63 986 988 992
4633 63 988 986 989
4634 63 988 986 990
4635 63 993 995 998
4636 63 993 995 999
4637 63 995 993 996
4638 63 995 993 997
4639 63 1000 1002 1005
4640 63 1000 1002 1006
4641 63 1002 1000 1003
4642 63 1002 1000 1004
4643 63 1007 1009 1012
4644 63 1007 1009 1013
4645 63 1009 1007 1010
4646 63 1009 1007 1011
4647 63 1014 1016 1019
4648 63 1014 1016 1020
4649 63 1016 1014 1017
4650 63 1016 1014 1018
4651 63 1021 1023 1026
4652 63 1021 1023 1027
4653 63 1023 1021 1024
4654 63 1023 1021 1025
4655 63 1028 1030 1033
4656 63 1028 1030 1034
4657 63 1030 1028 1031
4658 63 1030 1028 1032
4659 63 1035 1037 1040
4660 63 1035 1037 1041
4661 63 1037 1035 1038
4662 63 1037 1035 1039
4663 63 1042 1044 1047
4664 63 1042 1044 1048
4665 63 1044 1042 1045
4666 63 1044 1042 1046
4667 63 1065 1067 1070
4668 63 1065 1067 1071
4669 63 1067 1065 1068
4670 63 1067 1065 1069
4671 63 1072 1074 1077
4672 63 1072 1074 1078
4673 63 1074 1072 1075
4674 63 1074 1072 1076
4675 63 1079 1081 1084
4676 63 1079 1081 1085
4677 63 1081 1079 1082
4678 63 1081 1079 1083
4679 63 1086 1088 1091
4680 63 1086 1088 1092
4681 63 1088 1086 1089
4682 63 1088 1086 1090
4683 63 1093 1095 1098
4684 63 1093 1095 1099
4685 63 1095 1093 1096
4686 63 1095 1093 1097
4687 63 1100 1102 1105
4688 63 1100 1102 1106
4689 63 1102 1100 1103
4690 63 1102 1100 1104
4691 63 1107 1109 1112
4692 63 1107 1109 1113
4693 63 1109 1107 1110
4694 63 1109 1107 1111
4695 63 1114 1116 1119
4696 63 1114 1116 1120
4697 63 1116 1114 1117
4698 63 1116 1114 1118
4699 63 1121 1123 1126
4700 63 1121 1123 1127
4701 63 1123 1121 1124
4702 63 1123 1121 1125
4703 63 1128 1130 1133
4704 63 1128 1130 1134
4705 63 1130 1128 1131
4706 63 1130 1128 1132
4707 63 1135 1137 1140
4708 63 1135 1137 1141
4709 63 1137 1135 1138
4710 63 1137 1135 1139
4711 63 1142 1144 1147
4712 63 1142 1144 1148
4713 63 1144 1142 1145
4714 63 1144 1142 1146
4715 63 1149 1151 1154
4716 63 1149 1151 1155
4717 63 1151 1149 1152
4718 63 1151 1149 1153
4719 63 1156 1158 1161
4720 63 1156 1158 1162
4721 63 1158 1156 1159
4722 63 1158 1156 1160
4723 63 1163 1165 1168
4724 63 1163 1165 1169
4725 63 1165 1163 1166
4726 63 1165 1163 1167
4727 63 1170 1172 1175
4728 63 1170 1172 1176
4729 63 1172 1170 1173
4730 63 1172 1170 1174
4731 63 1177 1179 1182
4732 63 1177 1179 1183
4733 63 1179 1177 1180
4734 63 1179 1177 1181
4735 63 1184 1186 1189
4736 63 1184 1186 1190
4737 63 1186 1184 1187
4738 63 1186 1184 1188
4739 63 1191 1193 1196
4740 63 1191 1193 1197
4741 63 1193 1191 1194
4742 63 1193 1191 1195
4743 63 1198 1200 1203
4744 63 1198 1200 1204
4745 63 1200 1198 1201
4746 63 1200 1198 1202
4747 63 1205 1207 1210
4748 63 1205 1207 1211
4749 63 1207 1205 1208
4750 63 1207 1205 1209
4751 63 1212 1214 1217
4752 63 1212 1214 1218
4753 63 1214 1212 1215
4754 63 1214 1212 1216
4755 63 1219 1221 1224
4756 63 1219 1221 1225
4757 63 1221 1219 1222
4758 63 1221 1219 1223
4759 63 1226 1228 1231
4760 63 1226 1228 1232
4761 63 1228 1226 1229
4762 63 1228 1226 1230
4763 63 1233 1235 1238
4764 63 1233 1235 1239
4765 63 1235 1233 1236
4766 63 1235 1233 1237
4767 63 1240 1242 1245
4768 63 1240 1242 1246
4769 63 1242 1240 1243
4770 63 1242 1240 1244
4771 63 1247 1249 1252
4772 63 1247 1249 1253
4773 63 1249 1247 1250
4774 63 1249 1247 1251
4775 63 1254 1256 1259
4776 63 1254 1256 1260
4777 63 1256 1254 1257
4778 63 1256 1254 1258
4779 63 1261 1263 1266
4780 63 1261 1263 1267
4781 63 1263 1261 1264
4782 63 1263 1261 1265
4783 63 1268 1270 1273
4784 63 1268 1270 1274
4785 63 1270 1268 1271
4786 63 1270 1268 1272
4787 63 1275 1277 1280
4788 63 1275 1277 1281
4789 63 1277 1275 1278
4790 63 1277 1275 1279
4791 63 1282 1284 1287
4792 63 1282 1284 1288
4793 63 1284 1282 1285
4794 63 1284 1282 1286
4795 63 1289 1291 1294
4796 63 1289 1291 1295
4797 63 1291 1289 1292
4798 63 1291 1289 1293
4799 63 1296 1298 1301
4800 63 1296 1298 1302
4801 63 1298 1296 1299
4802 63 1298 1296 1300
4803 63 1303 1305 1308
4804 63 1303 1305 1309
4805 63 1305 1303 1306
4806 63 1305 1303 1307
4807 63 1310 1312 1315
4808 63 1310 1312 1316
4809 63 1312 1310 1313
4810 63 1312 1310 1314
4811 63 1317 1319 1322
4812 63 1317 1319 1323
4813 63 1319 1317 1320
4814 63 1319 1317 1321
4815 63 1324 1326 1329
4816 63 1324 1326 1330
4817 63 1326 1324 1327
4818 63 1326 1324 1328
4819 63 1331 1333 1336
4820 63 1331 1333 1337
4821 63 1333 1331 1334
4822 63 1333 1331 1335
4823 63 1338 1340 1343
4824 63 1338 1340 1344
4825 63 1340 1338 1341
4826 63 1340 1338 1342
4827 63 1345 1347 1350
4828 63 1345 1347 1351
4829 63 1347 1345 1348
4830 63 1347 1345 1349
4831 63 1352 1354 1357
4832 63 1352 1354 1358
4833 63 1354 1352 1355
4834 63 1354 1352 1356
4835 63 1359 1361 1364
4836 63 1359 1361 1365
4837 63 1361 1359 1362
4838 63 1361 1359 1363
4839 63 1366 1368 1371
4840 63 1366 1368 1372
4841 63 1368 1366 1369
4842 63 1368 1366 1370
4843 63 1373 1375 1378
4844 63 1373 1375 1379
4845 63 1375 1373 1376
4846 63 1375 1373 1377
4847 63 1380 1382 1385
4848 63 1380 1382 1386
4849 63 1382 1380 1383
4850 63 1382 1380 1384
4851 63 1387 1389 1392
4852 63 1387 1389 1393
4853 63 1389 1387 1390
4854 63 1389 1387 1391
4855 63 1394 1396 1399
4856 63 1394 1396 1400
4857 63 1396 1394 1397
4858 63 1396 1394 1398
4859 63 1417 1419 1422
4860 63 1417 1419 1423
4861 63 1419 1417 1420
4862 63 1419 1417 1421
4863 63 1424 1426 1429
4864 63 1424 1426 1430
4865 63 1426 1424 1427
4866 63 1426 1424 1428
4867 63 1431 1433 1436
4868 63 1431 1433 1437
4869 63 1433 1431 1434
4870 63 1433 1431 1435
4871 63 1438 1440 1443
4872 63 1438 1440 1444
4873 63 1440 1438 1441
4874 63 1440 1438 1442
4875 63 1445 1447 1450
4876 63 1445 1447 1451
4877 63 1447 1445 1448
4878 63 1447 1445 1449
4879 63 1452 1454 1457
4880 63 1452 1454 1458
4881 63 1454 1452 1455
4882 63 1454 1452 1456
4883 63 1459 1461 1464
4884 63 1459 1461 1465
4885 63 1461 1459 1462
4886 63 1461 1459 1463
4887 63 1466 1468 1471
4888 63 1466 1468 1472
4889 63 1468 1466 1469
4890 63 1468 1466 1470
4891 63 1473 1475 1478
4892 63 1473 1475 1479
4893 63 1475 1473 1476
4894 63 1475 1473 1477
4895 63 1480 1482 1485
4896 63 1480 1482 1486
4897 63 1482 1480 1483
4898 63 1482 1480 1484
4899 63 1487 1489 1492
4900 63 1487 1489 1493
4901 63 1489 1487 1490
4902 63 1489 1487 1491
4903 63 1494 1496 1499
4904 63 1494 1496 1500
4905 63 1496 1494 1497
4906 63 1496 1494 1498
4907 63 1501 1503 1506
4908 63 1501 1503 1507
4909 63 1503 1501 1504
4910 63 1503 1501 1505
4911 63 1508 1510 1513
4912 63 1508 1510 1514
4913 63 1510 1508 1511
4914 63 1510 1508 1512
4915 63 1515 1517 1520
4916 63 1515 1517 1521
4917 63 1517 1515 1518
4918 63 1517 1515 1519
4919 63 1522 1524 1527
4920 63 1522 1524 1528
4921 63 1524 1522 1525
4922 63 1524 1522 1526
4923 63 1529 1531 1534
4924 63 1529 1531 1535
4925 63 1531 1529 1532
4926 63 1531 1529 1533
4927 63 1536 1538 1541
4928 63 1536 1538 1542
4929 63 1538 1536 1539
4930 63 1538 1536 1540
4931 63 1543 1545 1548
4932 63 1543 1545 1549
4933 63 1545 1543 1546
4934 63 1545 1543 1547
4935 63 1550 1552 1555
4936 63 1550 1552 1556
4937 63 1552 1550 1553
4938 63 1552 1550 1554
4939 63 1557 1559 1562
4940 63 1557 1559 1563
4941 63 1559 1557 1560
4942 63 1559 1557 1561
4943 63 1564 1566 1569
4944 63 1564 1566 1570
4945 63 1566 1564 1567
4946 63 1566 1564 1568
4947 63 1571 1573 1576
4948 63 1571 1573 1577
4949 63 1573 1571 1574
4950 63 1573 1571 1575
4951 63 1578 1580 1583
4952 63 1578 1580 1584
4953 63 1580 1578 1581
4954 63 1580 1578 1582
4955 63 1585 1587 1590
4956 63 1585 1587 1591
4957 63 1587 1585 1588
4958 63 1587 1585 1589
4959 63 1592 1594 1597
4960 63 1592 1594 1598
4961 63 1594 1592 1595
4962 63 1594 1592 1596
4963 63 1599 1601 1604
4964 63 1599 1601 1605
4965 63 1601 1599 1602
4966 63 1601 1599 1603
4967 63 1606 1608 1611
4968 63 1606 1608 1612
4969 63 1608 1606 1609
4970 63 1608 1606 1610
4971 63 1613 1615 1618
4972 63 1613 1615 1619
4973 63 1615 1613 1616
4974 63 1615 1613 1617
4975 63 1620 1622 1625
4976 63 1620 1622 1626
4977 63 1622 1620 1623
4978 63 1622 1620 1624
4979 63 1627 1629 1632
4980 63 1627 1629 1633
4981 63 1629 1627 1630
4982 63 1629 1627 1631
4983 63 1634 1636 1639
4984 63 1634 1636 1640
4985 63 1636 1634 1637
4986 63 1636 1634 1638
4987 63 1641 1643 1646
4988 63 1641 1643 1647
4989 63 1643 1641 1644
4990 63 1643 1641 1645
4991 63 1648 1650 1653
4992 63 1648 1650 1654
4993 63 1650 1648 1651
4994 63 1650 1648 1652
4995 63 1655 1657 1660
4996 63 1655 1657 1661
4997 63 1657 1655 1658
4998 63 1657 1655 1659
4999 63 1662 1664 1667
5000 63 1662 1664 1668
5001 63 1664 1662 1665
5002 63 1664 1662 1666
5003 63 1669 1671 1674
5004 63 1669 1671 1675
5005 63 1671 1669 1672
5006 63 1671 1669 1673
5007 63 1676 1678 1681
5008 63 1676 1678 1682
5009 63 1678 1676 1679
5010 63 1678 1676 1680
5011 63 1683 1685 1688
5012 63 1683 1685 1689
5013 63 1685 1683 1686
5014 63 1685 1683 1687
5015 63 1690 1692 1695
5016 63 1690 1692 1696
5017 63 1692 1690 1693
5018 63 1692 1690 1694
5019 63 1697 1699 1702
5020 63 1697 1699 1703
5021 63 1699 1697 1700
5022 63 1699 1697 1701
5023 63 1704 1706 1709
5024 63 1704 1706 1710
5025 63 1706 1704 1707
5026 63 1706 1704 1708
5027 63 1711 1713 1716
5028 63 1711 1713 1717
5029 63 1713 1711 1714
5030 63 1713 1711 1715
5031 63 1718 1720 1723
5032 63 1718 1720 1724
5033 63 1720 1718 1721
5034 63 1720 1718 1722
5035 63 1725 1727 1730
5036 63 1725 1727 1731
5037 63 1727 1725 1728
5038 63 1727 1725 1729
5039 63 1732 1734 1737
5040 63 1732 1734 1738
5041 63 1734 1732 1735
5042 63 1734 1732 1736
5043 63 1739 1741 1744
5044 63 1739 1741 1745
5045 63 1741 1739 1742
5046 63 1741 1739 1743
5047 63 1746 1748 1751
5048 63 1746 1748 1752
5049 63 1748 1746 1749
5050 63 1748 1746 1750
5051 63 1769 1771 1774
5052 63 1769 1771 1775
5053 63 1771 1769 1772
5054 63 1771 1769 1773
5055 63 1776 1778 1781
5056 63 1776 1778 1782
5057 63 1778 1776 1779
5058 63 1778 1776 1780
5059 63 1783 1785 1788
5060 63 1783 1785 1789
5061 63 1785 1783 1786
5062 63 1785 1783 1787
5063 63 1790 1792 1795
5064 63 1790 1792 1796
5065 63 1792 1790 1793
5066 63 1792 1790 1794
5067 63 1797 1799 1802
5068 63 1797 1799 1803
5069 63 1799 1797 1800
5070 63 1799 1797 1801
5071 63 1804 1806 1809
5072 63 1804 1806 1810
5073 63 1806 1804 1807
5074 63 1806 1804 1808
5075 63 1811 1813 1816
5076 63 1811 1813 1817
5077 63 1813 1811 1814
5078 63 1813 1811 1815
5079 63 1818 1820 1823
5080 63 1818 1820 1824
5081 63 1820 1818 1821
5082 63 1820 1818 1822
5083 63 1825 1827 1830
5084 63 1825 1827 1831
5085 63 1827 1825 1828
5086 63 1827 1825 1829
5087 63 1832 1834 1837
5088 63 1832 1834 1838
5089 63 1834 1832 1835
5090 63 1834 1832 1836
5091 63 1839 1841 1844
5092 63 1839 1841 1845
5093 63 1841 1839 1842
5094 63 1841 1839 1843
5095 63 1846 1848 1851
5096 63 1846 1848 1852
5097 63 1848 1846 1849
5098 63 1848 1846 1850
5099 63 1853 1855 1858
5100 63 1853 1855 1859
5101 63 1855 1853 1856
5102 63 1855 1853 1857
5103 63 1860 1862 1865
5104 63 1860 1862 1866
5105 63 1862 1860 1863
5106 63 1862 1860 1864
5107 63 1867 1869 1872
5108 63 1867 1869 1873
5109 63 1869 1867 1870
5110 63 1869 1867 1871
5111 63 1874 1876 1879
5112 63 1874 1876 1880
5113 63 1876 1874 1877
5114 63 1876 1874 1878
5115 63 1881 1883 1886
5116 63 1881 1883 1887
5117 63 1883 1881 1884
5118 63 1883 1881 1885
5119 63 1888 1890 1893
5120 63 1888 1890 1894
5121 63 1890 1888 1891
5122 63 1890 1888 1892
5123 63 1895 1897 1900
5124 63 1895 1897 1901
5125 63 1897 1895 1898
5126 63 1897 1895 1899
5127 63 1902 1904 1907
5128 63 1902 1904 1908
5129 63 1904 1902 1905
5130 63 1904 1902 1906
5131 63 1909 1911 1914
5132 63 1909 1911 1915
5133 63 1911 1909 1912
5134 63 1911 1909 1913
5135 63 1916 1918 1921
5136 63 1916 1918 1922
5137 63 1918 1916 1919
5138 63 1918 1916 1920
5139 63 1923 1925 1928
5140 63 1923 1925 1929
5141 63 1925 1923 1926
5142 63 1925 1923 1927
5143 63 1930 1932 1935
5144 63 1930 1932 1936
5145 63 1932 1930 1933
5146 63 1932 1930 1934
5147 63 1937 1939 1942
5148 63 1937 1939 1943
5149 63 1939 1937 1940
5150 63 1939 1937 1941
5151 63 1944 1946 1949
5152 63 1944 1946 1950
5153 63 1946 1944 1947
5154 63 1946 1944 1948
5155 63 1951 1953 1956
5156 63 1951 1953 1957
5157 63 1953 1951 1954
5158 63 1953 1951 1955
5159 63 1958 1960 1963
5160 63 1958 1960 1964
5161 63 1960 1958 1961
5162 63 1960 1958 1962
5163 63 1965 1967 1970
5164 63 1965 1967 1971
5165 63 1967 1965 1968
5166 63 1967 1965 1969
5167 63 1972 1974 1977
5168 63 1972 1974 1978
5169 63 1974 1972 1975
5170 63 1974 1972 1976
5171 63 1979 1981 1984
5172 63 1979 1981 1985
5173 63 1981 1979 1982
5174 63 1981 1979 1983
5175 63 1986 1988 1991
5176 63 1986 1988 1992
5177 63 1988 1986 1989
5178 63 1988 1986 1990
5179 63 1993 1995 1998
5180 63 1993 1995 1999
5181 63 1995 1993 1996
5182 63 1995 1993 1997
5183 63 2000 2002 2005
5184 63 2000 2002 2006
5185 63 2002 2000 2003
5186 63 2002 2000 2004
5187 63 2007 2009 2012
5188 63 2007 2009 2013
5189 63 2009 2007 2010
5190 63 2009 2007 2011
5191 63 2014 2016 2019
5192 63 2014 2016 2020
5193 63 2016 2014 2017
5194 63 2016 2014 2018
5195 63 2021 2023 2026
5196 63 2021 2023 2027
5197 63 2023 2021 2024
5198 63 2023 2021 2025
5199 63 2028 2030 2033
5200 63 2028 2030 2034
5201 63 2030 2028 2031
5202 63 2030 2028 2032
5203 63 2035 2037 2040
5204 63 2035 2037 2041
5205 63 2037 2035 2038
5206 63 2037 2035 2039
5207 63 2042 2044 2047
5208 63 2042 2044 2048
5209 63 2044 2042 2045
5210 63 2044 2042 2046
5211 63 2049 2051 2054
5212 63 2049 2051 2055
5213 63 2051 2049 2052
5214 63 2051 2049 2053
5215 63 2056 2058 2061
5216 63 2056 2058 2062
5217 63 2058 2056 2059
5218 63 2058 2056 2060
5219 63 2063 2065 2068
5220 63 2063 2065 2069
5221 63 2065 2063 2066
5222 63 2065 2063 2067
5223 63 2070 2072 2075
5224 63 2070 2072 2076
5225 63 2072 2070 2073
5226 63 2072 2070 2074
5227 63 2077 2079 2082
5228 63 2077 2079 2083
5229 63 2079 2077 2080
5230 63 2079 2077 2081
5231 63 2084 2086 2089
5232 63 2084 2086 2090
5233 63 2086 2084 2087
5234 63 2086 2084 2088
5235 63 2091 2093 2096
5236 63 2091 2093 2097
5237 63 2093 2091 2094
5238 63 2093 2091 2095
5239 63 2098 2100 2103
5240 63 2098 2100 2104
5241 63 2100 2098 2101
5242 63 2100 2098 2102
5243 63 2121 2123 2126
5244 63 2121 2123 2127
5245 63 2123 2121 2124
5246 63 2123 2121 2125
5247 63 2128 2130 2133
5248 63 2128 2130 2134
5249 63 2130 2128 2131
5250 63 2130 2128 2132
5251 63 2135 2137 2140
5252 63 2135 2137 2141
5253 63 2137 2135 2138
5254 63 2137 2135 2139
5255 63 2142 2144 2147
5256 63 2142 2144 2148
5257 63 2144 2142 2145
5258 63 2144 2142 2146
5259 63 2149 2151 2154
5260 63 2149 2151 2155
5261 63 2151 2149 2152
5262 63 2151 2149 2153
5263 63 2156 2158 2161
5264 63 2156 2158 2162
5265 63 2158 2156 2159
5266 63 2158 2156 2160
5267 63 2163 2165 2168
5268 63 2163 2165 2169
5269 63 2165 2163 2166
5270 63 2165 2163 2167
5271 63 2170 2172 2175
5272 63 2170 2172 2176
5273 63 2172 2170 2173
5274 63 2172 2170 2174
5275 63 2177 2179 2182
5276 63 2177 2179 2183
5277 63 2179 2177 2180
5278 63 2179 2177 2181
5279 63 2184 2186 2189
5280 63 2184 2186 2190
5281 63 2186 2184 2187
5282 63 2186 2184 2188
5283 63 2191 2193 2196
5284 63 2191 2193 2197
5285 63 2193 2191 2194
5286 63 2193 2191 2195
5287 63 2198 2200 2203
5288 63 2198 2200 2204
5289 63 2200 2198 2201
5290 63 2200 2198 2202
5291 63 2205 2207 2210
5292 63 2205 2207 2211
5293 63 2207 2205 2208
5294 63 2207 2205 2209
5295 63 2212 2214 2217
5296 63 2212 2214 2218
5297 63 2214 2212 2215
5298 63 2214 2212 2216
5299 63 2219 2221 2224
5300 63 2219 2221 2225
5301 63 2221 2219 2222
5302 63 2221 2219 2223
5303 63 2226 2228 2231
5304 63 2226 2228 2232
5305 63 2228 2226 2229
5306 63 2228 2226 2230
5307 63 2233 2235 2238
5308 63 2233 2235 2239
5309 63 2235 2233 2236
5310 63 2235 2233 2237
5311 63 2240 2242 2245
5312 63 2240 2242 2246
5313 63 2242 2240 2243
5314 63 2242 2240 2244
5315 63 2247 2249 2252
5316 63 2247 2249 2253
5317 63 2249 2247 2250
5318 63 2249 2247 2251
5319 63 2254 2256 2259
5320 63 2254 2256 2260
5321 63 2256 2254 2257
5322 63 2256 2254 2258
5323 63 2261 2263 2266
5324 63 2261 2263 2267
5325 63 2263 2261 2264
5326 63 2263 2261 2265
5327 63 2268 2270 2273
5328 63 2268 2270 2274
5329 63 2270 2268 2271
5330 63 2270 2268 2272
5331 63 2275 2277 2280
5332 63 2275 2277 2281
5333 63 2277 2275 2278
5334 63 2277 2275 2279
5335 63 2282 2284 2287
5336 63 2282 2284 2288
5337 63 2284 2282 2285
5338 63 2284 2282 2286
5339 63 2289 2291 2294
5340 63 2289 2291 2295
5341 63 2291 2289 2292
5342 63 2291 2289 2293
5343 63 2296 2298 2301
5344 63 2296 2298 2302
5345 63 2298 2296 2299
5346 63 2298 2296 2300
5347 63 2303 2305 2308
5348 63 2303 2305 2309
5349 63 2305 2303 2306
5350 63 2305 2303 2307
5351 63 2310 2312 2315
5352 63 2310 2312 2316
5353 63 2312 2310 2313
5354 63 2312 2310 2314
5355 63 2317 2319 2322
5356 63 2317 2319 2323
5357 63 2319 2317 2320
5358 63 2319 2317 2321
5359 63 2324 2326 2329
5360 63 2324 2326 2330
5361 63 2326 2324 2327
5362 63 2326 2324 2328
5363 63 2331 2333 2336
5364 63 2331 2333 2337
5365 63 2333 2331 2334
5366 63 2333 2331 2335
5367 63 2338 2340 2343
5368 63 2338 2340 2344
5369 63 2340 2338 2341
5370 63 2340 2338 2342
5371 63 2345 2347 2350
5372 63 2345 2347 2351
5373 63 2347 2345 2348
5374 63 2347 2345 2349
5375 63 2352 2354 2357
5376 63 2352 2354 2358
5377 63 2354 2352 2355
5378 63 2354 2352 2356
5379 63 2359 2361 2364
5380 63 2359 2361 2365
5381 63 2361 2359 2362
5382 63 2361 2359 2363
5383 63 2366 2368 2371
5384 63 2366 2368 2372
5385 63 2368 2366 2369
5386 63 2368 2366 2370
5387 63 2373 2375 2378
5388 63 2373 2375 2379
5389 63 2375 2373 2376
5390 63 2375 2373 2377
5391 63 2380 2382 2385
5392 63 2380 2382 2386
5393 63 2382 2380 2383
5394 63 2382 2380 2384
5395 63 2387 2389 2392
5396 63 2387 2389 2393
5397 63 2389 2387 2390
5398 63 2389 2387 2391
5399 63 2394 2396 2399
5400 63 2394 2396 2400
5401 63 2396 2394 2397
5402 63 2396 2394 2398
5403 63 2401 2403 2406
5404 63 2401 2403 2407
5405 63 2403 2401 2404
5406 63 2403 2401 2405
5407 63 2408 2410 2413
5408 63 2408 2410 2414
5409 63 2410 2408 2411
5410 63 2410 2408 2412
5411 63 2415 2417 2420
5412 63 2415 2417 2421
5413 63 2417 2415 2418
5414 63 2417 2415 2419
5415 63 2422 2424 2427
5416 63 2422 2424 2428
5417 63 2424 2422 2425
5418 63 2424 2422 2426
5419 63 2429 2431 2434
5420 63 2429 2431 2435
5421 63 2431 2429 2432
5422 63 2431 2429 2433
5423 63 2436 2438 2441
5424 63 2436 2438 2442
5425 63 2438 2436 2439
5426 63 2438 2436 2440
5427 63 2443 2445 2448
5428 63 2443 2445 2449
5429 63 2445 2443 2446
5430 63 2445 2443 2447
5431 63 2450 2452 2455
5432 63 2450 2452 2456
5433 63 2452 2450 2453
5434 63 2452 2450 2454
5435 63 2473 2475 2478
5436 63 2473 2475 2479
5437 63 2475 2473 2476
5438 63 2475 2473 2477
5439 63 2480 2482 2485
5440 63 2480 2482 2486
5441 63 2482 2480 2483
5442 63 2482 2480 2484
5443 63 2487 2489 2492
5444 63 2487 2489 2493
5445 63 2489 2487 2490
5446 63 2489 2487 2491
5447 63 2494 2496 2499
5448 63 2494 2496 2500
5449 63 2496 2494 2497
5450 63 2496 2494 2498
5451 63 2501 2503 2506
5452 63 2501 2503 2507
5453 63 2503 2501 2504
5454 63 2503 2501 2505
5455 63 2508 2510 2513
5456 63 2508 2510 2514
5457 63 2510 2508 2511
5458 63 2510 2508 2512
5459 63 2515 2517 2520
5460 63 2515 2517 2521
5461 63 2517 2515 2518
5462 63 2517 2515 2519
5463 63 2522 2524 2527
5464 63 2522 2524 2528
5465 63 2524 2522 2525
5466 63 2524 2522 2526
5467 63 2529 2531 2534
5468 63 2529 2531 2535
5469 63 2531 2529 2532
5470 63 2531 2529 2533
5471 63 2536 2538 2541
5472 63 2536 2538 2542
5473 63 2538 2536 2539
5474 63 2538 2536 2540
5475 63 2543 2545 2548
5476 63 2543 2545 2549
5477 63 2545 2543 2546
5478 63 2545 2543 2547
5479 63 2550 2552 2555
5480 63 2550 2552 2556
5481 63 2552 2550 2553
5482 63 2552 2550 2554
5483 63 2557 2559 2562
5484 63 2557 2559 2563
5485 63 2559 2557 2560
5486 63 2559 2557 2561
5487 63 2564 2566 2569
5488 63 2564 2566 2570
5489 63 2566 2564 2567
5490 63 2566 2564 2568
5491 63 2571 2573 2576
5492 63 2571 2573 2577
5493 63 2573 2571 2574
5494 63 2573 2571 2575
5495 63 2578 2580 2583
5496 63 2578 2580 2584
5497 63 2580 2578 2581
5498 63 2580 2578 2582
5499 63 2585 2587 2590
5500 63 2585 2587 2591
5501 63 2587 2585 2588
5502 63 2587 2585 2589
5503 63 2592 2594 2597
5504 63 2592 2594 2598
5505 63 2594 2592 2595
5506 63 2594 2592 2596
5507 63 2599 2601 2604
5508 63 2599 2601 2605
5509 63 2601 2599 2602
5510 63 2601 2599 2603
5511 63 2606 2608 2611
5512 63 2606 2608 2612
5513 63 2608 2606 2609
5514 63 2608 2606 2610
5515 63 2613 2615 2618
5516 63 2613 2615 2619
5517 63 2615 2613 2616
5518 63 2615 2613 2617
5519 63 2620 2622 2625
5520 63 2620 2622 2626
5521 63 2622 2620 2623
5522 63 2622 2620 2624
5523 63 2627 2629 2632
5524 63 2627 2629 2633
5525 63 2629 2627 2630
5526 63 2629 2627 2631
5527 63 2634 2636 2639
5528 63 2634 2636 2640
5529 63 2636 2634 2637
5530 63 2636 2634 2638
5531 63 2641 2643 2646
5532 63 2641 2643 2647
5533 63 2643 2641 2644
5534 63 2643 2641 2645
5535 63 2648 2650 2653
5536 63 2648 2650 2654
5537 63 2650 2648 2651
5538 63 2650 2648 2652
5539 63 2655 2657 2660
5540 63 2655 2657 2661
5541 63 2657 2655 2658
5542 63 2657 2655 2659
5543 63 2662 2664 2667
5544 63 2662 2664 2668
5545 63 2664 2662 2665
5546 63 2664 2662 2666
5547 63 2669 2671 2674
5548 63 2669 2671 2675
5549 63 2671 2669 2672
5550 63 2671 2669 2673
5551 63 2676 2678 2681
5552 63 2676 2678 2682
5553 63 2678 2676 2679
5554 63 2678 2676 2680
5555 63 2683 2685 2688
5556 63 2683 2685 2689
5557 63 2685 2683 2686
5558 63 2685 2683 2687
5559 63 2690 2692 2695
5560 63 2690 2692 2696
5561 63 2692 2690 2693
5562 63 2692 2690 2694
5563 63 2697 2699 2702
5564 63 2697 2699 2703
5565 63 2699 2697 2700
5566 63 2699 2697 2701
5567 63 2704 2706 2709
5568 63 2704 2706 2710
5569 63 2706 2704 2707
5570 63 2706 2704 2708
5571 63 2711 2713 2716
5572 63 2711 2713 2717
5573 63 2713 2711 2714
5574 63 2713 2711 2715
5575 63 2718 2720 2723
5576 63 2718 2720 2724
5577 63 2720 2718 2721
5578 63 2720 2718 2722
5579 63 2725 2727 2730
5580 63 2725 2727 2731
5581 63 2727 2725 2728
5582 63 2727 2725 2729
5583 63 2732 2734 2737
5584 63 2732 2734 2738
5585 63 2734 2732 2735
5586 63 2734 2732 2736
5587 63 2739 2741 2744
5588 63 2739 2741 2745
5589 63 2741 2739 2742
5590 63 2741 2739 2743
5591 63 2746 2748 2751
5592 63 2746 2748 2752
5593 63 2748 2746 2749
5594 63 2748 2746 2750
5595 63 2753 2755 2758
5596 63 2753 2755 2759
5597 63 2755 2753 2756
5598 63 2755 2753 2757
5599 63 2760 2762 2765
5600 63 2760 2762 2766
5601 63 2762 2760 2763
5602 63 2762 2760 2764
5603 63 2767 2769 2772
5604 63 2767 2769 2773
5605 63 2769 2767 2770
5606 63 2769 2767 2771
5607 63 2774 2776 2779
5608 63 2774 2776 2780
5609 63 2776 2774 2777
5610 63 2776 2774 2778
5611 63 2781 2783 2786
5612 63 2781 2783 2787
5613 63 2783 2781 2784
5614 63 2783 2781 2785
5615 63 2788 2790 2793
5616 63 2788 2790 2794
5617 63 2790 2788 2791
5618 63 2790 2788 2792
5619 63 2795 2797 2800
5620 63 2795 2797 2801
5621 63 2797 2795 2798
5622 63 2797 2795 2799
5623 63 2802 2804 2807
5624 63 2802 2804 2808
5625 63 2804 2802 2805
5626 63 2804 2802 2806
5627 63 2825 2827 2830
5628 63 2825 2827 2831
5629 63 2827 2825 2828
5630 63 2827 2825 2829
5631 63 2832 2834 2837
5632 63 2832 2834 2838
5633 63 2834 2832 2835
5634 63 2834 2832 2836
5635 63 2839 2841 2844
5636 63 2839 2841 2845
5637 63 2841 2839 2842
5638 63 2841 2839 2843
5639 63 2846 2848 2851
5640 63 2846 2848 2852
5641 63 2848 2846 2849
5642 63 2848 2846 2850
5643 63 2853 2855 2858
5644 63 2853 2855 2859
5645 63 2855 2853 2856
5646 63 2855 2853 2857
5647 63 2860 2862 2865
5648 63 2860 2862 2866
5649 63 2862 2860 2863
5650 63 2862 2860 2864
5651 63 2867 2869 2872
5652 63 2867 2869 2873
5653 63 2869 2867 2870
5654 63 2869 2867 2871
5655 63 2874 2876 2879
5656 63 2874 2876 2880
5657 63 2876 2874 2877
5658 63 2876 2874 2878
5659 63 2881 2883 2886
5660 63 2881 2883 2887
5661 63 2883 2881 2884
5662 63 2883 2881 2885
5663 63 2888 2890 2893
5664 63 2888 2890 2894
5665 63 2890 2888 2891
5666 63 2890 2888 2892
5667 63 2895 2897 2900
5668 63 2895 2897 2901
5669 63 2897 2895 2898
5670 63 2897 2895 2899
5671 63 2902 2904 2907
5672 63 2902 2904 2908
5673 63 2904 2902 2905
5674 63 2904 2902 2906
5675 63 2909 2911 2914
5676 63 2909 2911 2915
5677 63 2911 2909 2912
5678 63 2911 2909 2913
5679 63 2916 2918 2921
5680 63 2916 2918 2922
5681 63 2918 2916 2919
5682 63 2918 2916 2920
5683 63 2923 2925 2928
5684 63 2923 2925 2929
5685 63 2925 2923 2926
5686 63 2925 2923 2927
5687 63 2930 2932 2935
5688 63 2930 2932 2936
5689 63 2932 2930 2933
5690 63 2932 2930 2934
5691 63 2937 2939 2942
5692 63 2937 2939 2943
5693 63 2939 2937 2940
5694 63 2939 2937 2941
5695 63 2944 2946 2949
5696 63 2944 2946 2950
5697 63 2946 2944 2947
5698 63 2946 2944 2948
5699 63 2951 2953 2956
5700 63 2951 2953 2957
5701 63 2953 2951 2954
5702 63 2953 2951 2955
5703 63 2958 2960 2963
5704 63 2958 2960 2964
5705 63 2960 2958 2961
5706 63 2960 2958 2962
5707 63 2965 2967 2970
5708 63 2965 2967 2971
5709 63 2967 2965 2968
5710 63 2967 2965 2969
5711 63 2972 2974 2977
5712 63 2972 2974 2978
5713 63 2974 2972 2975
5714 63 2974 2972 2976
5715 63 2979 2981 2984
5716 63 2979 2981 2985
5717 63 2981 2979 2982
5718 63 2981 2979 2983
5719 63 2986 2988 2991
5720 63 2986 2988 2992
5721 63 2988 2986 2989
5722 63 2988 2986 2990
5723 63 2993 2995 2998
5724 63 2993 2995 2999
5725 63 2995 2993 2996
5726 63 2995 2993 2997
5727 63 3000 3002 3005
5728 63 3000 3002 3006
5729 63 3002 3000 3003
5730 63 3002 3000 3004
5731 63 3007 3009 3012
5732 63 3007 3009 3013
5733 63 3009 3007 3010
5734 63 3009 3007 3011
5735 63 3014 3016 3019
5736 63 3014 3016 3020
5737 63 3016 3014 3017
5738 63 3016 3014 3018
5739 63 3021 3023 3026
5740 63 3021 3023 3027
5741 63 3023 3021 3024
5742 63 3023 3021 3025
5743 63 3028 3030 3033
5744 63 3028 3030 3034
5745 63 3030 3028 3031
5746 63 3030 3028 3032
5747 63 3035 3037 3040
5748 63 3035 3037 3041
5749 63 3037 3035 3038
5750 63 3037 3035 3039
5751 63 3042 3044 3047
5752 63 3042 3044 3048
5753 63 3044 3042 3045
5754 63 3044 3042 3046
5755 63 3049 3051 3054
5756 63 3049 3051 3055
5757 63 3051 3049 3052
5758 63 3051 3049 3053
5759 63 3056 3058 3061
5760 63 3056 3058 3062
5761 63 3058 3056 3059
5762 63 3058 3056 3060
5763 63 3063 3065 3068
5764 63 3063 3065 3069
5765 63 3065 3063 3066
5766 63 3065 3063 3067
5767 63 3070 3072 3075
5768 63 3070 3072 3076
5769 63 3072 3070 3073
5770 63 3072 3070 3074
5771 63 3077 3079 3082
5772 63 3077 3079 3083
5773 63 3079 3077 3080
5774 63 3079 3077 3081
5775 63 3084 3086 3089
5776 63 3084 3086 3090
5777 63 3086 3084 3087
5778 63 3086 3084 3088
5779 63 3091 3093 3096
5780 63 3091 3093 3097
5781 63 3093 3091 3094
5782 63 3093 3091 3095
5783 63 3098 3100 3103
5784 63 3098 3100 3104
5785 63 3100 3098 3101
5786 63 3100 3098 3102
5787 63 3105 3107 3110
5788 63 3105 3107 3111
5789 63 3107 3105 3108
5790 63 3107 3105 3109
5791 63 3112 3114 3117
5792 63 3112 3114 3118
5793 63 3114 3112 3115
5794 63 3114 3112 3116
5795 63 3119 3121 3124
5796 63 3119 3121 3125
5797 63 3121 3119 3122
5798 63 3121 3119 3123
5799 63 3126 3128 3131
5800 63 3126 3128 3132
5801 63 3128 3126 3129
5802 63 3128 3126 3130
5803 63 3133 3135 3138
5804 63 3133 3135 3139
5805 63 3135 3133 3136
5806 63 3135 3133 3137
5807 63 3140 3142 3145
5808 63 3140 3142 3146
5809 63 3142 3140 3143
5810 63 3142 3140 3144
5811 63 3147 3149 3152
5812 63 3147 3149 3153
5813 63 3149 3147 3150
5814 63 3149 3147 3151
5815 63 3154 3156 3159
5816 63 3154 3156 3160
5817 63 3156 3154 3157
5818 63 3156 3154 3158
5819 63 3177 3179 3182
5820 63 3177 3179 3183
5821 63 3179 3177 3180
5822 63 3179 3177 3181
5823 63 3184 3186 3189
5824 63 3184 3186 3190
5825 63 3186 3184 3187
5826 63 3186 3184 3188
5827 63 3191 3193 3196
5828 63 3191 3193 3197
5829 63 3193 3191 3194
5830 63 3193 3191 3195
5831 63 3198 3200 3203
5832 63 3198 3200 3204
5833 63 3200 3198 3201
5834 63 3200 3198 3202
5835 63 3205 3207 3210
5836 63 3205 3207 3211
5837 63 3207 3205 3208
5838 63 3207 3205 3209
5839 63 3212 3214 3217
5840 63 3212 3214 3218
5841 63 3214 3212 3215
5842 63 3214 3212 3216
5843 63 3219 3221 3224
5844 63 3219 3221 3225
5845 63 3221 3219 3222
5846 63 3221 3219 3223
5847 63 3226 3228 3231
5848 63 3226 3228 3232
5849 63 3228 3226 3229
5850 63 3228 3226 3230
5851 63 3233 3235 3238
5852 63 3233 3235 3239
5853 63 3235 3233 3236
5854 63 3235 3233 3237
5855 63 3240 3242 3245
5856 63 3240 3242 3246
5857 63 3242 3240 3243
5858 63 3242 3240 3244
5859 63 3247 3249 3252
5860 63 3247 3249 3253
5861 63 3249 3247 3250
5862 63 3249 3247 3251
5863 63 3254 3256 3259
5864 63 3254 3256 3260
5865 63 3256 3254 3257
5866 63 3256 3254 3258
5867 63 3261 3263 3266
5868 63 3261 3263 3267
5869 63 3263 3261 3264
5870 63 3263 3261 3265
5871 63 3268 3270 3273
5872 63 3268 3270 3274
5873 63 3270 3268 3271
5874 63 3270 3268 3272
5875 63 3275 3277 3280
5876 63 3275 3277 3281
5877 63 3277 3275 3278
5878 63 3277 3275 3279
5879 63 3282 3284 3287
5880 63 3282 3284 3288
5881 63 3284 3282 3285
5882 63 3284 3282 3286
5883 63 3289 3291 3294
5884 63 3289 3291 3295
5885 63 3291 3289 3292
5886 63 3291 3289 3293
5887 63 3296 3298 3301
5888 63 3296 3298 3302
5889 63 3298 3296 3299
5890 63 3298 3296 3300
5891 63 3303 3305 3308
5892 63 3303 3305 3309
5893 63 3305 3303 3306
5894 63 3305 3303 3307
5895 63 3310 3312 3315
5896 63 3310 3312 3316
5897 63 3312 3310 3313
5898 63 3312 3310 3314
5899 63 3317 3319 3322
5900 63 3317 3319 3323
5901 63 3319 3317 3320
5902 63 3319 3317 3321
5903 63 3324 3326 3329
5904 63 3324 3326 3330
5905 63 3326 3324 3327
5906 63 3326 3324 3328
5907 63 3331 3333 3336
5908 63 3331 3333 3337
5909 63 3333 3331 3334
5910 63 3333 3331 3335
5911 63 3338 3340 3343
5912 63 3338 3340 3344
5913 63 3340 3338 3341
5914 63 3340 3338 3342
5915 63 3345 3347 3350
5916 63 3345 3347 3351
5917 63 3347 3345 3348
5918 63 3347 3345 3349
5919 63 3352 3354 3357
5920 63 3352 3354 3358
5921 63 3354 3352 3355
5922 63 3354 3352 3356
5923 63 3359 3361 3364
5924 63 3359 3361 3365
5925 63 3361 3359 3362
5926 63 3361 3359 3363
5927 63 3366 3368 3371
5928 63 3366 3368 3372
5929 63 3368 3366 3369
5930 63 3368 3366 3370
5931 63 3373 3375 3378
5932 63 3373 3375 3379
5933 63 3375 3373 3376
5934 63 3375 3373 3377
5935 63 3380 3382 3385
5936 63 3380 3382 3386
5937 63 3382 3380 3383
5938 63 3382 3380 3384
5939 63 3387 3389 3392
5940 63 3387 3389 3393
5941 63 3389 3387 3390
5942 63 3389 3387 3391
5943 63 3394 3396 3399
5944 63 3394 3396 3400
5945 63 3396 3394 3397
5946 63 3396 3394 3398
5947 63 3401 3403 3406
5948 63 3401 3403 3407
5949 63 3403 3401 3404
5950 63 3403 3401 3405
5951 63 3408 3410 3413
5952 63 3408 3410 3414
5953 63 3410 3408 3411
5954 63 3410 3408 3412
5955 63 3415 3417 3420
5956 63 3415 3417 3421
5957 63 3417 3415 3418
5958 63 3417 3415 3419
5959 63 3422 3424 3427
5960 63 3422 3424 3428
5961 63 3424 3422 3425
5962 63 3424 3422 3426
5963 63 3429 3431 3434
5964 63 3429 3431 3435
5965 63 3431 3429 3432
5966 63 3431 3429 3433
5967 63 3436 3438 3441
5968 63 3436 3438 3442
5969 63 3438 3436 3439
5970 63 3438 3436 3440
5971 63 3443 3445 3448
5972 63 3443 3445 3449
5973 63 3445 3443 3446
5974 63 3445 3443 3447
5975 63 3450 3452 3455
5976 63 3450 3452 3456
5977 63 3452 3450 3453
5978 63 3452 3450 3454
5979 63 3457 3459 3462
5980 63 3457 3459 3463
5981 63 3459 3457 3460
5982 63 3459 3457 3461
5983 63 3464 3466 3469
5984 63 3464 3466 3470
5985 63 3466 3464 3467
5986 63 3466 3464 3468
5987 63 3471 3473 3476
5988 63 3471 3473 3477
5989 63 3473 3471 3474
5990 63 3473 3471 3475
5991 63 3478 3480 3483
5992 63 3478 3480 3484
5993 63 3480 3478 3481
5994 63 3480 3478 3482
5995 63 3485 3487 3490
5996 63 3485 3487 3491
5997 63 3487 3485 3488
5998 63 3487 3485 3489
5999 63 3492 3494 3497
6000 63 3492 3494 3498
6001 63 3494 3492 3495
6002 63 3494 3492 3496
6003 63 3499 3501 3504
6004 63 3499 3501 3505
6005 63 3501 3499 3502
6006 63 3501 3499 3503
6007 63 3506 3508 3511
6008 63 3506 3508 3512
6009 63 3508 3506 3509
6010 63 3508 3506 3510
