1 1 1 -0.1800 -1.157 0.0 0.0
2 1 6 -0.4000 1.157 0.0 0.0
3 1 7 0.1400 0.069 0.727 -0.51
4 1 2 0.0600 -2.1 0.476 -0.295
5 1 2 0.0600 -1.032 -0.082 1.108
6 1 2 0.0600 -1.088 -1.035 -0.421
7 1 8 0.0300 0.111 0.787 -1.608
8 1 8 0.0300 0.149 1.76 -0.097
9 1 7 0.1400 3.1420000000000003 0.0 0.0
10 1 6 -0.4000 5.486 0.0 0.0
11 1 7 0.1400 4.368 -0.46199999999999997 0.685
12 1 8 0.0300 2.2760000000000002 -0.644 0.01500000000000004
13 1 8 0.0300 3.225 0.766 -0.748
14 1 8 0.0300 4.342 -1.578 0.7280000000000001
15 1 8 0.0300 4.326 -0.04399999999999989 1.722
16 1 7 0.1400 7.486 0.0 0.0
17 1 6 -0.4000 9.83 0.0 0.0
18 1 7 0.1400 8.712 0.685 -0.462
19 1 8 0.0300 6.619999999999999 0.015 -0.644
20 1 8 0.0300 7.568999999999999 -0.748 0.766
21 1 8 0.0300 8.686 0.728 -1.578
22 1 8 0.0300 8.67 1.722 -0.044
23 1 7 0.1400 11.83 0.0 0.0
24 1 6 -0.4000 14.174000000000001 0.0 0.0
25 1 7 0.1400 13.056000000000001 -0.46199999999999997 0.685
26 1 8 0.0300 10.964 -0.644 0.01500000000000004
27 1 8 0.0300 11.913 0.766 -0.748
28 1 8 0.0300 13.030000000000001 -1.578 0.7280000000000001
29 1 8 0.0300 13.014000000000001 -0.04399999999999989 1.722
30 1 7 0.1400 16.174 0.0 0.0
31 1 6 -0.4000 18.518 0.0 0.0
32 1 7 0.1400 17.4 0.685 -0.462
33 1 8 0.0300 15.308 0.015 -0.644
34 1 8 0.0300 16.257 -0.748 0.766
35 1 8 0.0300 17.374 0.728 -1.578
36 1 8 0.0300 17.358 1.722 -0.044
37 1 7 0.1400 20.518 0.0 0.0
38 1 6 -0.4000 22.862000000000002 0.0 0.0
39 1 7 0.1400 21.744 -0.46199999999999997 0.685
40 1 8 0.0300 19.652 -0.644 0.01500000000000004
41 1 8 0.0300 20.601000000000003 0.766 -0.748
42 1 8 0.0300 21.718 -1.578 0.7280000000000001
43 1 8 0.0300 21.702 -0.04399999999999989 1.722
44 1 7 0.1400 24.862 0.0 0.0
45 1 6 -0.4000 27.206 0.0 0.0
46 1 7 0.1400 26.087999999999997 0.685 0.462
47 1 8 0.0300 23.996 0.015 0.644
48 1 8 0.0300 24.945 -0.748 -0.766
49 1 8 0.0300 26.061999999999998 0.728 1.578
50 1 8 0.0300 26.046 1.722 0.044
51 1 7 0.1400 29.206 0.0 0.0
52 1 6 -0.4000 31.55 0.0 0.0
53 1 7 0.1400 30.432 -0.46199999999999997 0.685
54 1 8 0.0300 28.34 -0.644 0.01500000000000004
55 1 8 0.0300 29.289 0.766 -0.748
56 1 8 0.0300 30.406 -1.578 0.7280000000000001
57 1 8 0.0300 30.39 -0.04399999999999989 1.722
58 1 7 0.1400 33.550000000000004 0.0 0.0
59 1 6 -0.4000 35.894 0.0 0.0
60 1 7 0.1400 34.776 0.685 0.462
61 1 8 0.0300 32.684000000000005 0.015 0.644
62 1 8 0.0300 33.633 -0.748 -0.766
63 1 8 0.0300 34.75 0.728 1.578
64 1 8 0.0300 34.734 1.722 0.044
65 1 7 0.1400 37.894000000000005 0.0 0.0
66 1 6 -0.4000 40.238 0.0 0.0
67 1 7 0.1400 39.120000000000005 0.4620000000000001 0.685
68 1 8 0.0300 37.028000000000006 0.644 0.01499999999999996
69 1 8 0.0300 37.977000000000004 -0.766 -0.748
70 1 8 0.0300 39.094 1.578 0.7279999999999999
71 1 8 0.0300 39.078 0.0440000000000001 1.722
72 1 7 0.1400 42.238 0.0 0.0
73 1 6 -0.4000 44.581999999999994 0.0 0.0
74 1 7 0.1400 43.464 0.685 0.462
75 1 8 0.0300 41.372 0.015 0.644
76 1 8 0.0300 42.321 -0.748 -0.766
77 1 8 0.0300 43.437999999999995 0.728 1.578
78 1 8 0.0300 43.422 1.722 0.044
79 1 7 0.1400 46.582 0.0 0.0
80 1 6 -0.4000 48.925999999999995 0.0 0.0
81 1 7 0.1400 47.808 0.4620000000000001 0.685
82 1 8 0.0300 45.716 0.644 0.01499999999999996
83 1 8 0.0300 46.665 -0.766 -0.748
84 1 8 0.0300 47.782 1.578 0.7279999999999999
85 1 8 0.0300 47.766 0.0440000000000001 1.722
86 1 7 0.1400 50.926 0.0 0.0
87 1 6 -0.4000 53.269999999999996 0.0 0.0
88 1 7 0.1400 52.152 0.685 -0.462
89 1 8 0.0300 50.06 0.015 -0.644
90 1 8 0.0300 51.009 -0.748 0.766
91 1 8 0.0300 52.126 0.728 -1.578
92 1 8 0.0300 52.11 1.722 -0.044
93 1 7 0.1400 55.27 0.0 0.0
94 1 6 -0.4000 57.614 0.0 0.0
95 1 7 0.1400 56.496 -0.46199999999999997 0.685
96 1 8 0.0300 54.404 -0.644 0.01500000000000004
97 1 8 0.0300 55.353 0.766 -0.748
98 1 8 0.0300 56.47 -1.578 0.7280000000000001
99 1 8 0.0300 56.454 -0.04399999999999989 1.722
100 1 7 0.1400 59.614000000000004 0.0 0.0
101 1 6 -0.4000 61.958 0.0 0.0
102 1 7 0.1400 60.84 0.685 -0.462
103 1 8 0.0300 58.748000000000005 0.015 -0.644
104 1 8 0.0300 59.697 -0.748 0.766
105 1 8 0.0300 60.814 0.728 -1.578
106 1 8 0.0300 60.798 1.722 -0.044
107 1 7 0.1400 63.958 0.0 0.0
108 1 6 -0.4000 66.30199999999999 0.0 0.0
109 1 7 0.1400 65.184 0.4620000000000001 0.685
110 1 8 0.0300 63.092 0.644 0.01499999999999996
111 1 8 0.0300 64.041 -0.766 -0.748
112 1 8 0.0300 65.158 1.578 0.7279999999999999
113 1 8 0.0300 65.142 0.0440000000000001 1.722
114 1 7 0.1400 68.302 0.0 0.0
115 1 6 -0.4000 70.646 0.0 0.0
116 1 7 0.1400 69.528 0.685 -0.462
117 1 8 0.0300 67.436 0.015 -0.644
118 1 8 0.0300 68.385 -0.748 0.766
119 1 8 0.0300 69.50200000000001 0.728 -1.578
120 1 8 0.0300 69.486 1.722 -0.044
121 1 7 0.1400 72.646 0.0 0.0
122 1 6 -0.4000 74.99 0.0 0.0
123 1 7 0.1400 73.872 0.4620000000000001 0.685
124 1 8 0.0300 71.78 0.644 0.01499999999999996
125 1 8 0.0300 72.729 -0.766 -0.748
126 1 8 0.0300 73.846 1.578 0.7279999999999999
127 1 8 0.0300 73.83 0.0440000000000001 1.722
128 1 7 0.1400 76.99000000000001 0.0 0.0
129 1 6 -0.4000 79.334 0.0 0.0
130 1 7 0.1400 78.21600000000001 0.685 -0.462
131 1 8 0.0300 76.12400000000001 0.015 -0.644
132 1 8 0.0300 77.07300000000001 -0.748 0.766
133 1 8 0.0300 78.19000000000001 0.728 -1.578
134 1 8 0.0300 78.174 1.722 -0.044
135 1 7 0.1400 81.334 0.0 0.0
136 1 6 -0.4000 83.678 0.0 0.0
137 1 7 0.1400 82.56 -0.46199999999999997 0.685
138 1 8 0.0300 80.468 -0.644 0.01500000000000004
139 1 8 0.0300 81.417 0.766 -0.748
140 1 8 0.0300 82.534 -1.578 0.7280000000000001
141 1 8 0.0300 82.518 -0.04399999999999989 1.722
142 1 7 0.1400 85.678 0.0 0.0
143 1 6 -0.4000 88.02199999999999 0.0 0.0
144 1 7 0.1400 86.904 0.685 -0.462
145 1 8 0.0300 84.812 0.015 -0.644
146 1 8 0.0300 85.761 -0.748 0.766
147 1 8 0.0300 86.878 0.728 -1.578
148 1 8 0.0300 86.862 1.722 -0.044
149 1 7 0.1400 90.022 0.0 0.0
150 1 6 -0.4000 92.366 0.0 0.0
151 1 7 0.1400 91.248 -0.46199999999999997 0.685
152 1 8 0.0300 89.156 -0.644 0.01500000000000004
153 1 8 0.0300 90.105 0.766 -0.748
154 1 8 0.0300 91.22200000000001 -1.578 0.7280000000000001
155 1 8 0.0300 91.206 -0.04399999999999989 1.722
156 1 7 0.1400 94.366 0.0 0.0
157 1 6 -0.4000 96.71 0.0 0.0
158 1 7 0.1400 95.592 0.685 0.462
159 1 8 0.0300 93.5 0.015 0.644
160 1 8 0.0300 94.449 -0.748 -0.766
161 1 8 0.0300 95.566 0.728 1.578
162 1 8 0.0300 95.55 1.722 0.044
163 1 7 0.1400 98.71000000000001 0.0 0.0
164 1 6 -0.4000 101.054 0.0 0.0
165 1 7 0.1400 99.936 -0.46199999999999997 0.685
166 1 8 0.0300 97.84400000000001 -0.644 0.01500000000000004
167 1 8 0.0300 98.793 0.766 -0.748
168 1 8 0.0300 99.91000000000001 -1.578 0.7280000000000001
169 1 8 0.0300 99.894 -0.04399999999999989 1.722
170 1 7 0.1400 103.054 0.0 0.0
171 1 6 -0.4000 105.398 0.0 0.0
172 1 7 0.1400 104.28 0.685 -0.462
173 1 8 0.0300 102.188 0.015 -0.644
174 1 8 0.0300 103.137 -0.748 0.766
175 1 8 0.0300 104.254 0.728 -1.578
176 1 8 0.0300 104.238 1.722 -0.044
177 1 7 0.1400 107.398 0.0 0.0
178 1 6 -0.4000 109.74199999999999 0.0 0.0
179 1 7 0.1400 108.624 0.4620000000000001 0.685
180 1 8 0.0300 106.532 0.644 0.01499999999999996
181 1 8 0.0300 107.481 -0.766 -0.748
182 1 8 0.0300 108.598 1.578 0.7279999999999999
183 1 8 0.0300 108.582 0.0440000000000001 1.722
184 1 7 0.1400 111.742 0.0 0.0
185 1 6 -0.4000 114.086 0.0 0.0
186 1 7 0.1400 112.968 0.685 -0.462
187 1 8 0.0300 110.876 0.015 -0.644
188 1 8 0.0300 111.825 -0.748 0.766
189 1 8 0.0300 112.94200000000001 0.728 -1.578
190 1 8 0.0300 112.926 1.722 -0.044
191 1 7 0.1400 116.086 0.0 0.0
192 1 6 -0.4000 118.42999999999999 0.0 0.0
193 1 7 0.1400 117.312 0.4620000000000001 0.685
194 1 8 0.0300 115.22 0.644 0.01499999999999996
195 1 8 0.0300 116.169 -0.766 -0.748
196 1 8 0.0300 117.286 1.578 0.7279999999999999
197 1 8 0.0300 117.27 0.0440000000000001 1.722
198 1 7 0.1400 120.43 0.0 0.0
199 1 6 -0.4000 122.774 0.0 0.0
200 1 7 0.1400 121.656 0.685 -0.462
201 1 8 0.0300 119.56400000000001 0.015 -0.644
202 1 8 0.0300 120.513 -0.748 0.766
203 1 8 0.0300 121.63000000000001 0.728 -1.578
204 1 8 0.0300 121.614 1.722 -0.044
205 1 7 0.1400 124.774 0.0 0.0
206 1 6 -0.4000 127.118 0.0 0.0
207 1 7 0.1400 126.0 0.4620000000000001 0.685
208 1 8 0.0300 123.908 0.644 0.01499999999999996
209 1 8 0.0300 124.857 -0.766 -0.748
210 1 8 0.0300 125.974 1.578 0.7279999999999999
211 1 8 0.0300 125.958 0.0440000000000001 1.722
212 1 7 0.1400 129.118 0.0 0.0
213 1 6 -0.4000 131.462 0.0 0.0
214 1 7 0.1400 130.344 0.685 -0.462
215 1 8 0.0300 128.25199999999998 0.015 -0.644
216 1 8 0.0300 129.201 -0.748 0.766
217 1 8 0.0300 130.31799999999998 0.728 -1.578
218 1 8 0.0300 130.302 1.722 -0.044
219 1 7 0.1400 133.462 0.0 0.0
220 1 6 -0.4000 135.80599999999998 0.0 0.0
221 1 7 0.1400 134.688 0.4620000000000001 0.685
222 1 8 0.0300 132.59599999999998 0.644 0.01499999999999996
223 1 8 0.0300 133.545 -0.766 -0.748
224 1 8 0.0300 134.66199999999998 1.578 0.7279999999999999
225 1 8 0.0300 134.646 0.0440000000000001 1.722
226 1 7 0.1400 137.806 0.0 0.0
227 1 6 -0.4000 140.15 0.0 0.0
228 1 7 0.1400 139.032 0.685 -0.462
229 1 8 0.0300 136.94 0.015 -0.644
230 1 8 0.0300 137.889 -0.748 0.766
231 1 8 0.0300 139.006 0.728 -1.578
232 1 8 0.0300 138.99 1.722 -0.044
233 1 7 0.1400 142.15 0.0 0.0
234 1 6 -0.4000 144.494 0.0 0.0
235 1 7 0.1400 143.376 -0.46199999999999997 0.685
236 1 8 0.0300 141.284 -0.644 0.01500000000000004
237 1 8 0.0300 142.233 0.766 -0.748
238 1 8 0.0300 143.35 -1.578 0.7280000000000001
239 1 8 0.0300 143.334 -0.04399999999999989 1.722
240 1 7 0.1400 146.494 0.0 0.0
241 1 6 -0.4000 148.838 0.0 0.0
242 1 7 0.1400 147.72 0.685 -0.462
243 1 8 0.0300 145.628 0.015 -0.644
244 1 8 0.0300 146.577 -0.748 0.766
245 1 8 0.0300 147.694 0.728 -1.578
246 1 8 0.0300 147.678 1.722 -0.044
247 1 7 0.1400 150.838 0.0 0.0
248 1 6 -0.4000 153.182 0.0 0.0
249 1 7 0.1400 152.064 -0.46199999999999997 0.685
250 1 8 0.0300 149.97199999999998 -0.644 0.01500000000000004
251 1 8 0.0300 150.921 0.766 -0.748
252 1 8 0.0300 152.03799999999998 -1.578 0.7280000000000001
253 1 8 0.0300 152.022 -0.04399999999999989 1.722
254 1 7 0.1400 155.18200000000002 0.0 0.0
255 1 6 -0.4000 157.526 0.0 0.0
256 1 7 0.1400 156.40800000000002 0.685 -0.462
257 1 8 0.0300 154.316 0.015 -0.644
258 1 8 0.0300 155.26500000000001 -0.748 0.766
259 1 8 0.0300 156.382 0.728 -1.578
260 1 8 0.0300 156.366 1.722 -0.044
261 1 7 0.1400 159.526 0.0 0.0
262 1 6 -0.4000 161.87 0.0 0.0
263 1 7 0.1400 160.752 -0.46199999999999997 0.685
264 1 8 0.0300 158.66 -0.644 0.01500000000000004
265 1 8 0.0300 159.609 0.766 -0.748
266 1 8 0.0300 160.726 -1.578 0.7280000000000001
267 1 8 0.0300 160.71 -0.04399999999999989 1.722
268 1 7 0.1400 163.87 0.0 0.0
269 1 6 -0.4000 166.214 0.0 0.0
270 1 7 0.1400 165.096 0.685 0.462
271 1 8 0.0300 163.004 0.015 0.644
272 1 8 0.0300 163.953 -0.748 -0.766
273 1 8 0.0300 165.07 0.728 1.578
274 1 8 0.0300 165.054 1.722 0.044
275 1 7 0.1400 168.214 0.0 0.0
276 1 6 -0.4000 170.558 0.0 0.0
277 1 7 0.1400 169.44 0.4620000000000001 0.685
278 1 8 0.0300 167.34799999999998 0.644 0.01499999999999996
279 1 8 0.0300 168.297 -0.766 -0.748
280 1 8 0.0300 169.414 1.578 0.7279999999999999
281 1 8 0.0300 169.398 0.0440000000000001 1.722
282 1 7 0.1400 172.558 0.0 0.0
283 1 6 -0.4000 174.902 0.0 0.0
284 1 7 0.1400 173.784 0.685 0.462
285 1 8 0.0300 171.69199999999998 0.015 0.644
286 1 8 0.0300 172.641 -0.748 -0.766
287 1 8 0.0300 173.75799999999998 0.728 1.578
288 1 8 0.0300 173.742 1.722 0.044
289 1 7 0.1400 176.90200000000002 0.0 0.0
290 1 6 -0.4000 179.246 0.0 0.0
291 1 7 0.1400 178.12800000000001 -0.46199999999999997 0.685
292 1 8 0.0300 176.036 -0.644 0.01500000000000004
293 1 8 0.0300 176.985 0.766 -0.748
294 1 8 0.0300 178.102 -1.578 0.7280000000000001
295 1 8 0.0300 178.086 -0.04399999999999989 1.722
296 1 7 0.1400 181.246 0.0 0.0
297 1 6 -0.4000 183.59 0.0 0.0
298 1 7 0.1400 182.472 0.685 0.462
299 1 8 0.0300 180.38 0.015 0.644
300 1 8 0.0300 181.329 -0.748 -0.766
301 1 8 0.0300 182.446 0.728 1.578
302 1 8 0.0300 182.43 1.722 0.044
303 1 7 0.1400 185.59 0.0 0.0
304 1 6 -0.4000 187.934 0.0 0.0
305 1 7 0.1400 186.816 -0.46199999999999997 0.685
306 1 8 0.0300 184.724 -0.644 0.01500000000000004
307 1 8 0.0300 185.673 0.766 -0.748
308 1 8 0.0300 186.79 -1.578 0.7280000000000001
309 1 8 0.0300 186.774 -0.04399999999999989 1.722
310 1 7 0.1400 189.934 0.0 0.0
311 1 6 -0.4000 192.278 0.0 0.0
312 1 7 0.1400 191.16 0.685 -0.462
313 1 8 0.0300 189.06799999999998 0.015 -0.644
314 1 8 0.0300 190.017 -0.748 0.766
315 1 8 0.0300 191.134 0.728 -1.578
316 1 8 0.0300 191.118 1.722 -0.044
317 1 7 0.1400 194.278 0.0 0.0
318 1 6 -0.4000 196.62199999999999 0.0 0.0
319 1 7 0.1400 195.504 0.4620000000000001 0.685
320 1 8 0.0300 193.41199999999998 0.644 0.01499999999999996
321 1 8 0.0300 194.361 -0.766 -0.748
322 1 8 0.0300 195.47799999999998 1.578 0.7279999999999999
323 1 8 0.0300 195.462 0.0440000000000001 1.722
324 1 7 0.1400 198.622 0.0 0.0
325 1 6 -0.4000 200.966 0.0 0.0
326 1 7 0.1400 199.848 0.685 -0.462
327 1 8 0.0300 197.756 0.015 -0.644
328 1 8 0.0300 198.705 -0.748 0.766
329 1 8 0.0300 199.822 0.728 -1.578
330 1 8 0.0300 199.806 1.722 -0.044
331 1 7 0.1400 202.966 0.0 0.0
332 1 6 -0.4000 205.31 0.0 0.0
333 1 7 0.1400 204.192 0.4620000000000001 0.685
334 1 8 0.0300 202.1 0.644 0.01499999999999996
335 1 8 0.0300 203.049 -0.766 -0.748
336 1 8 0.0300 204.166 1.578 0.7279999999999999
337 1 8 0.0300 204.15 0.0440000000000001 1.722
338 1 7 0.1400 207.31 0.0 0.0
339 1 6 -0.4000 209.654 0.0 0.0
340 1 7 0.1400 208.536 0.685 -0.462
341 1 8 0.0300 206.444 0.015 -0.644
342 1 8 0.0300 207.393 -0.748 0.766
343 1 8 0.0300 208.51 0.728 -1.578
344 1 8 0.0300 208.494 1.722 -0.044
345 1 7 0.1400 211.396 0.0 0.0
346 1 5 0.1450 212.504 -0.516 0.807
347 1 3 -0.6830 213.59699999999998 0.34900000000000003 0.654
348 1 2 0.0600 210.382 -0.24299999999999997 0.263
349 1 2 0.0600 211.595 0.655 -0.83
350 1 2 0.0600 212.183 -0.5799999999999998 1.875
351 1 2 0.0600 212.785 -1.531 0.4260000000000001
352 1 4 0.4180 214.256 0.0 0.0
353 2 1 -0.1800 179.0043 0.0 0.0
354 2 6 -0.4000 181.31830000000002 0.0 0.0
355 2 7 0.1400 180.2303 0.727 -0.51
356 2 2 0.0600 178.06130000000002 0.476 -0.295
357 2 2 0.0600 179.1293 -0.082 1.108
358 2 2 0.0600 179.07330000000002 -1.035 -0.421
359 2 8 0.0300 180.2723 0.787 -1.608
360 2 8 0.0300 180.3103 1.76 -0.097
361 2 7 0.1400 183.3033 0.0 0.0
362 2 6 -0.4000 185.6473 0.0 0.0
363 2 7 0.1400 184.5293 -0.46199999999999997 0.685
364 2 8 0.0300 182.4373 -0.644 0.01500000000000004
365 2 8 0.0300 183.3863 0.766 -0.748
366 2 8 0.0300 184.5033 -1.578 0.7280000000000001
367 2 8 0.0300 184.4873 -0.04399999999999989 1.722
368 2 7 0.1400 187.6473 0.0 0.0
369 2 6 -0.4000 189.9913 0.0 0.0
370 2 7 0.1400 188.8733 0.685 -0.462
371 2 8 0.0300 186.7813 0.015 -0.644
372 2 8 0.0300 187.7303 -0.748 0.766
373 2 8 0.0300 188.8473 0.728 -1.578
374 2 8 0.0300 188.8313 1.722 -0.044
375 2 7 0.1400 191.99130000000002 0.0 0.0
376 2 6 -0.4000 194.33530000000002 0.0 0.0
377 2 7 0.1400 193.21730000000002 -0.46199999999999997 0.685
378 2 8 0.0300 191.1253 -0.644 0.01500000000000004
379 2 8 0.0300 192.07430000000002 0.766 -0.748
380 2 8 0.0300 193.1913 -1.578 0.7280000000000001
381 2 8 0.0300 193.17530000000002 -0.04399999999999989 1.722
382 2 7 0.1400 196.33530000000002 0.0 0.0
383 2 6 -0.4000 198.6793 0.0 0.0
384 2 7 0.1400 197.56130000000002 0.685 -0.462
385 2 8 0.0300 195.4693 0.015 -0.644
386 2 8 0.0300 196.41830000000002 -0.748 0.766
387 2 8 0.0300 197.5353 0.728 -1.578
388 2 8 0.0300 197.51930000000002 1.722 -0.044
389 2 7 0.1400 200.6793 0.0 0.0
390 2 6 -0.4000 203.0233 0.0 0.0
391 2 7 0.1400 201.9053 -0.46199999999999997 0.685
392 2 8 0.0300 199.8133 -0.644 0.01500000000000004
393 2 8 0.0300 200.7623 0.766 -0.748
394 2 8 0.0300 201.8793 -1.578 0.7280000000000001
395 2 8 0.0300 201.8633 -0.04399999999999989 1.722
396 2 7 0.1400 205.0233 0.0 0.0
397 2 6 -0.4000 207.3673 0.0 0.0
398 2 7 0.1400 206.2493 0.685 0.462
399 2 8 0.0300 204.1573 0.015 0.644
400 2 8 0.0300 205.1063 -0.748 -0.766
401 2 8 0.0300 206.2233 0.728 1.578
402 2 8 0.0300 206.2073 1.722 0.044
403 2 7 0.1400 209.36730000000003 0.0 0.0
404 2 6 -0.4000 211.71130000000002 0.0 0.0
405 2 7 0.1400 210.59330000000003 0.4620000000000001 0.685
406 2 8 0.0300 208.50130000000001 0.644 0.01499999999999996
407 2 8 0.0300 209.45030000000003 -0.766 -0.748
408 2 8 0.0300 210.56730000000002 1.578 0.7279999999999999
409 2 8 0.0300 210.55130000000003 0.0440000000000001 1.722
410 2 7 0.1400 213.71130000000002 0.0 0.0
411 2 6 -0.4000 216.05530000000002 0.0 0.0
412 2 7 0.1400 214.93730000000002 0.685 -0.462
413 2 8 0.0300 212.8453 0.015 -0.644
414 2 8 0.0300 213.79430000000002 -0.748 0.766
415 2 8 0.0300 214.9113 0.728 -1.578
416 2 8 0.0300 214.89530000000002 1.722 -0.044
417 2 7 0.1400 218.05530000000002 0.0 0.0
418 2 6 -0.4000 220.3993 0.0 0.0
419 2 7 0.1400 219.28130000000002 -0.46199999999999997 0.685
420 2 8 0.0300 217.1893 -0.644 0.01500000000000004
421 2 8 0.0300 218.13830000000002 0.766 -0.748
422 2 8 0.0300 219.2553 -1.578 0.7280000000000001
423 2 8 0.0300 219.23930000000001 -0.04399999999999989 1.722
424 2 7 0.1400 222.3993 0.0 0.0
425 2 6 -0.4000 224.7433 0.0 0.0
426 2 7 0.1400 223.6253 0.685 -0.462
427 2 8 0.0300 221.5333 0.015 -0.644
428 2 8 0.0300 222.4823 -0.748 0.766
429 2 8 0.0300 223.5993 0.728 -1.578
430 2 8 0.0300 223.5833 1.722 -0.044
431 2 7 0.1400 226.7433 0.0 0.0
432 2 6 -0.4000 229.0873 0.0 0.0
433 2 7 0.1400 227.9693 -0.46199999999999997 0.685
434 2 8 0.0300 225.8773 -0.644 0.01500000000000004
435 2 8 0.0300 226.8263 0.766 -0.748
436 2 8 0.0300 227.9433 -1.578 0.7280000000000001
437 2 8 0.0300 227.9273 -0.04399999999999989 1.722
438 2 7 0.1400 231.0873 0.0 0.0
439 2 6 -0.4000 233.4313 0.0 0.0
440 2 7 0.1400 232.3133 0.685 -0.462
441 2 8 0.0300 230.22129999999999 0.015 -0.644
442 2 8 0.0300 231.1703 -0.748 0.766
443 2 8 0.0300 232.2873 0.728 -1.578
444 2 8 0.0300 232.2713 1.722 -0.044
445 2 7 0.1400 235.43130000000002 0.0 0.0
446 2 6 -0.4000 237.77530000000002 0.0 0.0
447 2 7 0.1400 236.65730000000002 -0.46199999999999997 0.685
448 2 8 0.0300 234.5653 -0.644 0.01500000000000004
449 2 8 0.0300 235.51430000000002 0.766 -0.748
450 2 8 0.0300 236.6313 -1.578 0.7280000000000001
451 2 8 0.0300 236.61530000000002 -0.04399999999999989 1.722
452 2 7 0.1400 239.77530000000002 0.0 0.0
453 2 6 -0.4000 242.1193 0.0 0.0
454 2 7 0.1400 241.00130000000001 0.685 0.462
455 2 8 0.0300 238.9093 0.015 0.644
456 2 8 0.0300 239.8583 -0.748 -0.766
457 2 8 0.0300 240.9753 0.728 1.578
458 2 8 0.0300 240.9593 1.722 0.044
459 2 7 0.1400 244.1193 0.0 0.0
460 2 6 -0.4000 246.4633 0.0 0.0
461 2 7 0.1400 245.3453 0.4620000000000001 0.685
462 2 8 0.0300 243.2533 0.644 0.01499999999999996
463 2 8 0.0300 244.2023 -0.766 -0.748
464 2 8 0.0300 245.3193 1.578 0.7279999999999999
465 2 8 0.0300 245.3033 0.0440000000000001 1.722
466 2 7 0.1400 248.46330000000003 0.0 0.0
467 2 6 -0.4000 250.80730000000003 0.0 0.0
468 2 7 0.1400 249.68930000000003 0.685 -0.462
469 2 8 0.0300 247.59730000000002 0.015 -0.644
470 2 8 0.0300 248.54630000000003 -0.748 0.766
471 2 8 0.0300 249.66330000000002 0.728 -1.578
472 2 8 0.0300 249.64730000000003 1.722 -0.044
473 2 7 0.1400 252.80730000000003 0.0 0.0
474 2 6 -0.4000 255.15130000000002 0.0 0.0
475 2 7 0.1400 254.03330000000003 0.4620000000000001 0.685
476 2 8 0.0300 251.9413 0.644 0.01499999999999996
477 2 8 0.0300 252.89030000000002 -0.766 -0.748
478 2 8 0.0300 254.00730000000001 1.578 0.7279999999999999
479 2 8 0.0300 253.99130000000002 0.0440000000000001 1.722
480 2 7 0.1400 257.1513 0.0 0.0
481 2 6 -0.4000 259.49530000000004 0.0 0.0
482 2 7 0.1400 258.3773 0.685 -0.462
483 2 8 0.0300 256.2853 0.015 -0.644
484 2 8 0.0300 257.2343 -0.748 0.766
485 2 8 0.0300 258.35130000000004 0.728 -1.578
486 2 8 0.0300 258.3353 1.722 -0.044
487 2 7 0.1400 261.4953 0.0 0.0
488 2 6 -0.4000 263.83930000000004 0.0 0.0
489 2 7 0.1400 262.7213 0.4620000000000001 0.685
490 2 8 0.0300 260.6293 0.644 0.01499999999999996
491 2 8 0.0300 261.5783 -0.766 -0.748
492 2 8 0.0300 262.69530000000003 1.578 0.7279999999999999
493 2 8 0.0300 262.6793 0.0440000000000001 1.722
494 2 7 0.1400 265.8393 0.0 0.0
495 2 6 -0.4000 268.18330000000003 0.0 0.0
496 2 7 0.1400 267.0653 0.685 -0.462
497 2 8 0.0300 264.9733 0.015 -0.644
498 2 8 0.0300 265.9223 -0.748 0.766
499 2 8 0.0300 267.0393 0.728 -1.578
500 2 8 0.0300 267.0233 1.722 -0.044
501 2 7 0.1400 270.1833 0.0 0.0
502 2 6 -0.4000 272.5273 0.0 0.0
503 2 7 0.1400 271.4093 -0.46199999999999997 0.685
504 2 8 0.0300 269.3173 -0.644 0.01500000000000004
505 2 8 0.0300 270.2663 0.766 -0.748
506 2 8 0.0300 271.3833 -1.578 0.7280000000000001
507 2 8 0.0300 271.3673 -0.04399999999999989 1.722
508 2 7 0.1400 274.52729999999997 0.0 0.0
509 2 6 -0.4000 276.8713 0.0 0.0
510 2 7 0.1400 275.75329999999997 0.685 0.462
511 2 8 0.0300 273.6613 0.015 0.644
512 2 8 0.0300 274.6103 -0.748 -0.766
513 2 8 0.0300 275.7273 0.728 1.578
514 2 8 0.0300 275.7113 1.722 0.044
515 2 7 0.1400 278.8713 0.0 0.0
516 2 6 -0.4000 281.21530000000007 0.0 0.0
517 2 7 0.1400 280.0973 0.4620000000000001 0.685
518 2 8 0.0300 278.00530000000003 0.644 0.01499999999999996
519 2 8 0.0300 278.95430000000005 -0.766 -0.748
520 2 8 0.0300 280.07130000000006 1.578 0.7279999999999999
521 2 8 0.0300 280.05530000000005 0.0440000000000001 1.722
522 2 7 0.1400 283.21529999999996 0.0 0.0
523 2 6 -0.4000 285.5593 0.0 0.0
524 2 7 0.1400 284.44129999999996 0.685 -0.462
525 2 8 0.0300 282.34929999999997 0.015 -0.644
526 2 8 0.0300 283.2983 -0.748 0.766
527 2 8 0.0300 284.4153 0.728 -1.578
528 2 8 0.0300 284.3993 1.722 -0.044
529 2 7 0.1400 287.5593 0.0 0.0
530 2 6 -0.4000 289.90330000000006 0.0 0.0
531 2 7 0.1400 288.7853 0.4620000000000001 0.685
532 2 8 0.0300 286.6933 0.644 0.01499999999999996
533 2 8 0.0300 287.64230000000003 -0.766 -0.748
534 2 8 0.0300 288.75930000000005 1.578 0.7279999999999999
535 2 8 0.0300 288.74330000000003 0.0440000000000001 1.722
536 2 7 0.1400 291.9033 0.0 0.0
537 2 6 -0.4000 294.24730000000005 0.0 0.0
538 2 7 0.1400 293.1293 0.685 -0.462
539 2 8 0.0300 291.0373 0.015 -0.644
540 2 8 0.0300 291.9863 -0.748 0.766
541 2 8 0.0300 293.10330000000005 0.728 -1.578
542 2 8 0.0300 293.0873 1.722 -0.044
543 2 7 0.1400 296.2473 0.0 0.0
544 2 6 -0.4000 298.59130000000005 0.0 0.0
545 2 7 0.1400 297.4733 -0.46199999999999997 0.685
546 2 8 0.0300 295.3813 -0.644 0.01500000000000004
547 2 8 0.0300 296.3303 0.766 -0.748
548 2 8 0.0300 297.44730000000004 -1.578 0.7280000000000001
549 2 8 0.0300 297.4313 -0.04399999999999989 1.722
550 2 7 0.1400 300.5913 0.0 0.0
551 2 6 -0.4000 302.93530000000004 0.0 0.0
552 2 7 0.1400 301.8173 0.685 -0.462
553 2 8 0.0300 299.7253 0.015 -0.644
554 2 8 0.0300 300.6743 -0.748 0.766
555 2 8 0.0300 301.79130000000004 0.728 -1.578
556 2 8 0.0300 301.7753 1.722 -0.044
557 2 7 0.1400 304.9353 0.0 0.0
558 2 6 -0.4000 307.27930000000003 0.0 0.0
559 2 7 0.1400 306.1613 -0.46199999999999997 0.685
560 2 8 0.0300 304.0693 -0.644 0.01500000000000004
561 2 8 0.0300 305.0183 0.766 -0.748
562 2 8 0.0300 306.13530000000003 -1.578 0.7280000000000001
563 2 8 0.0300 306.1193 -0.04399999999999989 1.722
564 2 7 0.1400 309.2793 0.0 0.0
565 2 6 -0.4000 311.62330000000003 0.0 0.0
566 2 7 0.1400 310.5053 0.685 0.462
567 2 8 0.0300 308.4133 0.015 0.644
568 2 8 0.0300 309.3623 -0.748 -0.766
569 2 8 0.0300 310.4793 0.728 1.578
570 2 8 0.0300 310.4633 1.722 0.044
571 2 7 0.1400 313.6233 0.0 0.0
572 2 6 -0.4000 315.9673 0.0 0.0
573 2 7 0.1400 314.84929999999997 0.4620000000000001 0.685
574 2 8 0.0300 312.7573 0.644 0.01499999999999996
575 2 8 0.0300 313.7063 -0.766 -0.748
576 2 8 0.0300 314.8233 1.578 0.7279999999999999
577 2 8 0.0300 314.8073 0.0440000000000001 1.722
578 2 7 0.1400 317.9673 0.0 0.0
579 2 6 -0.4000 320.3113000000001 0.0 0.0
580 2 7 0.1400 319.1933 0.685 -0.462
581 2 8 0.0300 317.10130000000004 0.015 -0.644
582 2 8 0.0300 318.05030000000005 -0.748 0.766
583 2 8 0.0300 319.16730000000007 0.728 -1.578
584 2 8 0.0300 319.15130000000005 1.722 -0.044
585 2 7 0.1400 322.31129999999996 0.0 0.0
586 2 6 -0.4000 324.6553 0.0 0.0
587 2 7 0.1400 323.53729999999996 0.4620000000000001 0.685
588 2 8 0.0300 321.4453 0.644 0.01499999999999996
589 2 8 0.0300 322.3943 -0.766 -0.748
590 2 8 0.0300 323.5113 1.578 0.7279999999999999
591 2 8 0.0300 323.4953 0.0440000000000001 1.722
592 2 7 0.1400 326.6553 0.0 0.0
593 2 6 -0.4000 328.99930000000006 0.0 0.0
594 2 7 0.1400 327.8813 0.685 -0.462
595 2 8 0.0300 325.7893 0.015 -0.644
596 2 8 0.0300 326.73830000000004 -0.748 0.766
597 2 8 0.0300 327.85530000000006 0.728 -1.578
598 2 8 0.0300 327.83930000000004 1.722 -0.044
599 2 7 0.1400 330.99929999999995 0.0 0.0
600 2 6 -0.4000 333.3433 0.0 0.0
601 2 7 0.1400 332.22529999999995 -0.46199999999999997 0.685
602 2 8 0.0300 330.13329999999996 -0.644 0.01500000000000004
603 2 8 0.0300 331.0823 0.766 -0.748
604 2 8 0.0300 332.1993 -1.578 0.7280000000000001
605 2 8 0.0300 332.1833 -0.04399999999999989 1.722
606 2 7 0.1400 335.3433 0.0 0.0
607 2 6 -0.4000 337.68730000000005 0.0 0.0
608 2 7 0.1400 336.5693 0.685 0.462
609 2 8 0.0300 334.4773 0.015 0.644
610 2 8 0.0300 335.4263 -0.748 -0.766
611 2 8 0.0300 336.54330000000004 0.728 1.578
612 2 8 0.0300 336.5273 1.722 0.044
613 2 7 0.1400 339.6873 0.0 0.0
614 2 6 -0.4000 342.03130000000004 0.0 0.0
615 2 7 0.1400 340.9133 -0.46199999999999997 0.685
616 2 8 0.0300 338.8213 -0.644 0.01500000000000004
617 2 8 0.0300 339.7703 0.766 -0.748
618 2 8 0.0300 340.88730000000004 -1.578 0.7280000000000001
619 2 8 0.0300 340.8713 -0.04399999999999989 1.722
620 2 7 0.1400 344.0313 0.0 0.0
621 2 6 -0.4000 346.37530000000004 0.0 0.0
622 2 7 0.1400 345.2573 0.685 -0.462
623 2 8 0.0300 343.1653 0.015 -0.644
624 2 8 0.0300 344.1143 -0.748 0.766
625 2 8 0.0300 345.23130000000003 0.728 -1.578
626 2 8 0.0300 345.2153 1.722 -0.044
627 2 7 0.1400 348.3753 0.0 0.0
628 2 6 -0.4000 350.71930000000003 0.0 0.0
629 2 7 0.1400 349.6013 -0.46199999999999997 0.685
630 2 8 0.0300 347.5093 -0.644 0.01500000000000004
631 2 8 0.0300 348.4583 0.766 -0.748
632 2 8 0.0300 349.5753 -1.578 0.7280000000000001
633 2 8 0.0300 349.5593 -0.04399999999999989 1.722
634 2 7 0.1400 352.7193 0.0 0.0
635 2 6 -0.4000 355.0633 0.0 0.0
636 2 7 0.1400 353.9453 0.685 0.462
637 2 8 0.0300 351.8533 0.015 0.644
638 2 8 0.0300 352.8023 -0.748 -0.766
639 2 8 0.0300 353.9193 0.728 1.578
640 2 8 0.0300 353.9033 1.722 0.044
641 2 7 0.1400 357.0633 0.0 0.0
642 2 6 -0.4000 359.4073000000001 0.0 0.0
643 2 7 0.1400 358.2893 0.4620000000000001 0.685
644 2 8 0.0300 356.19730000000004 0.644 0.01499999999999996
645 2 8 0.0300 357.14630000000005 -0.766 -0.748
646 2 8 0.0300 358.2633000000001 1.578 0.7279999999999999
647 2 8 0.0300 358.24730000000005 0.0440000000000001 1.722
648 2 7 0.1400 361.40729999999996 0.0 0.0
649 2 6 -0.4000 363.7513 0.0 0.0
650 2 7 0.1400 362.63329999999996 0.685 -0.462
651 2 8 0.0300 360.5413 0.015 -0.644
652 2 8 0.0300 361.4903 -0.748 0.766
653 2 8 0.0300 362.6073 0.728 -1.578
654 2 8 0.0300 362.5913 1.722 -0.044
655 2 7 0.1400 365.7513 0.0 0.0
656 2 6 -0.4000 368.09530000000007 0.0 0.0
657 2 7 0.1400 366.9773 -0.46199999999999997 0.685
658 2 8 0.0300 364.88530000000003 -0.644 0.01500000000000004
659 2 8 0.0300 365.83430000000004 0.766 -0.748
660 2 8 0.0300 366.95130000000006 -1.578 0.7280000000000001
661 2 8 0.0300 366.93530000000004 -0.04399999999999989 1.722
662 2 7 0.1400 370.09529999999995 0.0 0.0
663 2 6 -0.4000 372.4393 0.0 0.0
664 2 7 0.1400 371.32129999999995 0.685 -0.462
665 2 8 0.0300 369.22929999999997 0.015 -0.644
666 2 8 0.0300 370.1783 -0.748 0.766
667 2 8 0.0300 371.2953 0.728 -1.578
668 2 8 0.0300 371.2793 1.722 -0.044
669 2 7 0.1400 374.4393 0.0 0.0
670 2 6 -0.4000 376.78330000000005 0.0 0.0
671 2 7 0.1400 375.6653 0.4620000000000001 0.685
672 2 8 0.0300 373.5733 0.644 0.01499999999999996
673 2 8 0.0300 374.52230000000003 -0.766 -0.748
674 2 8 0.0300 375.63930000000005 1.578 0.7279999999999999
675 2 8 0.0300 375.62330000000003 0.0440000000000001 1.722
676 2 7 0.1400 378.7833 0.0 0.0
677 2 6 -0.4000 381.12730000000005 0.0 0.0
678 2 7 0.1400 380.0093 0.685 -0.462
679 2 8 0.0300 377.9173 0.015 -0.644
680 2 8 0.0300 378.8663 -0.748 0.766
681 2 8 0.0300 379.98330000000004 0.728 -1.578
682 2 8 0.0300 379.9673 1.722 -0.044
683 2 7 0.1400 383.1273 0.0 0.0
684 2 6 -0.4000 385.47130000000004 0.0 0.0
685 2 7 0.1400 384.3533 -0.46199999999999997 0.685
686 2 8 0.0300 382.2613 -0.644 0.01500000000000004
687 2 8 0.0300 383.2103 0.766 -0.748
688 2 8 0.0300 384.32730000000004 -1.578 0.7280000000000001
689 2 8 0.0300 384.3113 -0.04399999999999989 1.722
690 2 7 0.1400 387.4713 0.0 0.0
691 2 6 -0.4000 389.81530000000004 0.0 0.0
692 2 7 0.1400 388.6973 0.685 0.462
693 2 8 0.0300 386.6053 0.015 0.644
694 2 8 0.0300 387.5543 -0.748 -0.766
695 2 8 0.0300 388.67130000000003 0.728 1.578
696 2 8 0.0300 388.6553 1.722 0.044
697 2 7 0.1400 391.5573 0.0 0.0
698 2 5 0.1450 392.6653 -0.516 0.807
699 2 3 -0.6830 393.7583 0.34900000000000003 0.654
700 2 2 0.0600 390.5433 -0.24299999999999997 0.263
701 2 2 0.0600 391.7563 0.655 -0.83
702 2 2 0.0600 392.34430000000003 -0.5799999999999998 1.875
703 2 2 0.0600 392.9463 -1.531 0.4260000000000001
704 2 4 0.4180 394.4173 0.0 0.0
705 3 1 -0.1800 359.1655 0.0 0.0
706 3 6 -0.4000 361.4795 0.0 0.0
707 3 7 0.1400 360.3915 0.727 -0.51
708 3 2 0.0600 358.22249999999997 0.476 -0.295
709 3 2 0.0600 359.2905 -0.082 1.108
710 3 2 0.0600 359.23449999999997 -1.035 -0.421
711 3 8 0.0300 360.4335 0.787 -1.608
712 3 8 0.0300 360.4715 1.76 -0.097
713 3 7 0.1400 363.4645 0.0 0.0
714 3 6 -0.4000 365.80850000000004 0.0 0.0
715 3 7 0.1400 364.6905 0.4620000000000001 0.685
716 3 8 0.0300 362.5985 0.644 0.01499999999999996
717 3 8 0.0300 363.5475 -0.766 -0.748
718 3 8 0.0300 364.66450000000003 1.578 0.7279999999999999
719 3 8 0.0300 364.6485 0.0440000000000001 1.722
720 3 7 0.1400 367.8085 0.0 0.0
721 3 6 -0.4000 370.15250000000003 0.0 0.0
722 3 7 0.1400 369.0345 0.685 -0.462
723 3 8 0.0300 366.9425 0.015 -0.644
724 3 8 0.0300 367.8915 -0.748 0.766
725 3 8 0.0300 369.0085 0.728 -1.578
726 3 8 0.0300 368.9925 1.722 -0.044
727 3 7 0.1400 372.1525 0.0 0.0
728 3 6 -0.4000 374.4965 0.0 0.0
729 3 7 0.1400 373.3785 -0.46199999999999997 0.685
730 3 8 0.0300 371.2865 -0.644 0.01500000000000004
731 3 8 0.0300 372.2355 0.766 -0.748
732 3 8 0.0300 373.3525 -1.578 0.7280000000000001
733 3 8 0.0300 373.3365 -0.04399999999999989 1.722
734 3 7 0.1400 376.49649999999997 0.0 0.0
735 3 6 -0.4000 378.8405 0.0 0.0
736 3 7 0.1400 377.72249999999997 0.685 -0.462
737 3 8 0.0300 375.6305 0.015 -0.644
738 3 8 0.0300 376.5795 -0.748 0.766
739 3 8 0.0300 377.6965 0.728 -1.578
740 3 8 0.0300 377.6805 1.722 -0.044
741 3 7 0.1400 380.84049999999996 0.0 0.0
742 3 6 -0.4000 383.1845 0.0 0.0
743 3 7 0.1400 382.06649999999996 -0.46199999999999997 0.685
744 3 8 0.0300 379.9745 -0.644 0.01500000000000004
745 3 8 0.0300 380.9235 0.766 -0.748
746 3 8 0.0300 382.0405 -1.578 0.7280000000000001
747 3 8 0.0300 382.0245 -0.04399999999999989 1.722
748 3 7 0.1400 385.18449999999996 0.0 0.0
749 3 6 -0.4000 387.5285 0.0 0.0
750 3 7 0.1400 386.41049999999996 0.685 -0.462
751 3 8 0.0300 384.3185 0.015 -0.644
752 3 8 0.0300 385.2675 -0.748 0.766
753 3 8 0.0300 386.3845 0.728 -1.578
754 3 8 0.0300 386.3685 1.722 -0.044
755 3 7 0.1400 389.52849999999995 0.0 0.0
756 3 6 -0.4000 391.8725 0.0 0.0
757 3 7 0.1400 390.75449999999995 0.4620000000000001 0.685
758 3 8 0.0300 388.66249999999997 0.644 0.01499999999999996
759 3 8 0.0300 389.6115 -0.766 -0.748
760 3 8 0.0300 390.7285 1.578 0.7279999999999999
761 3 8 0.0300 390.7125 0.0440000000000001 1.722
762 3 7 0.1400 393.87249999999995 0.0 0.0
763 3 6 -0.4000 396.2165 0.0 0.0
764 3 7 0.1400 395.09849999999994 0.685 -0.462
765 3 8 0.0300 393.00649999999996 0.015 -0.644
766 3 8 0.0300 393.9555 -0.748 0.766
767 3 8 0.0300 395.0725 0.728 -1.578
768 3 8 0.0300 395.05649999999997 1.722 -0.044
769 3 7 0.1400 398.2165 0.0 0.0
770 3 6 -0.4000 400.56050000000005 0.0 0.0
771 3 7 0.1400 399.4425 -0.46199999999999997 0.685
772 3 8 0.0300 397.3505 -0.644 0.01500000000000004
773 3 8 0.0300 398.2995 0.766 -0.748
774 3 8 0.0300 399.41650000000004 -1.578 0.7280000000000001
775 3 8 0.0300 399.4005 -0.04399999999999989 1.722
776 3 7 0.1400 402.56049999999993 0.0 0.0
777 3 6 -0.4000 404.9045 0.0 0.0
778 3 7 0.1400 403.78649999999993 0.685 0.462
779 3 8 0.0300 401.69449999999995 0.015 0.644
780 3 8 0.0300 402.64349999999996 -0.748 -0.766
781 3 8 0.0300 403.7605 0.728 1.578
782 3 8 0.0300 403.74449999999996 1.722 0.044
783 3 7 0.1400 406.9045 0.0 0.0
784 3 6 -0.4000 409.24850000000004 0.0 0.0
785 3 7 0.1400 408.1305 0.4620000000000001 0.685
786 3 8 0.0300 406.0385 0.644 0.01499999999999996
787 3 8 0.0300 406.9875 -0.766 -0.748
788 3 8 0.0300 408.10450000000003 1.578 0.7279999999999999
789 3 8 0.0300 408.0885 0.0440000000000001 1.722
790 3 7 0.1400 411.2485 0.0 0.0
791 3 6 -0.4000 413.59250000000003 0.0 0.0
792 3 7 0.1400 412.4745 0.685 0.462
793 3 8 0.0300 410.3825 0.015 0.644
794 3 8 0.0300 411.3315 -0.748 -0.766
795 3 8 0.0300 412.4485 0.728 1.578
796 3 8 0.0300 412.4325 1.722 0.044
797 3 7 0.1400 415.5925 0.0 0.0
798 3 6 -0.4000 417.9365 0.0 0.0
799 3 7 0.1400 416.8185 0.4620000000000001 0.685
800 3 8 0.0300 414.7265 0.644 0.01499999999999996
801 3 8 0.0300 415.6755 -0.766 -0.748
802 3 8 0.0300 416.7925 1.578 0.7279999999999999
803 3 8 0.0300 416.7765 0.0440000000000001 1.722
804 3 7 0.1400 419.93649999999997 0.0 0.0
805 3 6 -0.4000 422.2805 0.0 0.0
806 3 7 0.1400 421.16249999999997 0.685 -0.462
807 3 8 0.0300 419.0705 0.015 -0.644
808 3 8 0.0300 420.0195 -0.748 0.766
809 3 8 0.0300 421.1365 0.728 -1.578
810 3 8 0.0300 421.1205 1.722 -0.044
811 3 7 0.1400 424.28049999999996 0.0 0.0
812 3 6 -0.4000 426.6245 0.0 0.0
813 3 7 0.1400 425.50649999999996 -0.46199999999999997 0.685
814 3 8 0.0300 423.4145 -0.644 0.01500000000000004
815 3 8 0.0300 424.3635 0.766 -0.748
816 3 8 0.0300 425.4805 -1.578 0.7280000000000001
817 3 8 0.0300 425.4645 -0.04399999999999989 1.722
818 3 7 0.1400 428.62449999999995 0.0 0.0
819 3 6 -0.4000 430.9685 0.0 0.0
820 3 7 0.1400 429.85049999999995 0.685 0.462
821 3 8 0.0300 427.75849999999997 0.015 0.644
822 3 8 0.0300 428.7075 -0.748 -0.766
823 3 8 0.0300 429.8245 0.728 1.578
824 3 8 0.0300 429.8085 1.722 0.044
825 3 7 0.1400 432.96849999999995 0.0 0.0
826 3 6 -0.4000 435.3125 0.0 0.0
827 3 7 0.1400 434.19449999999995 -0.46199999999999997 0.685
828 3 8 0.0300 432.10249999999996 -0.644 0.01500000000000004
829 3 8 0.0300 433.0515 0.766 -0.748
830 3 8 0.0300 434.1685 -1.578 0.7280000000000001
831 3 8 0.0300 434.1525 -0.04399999999999989 1.722
832 3 7 0.1400 437.3125 0.0 0.0
833 3 6 -0.4000 439.65650000000005 0.0 0.0
834 3 7 0.1400 438.5385 0.685 -0.462
835 3 8 0.0300 436.4465 0.015 -0.644
836 3 8 0.0300 437.3955 -0.748 0.766
837 3 8 0.0300 438.51250000000005 0.728 -1.578
838 3 8 0.0300 438.4965 1.722 -0.044
839 3 7 0.1400 441.65649999999994 0.0 0.0
840 3 6 -0.4000 444.0005 0.0 0.0
841 3 7 0.1400 442.88249999999994 -0.46199999999999997 0.685
842 3 8 0.0300 440.79049999999995 -0.644 0.01500000000000004
843 3 8 0.0300 441.73949999999996 0.766 -0.748
844 3 8 0.0300 442.8565 -1.578 0.7280000000000001
845 3 8 0.0300 442.84049999999996 -0.04399999999999989 1.722
846 3 7 0.1400 446.0005 0.0 0.0
847 3 6 -0.4000 448.34450000000004 0.0 0.0
848 3 7 0.1400 447.2265 0.685 0.462
849 3 8 0.0300 445.1345 0.015 0.644
850 3 8 0.0300 446.0835 -0.748 -0.766
851 3 8 0.0300 447.20050000000003 0.728 1.578
852 3 8 0.0300 447.1845 1.722 0.044
853 3 7 0.1400 450.3445 0.0 0.0
854 3 6 -0.4000 452.68850000000003 0.0 0.0
855 3 7 0.1400 451.5705 -0.46199999999999997 0.685
856 3 8 0.0300 449.4785 -0.644 0.01500000000000004
857 3 8 0.0300 450.4275 0.766 -0.748
858 3 8 0.0300 451.5445 -1.578 0.7280000000000001
859 3 8 0.0300 451.5285 -0.04399999999999989 1.722
860 3 7 0.1400 454.6885 0.0 0.0
861 3 6 -0.4000 457.0325 0.0 0.0
862 3 7 0.1400 455.9145 0.685 -0.462
863 3 8 0.0300 453.8225 0.015 -0.644
864 3 8 0.0300 454.7715 -0.748 0.766
865 3 8 0.0300 455.8885 0.728 -1.578
866 3 8 0.0300 455.8725 1.722 -0.044
867 3 7 0.1400 459.03249999999997 0.0 0.0
868 3 6 -0.4000 461.3765 0.0 0.0
869 3 7 0.1400 460.25849999999997 0.4620000000000001 0.685
870 3 8 0.0300 458.1665 0.644 0.01499999999999996
871 3 8 0.0300 459.1155 -0.766 -0.748
872 3 8 0.0300 460.2325 1.578 0.7279999999999999
873 3 8 0.0300 460.2165 0.0440000000000001 1.722
874 3 7 0.1400 463.37649999999996 0.0 0.0
875 3 6 -0.4000 465.7205 0.0 0.0
876 3 7 0.1400 464.60249999999996 0.685 -0.462
877 3 8 0.0300 462.5105 0.015 -0.644
878 3 8 0.0300 463.4595 -0.748 0.766
879 3 8 0.0300 464.5765 0.728 -1.578
880 3 8 0.0300 464.5605 1.722 -0.044
881 3 7 0.1400 467.72049999999996 0.0 0.0
882 3 6 -0.4000 470.0645 0.0 0.0
883 3 7 0.1400 468.94649999999996 -0.46199999999999997 0.685
884 3 8 0.0300 466.8545 -0.644 0.01500000000000004
885 3 8 0.0300 467.8035 0.766 -0.748
886 3 8 0.0300 468.9205 -1.578 0.7280000000000001
887 3 8 0.0300 468.9045 -0.04399999999999989 1.722
888 3 7 0.1400 472.06449999999995 0.0 0.0
889 3 6 -0.4000 474.4085 0.0 0.0
890 3 7 0.1400 473.29049999999995 0.685 0.462
891 3 8 0.0300 471.19849999999997 0.015 0.644
892 3 8 0.0300 472.1475 -0.748 -0.766
893 3 8 0.0300 473.2645 0.728 1.578
894 3 8 0.0300 473.2485 1.722 0.044
895 3 7 0.1400 476.40849999999995 0.0 0.0
896 3 6 -0.4000 478.7525 0.0 0.0
897 3 7 0.1400 477.63449999999995 -0.46199999999999997 0.685
898 3 8 0.0300 475.54249999999996 -0.644 0.01500000000000004
899 3 8 0.0300 476.4915 0.766 -0.748
900 3 8 0.0300 477.6085 -1.578 0.7280000000000001
901 3 8 0.0300 477.5925 -0.04399999999999989 1.722
902 3 7 0.1400 480.75249999999994 0.0 0.0
903 3 6 -0.4000 483.0965 0.0 0.0
904 3 7 0.1400 481.97849999999994 0.685 -0.462
905 3 8 0.0300 479.88649999999996 0.015 -0.644
906 3 8 0.0300 480.83549999999997 -0.748 0.766
907 3 8 0.0300 481.9525 0.728 -1.578
908 3 8 0.0300 481.93649999999997 1.722 -0.044
909 3 7 0.1400 485.0965 0.0 0.0
910 3 6 -0.4000 487.44050000000004 0.0 0.0
911 3 7 0.1400 486.3225 0.4620000000000001 0.685
912 3 8 0.0300 484.2305 0.644 0.01499999999999996
913 3 8 0.0300 485.1795 -0.766 -0.748
914 3 8 0.0300 486.29650000000004 1.578 0.7279999999999999
915 3 8 0.0300 486.2805 0.0440000000000001 1.722
916 3 7 0.1400 489.44049999999993 0.0 0.0
917 3 6 -0.4000 491.7845 0.0 0.0
918 3 7 0.1400 490.6664999999999 0.685 -0.462
919 3 8 0.0300 488.57449999999994 0.015 -0.644
920 3 8 0.0300 489.52349999999996 -0.748 0.766
921 3 8 0.0300 490.6405 0.728 -1.578
922 3 8 0.0300 490.62449999999995 1.722 -0.044
923 3 7 0.1400 493.7845 0.0 0.0
924 3 6 -0.4000 496.12850000000003 0.0 0.0
925 3 7 0.1400 495.0105 0.4620000000000001 0.685
926 3 8 0.0300 492.9185 0.644 0.01499999999999996
927 3 8 0.0300 493.8675 -0.766 -0.748
928 3 8 0.0300 494.9845 1.578 0.7279999999999999
929 3 8 0.0300 494.9685 0.0440000000000001 1.722
930 3 7 0.1400 498.1285 0.0 0.0
931 3 6 -0.4000 500.4725 0.0 0.0
932 3 7 0.1400 499.3545 0.685 -0.462
933 3 8 0.0300 497.2625 0.015 -0.644
934 3 8 0.0300 498.2115 -0.748 0.766
935 3 8 0.0300 499.3285 0.728 -1.578
936 3 8 0.0300 499.3125 1.722 -0.044
937 3 7 0.1400 502.47249999999997 0.0 0.0
938 3 6 -0.4000 504.8165 0.0 0.0
939 3 7 0.1400 503.69849999999997 -0.46199999999999997 0.685
940 3 8 0.0300 501.6065 -0.644 0.01500000000000004
941 3 8 0.0300 502.5555 0.766 -0.748
942 3 8 0.0300 503.6725 -1.578 0.7280000000000001
943 3 8 0.0300 503.6565 -0.04399999999999989 1.722
944 3 7 0.1400 506.81649999999996 0.0 0.0
945 3 6 -0.4000 509.1605 0.0 0.0
946 3 7 0.1400 508.04249999999996 0.685 0.462
947 3 8 0.0300 505.9505 0.015 0.644
948 3 8 0.0300 506.8995 -0.748 -0.766
949 3 8 0.0300 508.0165 0.728 1.578
950 3 8 0.0300 508.0005 1.722 0.044
951 3 7 0.1400 511.16049999999996 0.0 0.0
952 3 6 -0.4000 513.5045 0.0 0.0
953 3 7 0.1400 512.3865 -0.46199999999999997 0.685
954 3 8 0.0300 510.29449999999997 -0.644 0.01500000000000004
955 3 8 0.0300 511.2435 0.766 -0.748
956 3 8 0.0300 512.3605 -1.578 0.7280000000000001
957 3 8 0.0300 512.3444999999999 -0.04399999999999989 1.722
958 3 7 0.1400 515.5045 0.0 0.0
959 3 6 -0.4000 517.8485000000001 0.0 0.0
960 3 7 0.1400 516.7305 0.685 0.462
961 3 8 0.0300 514.6385 0.015 0.644
962 3 8 0.0300 515.5875 -0.748 -0.766
963 3 8 0.0300 516.7045 0.728 1.578
964 3 8 0.0300 516.6885 1.722 0.044
965 3 7 0.1400 519.8485 0.0 0.0
966 3 6 -0.4000 522.1925 0.0 0.0
967 3 7 0.1400 521.0745 -0.46199999999999997 0.685
968 3 8 0.0300 518.9825 -0.644 0.01500000000000004
969 3 8 0.0300 519.9314999999999 0.766 -0.748
970 3 8 0.0300 521.0485 -1.578 0.7280000000000001
971 3 8 0.0300 521.0324999999999 -0.04399999999999989 1.722
972 3 7 0.1400 524.1925 0.0 0.0
973 3 6 -0.4000 526.5365 0.0 0.0
974 3 7 0.1400 525.4185 0.685 -0.462
975 3 8 0.0300 523.3265 0.015 -0.644
976 3 8 0.0300 524.2755 -0.748 0.766
977 3 8 0.0300 525.3925 0.728 -1.578
978 3 8 0.0300 525.3765 1.722 -0.044
979 3 7 0.1400 528.5364999999999 0.0 0.0
980 3 6 -0.4000 530.8805 0.0 0.0
981 3 7 0.1400 529.7624999999999 0.4620000000000001 0.685
982 3 8 0.0300 527.6705 0.644 0.01499999999999996
983 3 8 0.0300 528.6194999999999 -0.766 -0.748
984 3 8 0.0300 529.7365 1.578 0.7279999999999999
985 3 8 0.0300 529.7204999999999 0.0440000000000001 1.722
986 3 7 0.1400 532.8805 0.0 0.0
987 3 6 -0.4000 535.2245 0.0 0.0
988 3 7 0.1400 534.1065 0.685 -0.462
989 3 8 0.0300 532.0145 0.015 -0.644
990 3 8 0.0300 532.9635 -0.748 0.766
991 3 8 0.0300 534.0805 0.728 -1.578
992 3 8 0.0300 534.0645 1.722 -0.044
993 3 7 0.1400 537.2245 0.0 0.0
994 3 6 -0.4000 539.5685000000001 0.0 0.0
995 3 7 0.1400 538.4505 0.4620000000000001 0.685
996 3 8 0.0300 536.3585 0.644 0.01499999999999996
997 3 8 0.0300 537.3075 -0.766 -0.748
998 3 8 0.0300 538.4245000000001 1.578 0.7279999999999999
999 3 8 0.0300 538.4085 0.0440000000000001 1.722
1000 3 7 0.1400 541.5685 0.0 0.0
1001 3 6 -0.4000 543.9125 0.0 0.0
1002 3 7 0.1400 542.7945 0.685 -0.462
1003 3 8 0.0300 540.7025 0.015 -0.644
1004 3 8 0.0300 541.6514999999999 -0.748 0.766
1005 3 8 0.0300 542.7685 0.728 -1.578
1006 3 8 0.0300 542.7524999999999 1.722 -0.044
1007 3 7 0.1400 545.9124999999999 0.0 0.0
1008 3 6 -0.4000 548.2565 0.0 0.0
1009 3 7 0.1400 547.1384999999999 -0.46199999999999997 0.685
1010 3 8 0.0300 545.0464999999999 -0.644 0.01500000000000004
1011 3 8 0.0300 545.9954999999999 0.766 -0.748
1012 3 8 0.0300 547.1125 -1.578 0.7280000000000001
1013 3 8 0.0300 547.0964999999999 -0.04399999999999989 1.722
1014 3 7 0.1400 550.2565 0.0 0.0
1015 3 6 -0.4000 552.6005 0.0 0.0
1016 3 7 0.1400 551.4825 0.685 0.462
1017 3 8 0.0300 549.3905 0.015 0.644
1018 3 8 0.0300 550.3394999999999 -0.748 -0.766
1019 3 8 0.0300 551.4565 0.728 1.578
1020 3 8 0.0300 551.4404999999999 1.722 0.044
1021 3 7 0.1400 554.6005 0.0 0.0
1022 3 6 -0.4000 556.9445000000001 0.0 0.0
1023 3 7 0.1400 555.8265 -0.46199999999999997 0.685
1024 3 8 0.0300 553.7345 -0.644 0.01500000000000004
1025 3 8 0.0300 554.6835 0.766 -0.748
1026 3 8 0.0300 555.8005 -1.578 0.7280000000000001
1027 3 8 0.0300 555.7845 -0.04399999999999989 1.722
1028 3 7 0.1400 558.9445 0.0 0.0
1029 3 6 -0.4000 561.2885 0.0 0.0
1030 3 7 0.1400 560.1705 0.685 -0.462
1031 3 8 0.0300 558.0785 0.015 -0.644
1032 3 8 0.0300 559.0274999999999 -0.748 0.766
1033 3 8 0.0300 560.1445 0.728 -1.578
1034 3 8 0.0300 560.1284999999999 1.722 -0.044
1035 3 7 0.1400 563.2885 0.0 0.0
1036 3 6 -0.4000 565.6325 0.0 0.0
1037 3 7 0.1400 564.5145 -0.46199999999999997 0.685
1038 3 8 0.0300 562.4225 -0.644 0.01500000000000004
1039 3 8 0.0300 563.3715 0.766 -0.748
1040 3 8 0.0300 564.4885 -1.578 0.7280000000000001
1041 3 8 0.0300 564.4725 -0.04399999999999989 1.722
1042 3 7 0.1400 567.6324999999999 0.0 0.0
1043 3 6 -0.4000 569.9765 0.0 0.0
1044 3 7 0.1400 568.8584999999999 0.685 -0.462
1045 3 8 0.0300 566.7665 0.015 -0.644
1046 3 8 0.0300 567.7154999999999 -0.748 0.766
1047 3 8 0.0300 568.8325 0.728 -1.578
1048 3 8 0.0300 568.8164999999999 1.722 -0.044
1049 3 7 0.1400 571.7185000000001 0.0 0.0
1050 3 5 0.1450 572.8265 0.516 0.807
1051 3 3 -0.6830 573.9195 -0.3489999999999999 0.654
1052 3 2 0.0600 570.7045 0.24300000000000002 0.263
1053 3 2 0.0600 571.9175 -0.655 -0.83
1054 3 2 0.0600 572.5055 0.5800000000000001 1.875
1055 3 2 0.0600 573.1075 1.531 0.4259999999999999
1056 3 4 0.4180 574.5785 0.0 0.0
1057 4 1 -0.1800 539.3267999999999 0.0 0.0
1058 4 6 -0.4000 541.6408 0.0 0.0
1059 4 7 0.1400 540.5527999999999 0.727 -0.51
1060 4 2 0.0600 538.3838 0.476 -0.295
1061 4 2 0.0600 539.4517999999999 -0.082 1.108
1062 4 2 0.0600 539.3958 -1.035 -0.421
1063 4 8 0.0300 540.5948 0.787 -1.608
1064 4 8 0.0300 540.6328 1.76 -0.097
1065 4 7 0.1400 543.6257999999999 0.0 0.0
1066 4 6 -0.4000 545.9698 0.0 0.0
1067 4 7 0.1400 544.8517999999999 0.4620000000000001 0.685
1068 4 8 0.0300 542.7597999999999 0.644 0.01499999999999996
1069 4 8 0.0300 543.7087999999999 -0.766 -0.748
1070 4 8 0.0300 544.8258 1.578 0.7279999999999999
1071 4 8 0.0300 544.8097999999999 0.0440000000000001 1.722
1072 4 7 0.1400 547.9698 0.0 0.0
1073 4 6 -0.4000 550.3138 0.0 0.0
1074 4 7 0.1400 549.1958 0.685 -0.462
1075 4 8 0.0300 547.1038 0.015 -0.644
1076 4 8 0.0300 548.0527999999999 -0.748 0.766
1077 4 8 0.0300 549.1698 0.728 -1.578
1078 4 8 0.0300 549.1537999999999 1.722 -0.044
1079 4 7 0.1400 552.3137999999999 0.0 0.0
1080 4 6 -0.4000 554.6578 0.0 0.0
1081 4 7 0.1400 553.5397999999999 -0.46199999999999997 0.685
1082 4 8 0.0300 551.4477999999999 -0.644 0.01500000000000004
1083 4 8 0.0300 552.3967999999999 0.766 -0.748
1084 4 8 0.0300 553.5138 -1.578 0.7280000000000001
1085 4 8 0.0300 553.4977999999999 -0.04399999999999989 1.722
1086 4 7 0.1400 556.6578 0.0 0.0
1087 4 6 -0.4000 559.0018 0.0 0.0
1088 4 7 0.1400 557.8838 0.685 0.462
1089 4 8 0.0300 555.7918 0.015 0.644
1090 4 8 0.0300 556.7407999999999 -0.748 -0.766
1091 4 8 0.0300 557.8578 0.728 1.578
1092 4 8 0.0300 557.8417999999999 1.722 0.044
1093 4 7 0.1400 561.0018 0.0 0.0
1094 4 6 -0.4000 563.3458 0.0 0.0
1095 4 7 0.1400 562.2278 0.4620000000000001 0.685
1096 4 8 0.0300 560.1358 0.644 0.01499999999999996
1097 4 8 0.0300 561.0848 -0.766 -0.748
1098 4 8 0.0300 562.2018 1.578 0.7279999999999999
1099 4 8 0.0300 562.1858 0.0440000000000001 1.722
1100 4 7 0.1400 565.3457999999999 0.0 0.0
1101 4 6 -0.4000 567.6898 0.0 0.0
1102 4 7 0.1400 566.5717999999999 0.685 0.462
1103 4 8 0.0300 564.4798 0.015 0.644
1104 4 8 0.0300 565.4287999999999 -0.748 -0.766
1105 4 8 0.0300 566.5458 0.728 1.578
1106 4 8 0.0300 566.5297999999999 1.722 0.044
1107 4 7 0.1400 569.6898 0.0 0.0
1108 4 6 -0.4000 572.0338 0.0 0.0
1109 4 7 0.1400 570.9158 -0.46199999999999997 0.685
1110 4 8 0.0300 568.8238 -0.644 0.01500000000000004
1111 4 8 0.0300 569.7728 0.766 -0.748
1112 4 8 0.0300 570.8898 -1.578 0.7280000000000001
1113 4 8 0.0300 570.8738 -0.04399999999999989 1.722
1114 4 7 0.1400 574.0337999999999 0.0 0.0
1115 4 6 -0.4000 576.3778 0.0 0.0
1116 4 7 0.1400 575.2597999999999 0.685 -0.462
1117 4 8 0.0300 573.1677999999999 0.015 -0.644
1118 4 8 0.0300 574.1167999999999 -0.748 0.766
1119 4 8 0.0300 575.2338 0.728 -1.578
1120 4 8 0.0300 575.2177999999999 1.722 -0.044
1121 4 7 0.1400 578.3778 0.0 0.0
1122 4 6 -0.4000 580.7218 0.0 0.0
1123 4 7 0.1400 579.6038 0.4620000000000001 0.685
1124 4 8 0.0300 577.5118 0.644 0.01499999999999996
1125 4 8 0.0300 578.4608 -0.766 -0.748
1126 4 8 0.0300 579.5778 1.578 0.7279999999999999
1127 4 8 0.0300 579.5618 0.0440000000000001 1.722
1128 4 7 0.1400 582.7217999999999 0.0 0.0
1129 4 6 -0.4000 585.0658 0.0 0.0
1130 4 7 0.1400 583.9477999999999 0.685 0.462
1131 4 8 0.0300 581.8557999999999 0.015 0.644
1132 4 8 0.0300 582.8047999999999 -0.748 -0.766
1133 4 8 0.0300 583.9218 0.728 1.578
1134 4 8 0.0300 583.9057999999999 1.722 0.044
1135 4 7 0.1400 587.0658 0.0 0.0
1136 4 6 -0.4000 589.4098 0.0 0.0
1137 4 7 0.1400 588.2918 0.4620000000000001 0.685
1138 4 8 0.0300 586.1998 0.644 0.01499999999999996
1139 4 8 0.0300 587.1487999999999 -0.766 -0.748
1140 4 8 0.0300 588.2658 1.578 0.7279999999999999
1141 4 8 0.0300 588.2497999999999 0.0440000000000001 1.722
1142 4 7 0.1400 591.4097999999999 0.0 0.0
1143 4 6 -0.4000 593.7538 0.0 0.0
1144 4 7 0.1400 592.6357999999999 0.685 -0.462
1145 4 8 0.0300 590.5437999999999 0.015 -0.644
1146 4 8 0.0300 591.4927999999999 -0.748 0.766
1147 4 8 0.0300 592.6098 0.728 -1.578
1148 4 8 0.0300 592.5937999999999 1.722 -0.044
1149 4 7 0.1400 595.7538 0.0 0.0
1150 4 6 -0.4000 598.0978 0.0 0.0
1151 4 7 0.1400 596.9798 0.4620000000000001 0.685
1152 4 8 0.0300 594.8878 0.644 0.01499999999999996
1153 4 8 0.0300 595.8367999999999 -0.766 -0.748
1154 4 8 0.0300 596.9538 1.578 0.7279999999999999
1155 4 8 0.0300 596.9377999999999 0.0440000000000001 1.722
1156 4 7 0.1400 600.0978 0.0 0.0
1157 4 6 -0.4000 602.4418000000001 0.0 0.0
1158 4 7 0.1400 601.3238 0.685 -0.462
1159 4 8 0.0300 599.2318 0.015 -0.644
1160 4 8 0.0300 600.1808 -0.748 0.766
1161 4 8 0.0300 601.2978 0.728 -1.578
1162 4 8 0.0300 601.2818 1.722 -0.044
1163 4 7 0.1400 604.4418 0.0 0.0
1164 4 6 -0.4000 606.7858 0.0 0.0
1165 4 7 0.1400 605.6677999999999 -0.46199999999999997 0.685
1166 4 8 0.0300 603.5758 -0.644 0.01500000000000004
1167 4 8 0.0300 604.5247999999999 0.766 -0.748
1168 4 8 0.0300 605.6418 -1.578 0.7280000000000001
1169 4 8 0.0300 605.6257999999999 -0.04399999999999989 1.722
1170 4 7 0.1400 608.7858 0.0 0.0
1171 4 6 -0.4000 611.1298 0.0 0.0
1172 4 7 0.1400 610.0118 0.685 -0.462
1173 4 8 0.0300 607.9198 0.015 -0.644
1174 4 8 0.0300 608.8688 -0.748 0.766
1175 4 8 0.0300 609.9858 0.728 -1.578
1176 4 8 0.0300 609.9698 1.722 -0.044
1177 4 7 0.1400 613.1297999999999 0.0 0.0
1178 4 6 -0.4000 615.4738 0.0 0.0
1179 4 7 0.1400 614.3557999999999 -0.46199999999999997 0.685
1180 4 8 0.0300 612.2638 -0.644 0.01500000000000004
1181 4 8 0.0300 613.2127999999999 0.766 -0.748
1182 4 8 0.0300 614.3298 -1.578 0.7280000000000001
1183 4 8 0.0300 614.3137999999999 -0.04399999999999989 1.722
1184 4 7 0.1400 617.4738 0.0 0.0
1185 4 6 -0.4000 619.8178 0.0 0.0
1186 4 7 0.1400 618.6998 0.685 -0.462
1187 4 8 0.0300 616.6078 0.015 -0.644
1188 4 8 0.0300 617.5568 -0.748 0.766
1189 4 8 0.0300 618.6738 0.728 -1.578
1190 4 8 0.0300 618.6578 1.722 -0.044
1191 4 7 0.1400 621.8177999999999 0.0 0.0
1192 4 6 -0.4000 624.1618 0.0 0.0
1193 4 7 0.1400 623.0437999999999 -0.46199999999999997 0.685
1194 4 8 0.0300 620.9517999999999 -0.644 0.01500000000000004
1195 4 8 0.0300 621.9007999999999 0.766 -0.748
1196 4 8 0.0300 623.0178 -1.578 0.7280000000000001
1197 4 8 0.0300 623.0017999999999 -0.04399999999999989 1.722
1198 4 7 0.1400 626.1618 0.0 0.0
1199 4 6 -0.4000 628.5058 0.0 0.0
1200 4 7 0.1400 627.3878 0.685 0.462
1201 4 8 0.0300 625.2958 0.015 0.644
1202 4 8 0.0300 626.2447999999999 -0.748 -0.766
1203 4 8 0.0300 627.3618 0.728 1.578
1204 4 8 0.0300 627.3457999999999 1.722 0.044
1205 4 7 0.1400 630.5057999999999 0.0 0.0
1206 4 6 -0.4000 632.8498 0.0 0.0
1207 4 7 0.1400 631.7317999999999 -0.46199999999999997 0.685
1208 4 8 0.0300 629.6397999999999 -0.644 0.01500000000000004
1209 4 8 0.0300 630.5887999999999 0.766 -0.748
1210 4 8 0.0300 631.7058 -1.578 0.7280000000000001
1211 4 8 0.0300 631.6897999999999 -0.04399999999999989 1.722
1212 4 7 0.1400 634.8498 0.0 0.0
1213 4 6 -0.4000 637.1938 0.0 0.0
1214 4 7 0.1400 636.0758 0.685 -0.462
1215 4 8 0.0300 633.9838 0.015 -0.644
1216 4 8 0.0300 634.9327999999999 -0.748 0.766
1217 4 8 0.0300 636.0498 0.728 -1.578
1218 4 8 0.0300 636.0337999999999 1.722 -0.044
1219 4 7 0.1400 639.1938 0.0 0.0
1220 4 6 -0.4000 641.5378000000001 0.0 0.0
1221 4 7 0.1400 640.4198 -0.46199999999999997 0.685
1222 4 8 0.0300 638.3278 -0.644 0.01500000000000004
1223 4 8 0.0300 639.2768 0.766 -0.748
1224 4 8 0.0300 640.3938 -1.578 0.7280000000000001
1225 4 8 0.0300 640.3778 -0.04399999999999989 1.722
1226 4 7 0.1400 643.5378 0.0 0.0
1227 4 6 -0.4000 645.8818 0.0 0.0
1228 4 7 0.1400 644.7638 0.685 -0.462
1229 4 8 0.0300 642.6718 0.015 -0.644
1230 4 8 0.0300 643.6207999999999 -0.748 0.766
1231 4 8 0.0300 644.7378 0.728 -1.578
1232 4 8 0.0300 644.7217999999999 1.722 -0.044
1233 4 7 0.1400 647.8817999999999 0.0 0.0
1234 4 6 -0.4000 650.2257999999999 0.0 0.0
1235 4 7 0.1400 649.1077999999999 -0.46199999999999997 0.685
1236 4 8 0.0300 647.0157999999999 -0.644 0.01500000000000004
1237 4 8 0.0300 647.9647999999999 0.766 -0.748
1238 4 8 0.0300 649.0817999999999 -1.578 0.7280000000000001
1239 4 8 0.0300 649.0657999999999 -0.04399999999999989 1.722
1240 4 7 0.1400 652.2257999999999 0.0 0.0
1241 4 6 -0.4000 654.5698 0.0 0.0
1242 4 7 0.1400 653.4517999999999 0.685 0.462
1243 4 8 0.0300 651.3598 0.015 0.644
1244 4 8 0.0300 652.3087999999999 -0.748 -0.766
1245 4 8 0.0300 653.4258 0.728 1.578
1246 4 8 0.0300 653.4097999999999 1.722 0.044
1247 4 7 0.1400 656.5698 0.0 0.0
1248 4 6 -0.4000 658.9138 0.0 0.0
1249 4 7 0.1400 657.7958 -0.46199999999999997 0.685
1250 4 8 0.0300 655.7038 -0.644 0.01500000000000004
1251 4 8 0.0300 656.6528 0.766 -0.748
1252 4 8 0.0300 657.7698 -1.578 0.7280000000000001
1253 4 8 0.0300 657.7538 -0.04399999999999989 1.722
1254 4 7 0.1400 660.9137999999999 0.0 0.0
1255 4 6 -0.4000 663.2578 0.0 0.0
1256 4 7 0.1400 662.1397999999999 0.685 -0.462
1257 4 8 0.0300 660.0477999999999 0.015 -0.644
1258 4 8 0.0300 660.9967999999999 -0.748 0.766
1259 4 8 0.0300 662.1138 0.728 -1.578
1260 4 8 0.0300 662.0977999999999 1.722 -0.044
1261 4 7 0.1400 665.2578 0.0 0.0
1262 4 6 -0.4000 667.6018 0.0 0.0
1263 4 7 0.1400 666.4838 -0.46199999999999997 0.685
1264 4 8 0.0300 664.3918 -0.644 0.01500000000000004
1265 4 8 0.0300 665.3408 0.766 -0.748
1266 4 8 0.0300 666.4578 -1.578 0.7280000000000001
1267 4 8 0.0300 666.4418 -0.04399999999999989 1.722
1268 4 7 0.1400 669.6017999999999 0.0 0.0
1269 4 6 -0.4000 671.9458 0.0 0.0
1270 4 7 0.1400 670.8277999999999 0.685 0.462
1271 4 8 0.0300 668.7357999999999 0.015 0.644
1272 4 8 0.0300 669.6847999999999 -0.748 -0.766
1273 4 8 0.0300 670.8018 0.728 1.578
1274 4 8 0.0300 670.7857999999999 1.722 0.044
1275 4 7 0.1400 673.9458 0.0 0.0
1276 4 6 -0.4000 676.2898 0.0 0.0
1277 4 7 0.1400 675.1718 0.4620000000000001 0.685
1278 4 8 0.0300 673.0798 0.644 0.01499999999999996
1279 4 8 0.0300 674.0287999999999 -0.766 -0.748
1280 4 8 0.0300 675.1458 1.578 0.7279999999999999
1281 4 8 0.0300 675.1297999999999 0.0440000000000001 1.722
1282 4 7 0.1400 678.2898 0.0 0.0
1283 4 6 -0.4000 680.6338000000001 0.0 0.0
1284 4 7 0.1400 679.5158 0.685 -0.462
1285 4 8 0.0300 677.4238 0.015 -0.644
1286 4 8 0.0300 678.3728 -0.748 0.766
1287 4 8 0.0300 679.4898000000001 0.728 -1.578
1288 4 8 0.0300 679.4738 1.722 -0.044
1289 4 7 0.1400 682.6338 0.0 0.0
1290 4 6 -0.4000 684.9778 0.0 0.0
1291 4 7 0.1400 683.8598 -0.46199999999999997 0.685
1292 4 8 0.0300 681.7678 -0.644 0.01500000000000004
1293 4 8 0.0300 682.7167999999999 0.766 -0.748
1294 4 8 0.0300 683.8338 -1.578 0.7280000000000001
1295 4 8 0.0300 683.8177999999999 -0.04399999999999989 1.722
1296 4 7 0.1400 686.9777999999999 0.0 0.0
1297 4 6 -0.4000 689.3217999999999 0.0 0.0
1298 4 7 0.1400 688.2037999999999 0.685 0.462
1299 4 8 0.0300 686.1117999999999 0.015 0.644
1300 4 8 0.0300 687.0607999999999 -0.748 -0.766
1301 4 8 0.0300 688.1777999999999 0.728 1.578
1302 4 8 0.0300 688.1617999999999 1.722 0.044
1303 4 7 0.1400 691.3217999999999 0.0 0.0
1304 4 6 -0.4000 693.6658 0.0 0.0
1305 4 7 0.1400 692.5477999999999 -0.46199999999999997 0.685
1306 4 8 0.0300 690.4558 -0.644 0.01500000000000004
1307 4 8 0.0300 691.4047999999999 0.766 -0.748
1308 4 8 0.0300 692.5218 -1.578 0.7280000000000001
1309 4 8 0.0300 692.5057999999999 -0.04399999999999989 1.722
1310 4 7 0.1400 695.6658 0.0 0.0
1311 4 6 -0.4000 698.0098 0.0 0.0
1312 4 7 0.1400 696.8918 0.685 0.462
1313 4 8 0.0300 694.7998 0.015 0.644
1314 4 8 0.0300 695.7488 -0.748 -0.766
1315 4 8 0.0300 696.8658 0.728 1.578
1316 4 8 0.0300 696.8498 1.722 0.044
1317 4 7 0.1400 700.0097999999999 0.0 0.0
1318 4 6 -0.4000 702.3538 0.0 0.0
1319 4 7 0.1400 701.2357999999999 0.4620000000000001 0.685
1320 4 8 0.0300 699.1437999999999 0.644 0.01499999999999996
1321 4 8 0.0300 700.0927999999999 -0.766 -0.748
1322 4 8 0.0300 701.2098 1.578 0.7279999999999999
1323 4 8 0.0300 701.1937999999999 0.0440000000000001 1.722
1324 4 7 0.1400 704.3538 0.0 0.0
1325 4 6 -0.4000 706.6978 0.0 0.0
1326 4 7 0.1400 705.5798 0.685 -0.462
1327 4 8 0.0300 703.4878 0.015 -0.644
1328 4 8 0.0300 704.4368 -0.748 0.766
1329 4 8 0.0300 705.5538 0.728 -1.578
1330 4 8 0.0300 705.5378 1.722 -0.044
1331 4 7 0.1400 708.6977999999999 0.0 0.0
1332 4 6 -0.4000 711.0418 0.0 0.0
1333 4 7 0.1400 709.9237999999999 -0.46199999999999997 0.685
1334 4 8 0.0300 707.8317999999999 -0.644 0.01500000000000004
1335 4 8 0.0300 708.7807999999999 0.766 -0.748
1336 4 8 0.0300 709.8978 -1.578 0.7280000000000001
1337 4 8 0.0300 709.8817999999999 -0.04399999999999989 1.722
1338 4 7 0.1400 713.0418 0.0 0.0
1339 4 6 -0.4000 715.3858 0.0 0.0
1340 4 7 0.1400 714.2678 0.685 -0.462
1341 4 8 0.0300 712.1758 0.015 -0.644
1342 4 8 0.0300 713.1247999999999 -0.748 0.766
1343 4 8 0.0300 714.2418 0.728 -1.578
1344 4 8 0.0300 714.2257999999999 1.722 -0.044
1345 4 7 0.1400 717.3858 0.0 0.0
1346 4 6 -0.4000 719.7298000000001 0.0 0.0
1347 4 7 0.1400 718.6118 0.4620000000000001 0.685
1348 4 8 0.0300 716.5198 0.644 0.01499999999999996
1349 4 8 0.0300 717.4688 -0.766 -0.748
1350 4 8 0.0300 718.5858000000001 1.578 0.7279999999999999
1351 4 8 0.0300 718.5698 0.0440000000000001 1.722
1352 4 7 0.1400 721.7298 0.0 0.0
1353 4 6 -0.4000 724.0738 0.0 0.0
1354 4 7 0.1400 722.9558 0.685 0.462
1355 4 8 0.0300 720.8638 0.015 0.644
1356 4 8 0.0300 721.8127999999999 -0.748 -0.766
1357 4 8 0.0300 722.9298 0.728 1.578
1358 4 8 0.0300 722.9137999999999 1.722 0.044
1359 4 7 0.1400 726.0737999999999 0.0 0.0
1360 4 6 -0.4000 728.4177999999999 0.0 0.0
1361 4 7 0.1400 727.2997999999999 -0.46199999999999997 0.685
1362 4 8 0.0300 725.2077999999999 -0.644 0.01500000000000004
1363 4 8 0.0300 726.1567999999999 0.766 -0.748
1364 4 8 0.0300 727.2737999999999 -1.578 0.7280000000000001
1365 4 8 0.0300 727.2577999999999 -0.04399999999999989 1.722
1366 4 7 0.1400 730.4177999999999 0.0 0.0
1367 4 6 -0.4000 732.7618 0.0 0.0
1368 4 7 0.1400 731.6437999999999 0.685 -0.462
1369 4 8 0.0300 729.5518 0.015 -0.644
1370 4 8 0.0300 730.5007999999999 -0.748 0.766
1371 4 8 0.0300 731.6178 0.728 -1.578
1372 4 8 0.0300 731.6017999999999 1.722 -0.044
1373 4 7 0.1400 734.7618 0.0 0.0
1374 4 6 -0.4000 737.1058 0.0 0.0
1375 4 7 0.1400 735.9878 0.4620000000000001 0.685
1376 4 8 0.0300 733.8958 0.644 0.01499999999999996
1377 4 8 0.0300 734.8448 -0.766 -0.748
1378 4 8 0.0300 735.9618 1.578 0.7279999999999999
1379 4 8 0.0300 735.9458 0.0440000000000001 1.722
1380 4 7 0.1400 739.1057999999999 0.0 0.0
1381 4 6 -0.4000 741.4498 0.0 0.0
1382 4 7 0.1400 740.3317999999999 0.685 0.462
1383 4 8 0.0300 738.2398 0.015 0.644
1384 4 8 0.0300 739.1887999999999 -0.748 -0.766
1385 4 8 0.0300 740.3058 0.728 1.578
1386 4 8 0.0300 740.2897999999999 1.722 0.044
1387 4 7 0.1400 743.4498 0.0 0.0
1388 4 6 -0.4000 745.7938 0.0 0.0
1389 4 7 0.1400 744.6758 0.4620000000000001 0.685
1390 4 8 0.0300 742.5838 0.644 0.01499999999999996
1391 4 8 0.0300 743.5328 -0.766 -0.748
1392 4 8 0.0300 744.6498 1.578 0.7279999999999999
1393 4 8 0.0300 744.6338 0.0440000000000001 1.722
1394 4 7 0.1400 747.7937999999999 0.0 0.0
1395 4 6 -0.4000 750.1378 0.0 0.0
1396 4 7 0.1400 749.0197999999999 0.685 -0.462
1397 4 8 0.0300 746.9277999999999 0.015 -0.644
1398 4 8 0.0300 747.8767999999999 -0.748 0.766
1399 4 8 0.0300 748.9938 0.728 -1.578
1400 4 8 0.0300 748.9777999999999 1.722 -0.044
1401 4 7 0.1400 751.8798 0.0 0.0
1402 4 5 0.1450 752.9878 0.516 0.807
1403 4 3 -0.6830 754.0808 -0.3489999999999999 0.654
1404 4 2 0.0600 750.8658 0.24300000000000002 0.263
1405 4 2 0.0600 752.0788 -0.655 -0.83
1406 4 2 0.0600 752.6668 0.5800000000000001 1.875
1407 4 2 0.0600 753.2687999999999 1.531 0.4259999999999999
1408 4 4 0.4180 754.7398 0.0 0.0
1409 5 1 -0.1800 -1.157 180.1613 0.0
1410 5 6 -0.4000 1.157 180.1613 0.0
1411 5 7 0.1400 0.069 180.88830000000002 0.51
1412 5 2 0.0600 -2.1 180.6373 0.295
1413 5 2 0.0600 -1.032 180.07930000000002 -1.108
1414 5 2 0.0600 -1.088 179.12630000000001 0.421
1415 5 8 0.0300 0.111 180.94830000000002 1.608
1416 5 8 0.0300 0.149 181.9213 0.097
1417 5 7 0.1400 3.1420000000000003 180.1613 0.0
1418 5 6 -0.4000 5.486 180.1613 0.0
1419 5 7 0.1400 4.368 179.69930000000002 0.685
1420 5 8 0.0300 2.2760000000000002 179.5173 0.01500000000000004
1421 5 8 0.0300 3.225 180.9273 -0.748
1422 5 8 0.0300 4.342 178.5833 0.7280000000000001
1423 5 8 0.0300 4.326 180.1173 1.722
1424 5 7 0.1400 7.486 180.1613 0.0
1425 5 6 -0.4000 9.83 180.1613 0.0
1426 5 7 0.1400 8.712 180.8463 -0.462
1427 5 8 0.0300 6.619999999999999 180.1763 -0.644
1428 5 8 0.0300 7.568999999999999 179.41330000000002 0.766
1429 5 8 0.0300 8.686 180.88930000000002 -1.578
1430 5 8 0.0300 8.67 181.88330000000002 -0.044
1431 5 7 0.1400 11.83 180.1613 0.0
1432 5 6 -0.4000 14.174000000000001 180.1613 0.0
1433 5 7 0.1400 13.056000000000001 179.69930000000002 0.685
1434 5 8 0.0300 10.964 179.5173 0.01500000000000004
1435 5 8 0.0300 11.913 180.9273 -0.748
1436 5 8 0.0300 13.030000000000001 178.5833 0.7280000000000001
1437 5 8 0.0300 13.014000000000001 180.1173 1.722
1438 5 7 0.1400 16.174 180.1613 0.0
1439 5 6 -0.4000 18.518 180.1613 0.0
1440 5 7 0.1400 17.4 180.8463 0.462
1441 5 8 0.0300 15.308 180.1763 0.644
1442 5 8 0.0300 16.257 179.41330000000002 -0.766
1443 5 8 0.0300 17.374 180.88930000000002 1.578
1444 5 8 0.0300 17.358 181.88330000000002 0.044
1445 5 7 0.1400 20.518 180.1613 0.0
1446 5 6 -0.4000 22.862000000000002 180.1613 0.0
1447 5 7 0.1400 21.744 179.69930000000002 0.685
1448 5 8 0.0300 19.652 179.5173 0.01500000000000004
1449 5 8 0.0300 20.601000000000003 180.9273 -0.748
1450 5 8 0.0300 21.718 178.5833 0.7280000000000001
1451 5 8 0.0300 21.702 180.1173 1.722
1452 5 7 0.1400 24.862 180.1613 0.0
1453 5 6 -0.4000 27.206 180.1613 0.0
1454 5 7 0.1400 26.087999999999997 180.8463 0.462
1455 5 8 0.0300 23.996 180.1763 0.644
1456 5 8 0.0300 24.945 179.41330000000002 -0.766
1457 5 8 0.0300 26.061999999999998 180.88930000000002 1.578
1458 5 8 0.0300 26.046 181.88330000000002 0.044
1459 5 7 0.1400 29.206 180.1613 0.0
1460 5 6 -0.4000 31.55 180.1613 0.0
1461 5 7 0.1400 30.432 179.69930000000002 0.685
1462 5 8 0.0300 28.34 179.5173 0.01500000000000004
1463 5 8 0.0300 29.289 180.9273 -0.748
1464 5 8 0.0300 30.406 178.5833 0.7280000000000001
1465 5 8 0.0300 30.39 180.1173 1.722
1466 5 7 0.1400 33.550000000000004 180.1613 0.0
1467 5 6 -0.4000 35.894 180.1613 0.0
1468 5 7 0.1400 34.776 180.8463 0.462
1469 5 8 0.0300 32.684000000000005 180.1763 0.644
1470 5 8 0.0300 33.633 179.41330000000002 -0.766
1471 5 8 0.0300 34.75 180.88930000000002 1.578
1472 5 8 0.0300 34.734 181.88330000000002 0.044
1473 5 7 0.1400 37.894000000000005 180.1613 0.0
1474 5 6 -0.4000 40.238 180.1613 0.0
1475 5 7 0.1400 39.120000000000005 180.6233 0.685
1476 5 8 0.0300 37.028000000000006 180.80530000000002 0.01499999999999996
1477 5 8 0.0300 37.977000000000004 179.39530000000002 -0.748
1478 5 8 0.0300 39.094 181.73930000000001 0.7279999999999999
1479 5 8 0.0300 39.078 180.20530000000002 1.722
1480 5 7 0.1400 42.238 180.1613 0.0
1481 5 6 -0.4000 44.581999999999994 180.1613 0.0
1482 5 7 0.1400 43.464 180.8463 0.462
1483 5 8 0.0300 41.372 180.1763 0.644
1484 5 8 0.0300 42.321 179.41330000000002 -0.766
1485 5 8 0.0300 43.437999999999995 180.88930000000002 1.578
1486 5 8 0.0300 43.422 181.88330000000002 0.044
1487 5 7 0.1400 46.582 180.1613 0.0
1488 5 6 -0.4000 48.925999999999995 180.1613 0.0
1489 5 7 0.1400 47.808 179.69930000000002 0.685
1490 5 8 0.0300 45.716 179.5173 0.01500000000000004
1491 5 8 0.0300 46.665 180.9273 -0.748
1492 5 8 0.0300 47.782 178.5833 0.7280000000000001
1493 5 8 0.0300 47.766 180.1173 1.722
1494 5 7 0.1400 50.926 180.1613 0.0
1495 5 6 -0.4000 53.269999999999996 180.1613 0.0
1496 5 7 0.1400 52.152 180.8463 0.462
1497 5 8 0.0300 50.06 180.1763 0.644
1498 5 8 0.0300 51.009 179.41330000000002 -0.766
1499 5 8 0.0300 52.126 180.88930000000002 1.578
1500 5 8 0.0300 52.11 181.88330000000002 0.044
1501 5 7 0.1400 55.27 180.1613 0.0
1502 5 6 -0.4000 57.614 180.1613 0.0
1503 5 7 0.1400 56.496 180.6233 0.685
1504 5 8 0.0300 54.404 180.80530000000002 0.01499999999999996
1505 5 8 0.0300 55.353 179.39530000000002 -0.748
1506 5 8 0.0300 56.47 181.73930000000001 0.7279999999999999
1507 5 8 0.0300 56.454 180.20530000000002 1.722
1508 5 7 0.1400 59.614000000000004 180.1613 0.0
1509 5 6 -0.4000 61.958 180.1613 0.0
1510 5 7 0.1400 60.84 180.8463 -0.462
1511 5 8 0.0300 58.748000000000005 180.1763 -0.644
1512 5 8 0.0300 59.697 179.41330000000002 0.766
1513 5 8 0.0300 60.814 180.88930000000002 -1.578
1514 5 8 0.0300 60.798 181.88330000000002 -0.044
1515 5 7 0.1400 63.958 180.1613 0.0
1516 5 6 -0.4000 66.30199999999999 180.1613 0.0
1517 5 7 0.1400 65.184 180.6233 0.685
1518 5 8 0.0300 63.092 180.80530000000002 0.01499999999999996
1519 5 8 0.0300 64.041 179.39530000000002 -0.748
1520 5 8 0.0300 65.158 181.73930000000001 0.7279999999999999
1521 5 8 0.0300 65.142 180.20530000000002 1.722
1522 5 7 0.1400 68.302 180.1613 0.0
1523 5 6 -0.4000 70.646 180.1613 0.0
1524 5 7 0.1400 69.528 180.8463 -0.462
1525 5 8 0.0300 67.436 180.1763 -0.644
1526 5 8 0.0300 68.385 179.41330000000002 0.766
1527 5 8 0.0300 69.50200000000001 180.88930000000002 -1.578
1528 5 8 0.0300 69.486 181.88330000000002 -0.044
1529 5 7 0.1400 72.646 180.1613 0.0
1530 5 6 -0.4000 74.99 180.1613 0.0
1531 5 7 0.1400 73.872 180.6233 0.685
1532 5 8 0.0300 71.78 180.80530000000002 0.01499999999999996
1533 5 8 0.0300 72.729 179.39530000000002 -0.748
1534 5 8 0.0300 73.846 181.73930000000001 0.7279999999999999
1535 5 8 0.0300 73.83 180.20530000000002 1.722
1536 5 7 0.1400 76.99000000000001 180.1613 0.0
1537 5 6 -0.4000 79.334 180.1613 0.0
1538 5 7 0.1400 78.21600000000001 180.8463 -0.462
1539 5 8 0.0300 76.12400000000001 180.1763 -0.644
1540 5 8 0.0300 77.07300000000001 179.41330000000002 0.766
1541 5 8 0.0300 78.19000000000001 180.88930000000002 -1.578
1542 5 8 0.0300 78.174 181.88330000000002 -0.044
1543 5 7 0.1400 81.334 180.1613 0.0
1544 5 6 -0.4000 83.678 180.1613 0.0
1545 5 7 0.1400 82.56 179.69930000000002 0.685
1546 5 8 0.0300 80.468 179.5173 0.01500000000000004
1547 5 8 0.0300 81.417 180.9273 -0.748
1548 5 8 0.0300 82.534 178.5833 0.7280000000000001
1549 5 8 0.0300 82.518 180.1173 1.722
1550 5 7 0.1400 85.678 180.1613 0.0
1551 5 6 -0.4000 88.02199999999999 180.1613 0.0
1552 5 7 0.1400 86.904 180.8463 -0.462
1553 5 8 0.0300 84.812 180.1763 -0.644
1554 5 8 0.0300 85.761 179.41330000000002 0.766
1555 5 8 0.0300 86.878 180.88930000000002 -1.578
1556 5 8 0.0300 86.862 181.88330000000002 -0.044
1557 5 7 0.1400 90.022 180.1613 0.0
1558 5 6 -0.4000 92.366 180.1613 0.0
1559 5 7 0.1400 91.248 180.6233 0.685
1560 5 8 0.0300 89.156 180.80530000000002 0.01499999999999996
1561 5 8 0.0300 90.105 179.39530000000002 -0.748
1562 5 8 0.0300 91.22200000000001 181.73930000000001 0.7279999999999999
1563 5 8 0.0300 91.206 180.20530000000002 1.722
1564 5 7 0.1400 94.366 180.1613 0.0
1565 5 6 -0.4000 96.71 180.1613 0.0
1566 5 7 0.1400 95.592 180.8463 0.462
1567 5 8 0.0300 93.5 180.1763 0.644
1568 5 8 0.0300 94.449 179.41330000000002 -0.766
1569 5 8 0.0300 95.566 180.88930000000002 1.578
1570 5 8 0.0300 95.55 181.88330000000002 0.044
1571 5 7 0.1400 98.71000000000001 180.1613 0.0
1572 5 6 -0.4000 101.054 180.1613 0.0
1573 5 7 0.1400 99.936 179.69930000000002 0.685
1574 5 8 0.0300 97.84400000000001 179.5173 0.01500000000000004
1575 5 8 0.0300 98.793 180.9273 -0.748
1576 5 8 0.0300 99.91000000000001 178.5833 0.7280000000000001
1577 5 8 0.0300 99.894 180.1173 1.722
1578 5 7 0.1400 103.054 180.1613 0.0
1579 5 6 -0.4000 105.398 180.1613 0.0
1580 5 7 0.1400 104.28 180.8463 0.462
1581 5 8 0.0300 102.188 180.1763 0.644
1582 5 8 0.0300 103.137 179.41330000000002 -0.766
1583 5 8 0.0300 104.254 180.88930000000002 1.578
1584 5 8 0.0300 104.238 181.88330000000002 0.044
1585 5 7 0.1400 107.398 180.1613 0.0
1586 5 6 -0.4000 109.74199999999999 180.1613 0.0
1587 5 7 0.1400 108.624 180.6233 0.685
1588 5 8 0.0300 106.532 180.80530000000002 0.01499999999999996
1589 5 8 0.0300 107.481 179.39530000000002 -0.748
1590 5 8 0.0300 108.598 181.73930000000001 0.7279999999999999
1591 5 8 0.0300 108.582 180.20530000000002 1.722
1592 5 7 0.1400 111.742 180.1613 0.0
1593 5 6 -0.4000 114.086 180.1613 0.0
1594 5 7 0.1400 112.968 180.8463 0.462
1595 5 8 0.0300 110.876 180.1763 0.644
1596 5 8 0.0300 111.825 179.41330000000002 -0.766
1597 5 8 0.0300 112.94200000000001 180.88930000000002 1.578
1598 5 8 0.0300 112.926 181.88330000000002 0.044
1599 5 7 0.1400 116.086 180.1613 0.0
1600 5 6 -0.4000 118.42999999999999 180.1613 0.0
1601 5 7 0.1400 117.312 180.6233 0.685
1602 5 8 0.0300 115.22 180.80530000000002 0.01499999999999996
1603 5 8 0.0300 116.169 179.39530000000002 -0.748
1604 5 8 0.0300 117.286 181.73930000000001 0.7279999999999999
1605 5 8 0.0300 117.27 180.20530000000002 1.722
1606 5 7 0.1400 120.43 180.1613 0.0
1607 5 6 -0.4000 122.774 180.1613 0.0
1608 5 7 0.1400 121.656 180.8463 0.462
1609 5 8 0.0300 119.56400000000001 180.1763 0.644
1610 5 8 0.0300 120.513 179.41330000000002 -0.766
1611 5 8 0.0300 121.63000000000001 180.88930000000002 1.578
1612 5 8 0.0300 121.614 181.88330000000002 0.044
1613 5 7 0.1400 124.774 180.1613 0.0
1614 5 6 -0.4000 127.118 180.1613 0.0
1615 5 7 0.1400 126.0 180.6233 0.685
1616 5 8 0.0300 123.908 180.80530000000002 0.01499999999999996
1617 5 8 0.0300 124.857 179.39530000000002 -0.748
1618 5 8 0.0300 125.974 181.73930000000001 0.7279999999999999
1619 5 8 0.0300 125.958 180.20530000000002 1.722
1620 5 7 0.1400 129.118 180.1613 0.0
1621 5 6 -0.4000 131.462 180.1613 0.0
1622 5 7 0.1400 130.344 180.8463 -0.462
1623 5 8 0.0300 128.25199999999998 180.1763 -0.644
1624 5 8 0.0300 129.201 179.41330000000002 0.766
1625 5 8 0.0300 130.31799999999998 180.88930000000002 -1.578
1626 5 8 0.0300 130.302 181.88330000000002 -0.044
1627 5 7 0.1400 133.462 180.1613 0.0
1628 5 6 -0.4000 135.80599999999998 180.1613 0.0
1629 5 7 0.1400 134.688 180.6233 0.685
1630 5 8 0.0300 132.59599999999998 180.80530000000002 0.01499999999999996
1631 5 8 0.0300 133.545 179.39530000000002 -0.748
1632 5 8 0.0300 134.66199999999998 181.73930000000001 0.7279999999999999
1633 5 8 0.0300 134.646 180.20530000000002 1.722
1634 5 7 0.1400 137.806 180.1613 0.0
1635 5 6 -0.4000 140.15 180.1613 0.0
1636 5 7 0.1400 139.032 180.8463 -0.462
1637 5 8 0.0300 136.94 180.1763 -0.644
1638 5 8 0.0300 137.889 179.41330000000002 0.766
1639 5 8 0.0300 139.006 180.88930000000002 -1.578
1640 5 8 0.0300 138.99 181.88330000000002 -0.044
1641 5 7 0.1400 142.15 180.1613 0.0
1642 5 6 -0.4000 144.494 180.1613 0.0
1643 5 7 0.1400 143.376 179.69930000000002 0.685
1644 5 8 0.0300 141.284 179.5173 0.01500000000000004
1645 5 8 0.0300 142.233 180.9273 -0.748
1646 5 8 0.0300 143.35 178.5833 0.7280000000000001
1647 5 8 0.0300 143.334 180.1173 1.722
1648 5 7 0.1400 146.494 180.1613 0.0
1649 5 6 -0.4000 148.838 180.1613 0.0
1650 5 7 0.1400 147.72 180.8463 0.462
1651 5 8 0.0300 145.628 180.1763 0.644
1652 5 8 0.0300 146.577 179.41330000000002 -0.766
1653 5 8 0.0300 147.694 180.88930000000002 1.578
1654 5 8 0.0300 147.678 181.88330000000002 0.044
1655 5 7 0.1400 150.838 180.1613 0.0
1656 5 6 -0.4000 153.182 180.1613 0.0
1657 5 7 0.1400 152.064 180.6233 0.685
1658 5 8 0.0300 149.97199999999998 180.80530000000002 0.01499999999999996
1659 5 8 0.0300 150.921 179.39530000000002 -0.748
1660 5 8 0.0300 152.03799999999998 181.73930000000001 0.7279999999999999
1661 5 8 0.0300 152.022 180.20530000000002 1.722
1662 5 7 0.1400 155.18200000000002 180.1613 0.0
1663 5 6 -0.4000 157.526 180.1613 0.0
1664 5 7 0.1400 156.40800000000002 180.8463 -0.462
1665 5 8 0.0300 154.316 180.1763 -0.644
1666 5 8 0.0300 155.26500000000001 179.41330000000002 0.766
1667 5 8 0.0300 156.382 180.88930000000002 -1.578
1668 5 8 0.0300 156.366 181.88330000000002 -0.044
1669 5 7 0.1400 159.526 180.1613 0.0
1670 5 6 -0.4000 161.87 180.1613 0.0
1671 5 7 0.1400 160.752 179.69930000000002 0.685
1672 5 8 0.0300 158.66 179.5173 0.01500000000000004
1673 5 8 0.0300 159.609 180.9273 -0.748
1674 5 8 0.0300 160.726 178.5833 0.7280000000000001
1675 5 8 0.0300 160.71 180.1173 1.722
1676 5 7 0.1400 163.87 180.1613 0.0
1677 5 6 -0.4000 166.214 180.1613 0.0
1678 5 7 0.1400 165.096 180.8463 0.462
1679 5 8 0.0300 163.004 180.1763 0.644
1680 5 8 0.0300 163.953 179.41330000000002 -0.766
1681 5 8 0.0300 165.07 180.88930000000002 1.578
1682 5 8 0.0300 165.054 181.88330000000002 0.044
1683 5 7 0.1400 168.214 180.1613 0.0
1684 5 6 -0.4000 170.558 180.1613 0.0
1685 5 7 0.1400 169.44 180.6233 0.685
1686 5 8 0.0300 167.34799999999998 180.80530000000002 0.01499999999999996
1687 5 8 0.0300 168.297 179.39530000000002 -0.748
1688 5 8 0.0300 169.414 181.73930000000001 0.7279999999999999
1689 5 8 0.0300 169.398 180.20530000000002 1.722
1690 5 7 0.1400 172.558 180.1613 0.0
1691 5 6 -0.4000 174.902 180.1613 0.0
1692 5 7 0.1400 173.784 180.8463 0.462
1693 5 8 0.0300 171.69199999999998 180.1763 0.644
1694 5 8 0.0300 172.641 179.41330000000002 -0.766
1695 5 8 0.0300 173.75799999999998 180.88930000000002 1.578
1696 5 8 0.0300 173.742 181.88330000000002 0.044
1697 5 7 0.1400 176.90200000000002 180.1613 0.0
1698 5 6 -0.4000 179.246 180.1613 0.0
1699 5 7 0.1400 178.12800000000001 179.69930000000002 0.685
1700 5 8 0.0300 176.036 179.5173 0.01500000000000004
1701 5 8 0.0300 176.985 180.9273 -0.748
1702 5 8 0.0300 178.102 178.5833 0.7280000000000001
1703 5 8 0.0300 178.086 180.1173 1.722
1704 5 7 0.1400 181.246 180.1613 0.0
1705 5 6 -0.4000 183.59 180.1613 0.0
1706 5 7 0.1400 182.472 180.8463 0.462
1707 5 8 0.0300 180.38 180.1763 0.644
1708 5 8 0.0300 181.329 179.41330000000002 -0.766
1709 5 8 0.0300 182.446 180.88930000000002 1.578
1710 5 8 0.0300 182.43 181.88330000000002 0.044
1711 5 7 0.1400 185.59 180.1613 0.0
1712 5 6 -0.4000 187.934 180.1613 0.0
1713 5 7 0.1400 186.816 180.6233 0.685
1714 5 8 0.0300 184.724 180.80530000000002 0.01499999999999996
1715 5 8 0.0300 185.673 179.39530000000002 -0.748
1716 5 8 0.0300 186.79 181.73930000000001 0.7279999999999999
1717 5 8 0.0300 186.774 180.20530000000002 1.722
1718 5 7 0.1400 189.934 180.1613 0.0
1719 5 6 -0.4000 192.278 180.1613 0.0
1720 5 7 0.1400 191.16 180.8463 -0.462
1721 5 8 0.0300 189.06799999999998 180.1763 -0.644
1722 5 8 0.0300 190.017 179.41330000000002 0.766
1723 5 8 0.0300 191.134 180.88930000000002 -1.578
1724 5 8 0.0300 191.118 181.88330000000002 -0.044
1725 5 7 0.1400 194.278 180.1613 0.0
1726 5 6 -0.4000 196.62199999999999 180.1613 0.0
1727 5 7 0.1400 195.504 179.69930000000002 0.685
1728 5 8 0.0300 193.41199999999998 179.5173 0.01500000000000004
1729 5 8 0.0300 194.361 180.9273 -0.748
1730 5 8 0.0300 195.47799999999998 178.5833 0.7280000000000001
1731 5 8 0.0300 195.462 180.1173 1.722
1732 5 7 0.1400 198.622 180.1613 0.0
1733 5 6 -0.4000 200.966 180.1613 0.0
1734 5 7 0.1400 199.848 180.8463 -0.462
1735 5 8 0.0300 197.756 180.1763 -0.644
1736 5 8 0.0300 198.705 179.41330000000002 0.766
1737 5 8 0.0300 199.822 180.88930000000002 -1.578
1738 5 8 0.0300 199.806 181.88330000000002 -0.044
1739 5 7 0.1400 202.966 180.1613 0.0
1740 5 6 -0.4000 205.31 180.1613 0.0
1741 5 7 0.1400 204.192 179.69930000000002 0.685
1742 5 8 0.0300 202.1 179.5173 0.01500000000000004
1743 5 8 0.0300 203.049 180.9273 -0.748
1744 5 8 0.0300 204.166 178.5833 0.7280000000000001
1745 5 8 0.0300 204.15 180.1173 1.722
1746 5 7 0.1400 207.31 180.1613 0.0
1747 5 6 -0.4000 209.654 180.1613 0.0
1748 5 7 0.1400 208.536 180.8463 0.462
1749 5 8 0.0300 206.444 180.1763 0.644
1750 5 8 0.0300 207.393 179.41330000000002 -0.766
1751 5 8 0.0300 208.51 180.88930000000002 1.578
1752 5 8 0.0300 208.494 181.88330000000002 0.044
1753 5 7 0.1400 211.396 180.1613 0.0
1754 5 5 0.1450 212.504 180.6773 0.807
1755 5 3 -0.6830 213.59699999999998 179.81230000000002 0.654
1756 5 2 0.0600 210.382 180.4043 0.263
1757 5 2 0.0600 211.595 179.5063 -0.83
1758 5 2 0.0600 212.183 180.74130000000002 1.875
1759 5 2 0.0600 212.785 181.69230000000002 0.4259999999999999
1760 5 4 0.4180 214.256 180.1613 0.0
1761 6 1 -0.1800 179.0043 180.1613 0.0
1762 6 6 -0.4000 181.31830000000002 180.1613 0.0
1763 6 7 0.1400 180.2303 180.88830000000002 0.51
1764 6 2 0.0600 178.06130000000002 180.6373 0.295
1765 6 2 0.0600 179.1293 180.07930000000002 -1.108
1766 6 2 0.0600 179.07330000000002 179.12630000000001 0.421
1767 6 8 0.0300 180.2723 180.94830000000002 1.608
1768 6 8 0.0300 180.3103 181.9213 0.097
1769 6 7 0.1400 183.3033 180.1613 0.0
1770 6 6 -0.4000 185.6473 180.1613 0.0
1771 6 7 0.1400 184.5293 180.6233 0.685
1772 6 8 0.0300 182.4373 180.80530000000002 0.01499999999999996
1773 6 8 0.0300 183.3863 179.39530000000002 -0.748
1774 6 8 0.0300 184.5033 181.73930000000001 0.7279999999999999
1775 6 8 0.0300 184.4873 180.20530000000002 1.722
1776 6 7 0.1400 187.6473 180.1613 0.0
1777 6 6 -0.4000 189.9913 180.1613 0.0
1778 6 7 0.1400 188.8733 180.8463 0.462
1779 6 8 0.0300 186.7813 180.1763 0.644
1780 6 8 0.0300 187.7303 179.41330000000002 -0.766
1781 6 8 0.0300 188.8473 180.88930000000002 1.578
1782 6 8 0.0300 188.8313 181.88330000000002 0.044
1783 6 7 0.1400 191.99130000000002 180.1613 0.0
1784 6 6 -0.4000 194.33530000000002 180.1613 0.0
1785 6 7 0.1400 193.21730000000002 179.69930000000002 0.685
1786 6 8 0.0300 191.1253 179.5173 0.01500000000000004
1787 6 8 0.0300 192.07430000000002 180.9273 -0.748
1788 6 8 0.0300 193.1913 178.5833 0.7280000000000001
1789 6 8 0.0300 193.17530000000002 180.1173 1.722
1790 6 7 0.1400 196.33530000000002 180.1613 0.0
1791 6 6 -0.4000 198.6793 180.1613 0.0
1792 6 7 0.1400 197.56130000000002 180.8463 0.462
1793 6 8 0.0300 195.4693 180.1763 0.644
1794 6 8 0.0300 196.41830000000002 179.41330000000002 -0.766
1795 6 8 0.0300 197.5353 180.88930000000002 1.578
1796 6 8 0.0300 197.51930000000002 181.88330000000002 0.044
1797 6 7 0.1400 200.6793 180.1613 0.0
1798 6 6 -0.4000 203.0233 180.1613 0.0
1799 6 7 0.1400 201.9053 179.69930000000002 0.685
1800 6 8 0.0300 199.8133 179.5173 0.01500000000000004
1801 6 8 0.0300 200.7623 180.9273 -0.748
1802 6 8 0.0300 201.8793 178.5833 0.7280000000000001
1803 6 8 0.0300 201.8633 180.1173 1.722
1804 6 7 0.1400 205.0233 180.1613 0.0
1805 6 6 -0.4000 207.3673 180.1613 0.0
1806 6 7 0.1400 206.2493 180.8463 0.462
1807 6 8 0.0300 204.1573 180.1763 0.644
1808 6 8 0.0300 205.1063 179.41330000000002 -0.766
1809 6 8 0.0300 206.2233 180.88930000000002 1.578
1810 6 8 0.0300 206.2073 181.88330000000002 0.044
1811 6 7 0.1400 209.36730000000003 180.1613 0.0
1812 6 6 -0.4000 211.71130000000002 180.1613 0.0
1813 6 7 0.1400 210.59330000000003 179.69930000000002 0.685
1814 6 8 0.0300 208.50130000000001 179.5173 0.01500000000000004
1815 6 8 0.0300 209.45030000000003 180.9273 -0.748
1816 6 8 0.0300 210.56730000000002 178.5833 0.7280000000000001
1817 6 8 0.0300 210.55130000000003 180.1173 1.722
1818 6 7 0.1400 213.71130000000002 180.1613 0.0
1819 6 6 -0.4000 216.05530000000002 180.1613 0.0
1820 6 7 0.1400 214.93730000000002 180.8463 0.462
1821 6 8 0.0300 212.8453 180.1763 0.644
1822 6 8 0.0300 213.79430000000002 179.41330000000002 -0.766
1823 6 8 0.0300 214.9113 180.88930000000002 1.578
1824 6 8 0.0300 214.89530000000002 181.88330000000002 0.044
1825 6 7 0.1400 218.05530000000002 180.1613 0.0
1826 6 6 -0.4000 220.3993 180.1613 0.0
1827 6 7 0.1400 219.28130000000002 180.6233 0.685
1828 6 8 0.0300 217.1893 180.80530000000002 0.01499999999999996
1829 6 8 0.0300 218.13830000000002 179.39530000000002 -0.748
1830 6 8 0.0300 219.2553 181.73930000000001 0.7279999999999999
1831 6 8 0.0300 219.23930000000001 180.20530000000002 1.722
1832 6 7 0.1400 222.3993 180.1613 0.0
1833 6 6 -0.4000 224.7433 180.1613 0.0
1834 6 7 0.1400 223.6253 180.8463 -0.462
1835 6 8 0.0300 221.5333 180.1763 -0.644
1836 6 8 0.0300 222.4823 179.41330000000002 0.766
1837 6 8 0.0300 223.5993 180.88930000000002 -1.578
1838 6 8 0.0300 223.5833 181.88330000000002 -0.044
1839 6 7 0.1400 226.7433 180.1613 0.0
1840 6 6 -0.4000 229.0873 180.1613 0.0
1841 6 7 0.1400 227.9693 179.69930000000002 0.685
1842 6 8 0.0300 225.8773 179.5173 0.01500000000000004
1843 6 8 0.0300 226.8263 180.9273 -0.748
1844 6 8 0.0300 227.9433 178.5833 0.7280000000000001
1845 6 8 0.0300 227.9273 180.1173 1.722
1846 6 7 0.1400 231.0873 180.1613 0.0
1847 6 6 -0.4000 233.4313 180.1613 0.0
1848 6 7 0.1400 232.3133 180.8463 -0.462
1849 6 8 0.0300 230.22129999999999 180.1763 -0.644
1850 6 8 0.0300 231.1703 179.41330000000002 0.766
1851 6 8 0.0300 232.2873 180.88930000000002 -1.578
1852 6 8 0.0300 232.2713 181.88330000000002 -0.044
1853 6 7 0.1400 235.43130000000002 180.1613 0.0
1854 6 6 -0.4000 237.77530000000002 180.1613 0.0
1855 6 7 0.1400 236.65730000000002 180.6233 0.685
1856 6 8 0.0300 234.5653 180.80530000000002 0.01499999999999996
1857 6 8 0.0300 235.51430000000002 179.39530000000002 -0.748
1858 6 8 0.0300 236.6313 181.73930000000001 0.7279999999999999
1859 6 8 0.0300 236.61530000000002 180.20530000000002 1.722
1860 6 7 0.1400 239.77530000000002 180.1613 0.0
1861 6 6 -0.4000 242.1193 180.1613 0.0
1862 6 7 0.1400 241.00130000000001 180.8463 0.462
1863 6 8 0.0300 238.9093 180.1763 0.644
1864 6 8 0.0300 239.8583 179.41330000000002 -0.766
1865 6 8 0.0300 240.9753 180.88930000000002 1.578
1866 6 8 0.0300 240.9593 181.88330000000002 0.044
1867 6 7 0.1400 244.1193 180.1613 0.0
1868 6 6 -0.4000 246.4633 180.1613 0.0
1869 6 7 0.1400 245.3453 179.69930000000002 0.685
1870 6 8 0.0300 243.2533 179.5173 0.01500000000000004
1871 6 8 0.0300 244.2023 180.9273 -0.748
1872 6 8 0.0300 245.3193 178.5833 0.7280000000000001
1873 6 8 0.0300 245.3033 180.1173 1.722
1874 6 7 0.1400 248.46330000000003 180.1613 0.0
1875 6 6 -0.4000 250.80730000000003 180.1613 0.0
1876 6 7 0.1400 249.68930000000003 180.8463 0.462
1877 6 8 0.0300 247.59730000000002 180.1763 0.644
1878 6 8 0.0300 248.54630000000003 179.41330000000002 -0.766
1879 6 8 0.0300 249.66330000000002 180.88930000000002 1.578
1880 6 8 0.0300 249.64730000000003 181.88330000000002 0.044
1881 6 7 0.1400 252.80730000000003 180.1613 0.0
1882 6 6 -0.4000 255.15130000000002 180.1613 0.0
1883 6 7 0.1400 254.03330000000003 179.69930000000002 0.685
1884 6 8 0.0300 251.9413 179.5173 0.01500000000000004
1885 6 8 0.0300 252.89030000000002 180.9273 -0.748
1886 6 8 0.0300 254.00730000000001 178.5833 0.7280000000000001
1887 6 8 0.0300 253.99130000000002 180.1173 1.722
1888 6 7 0.1400 257.1513 180.1613 0.0
1889 6 6 -0.4000 259.49530000000004 180.1613 0.0
1890 6 7 0.1400 258.3773 180.8463 0.462
1891 6 8 0.0300 256.2853 180.1763 0.644
1892 6 8 0.0300 257.2343 179.41330000000002 -0.766
1893 6 8 0.0300 258.35130000000004 180.88930000000002 1.578
1894 6 8 0.0300 258.3353 181.88330000000002 0.044
1895 6 7 0.1400 261.4953 180.1613 0.0
1896 6 6 -0.4000 263.83930000000004 180.1613 0.0
1897 6 7 0.1400 262.7213 180.6233 0.685
1898 6 8 0.0300 260.6293 180.80530000000002 0.01499999999999996
1899 6 8 0.0300 261.5783 179.39530000000002 -0.748
1900 6 8 0.0300 262.69530000000003 181.73930000000001 0.7279999999999999
1901 6 8 0.0300 262.6793 180.20530000000002 1.722
1902 6 7 0.1400 265.8393 180.1613 0.0
1903 6 6 -0.4000 268.18330000000003 180.1613 0.0
1904 6 7 0.1400 267.0653 180.8463 0.462
1905 6 8 0.0300 264.9733 180.1763 0.644
1906 6 8 0.0300 265.9223 179.41330000000002 -0.766
1907 6 8 0.0300 267.0393 180.88930000000002 1.578
1908 6 8 0.0300 267.0233 181.88330000000002 0.044
1909 6 7 0.1400 270.1833 180.1613 0.0
1910 6 6 -0.4000 272.5273 180.1613 0.0
1911 6 7 0.1400 271.4093 180.6233 0.685
1912 6 8 0.0300 269.3173 180.80530000000002 0.01499999999999996
1913 6 8 0.0300 270.2663 179.39530000000002 -0.748
1914 6 8 0.0300 271.3833 181.73930000000001 0.7279999999999999
1915 6 8 0.0300 271.3673 180.20530000000002 1.722
1916 6 7 0.1400 274.52729999999997 180.1613 0.0
1917 6 6 -0.4000 276.8713 180.1613 0.0
1918 6 7 0.1400 275.75329999999997 180.8463 -0.462
1919 6 8 0.0300 273.6613 180.1763 -0.644
1920 6 8 0.0300 274.6103 179.41330000000002 0.766
1921 6 8 0.0300 275.7273 180.88930000000002 -1.578
1922 6 8 0.0300 275.7113 181.88330000000002 -0.044
1923 6 7 0.1400 278.8713 180.1613 0.0
1924 6 6 -0.4000 281.21530000000007 180.1613 0.0
1925 6 7 0.1400 280.0973 180.6233 0.685
1926 6 8 0.0300 278.00530000000003 180.80530000000002 0.01499999999999996
1927 6 8 0.0300 278.95430000000005 179.39530000000002 -0.748
1928 6 8 0.0300 280.07130000000006 181.73930000000001 0.7279999999999999
1929 6 8 0.0300 280.05530000000005 180.20530000000002 1.722
1930 6 7 0.1400 283.21529999999996 180.1613 0.0
1931 6 6 -0.4000 285.5593 180.1613 0.0
1932 6 7 0.1400 284.44129999999996 180.8463 0.462
1933 6 8 0.0300 282.34929999999997 180.1763 0.644
1934 6 8 0.0300 283.2983 179.41330000000002 -0.766
1935 6 8 0.0300 284.4153 180.88930000000002 1.578
1936 6 8 0.0300 284.3993 181.88330000000002 0.044
1937 6 7 0.1400 287.5593 180.1613 0.0
1938 6 6 -0.4000 289.90330000000006 180.1613 0.0
1939 6 7 0.1400 288.7853 179.69930000000002 0.685
1940 6 8 0.0300 286.6933 179.5173 0.01500000000000004
1941 6 8 0.0300 287.64230000000003 180.9273 -0.748
1942 6 8 0.0300 288.75930000000005 178.5833 0.7280000000000001
1943 6 8 0.0300 288.74330000000003 180.1173 1.722
1944 6 7 0.1400 291.9033 180.1613 0.0
1945 6 6 -0.4000 294.24730000000005 180.1613 0.0
1946 6 7 0.1400 293.1293 180.8463 -0.462
1947 6 8 0.0300 291.0373 180.1763 -0.644
1948 6 8 0.0300 291.9863 179.41330000000002 0.766
1949 6 8 0.0300 293.10330000000005 180.88930000000002 -1.578
1950 6 8 0.0300 293.0873 181.88330000000002 -0.044
1951 6 7 0.1400 296.2473 180.1613 0.0
1952 6 6 -0.4000 298.59130000000005 180.1613 0.0
1953 6 7 0.1400 297.4733 180.6233 0.685
1954 6 8 0.0300 295.3813 180.80530000000002 0.01499999999999996
1955 6 8 0.0300 296.3303 179.39530000000002 -0.748
1956 6 8 0.0300 297.44730000000004 181.73930000000001 0.7279999999999999
1957 6 8 0.0300 297.4313 180.20530000000002 1.722
1958 6 7 0.1400 300.5913 180.1613 0.0
1959 6 6 -0.4000 302.93530000000004 180.1613 0.0
1960 6 7 0.1400 301.8173 180.8463 0.462
1961 6 8 0.0300 299.7253 180.1763 0.644
1962 6 8 0.0300 300.6743 179.41330000000002 -0.766
1963 6 8 0.0300 301.79130000000004 180.88930000000002 1.578
1964 6 8 0.0300 301.7753 181.88330000000002 0.044
1965 6 7 0.1400 304.9353 180.1613 0.0
1966 6 6 -0.4000 307.27930000000003 180.1613 0.0
1967 6 7 0.1400 306.1613 180.6233 0.685
1968 6 8 0.0300 304.0693 180.80530000000002 0.01499999999999996
1969 6 8 0.0300 305.0183 179.39530000000002 -0.748
1970 6 8 0.0300 306.13530000000003 181.73930000000001 0.7279999999999999
1971 6 8 0.0300 306.1193 180.20530000000002 1.722
1972 6 7 0.1400 309.2793 180.1613 0.0
1973 6 6 -0.4000 311.62330000000003 180.1613 0.0
1974 6 7 0.1400 310.5053 180.8463 -0.462
1975 6 8 0.0300 308.4133 180.1763 -0.644
1976 6 8 0.0300 309.3623 179.41330000000002 0.766
1977 6 8 0.0300 310.4793 180.88930000000002 -1.578
1978 6 8 0.0300 310.4633 181.88330000000002 -0.044
1979 6 7 0.1400 313.6233 180.1613 0.0
1980 6 6 -0.4000 315.9673 180.1613 0.0
1981 6 7 0.1400 314.84929999999997 179.69930000000002 0.685
1982 6 8 0.0300 312.7573 179.5173 0.01500000000000004
1983 6 8 0.0300 313.7063 180.9273 -0.748
1984 6 8 0.0300 314.8233 178.5833 0.7280000000000001
1985 6 8 0.0300 314.8073 180.1173 1.722
1986 6 7 0.1400 317.9673 180.1613 0.0
1987 6 6 -0.4000 320.3113000000001 180.1613 0.0
1988 6 7 0.1400 319.1933 180.8463 -0.462
1989 6 8 0.0300 317.10130000000004 180.1763 -0.644
1990 6 8 0.0300 318.05030000000005 179.41330000000002 0.766
1991 6 8 0.0300 319.16730000000007 180.88930000000002 -1.578
1992 6 8 0.0300 319.15130000000005 181.88330000000002 -0.044
1993 6 7 0.1400 322.31129999999996 180.1613 0.0
1994 6 6 -0.4000 324.6553 180.1613 0.0
1995 6 7 0.1400 323.53729999999996 180.6233 0.685
1996 6 8 0.0300 321.4453 180.80530000000002 0.01499999999999996
1997 6 8 0.0300 322.3943 179.39530000000002 -0.748
1998 6 8 0.0300 323.5113 181.73930000000001 0.7279999999999999
1999 6 8 0.0300 323.4953 180.20530000000002 1.722
2000 6 7 0.1400 326.6553 180.1613 0.0
2001 6 6 -0.4000 328.99930000000006 180.1613 0.0
2002 6 7 0.1400 327.8813 180.8463 -0.462
2003 6 8 0.0300 325.7893 180.1763 -0.644
2004 6 8 0.0300 326.73830000000004 179.41330000000002 0.766
2005 6 8 0.0300 327.85530000000006 180.88930000000002 -1.578
2006 6 8 0.0300 327.83930000000004 181.88330000000002 -0.044
2007 6 7 0.1400 330.99929999999995 180.1613 0.0
2008 6 6 -0.4000 333.3433 180.1613 0.0
2009 6 7 0.1400 332.22529999999995 180.6233 0.685
2010 6 8 0.0300 330.13329999999996 180.80530000000002 0.01499999999999996
2011 6 8 0.0300 331.0823 179.39530000000002 -0.748
2012 6 8 0.0300 332.1993 181.73930000000001 0.7279999999999999
2013 6 8 0.0300 332.1833 180.20530000000002 1.722
2014 6 7 0.1400 335.3433 180.1613 0.0
2015 6 6 -0.4000 337.68730000000005 180.1613 0.0
2016 6 7 0.1400 336.5693 180.8463 -0.462
2017 6 8 0.0300 334.4773 180.1763 -0.644
2018 6 8 0.0300 335.4263 179.41330000000002 0.766
2019 6 8 0.0300 336.54330000000004 180.88930000000002 -1.578
2020 6 8 0.0300 336.5273 181.88330000000002 -0.044
2021 6 7 0.1400 339.6873 180.1613 0.0
2022 6 6 -0.4000 342.03130000000004 180.1613 0.0
2023 6 7 0.1400 340.9133 180.6233 0.685
2024 6 8 0.0300 338.8213 180.80530000000002 0.01499999999999996
2025 6 8 0.0300 339.7703 179.39530000000002 -0.748
2026 6 8 0.0300 340.88730000000004 181.73930000000001 0.7279999999999999
2027 6 8 0.0300 340.8713 180.20530000000002 1.722
2028 6 7 0.1400 344.0313 180.1613 0.0
2029 6 6 -0.4000 346.37530000000004 180.1613 0.0
2030 6 7 0.1400 345.2573 180.8463 0.462
2031 6 8 0.0300 343.1653 180.1763 0.644
2032 6 8 0.0300 344.1143 179.41330000000002 -0.766
2033 6 8 0.0300 345.23130000000003 180.88930000000002 1.578
2034 6 8 0.0300 345.2153 181.88330000000002 0.044
2035 6 7 0.1400 348.3753 180.1613 0.0
2036 6 6 -0.4000 350.71930000000003 180.1613 0.0
2037 6 7 0.1400 349.6013 179.69930000000002 0.685
2038 6 8 0.0300 347.5093 179.5173 0.01500000000000004
2039 6 8 0.0300 348.4583 180.9273 -0.748
2040 6 8 0.0300 349.5753 178.5833 0.7280000000000001
2041 6 8 0.0300 349.5593 180.1173 1.722
2042 6 7 0.1400 352.7193 180.1613 0.0
2043 6 6 -0.4000 355.0633 180.1613 0.0
2044 6 7 0.1400 353.9453 180.8463 0.462
2045 6 8 0.0300 351.8533 180.1763 0.644
2046 6 8 0.0300 352.8023 179.41330000000002 -0.766
2047 6 8 0.0300 353.9193 180.88930000000002 1.578
2048 6 8 0.0300 353.9033 181.88330000000002 0.044
2049 6 7 0.1400 357.0633 180.1613 0.0
2050 6 6 -0.4000 359.4073000000001 180.1613 0.0
2051 6 7 0.1400 358.2893 179.69930000000002 0.685
2052 6 8 0.0300 356.19730000000004 179.5173 0.01500000000000004
2053 6 8 0.0300 357.14630000000005 180.9273 -0.748
2054 6 8 0.0300 358.2633000000001 178.5833 0.7280000000000001
2055 6 8 0.0300 358.24730000000005 180.1173 1.722
2056 6 7 0.1400 361.40729999999996 180.1613 0.0
2057 6 6 -0.4000 363.7513 180.1613 0.0
2058 6 7 0.1400 362.63329999999996 180.8463 0.462
2059 6 8 0.0300 360.5413 180.1763 0.644
2060 6 8 0.0300 361.4903 179.41330000000002 -0.766
2061 6 8 0.0300 362.6073 180.88930000000002 1.578
2062 6 8 0.0300 362.5913 181.88330000000002 0.044
2063 6 7 0.1400 365.7513 180.1613 0.0
2064 6 6 -0.4000 368.09530000000007 180.1613 0.0
2065 6 7 0.1400 366.9773 180.6233 0.685
2066 6 8 0.0300 364.88530000000003 180.80530000000002 0.01499999999999996
2067 6 8 0.0300 365.83430000000004 179.39530000000002 -0.748
2068 6 8 0.0300 366.95130000000006 181.73930000000001 0.7279999999999999
2069 6 8 0.0300 366.93530000000004 180.20530000000002 1.722
2070 6 7 0.1400 370.09529999999995 180.1613 0.0
2071 6 6 -0.4000 372.4393 180.1613 0.0
2072 6 7 0.1400 371.32129999999995 180.8463 -0.462
2073 6 8 0.0300 369.22929999999997 180.1763 -0.644
2074 6 8 0.0300 370.1783 179.41330000000002 0.766
2075 6 8 0.0300 371.2953 180.88930000000002 -1.578
2076 6 8 0.0300 371.2793 181.88330000000002 -0.044
2077 6 7 0.1400 374.4393 180.1613 0.0
2078 6 6 -0.4000 376.78330000000005 180.1613 0.0
2079 6 7 0.1400 375.6653 180.6233 0.685
2080 6 8 0.0300 373.5733 180.80530000000002 0.01499999999999996
2081 6 8 0.0300 374.52230000000003 179.39530000000002 -0.748
2082 6 8 0.0300 375.63930000000005 181.73930000000001 0.7279999999999999
2083 6 8 0.0300 375.62330000000003 180.20530000000002 1.722
2084 6 7 0.1400 378.7833 180.1613 0.0
2085 6 6 -0.4000 381.12730000000005 180.1613 0.0
2086 6 7 0.1400 380.0093 180.8463 0.462
2087 6 8 0.0300 377.9173 180.1763 0.644
2088 6 8 0.0300 378.8663 179.41330000000002 -0.766
2089 6 8 0.0300 379.98330000000004 180.88930000000002 1.578
2090 6 8 0.0300 379.9673 181.88330000000002 0.044
2091 6 7 0.1400 383.1273 180.1613 0.0
2092 6 6 -0.4000 385.47130000000004 180.1613 0.0
2093 6 7 0.1400 384.3533 179.69930000000002 0.685
2094 6 8 0.0300 382.2613 179.5173 0.01500000000000004
2095 6 8 0.0300 383.2103 180.9273 -0.748
2096 6 8 0.0300 384.32730000000004 178.5833 0.7280000000000001
2097 6 8 0.0300 384.3113 180.1173 1.722
2098 6 7 0.1400 387.4713 180.1613 0.0
2099 6 6 -0.4000 389.81530000000004 180.1613 0.0
2100 6 7 0.1400 388.6973 180.8463 -0.462
2101 6 8 0.0300 386.6053 180.1763 -0.644
2102 6 8 0.0300 387.5543 179.41330000000002 0.766
2103 6 8 0.0300 388.67130000000003 180.88930000000002 -1.578
2104 6 8 0.0300 388.6553 181.88330000000002 -0.044
2105 6 7 0.1400 391.5573 180.1613 0.0
2106 6 5 0.1450 392.6653 180.6773 0.807
2107 6 3 -0.6830 393.7583 179.81230000000002 0.654
2108 6 2 0.0600 390.5433 180.4043 0.263
2109 6 2 0.0600 391.7563 179.5063 -0.83
2110 6 2 0.0600 392.34430000000003 180.74130000000002 1.875
2111 6 2 0.0600 392.9463 181.69230000000002 0.4259999999999999
2112 6 4 0.4180 394.4173 180.1613 0.0
2113 7 1 -0.1800 359.1655 180.1613 0.0
2114 7 6 -0.4000 361.4795 180.1613 0.0
2115 7 7 0.1400 360.3915 180.88830000000002 0.51
2116 7 2 0.0600 358.22249999999997 180.6373 0.295
2117 7 2 0.0600 359.2905 180.07930000000002 -1.108
2118 7 2 0.0600 359.23449999999997 179.12630000000001 0.421
2119 7 8 0.0300 360.4335 180.94830000000002 1.608
2120 7 8 0.0300 360.4715 181.9213 0.097
2121 7 7 0.1400 363.4645 180.1613 0.0
2122 7 6 -0.4000 365.80850000000004 180.1613 0.0
2123 7 7 0.1400 364.6905 180.6233 0.685
2124 7 8 0.0300 362.5985 180.80530000000002 0.01499999999999996
2125 7 8 0.0300 363.5475 179.39530000000002 -0.748
2126 7 8 0.0300 364.66450000000003 181.73930000000001 0.7279999999999999
2127 7 8 0.0300 364.6485 180.20530000000002 1.722
2128 7 7 0.1400 367.8085 180.1613 0.0
2129 7 6 -0.4000 370.15250000000003 180.1613 0.0
2130 7 7 0.1400 369.0345 180.8463 -0.462
2131 7 8 0.0300 366.9425 180.1763 -0.644
2132 7 8 0.0300 367.8915 179.41330000000002 0.766
2133 7 8 0.0300 369.0085 180.88930000000002 -1.578
2134 7 8 0.0300 368.9925 181.88330000000002 -0.044
2135 7 7 0.1400 372.1525 180.1613 0.0
2136 7 6 -0.4000 374.4965 180.1613 0.0
2137 7 7 0.1400 373.3785 180.6233 0.685
2138 7 8 0.0300 371.2865 180.80530000000002 0.01499999999999996
2139 7 8 0.0300 372.2355 179.39530000000002 -0.748
2140 7 8 0.0300 373.3525 181.73930000000001 0.7279999999999999
2141 7 8 0.0300 373.3365 180.20530000000002 1.722
2142 7 7 0.1400 376.49649999999997 180.1613 0.0
2143 7 6 -0.4000 378.8405 180.1613 0.0
2144 7 7 0.1400 377.72249999999997 180.8463 -0.462
2145 7 8 0.0300 375.6305 180.1763 -0.644
2146 7 8 0.0300 376.5795 179.41330000000002 0.766
2147 7 8 0.0300 377.6965 180.88930000000002 -1.578
2148 7 8 0.0300 377.6805 181.88330000000002 -0.044
2149 7 7 0.1400 380.84049999999996 180.1613 0.0
2150 7 6 -0.4000 383.1845 180.1613 0.0
2151 7 7 0.1400 382.06649999999996 179.69930000000002 0.685
2152 7 8 0.0300 379.9745 179.5173 0.01500000000000004
2153 7 8 0.0300 380.9235 180.9273 -0.748
2154 7 8 0.0300 382.0405 178.5833 0.7280000000000001
2155 7 8 0.0300 382.0245 180.1173 1.722
2156 7 7 0.1400 385.18449999999996 180.1613 0.0
2157 7 6 -0.4000 387.5285 180.1613 0.0
2158 7 7 0.1400 386.41049999999996 180.8463 -0.462
2159 7 8 0.0300 384.3185 180.1763 -0.644
2160 7 8 0.0300 385.2675 179.41330000000002 0.766
2161 7 8 0.0300 386.3845 180.88930000000002 -1.578
2162 7 8 0.0300 386.3685 181.88330000000002 -0.044
2163 7 7 0.1400 389.52849999999995 180.1613 0.0
2164 7 6 -0.4000 391.8725 180.1613 0.0
2165 7 7 0.1400 390.75449999999995 180.6233 0.685
2166 7 8 0.0300 388.66249999999997 180.80530000000002 0.01499999999999996
2167 7 8 0.0300 389.6115 179.39530000000002 -0.748
2168 7 8 0.0300 390.7285 181.73930000000001 0.7279999999999999
2169 7 8 0.0300 390.7125 180.20530000000002 1.722
2170 7 7 0.1400 393.87249999999995 180.1613 0.0
2171 7 6 -0.4000 396.2165 180.1613 0.0
2172 7 7 0.1400 395.09849999999994 180.8463 -0.462
2173 7 8 0.0300 393.00649999999996 180.1763 -0.644
2174 7 8 0.0300 393.9555 179.41330000000002 0.766
2175 7 8 0.0300 395.0725 180.88930000000002 -1.578
2176 7 8 0.0300 395.05649999999997 181.88330000000002 -0.044
2177 7 7 0.1400 398.2165 180.1613 0.0
2178 7 6 -0.4000 400.56050000000005 180.1613 0.0
2179 7 7 0.1400 399.4425 179.69930000000002 0.685
2180 7 8 0.0300 397.3505 179.5173 0.01500000000000004
2181 7 8 0.0300 398.2995 180.9273 -0.748
2182 7 8 0.0300 399.41650000000004 178.5833 0.7280000000000001
2183 7 8 0.0300 399.4005 180.1173 1.722
2184 7 7 0.1400 402.56049999999993 180.1613 0.0
2185 7 6 -0.4000 404.9045 180.1613 0.0
2186 7 7 0.1400 403.78649999999993 180.8463 0.462
2187 7 8 0.0300 401.69449999999995 180.1763 0.644
2188 7 8 0.0300 402.64349999999996 179.41330000000002 -0.766
2189 7 8 0.0300 403.7605 180.88930000000002 1.578
2190 7 8 0.0300 403.74449999999996 181.88330000000002 0.044
2191 7 7 0.1400 406.9045 180.1613 0.0
2192 7 6 -0.4000 409.24850000000004 180.1613 0.0
2193 7 7 0.1400 408.1305 179.69930000000002 0.685
2194 7 8 0.0300 406.0385 179.5173 0.01500000000000004
2195 7 8 0.0300 406.9875 180.9273 -0.748
2196 7 8 0.0300 408.10450000000003 178.5833 0.7280000000000001
2197 7 8 0.0300 408.0885 180.1173 1.722
2198 7 7 0.1400 411.2485 180.1613 0.0
2199 7 6 -0.4000 413.59250000000003 180.1613 0.0
2200 7 7 0.1400 412.4745 180.8463 -0.462
2201 7 8 0.0300 410.3825 180.1763 -0.644
2202 7 8 0.0300 411.3315 179.41330000000002 0.766
2203 7 8 0.0300 412.4485 180.88930000000002 -1.578
2204 7 8 0.0300 412.4325 181.88330000000002 -0.044
2205 7 7 0.1400 415.5925 180.1613 0.0
2206 7 6 -0.4000 417.9365 180.1613 0.0
2207 7 7 0.1400 416.8185 180.6233 0.685
2208 7 8 0.0300 414.7265 180.80530000000002 0.01499999999999996
2209 7 8 0.0300 415.6755 179.39530000000002 -0.748
2210 7 8 0.0300 416.7925 181.73930000000001 0.7279999999999999
2211 7 8 0.0300 416.7765 180.20530000000002 1.722
2212 7 7 0.1400 419.93649999999997 180.1613 0.0
2213 7 6 -0.4000 422.2805 180.1613 0.0
2214 7 7 0.1400 421.16249999999997 180.8463 -0.462
2215 7 8 0.0300 419.0705 180.1763 -0.644
2216 7 8 0.0300 420.0195 179.41330000000002 0.766
2217 7 8 0.0300 421.1365 180.88930000000002 -1.578
2218 7 8 0.0300 421.1205 181.88330000000002 -0.044
2219 7 7 0.1400 424.28049999999996 180.1613 0.0
2220 7 6 -0.4000 426.6245 180.1613 0.0
2221 7 7 0.1400 425.50649999999996 180.6233 0.685
2222 7 8 0.0300 423.4145 180.80530000000002 0.01499999999999996
2223 7 8 0.0300 424.3635 179.39530000000002 -0.748
2224 7 8 0.0300 425.4805 181.73930000000001 0.7279999999999999
2225 7 8 0.0300 425.4645 180.20530000000002 1.722
2226 7 7 0.1400 428.62449999999995 180.1613 0.0
2227 7 6 -0.4000 430.9685 180.1613 0.0
2228 7 7 0.1400 429.85049999999995 180.8463 -0.462
2229 7 8 0.0300 427.75849999999997 180.1763 -0.644
2230 7 8 0.0300 428.7075 179.41330000000002 0.766
2231 7 8 0.0300 429.8245 180.88930000000002 -1.578
2232 7 8 0.0300 429.8085 181.88330000000002 -0.044
2233 7 7 0.1400 432.96849999999995 180.1613 0.0
2234 7 6 -0.4000 435.3125 180.1613 0.0
2235 7 7 0.1400 434.19449999999995 179.69930000000002 0.685
2236 7 8 0.0300 432.10249999999996 179.5173 0.01500000000000004
2237 7 8 0.0300 433.0515 180.9273 -0.748
2238 7 8 0.0300 434.1685 178.5833 0.7280000000000001
2239 7 8 0.0300 434.1525 180.1173 1.722
2240 7 7 0.1400 437.3125 180.1613 0.0
2241 7 6 -0.4000 439.65650000000005 180.1613 0.0
2242 7 7 0.1400 438.5385 180.8463 0.462
2243 7 8 0.0300 436.4465 180.1763 0.644
2244 7 8 0.0300 437.3955 179.41330000000002 -0.766
2245 7 8 0.0300 438.51250000000005 180.88930000000002 1.578
2246 7 8 0.0300 438.4965 181.88330000000002 0.044
2247 7 7 0.1400 441.65649999999994 180.1613 0.0
2248 7 6 -0.4000 444.0005 180.1613 0.0
2249 7 7 0.1400 442.88249999999994 179.69930000000002 0.685
2250 7 8 0.0300 440.79049999999995 179.5173 0.01500000000000004
2251 7 8 0.0300 441.73949999999996 180.9273 -0.748
2252 7 8 0.0300 442.8565 178.5833 0.7280000000000001
2253 7 8 0.0300 442.84049999999996 180.1173 1.722
2254 7 7 0.1400 446.0005 180.1613 0.0
2255 7 6 -0.4000 448.34450000000004 180.1613 0.0
2256 7 7 0.1400 447.2265 180.8463 0.462
2257 7 8 0.0300 445.1345 180.1763 0.644
2258 7 8 0.0300 446.0835 179.41330000000002 -0.766
2259 7 8 0.0300 447.20050000000003 180.88930000000002 1.578
2260 7 8 0.0300 447.1845 181.88330000000002 0.044
2261 7 7 0.1400 450.3445 180.1613 0.0
2262 7 6 -0.4000 452.68850000000003 180.1613 0.0
2263 7 7 0.1400 451.5705 179.69930000000002 0.685
2264 7 8 0.0300 449.4785 179.5173 0.01500000000000004
2265 7 8 0.0300 450.4275 180.9273 -0.748
2266 7 8 0.0300 451.5445 178.5833 0.7280000000000001
2267 7 8 0.0300 451.5285 180.1173 1.722
2268 7 7 0.1400 454.6885 180.1613 0.0
2269 7 6 -0.4000 457.0325 180.1613 0.0
2270 7 7 0.1400 455.9145 180.8463 -0.462
2271 7 8 0.0300 453.8225 180.1763 -0.644
2272 7 8 0.0300 454.7715 179.41330000000002 0.766
2273 7 8 0.0300 455.8885 180.88930000000002 -1.578
2274 7 8 0.0300 455.8725 181.88330000000002 -0.044
2275 7 7 0.1400 459.03249999999997 180.1613 0.0
2276 7 6 -0.4000 461.3765 180.1613 0.0
2277 7 7 0.1400 460.25849999999997 180.6233 0.685
2278 7 8 0.0300 458.1665 180.80530000000002 0.01499999999999996
2279 7 8 0.0300 459.1155 179.39530000000002 -0.748
2280 7 8 0.0300 460.2325 181.73930000000001 0.7279999999999999
2281 7 8 0.0300 460.2165 180.20530000000002 1.722
2282 7 7 0.1400 463.37649999999996 180.1613 0.0
2283 7 6 -0.4000 465.7205 180.1613 0.0
2284 7 7 0.1400 464.60249999999996 180.8463 -0.462
2285 7 8 0.0300 462.5105 180.1763 -0.644
2286 7 8 0.0300 463.4595 179.41330000000002 0.766
2287 7 8 0.0300 464.5765 180.88930000000002 -1.578
2288 7 8 0.0300 464.5605 181.88330000000002 -0.044
2289 7 7 0.1400 467.72049999999996 180.1613 0.0
2290 7 6 -0.4000 470.0645 180.1613 0.0
2291 7 7 0.1400 468.94649999999996 179.69930000000002 0.685
2292 7 8 0.0300 466.8545 179.5173 0.01500000000000004
2293 7 8 0.0300 467.8035 180.9273 -0.748
2294 7 8 0.0300 468.9205 178.5833 0.7280000000000001
2295 7 8 0.0300 468.9045 180.1173 1.722
2296 7 7 0.1400 472.06449999999995 180.1613 0.0
2297 7 6 -0.4000 474.4085 180.1613 0.0
2298 7 7 0.1400 473.29049999999995 180.8463 -0.462
2299 7 8 0.0300 471.19849999999997 180.1763 -0.644
2300 7 8 0.0300 472.1475 179.41330000000002 0.766
2301 7 8 0.0300 473.2645 180.88930000000002 -1.578
2302 7 8 0.0300 473.2485 181.88330000000002 -0.044
2303 7 7 0.1400 476.40849999999995 180.1613 0.0
2304 7 6 -0.4000 478.7525 180.1613 0.0
2305 7 7 0.1400 477.63449999999995 180.6233 0.685
2306 7 8 0.0300 475.54249999999996 180.80530000000002 0.01499999999999996
2307 7 8 0.0300 476.4915 179.39530000000002 -0.748
2308 7 8 0.0300 477.6085 181.73930000000001 0.7279999999999999
2309 7 8 0.0300 477.5925 180.20530000000002 1.722
2310 7 7 0.1400 480.75249999999994 180.1613 0.0
2311 7 6 -0.4000 483.0965 180.1613 0.0
2312 7 7 0.1400 481.97849999999994 180.8463 -0.462
2313 7 8 0.0300 479.88649999999996 180.1763 -0.644
2314 7 8 0.0300 480.83549999999997 179.41330000000002 0.766
2315 7 8 0.0300 481.9525 180.88930000000002 -1.578
2316 7 8 0.0300 481.93649999999997 181.88330000000002 -0.044
2317 7 7 0.1400 485.0965 180.1613 0.0
2318 7 6 -0.4000 487.44050000000004 180.1613 0.0
2319 7 7 0.1400 486.3225 180.6233 0.685
2320 7 8 0.0300 484.2305 180.80530000000002 0.01499999999999996
2321 7 8 0.0300 485.1795 179.39530000000002 -0.748
2322 7 8 0.0300 486.29650000000004 181.73930000000001 0.7279999999999999
2323 7 8 0.0300 486.2805 180.20530000000002 1.722
2324 7 7 0.1400 489.44049999999993 180.1613 0.0
2325 7 6 -0.4000 491.7845 180.1613 0.0
2326 7 7 0.1400 490.6664999999999 180.8463 0.462
2327 7 8 0.0300 488.57449999999994 180.1763 0.644
2328 7 8 0.0300 489.52349999999996 179.41330000000002 -0.766
2329 7 8 0.0300 490.6405 180.88930000000002 1.578
2330 7 8 0.0300 490.62449999999995 181.88330000000002 0.044
2331 7 7 0.1400 493.7845 180.1613 0.0
2332 7 6 -0.4000 496.12850000000003 180.1613 0.0
2333 7 7 0.1400 495.0105 180.6233 0.685
2334 7 8 0.0300 492.9185 180.80530000000002 0.01499999999999996
2335 7 8 0.0300 493.8675 179.39530000000002 -0.748
2336 7 8 0.0300 494.9845 181.73930000000001 0.7279999999999999
2337 7 8 0.0300 494.9685 180.20530000000002 1.722
2338 7 7 0.1400 498.1285 180.1613 0.0
2339 7 6 -0.4000 500.4725 180.1613 0.0
2340 7 7 0.1400 499.3545 180.8463 -0.462
2341 7 8 0.0300 497.2625 180.1763 -0.644
2342 7 8 0.0300 498.2115 179.41330000000002 0.766
2343 7 8 0.0300 499.3285 180.88930000000002 -1.578
2344 7 8 0.0300 499.3125 181.88330000000002 -0.044
2345 7 7 0.1400 502.47249999999997 180.1613 0.0
2346 7 6 -0.4000 504.8165 180.1613 0.0
2347 7 7 0.1400 503.69849999999997 180.6233 0.685
2348 7 8 0.0300 501.6065 180.80530000000002 0.01499999999999996
2349 7 8 0.0300 502.5555 179.39530000000002 -0.748
2350 7 8 0.0300 503.6725 181.73930000000001 0.7279999999999999
2351 7 8 0.0300 503.6565 180.20530000000002 1.722
2352 7 7 0.1400 506.81649999999996 180.1613 0.0
2353 7 6 -0.4000 509.1605 180.1613 0.0
2354 7 7 0.1400 508.04249999999996 180.8463 0.462
2355 7 8 0.0300 505.9505 180.1763 0.644
2356 7 8 0.0300 506.8995 179.41330000000002 -0.766
2357 7 8 0.0300 508.0165 180.88930000000002 1.578
2358 7 8 0.0300 508.0005 181.88330000000002 0.044
2359 7 7 0.1400 511.16049999999996 180.1613 0.0
2360 7 6 -0.4000 513.5045 180.1613 0.0
2361 7 7 0.1400 512.3865 180.6233 0.685
2362 7 8 0.0300 510.29449999999997 180.80530000000002 0.01499999999999996
2363 7 8 0.0300 511.2435 179.39530000000002 -0.748
2364 7 8 0.0300 512.3605 181.73930000000001 0.7279999999999999
2365 7 8 0.0300 512.3444999999999 180.20530000000002 1.722
2366 7 7 0.1400 515.5045 180.1613 0.0
2367 7 6 -0.4000 517.8485000000001 180.1613 0.0
2368 7 7 0.1400 516.7305 180.8463 -0.462
2369 7 8 0.0300 514.6385 180.1763 -0.644
2370 7 8 0.0300 515.5875 179.41330000000002 0.766
2371 7 8 0.0300 516.7045 180.88930000000002 -1.578
2372 7 8 0.0300 516.6885 181.88330000000002 -0.044
2373 7 7 0.1400 519.8485 180.1613 0.0
2374 7 6 -0.4000 522.1925 180.1613 0.0
2375 7 7 0.1400 521.0745 180.6233 0.685
2376 7 8 0.0300 518.9825 180.80530000000002 0.01499999999999996
2377 7 8 0.0300 519.9314999999999 179.39530000000002 -0.748
2378 7 8 0.0300 521.0485 181.73930000000001 0.7279999999999999
2379 7 8 0.0300 521.0324999999999 180.20530000000002 1.722
2380 7 7 0.1400 524.1925 180.1613 0.0
2381 7 6 -0.4000 526.5365 180.1613 0.0
2382 7 7 0.1400 525.4185 180.8463 -0.462
2383 7 8 0.0300 523.3265 180.1763 -0.644
2384 7 8 0.0300 524.2755 179.41330000000002 0.766
2385 7 8 0.0300 525.3925 180.88930000000002 -1.578
2386 7 8 0.0300 525.3765 181.88330000000002 -0.044
2387 7 7 0.1400 528.5364999999999 180.1613 0.0
2388 7 6 -0.4000 530.8805 180.1613 0.0
2389 7 7 0.1400 529.7624999999999 180.6233 0.685
2390 7 8 0.0300 527.6705 180.80530000000002 0.01499999999999996
2391 7 8 0.0300 528.6194999999999 179.39530000000002 -0.748
2392 7 8 0.0300 529.7365 181.73930000000001 0.7279999999999999
2393 7 8 0.0300 529.7204999999999 180.20530000000002 1.722
2394 7 7 0.1400 532.8805 180.1613 0.0
2395 7 6 -0.4000 535.2245 180.1613 0.0
2396 7 7 0.1400 534.1065 180.8463 -0.462
2397 7 8 0.0300 532.0145 180.1763 -0.644
2398 7 8 0.0300 532.9635 179.41330000000002 0.766
2399 7 8 0.0300 534.0805 180.88930000000002 -1.578
2400 7 8 0.0300 534.0645 181.88330000000002 -0.044
2401 7 7 0.1400 537.2245 180.1613 0.0
2402 7 6 -0.4000 539.5685000000001 180.1613 0.0
2403 7 7 0.1400 538.4505 180.6233 0.685
2404 7 8 0.0300 536.3585 180.80530000000002 0.01499999999999996
2405 7 8 0.0300 537.3075 179.39530000000002 -0.748
2406 7 8 0.0300 538.4245000000001 181.73930000000001 0.7279999999999999
2407 7 8 0.0300 538.4085 180.20530000000002 1.722
2408 7 7 0.1400 541.5685 180.1613 0.0
2409 7 6 -0.4000 543.9125 180.1613 0.0
2410 7 7 0.1400 542.7945 180.8463 0.462
2411 7 8 0.0300 540.7025 180.1763 0.644
2412 7 8 0.0300 541.6514999999999 179.41330000000002 -0.766
2413 7 8 0.0300 542.7685 180.88930000000002 1.578
2414 7 8 0.0300 542.7524999999999 181.88330000000002 0.044
2415 7 7 0.1400 545.9124999999999 180.1613 0.0
2416 7 6 -0.4000 548.2565 180.1613 0.0
2417 7 7 0.1400 547.1384999999999 179.69930000000002 0.685
2418 7 8 0.0300 545.0464999999999 179.5173 0.01500000000000004
2419 7 8 0.0300 545.9954999999999 180.9273 -0.748
2420 7 8 0.0300 547.1125 178.5833 0.7280000000000001
2421 7 8 0.0300 547.0964999999999 180.1173 1.722
2422 7 7 0.1400 550.2565 180.1613 0.0
2423 7 6 -0.4000 552.6005 180.1613 0.0
2424 7 7 0.1400 551.4825 180.8463 -0.462
2425 7 8 0.0300 549.3905 180.1763 -0.644
2426 7 8 0.0300 550.3394999999999 179.41330000000002 0.766
2427 7 8 0.0300 551.4565 180.88930000000002 -1.578
2428 7 8 0.0300 551.4404999999999 181.88330000000002 -0.044
2429 7 7 0.1400 554.6005 180.1613 0.0
2430 7 6 -0.4000 556.9445000000001 180.1613 0.0
2431 7 7 0.1400 555.8265 179.69930000000002 0.685
2432 7 8 0.0300 553.7345 179.5173 0.01500000000000004
2433 7 8 0.0300 554.6835 180.9273 -0.748
2434 7 8 0.0300 555.8005 178.5833 0.7280000000000001
2435 7 8 0.0300 555.7845 180.1173 1.722
2436 7 7 0.1400 558.9445 180.1613 0.0
2437 7 6 -0.4000 561.2885 180.1613 0.0
2438 7 7 0.1400 560.1705 180.8463 0.462
2439 7 8 0.0300 558.0785 180.1763 0.644
2440 7 8 0.0300 559.0274999999999 179.41330000000002 -0.766
2441 7 8 0.0300 560.1445 180.88930000000002 1.578
2442 7 8 0.0300 560.1284999999999 181.88330000000002 0.044
2443 7 7 0.1400 563.2885 180.1613 0.0
2444 7 6 -0.4000 565.6325 180.1613 0.0
2445 7 7 0.1400 564.5145 180.6233 0.685
2446 7 8 0.0300 562.4225 180.80530000000002 0.01499999999999996
2447 7 8 0.0300 563.3715 179.39530000000002 -0.748
2448 7 8 0.0300 564.4885 181.73930000000001 0.7279999999999999
2449 7 8 0.0300 564.4725 180.20530000000002 1.722
2450 7 7 0.1400 567.6324999999999 180.1613 0.0
2451 7 6 -0.4000 569.9765 180.1613 0.0
2452 7 7 0.1400 568.8584999999999 180.8463 0.462
2453 7 8 0.0300 566.7665 180.1763 0.644
2454 7 8 0.0300 567.7154999999999 179.41330000000002 -0.766
2455 7 8 0.0300 568.8325 180.88930000000002 1.578
2456 7 8 0.0300 568.8164999999999 181.88330000000002 0.044
2457 7 7 0.1400 571.7185000000001 180.1613 0.0
2458 7 5 0.1450 572.8265 179.64530000000002 0.807
2459 7 3 -0.6830 573.9195 180.5103 0.654
2460 7 2 0.0600 570.7045 179.91830000000002 0.263
2461 7 2 0.0600 571.9175 180.8163 -0.83
2462 7 2 0.0600 572.5055 179.5813 1.875
2463 7 2 0.0600 573.1075 178.6303 0.4260000000000001
2464 7 4 0.4180 574.5785 180.1613 0.0
2465 8 1 -0.1800 539.3267999999999 180.1613 0.0
2466 8 6 -0.4000 541.6408 180.1613 0.0
2467 8 7 0.1400 540.5527999999999 180.88830000000002 0.51
2468 8 2 0.0600 538.3838 180.6373 0.295
2469 8 2 0.0600 539.4517999999999 180.07930000000002 -1.108
2470 8 2 0.0600 539.3958 179.12630000000001 0.421
2471 8 8 0.0300 540.5948 180.94830000000002 1.608
2472 8 8 0.0300 540.6328 181.9213 0.097
2473 8 7 0.1400 543.6257999999999 180.1613 0.0
2474 8 6 -0.4000 545.9698 180.1613 0.0
2475 8 7 0.1400 544.8517999999999 180.6233 0.685
2476 8 8 0.0300 542.7597999999999 180.80530000000002 0.01499999999999996
2477 8 8 0.0300 543.7087999999999 179.39530000000002 -0.748
2478 8 8 0.0300 544.8258 181.73930000000001 0.7279999999999999
2479 8 8 0.0300 544.8097999999999 180.20530000000002 1.722
2480 8 7 0.1400 547.9698 180.1613 0.0
2481 8 6 -0.4000 550.3138 180.1613 0.0
2482 8 7 0.1400 549.1958 180.8463 0.462
2483 8 8 0.0300 547.1038 180.1763 0.644
2484 8 8 0.0300 548.0527999999999 179.41330000000002 -0.766
2485 8 8 0.0300 549.1698 180.88930000000002 1.578
2486 8 8 0.0300 549.1537999999999 181.88330000000002 0.044
2487 8 7 0.1400 552.3137999999999 180.1613 0.0
2488 8 6 -0.4000 554.6578 180.1613 0.0
2489 8 7 0.1400 553.5397999999999 180.6233 0.685
2490 8 8 0.0300 551.4477999999999 180.80530000000002 0.01499999999999996
2491 8 8 0.0300 552.3967999999999 179.39530000000002 -0.748
2492 8 8 0.0300 553.5138 181.73930000000001 0.7279999999999999
2493 8 8 0.0300 553.4977999999999 180.20530000000002 1.722
2494 8 7 0.1400 556.6578 180.1613 0.0
2495 8 6 -0.4000 559.0018 180.1613 0.0
2496 8 7 0.1400 557.8838 180.8463 0.462
2497 8 8 0.0300 555.7918 180.1763 0.644
2498 8 8 0.0300 556.7407999999999 179.41330000000002 -0.766
2499 8 8 0.0300 557.8578 180.88930000000002 1.578
2500 8 8 0.0300 557.8417999999999 181.88330000000002 0.044
2501 8 7 0.1400 561.0018 180.1613 0.0
2502 8 6 -0.4000 563.3458 180.1613 0.0
2503 8 7 0.1400 562.2278 179.69930000000002 0.685
2504 8 8 0.0300 560.1358 179.5173 0.01500000000000004
2505 8 8 0.0300 561.0848 180.9273 -0.748
2506 8 8 0.0300 562.2018 178.5833 0.7280000000000001
2507 8 8 0.0300 562.1858 180.1173 1.722
2508 8 7 0.1400 565.3457999999999 180.1613 0.0
2509 8 6 -0.4000 567.6898 180.1613 0.0
2510 8 7 0.1400 566.5717999999999 180.8463 -0.462
2511 8 8 0.0300 564.4798 180.1763 -0.644
2512 8 8 0.0300 565.4287999999999 179.41330000000002 0.766
2513 8 8 0.0300 566.5458 180.88930000000002 -1.578
2514 8 8 0.0300 566.5297999999999 181.88330000000002 -0.044
2515 8 7 0.1400 569.6898 180.1613 0.0
2516 8 6 -0.4000 572.0338 180.1613 0.0
2517 8 7 0.1400 570.9158 179.69930000000002 0.685
2518 8 8 0.0300 568.8238 179.5173 0.01500000000000004
2519 8 8 0.0300 569.7728 180.9273 -0.748
2520 8 8 0.0300 570.8898 178.5833 0.7280000000000001
2521 8 8 0.0300 570.8738 180.1173 1.722
2522 8 7 0.1400 574.0337999999999 180.1613 0.0
2523 8 6 -0.4000 576.3778 180.1613 0.0
2524 8 7 0.1400 575.2597999999999 180.8463 0.462
2525 8 8 0.0300 573.1677999999999 180.1763 0.644
2526 8 8 0.0300 574.1167999999999 179.41330000000002 -0.766
2527 8 8 0.0300 575.2338 180.88930000000002 1.578
2528 8 8 0.0300 575.2177999999999 181.88330000000002 0.044
2529 8 7 0.1400 578.3778 180.1613 0.0
2530 8 6 -0.4000 580.7218 180.1613 0.0
2531 8 7 0.1400 579.6038 179.69930000000002 0.685
2532 8 8 0.0300 577.5118 179.5173 0.01500000000000004
2533 8 8 0.0300 578.4608 180.9273 -0.748
2534 8 8 0.0300 579.5778 178.5833 0.7280000000000001
2535 8 8 0.0300 579.5618 180.1173 1.722
2536 8 7 0.1400 582.7217999999999 180.1613 0.0
2537 8 6 -0.4000 585.0658 180.1613 0.0
2538 8 7 0.1400 583.9477999999999 180.8463 0.462
2539 8 8 0.0300 581.8557999999999 180.1763 0.644
2540 8 8 0.0300 582.8047999999999 179.41330000000002 -0.766
2541 8 8 0.0300 583.9218 180.88930000000002 1.578
2542 8 8 0.0300 583.9057999999999 181.88330000000002 0.044
2543 8 7 0.1400 587.0658 180.1613 0.0
2544 8 6 -0.4000 589.4098 180.1613 0.0
2545 8 7 0.1400 588.2918 179.69930000000002 0.685
2546 8 8 0.0300 586.1998 179.5173 0.01500000000000004
2547 8 8 0.0300 587.1487999999999 180.9273 -0.748
2548 8 8 0.0300 588.2658 178.5833 0.7280000000000001
2549 8 8 0.0300 588.2497999999999 180.1173 1.722
2550 8 7 0.1400 591.4097999999999 180.1613 0.0
2551 8 6 -0.4000 593.7538 180.1613 0.0
2552 8 7 0.1400 592.6357999999999 180.8463 -0.462
2553 8 8 0.0300 590.5437999999999 180.1763 -0.644
2554 8 8 0.0300 591.4927999999999 179.41330000000002 0.766
2555 8 8 0.0300 592.6098 180.88930000000002 -1.578
2556 8 8 0.0300 592.5937999999999 181.88330000000002 -0.044
2557 8 7 0.1400 595.7538 180.1613 0.0
2558 8 6 -0.4000 598.0978 180.1613 0.0
2559 8 7 0.1400 596.9798 179.69930000000002 0.685
2560 8 8 0.0300 594.8878 179.5173 0.01500000000000004
2561 8 8 0.0300 595.8367999999999 180.9273 -0.748
2562 8 8 0.0300 596.9538 178.5833 0.7280000000000001
2563 8 8 0.0300 596.9377999999999 180.1173 1.722
2564 8 7 0.1400 600.0978 180.1613 0.0
2565 8 6 -0.4000 602.4418000000001 180.1613 0.0
2566 8 7 0.1400 601.3238 180.8463 0.462
2567 8 8 0.0300 599.2318 180.1763 0.644
2568 8 8 0.0300 600.1808 179.41330000000002 -0.766
2569 8 8 0.0300 601.2978 180.88930000000002 1.578
2570 8 8 0.0300 601.2818 181.88330000000002 0.044
2571 8 7 0.1400 604.4418 180.1613 0.0
2572 8 6 -0.4000 606.7858 180.1613 0.0
2573 8 7 0.1400 605.6677999999999 180.6233 0.685
2574 8 8 0.0300 603.5758 180.80530000000002 0.01499999999999996
2575 8 8 0.0300 604.5247999999999 179.39530000000002 -0.748
2576 8 8 0.0300 605.6418 181.73930000000001 0.7279999999999999
2577 8 8 0.0300 605.6257999999999 180.20530000000002 1.722
2578 8 7 0.1400 608.7858 180.1613 0.0
2579 8 6 -0.4000 611.1298 180.1613 0.0
2580 8 7 0.1400 610.0118 180.8463 0.462
2581 8 8 0.0300 607.9198 180.1763 0.644
2582 8 8 0.0300 608.8688 179.41330000000002 -0.766
2583 8 8 0.0300 609.9858 180.88930000000002 1.578
2584 8 8 0.0300 609.9698 181.88330000000002 0.044
2585 8 7 0.1400 613.1297999999999 180.1613 0.0
2586 8 6 -0.4000 615.4738 180.1613 0.0
2587 8 7 0.1400 614.3557999999999 179.69930000000002 0.685
2588 8 8 0.0300 612.2638 179.5173 0.01500000000000004
2589 8 8 0.0300 613.2127999999999 180.9273 -0.748
2590 8 8 0.0300 614.3298 178.5833 0.7280000000000001
2591 8 8 0.0300 614.3137999999999 180.1173 1.722
2592 8 7 0.1400 617.4738 180.1613 0.0
2593 8 6 -0.4000 619.8178 180.1613 0.0
2594 8 7 0.1400 618.6998 180.8463 -0.462
2595 8 8 0.0300 616.6078 180.1763 -0.644
2596 8 8 0.0300 617.5568 179.41330000000002 0.766
2597 8 8 0.0300 618.6738 180.88930000000002 -1.578
2598 8 8 0.0300 618.6578 181.88330000000002 -0.044
2599 8 7 0.1400 621.8177999999999 180.1613 0.0
2600 8 6 -0.4000 624.1618 180.1613 0.0
2601 8 7 0.1400 623.0437999999999 180.6233 0.685
2602 8 8 0.0300 620.9517999999999 180.80530000000002 0.01499999999999996
2603 8 8 0.0300 621.9007999999999 179.39530000000002 -0.748
2604 8 8 0.0300 623.0178 181.73930000000001 0.7279999999999999
2605 8 8 0.0300 623.0017999999999 180.20530000000002 1.722
2606 8 7 0.1400 626.1618 180.1613 0.0
2607 8 6 -0.4000 628.5058 180.1613 0.0
2608 8 7 0.1400 627.3878 180.8463 -0.462
2609 8 8 0.0300 625.2958 180.1763 -0.644
2610 8 8 0.0300 626.2447999999999 179.41330000000002 0.766
2611 8 8 0.0300 627.3618 180.88930000000002 -1.578
2612 8 8 0.0300 627.3457999999999 181.88330000000002 -0.044
2613 8 7 0.1400 630.5057999999999 180.1613 0.0
2614 8 6 -0.4000 632.8498 180.1613 0.0
2615 8 7 0.1400 631.7317999999999 180.6233 0.685
2616 8 8 0.0300 629.6397999999999 180.80530000000002 0.01499999999999996
2617 8 8 0.0300 630.5887999999999 179.39530000000002 -0.748
2618 8 8 0.0300 631.7058 181.73930000000001 0.7279999999999999
2619 8 8 0.0300 631.6897999999999 180.20530000000002 1.722
2620 8 7 0.1400 634.8498 180.1613 0.0
2621 8 6 -0.4000 637.1938 180.1613 0.0
2622 8 7 0.1400 636.0758 180.8463 0.462
2623 8 8 0.0300 633.9838 180.1763 0.644
2624 8 8 0.0300 634.9327999999999 179.41330000000002 -0.766
2625 8 8 0.0300 636.0498 180.88930000000002 1.578
2626 8 8 0.0300 636.0337999999999 181.88330000000002 0.044
2627 8 7 0.1400 639.1938 180.1613 0.0
2628 8 6 -0.4000 641.5378000000001 180.1613 0.0
2629 8 7 0.1400 640.4198 180.6233 0.685
2630 8 8 0.0300 638.3278 180.80530000000002 0.01499999999999996
2631 8 8 0.0300 639.2768 179.39530000000002 -0.748
2632 8 8 0.0300 640.3938 181.73930000000001 0.7279999999999999
2633 8 8 0.0300 640.3778 180.20530000000002 1.722
2634 8 7 0.1400 643.5378 180.1613 0.0
2635 8 6 -0.4000 645.8818 180.1613 0.0
2636 8 7 0.1400 644.7638 180.8463 0.462
2637 8 8 0.0300 642.6718 180.1763 0.644
2638 8 8 0.0300 643.6207999999999 179.41330000000002 -0.766
2639 8 8 0.0300 644.7378 180.88930000000002 1.578
2640 8 8 0.0300 644.7217999999999 181.88330000000002 0.044
2641 8 7 0.1400 647.8817999999999 180.1613 0.0
2642 8 6 -0.4000 650.2257999999999 180.1613 0.0
2643 8 7 0.1400 649.1077999999999 179.69930000000002 0.685
2644 8 8 0.0300 647.0157999999999 179.5173 0.01500000000000004
2645 8 8 0.0300 647.9647999999999 180.9273 -0.748
2646 8 8 0.0300 649.0817999999999 178.5833 0.7280000000000001
2647 8 8 0.0300 649.0657999999999 180.1173 1.722
2648 8 7 0.1400 652.2257999999999 180.1613 0.0
2649 8 6 -0.4000 654.5698 180.1613 0.0
2650 8 7 0.1400 653.4517999999999 180.8463 0.462
2651 8 8 0.0300 651.3598 180.1763 0.644
2652 8 8 0.0300 652.3087999999999 179.41330000000002 -0.766
2653 8 8 0.0300 653.4258 180.88930000000002 1.578
2654 8 8 0.0300 653.4097999999999 181.88330000000002 0.044
2655 8 7 0.1400 656.5698 180.1613 0.0
2656 8 6 -0.4000 658.9138 180.1613 0.0
2657 8 7 0.1400 657.7958 179.69930000000002 0.685
2658 8 8 0.0300 655.7038 179.5173 0.01500000000000004
2659 8 8 0.0300 656.6528 180.9273 -0.748
2660 8 8 0.0300 657.7698 178.5833 0.7280000000000001
2661 8 8 0.0300 657.7538 180.1173 1.722
2662 8 7 0.1400 660.9137999999999 180.1613 0.0
2663 8 6 -0.4000 663.2578 180.1613 0.0
2664 8 7 0.1400 662.1397999999999 180.8463 -0.462
2665 8 8 0.0300 660.0477999999999 180.1763 -0.644
2666 8 8 0.0300 660.9967999999999 179.41330000000002 0.766
2667 8 8 0.0300 662.1138 180.88930000000002 -1.578
2668 8 8 0.0300 662.0977999999999 181.88330000000002 -0.044
2669 8 7 0.1400 665.2578 180.1613 0.0
2670 8 6 -0.4000 667.6018 180.1613 0.0
2671 8 7 0.1400 666.4838 179.69930000000002 0.685
2672 8 8 0.0300 664.3918 179.5173 0.01500000000000004
2673 8 8 0.0300 665.3408 180.9273 -0.748
2674 8 8 0.0300 666.4578 178.5833 0.7280000000000001
2675 8 8 0.0300 666.4418 180.1173 1.722
2676 8 7 0.1400 669.6017999999999 180.1613 0.0
2677 8 6 -0.4000 671.9458 180.1613 0.0
2678 8 7 0.1400 670.8277999999999 180.8463 -0.462
2679 8 8 0.0300 668.7357999999999 180.1763 -0.644
2680 8 8 0.0300 669.6847999999999 179.41330000000002 0.766
2681 8 8 0.0300 670.8018 180.88930000000002 -1.578
2682 8 8 0.0300 670.7857999999999 181.88330000000002 -0.044
2683 8 7 0.1400 673.9458 180.1613 0.0
2684 8 6 -0.4000 676.2898 180.1613 0.0
2685 8 7 0.1400 675.1718 180.6233 0.685
2686 8 8 0.0300 673.0798 180.80530000000002 0.01499999999999996
2687 8 8 0.0300 674.0287999999999 179.39530000000002 -0.748
2688 8 8 0.0300 675.1458 181.73930000000001 0.7279999999999999
2689 8 8 0.0300 675.1297999999999 180.20530000000002 1.722
2690 8 7 0.1400 678.2898 180.1613 0.0
2691 8 6 -0.4000 680.6338000000001 180.1613 0.0
2692 8 7 0.1400 679.5158 180.8463 0.462
2693 8 8 0.0300 677.4238 180.1763 0.644
2694 8 8 0.0300 678.3728 179.41330000000002 -0.766
2695 8 8 0.0300 679.4898000000001 180.88930000000002 1.578
2696 8 8 0.0300 679.4738 181.88330000000002 0.044
2697 8 7 0.1400 682.6338 180.1613 0.0
2698 8 6 -0.4000 684.9778 180.1613 0.0
2699 8 7 0.1400 683.8598 180.6233 0.685
2700 8 8 0.0300 681.7678 180.80530000000002 0.01499999999999996
2701 8 8 0.0300 682.7167999999999 179.39530000000002 -0.748
2702 8 8 0.0300 683.8338 181.73930000000001 0.7279999999999999
2703 8 8 0.0300 683.8177999999999 180.20530000000002 1.722
2704 8 7 0.1400 686.9777999999999 180.1613 0.0
2705 8 6 -0.4000 689.3217999999999 180.1613 0.0
2706 8 7 0.1400 688.2037999999999 180.8463 0.462
2707 8 8 0.0300 686.1117999999999 180.1763 0.644
2708 8 8 0.0300 687.0607999999999 179.41330000000002 -0.766
2709 8 8 0.0300 688.1777999999999 180.88930000000002 1.578
2710 8 8 0.0300 688.1617999999999 181.88330000000002 0.044
2711 8 7 0.1400 691.3217999999999 180.1613 0.0
2712 8 6 -0.4000 693.6658 180.1613 0.0
2713 8 7 0.1400 692.5477999999999 179.69930000000002 0.685
2714 8 8 0.0300 690.4558 179.5173 0.01500000000000004
2715 8 8 0.0300 691.4047999999999 180.9273 -0.748
2716 8 8 0.0300 692.5218 178.5833 0.7280000000000001
2717 8 8 0.0300 692.5057999999999 180.1173 1.722
2718 8 7 0.1400 695.6658 180.1613 0.0
2719 8 6 -0.4000 698.0098 180.1613 0.0
2720 8 7 0.1400 696.8918 180.8463 0.462
2721 8 8 0.0300 694.7998 180.1763 0.644
2722 8 8 0.0300 695.7488 179.41330000000002 -0.766
2723 8 8 0.0300 696.8658 180.88930000000002 1.578
2724 8 8 0.0300 696.8498 181.88330000000002 0.044
2725 8 7 0.1400 700.0097999999999 180.1613 0.0
2726 8 6 -0.4000 702.3538 180.1613 0.0
2727 8 7 0.1400 701.2357999999999 179.69930000000002 0.685
2728 8 8 0.0300 699.1437999999999 179.5173 0.01500000000000004
2729 8 8 0.0300 700.0927999999999 180.9273 -0.748
2730 8 8 0.0300 701.2098 178.5833 0.7280000000000001
2731 8 8 0.0300 701.1937999999999 180.1173 1.722
2732 8 7 0.1400 704.3538 180.1613 0.0
2733 8 6 -0.4000 706.6978 180.1613 0.0
2734 8 7 0.1400 705.5798 180.8463 -0.462
2735 8 8 0.0300 703.4878 180.1763 -0.644
2736 8 8 0.0300 704.4368 179.41330000000002 0.766
2737 8 8 0.0300 705.5538 180.88930000000002 -1.578
2738 8 8 0.0300 705.5378 181.88330000000002 -0.044
2739 8 7 0.1400 708.6977999999999 180.1613 0.0
2740 8 6 -0.4000 711.0418 180.1613 0.0
2741 8 7 0.1400 709.9237999999999 179.69930000000002 0.685
2742 8 8 0.0300 707.8317999999999 179.5173 0.01500000000000004
2743 8 8 0.0300 708.7807999999999 180.9273 -0.748
2744 8 8 0.0300 709.8978 178.5833 0.7280000000000001
2745 8 8 0.0300 709.8817999999999 180.1173 1.722
2746 8 7 0.1400 713.0418 180.1613 0.0
2747 8 6 -0.4000 715.3858 180.1613 0.0
2748 8 7 0.1400 714.2678 180.8463 -0.462
2749 8 8 0.0300 712.1758 180.1763 -0.644
2750 8 8 0.0300 713.1247999999999 179.41330000000002 0.766
2751 8 8 0.0300 714.2418 180.88930000000002 -1.578
2752 8 8 0.0300 714.2257999999999 181.88330000000002 -0.044
2753 8 7 0.1400 717.3858 180.1613 0.0
2754 8 6 -0.4000 719.7298000000001 180.1613 0.0
2755 8 7 0.1400 718.6118 179.69930000000002 0.685
2756 8 8 0.0300 716.5198 179.5173 0.01500000000000004
2757 8 8 0.0300 717.4688 180.9273 -0.748
2758 8 8 0.0300 718.5858000000001 178.5833 0.7280000000000001
2759 8 8 0.0300 718.5698 180.1173 1.722
2760 8 7 0.1400 721.7298 180.1613 0.0
2761 8 6 -0.4000 724.0738 180.1613 0.0
2762 8 7 0.1400 722.9558 180.8463 0.462
2763 8 8 0.0300 720.8638 180.1763 0.644
2764 8 8 0.0300 721.8127999999999 179.41330000000002 -0.766
2765 8 8 0.0300 722.9298 180.88930000000002 1.578
2766 8 8 0.0300 722.9137999999999 181.88330000000002 0.044
2767 8 7 0.1400 726.0737999999999 180.1613 0.0
2768 8 6 -0.4000 728.4177999999999 180.1613 0.0
2769 8 7 0.1400 727.2997999999999 180.6233 0.685
2770 8 8 0.0300 725.2077999999999 180.80530000000002 0.01499999999999996
2771 8 8 0.0300 726.1567999999999 179.39530000000002 -0.748
2772 8 8 0.0300 727.2737999999999 181.73930000000001 0.7279999999999999
2773 8 8 0.0300 727.2577999999999 180.20530000000002 1.722
2774 8 7 0.1400 730.4177999999999 180.1613 0.0
2775 8 6 -0.4000 732.7618 180.1613 0.0
2776 8 7 0.1400 731.6437999999999 180.8463 -0.462
2777 8 8 0.0300 729.5518 180.1763 -0.644
2778 8 8 0.0300 730.5007999999999 179.41330000000002 0.766
2779 8 8 0.0300 731.6178 180.88930000000002 -1.578
2780 8 8 0.0300 731.6017999999999 181.88330000000002 -0.044
2781 8 7 0.1400 734.7618 180.1613 0.0
2782 8 6 -0.4000 737.1058 180.1613 0.0
2783 8 7 0.1400 735.9878 180.6233 0.685
2784 8 8 0.0300 733.8958 180.80530000000002 0.01499999999999996
2785 8 8 0.0300 734.8448 179.39530000000002 -0.748
2786 8 8 0.0300 735.9618 181.73930000000001 0.7279999999999999
2787 8 8 0.0300 735.9458 180.20530000000002 1.722
2788 8 7 0.1400 739.1057999999999 180.1613 0.0
2789 8 6 -0.4000 741.4498 180.1613 0.0
2790 8 7 0.1400 740.3317999999999 180.8463 0.462
2791 8 8 0.0300 738.2398 180.1763 0.644
2792 8 8 0.0300 739.1887999999999 179.41330000000002 -0.766
2793 8 8 0.0300 740.3058 180.88930000000002 1.578
2794 8 8 0.0300 740.2897999999999 181.88330000000002 0.044
2795 8 7 0.1400 743.4498 180.1613 0.0
2796 8 6 -0.4000 745.7938 180.1613 0.0
2797 8 7 0.1400 744.6758 180.6233 0.685
2798 8 8 0.0300 742.5838 180.80530000000002 0.01499999999999996
2799 8 8 0.0300 743.5328 179.39530000000002 -0.748
2800 8 8 0.0300 744.6498 181.73930000000001 0.7279999999999999
2801 8 8 0.0300 744.6338 180.20530000000002 1.722
2802 8 7 0.1400 747.7937999999999 180.1613 0.0
2803 8 6 -0.4000 750.1378 180.1613 0.0
2804 8 7 0.1400 749.0197999999999 180.8463 0.462
2805 8 8 0.0300 746.9277999999999 180.1763 0.644
2806 8 8 0.0300 747.8767999999999 179.41330000000002 -0.766
2807 8 8 0.0300 748.9938 180.88930000000002 1.578
2808 8 8 0.0300 748.9777999999999 181.88330000000002 0.044
2809 8 7 0.1400 751.8798 180.1613 0.0
2810 8 5 0.1450 752.9878 179.64530000000002 0.807
2811 8 3 -0.6830 754.0808 180.5103 0.654
2812 8 2 0.0600 750.8658 179.91830000000002 0.263
2813 8 2 0.0600 752.0788 180.8163 -0.83
2814 8 2 0.0600 752.6668 179.5813 1.875
2815 8 2 0.0600 753.2687999999999 178.6303 0.4260000000000001
2816 8 4 0.4180 754.7398 180.1613 0.0
2817 9 1 -0.1800 -1.157 360.3225 0.0
2818 9 6 -0.4000 1.157 360.3225 0.0
2819 9 7 0.1400 0.069 361.04949999999997 -0.51
2820 9 2 0.0600 -2.1 360.7985 -0.295
2821 9 2 0.0600 -1.032 360.2405 1.108
2822 9 2 0.0600 -1.088 359.28749999999997 -0.421
2823 9 8 0.0300 0.111 361.10949999999997 -1.608
2824 9 8 0.0300 0.149 362.0825 -0.097
2825 9 7 0.1400 3.1420000000000003 360.3225 0.0
2826 9 6 -0.4000 5.486 360.3225 0.0
2827 9 7 0.1400 4.368 360.7845 0.685
2828 9 8 0.0300 2.2760000000000002 360.9665 0.01499999999999996
2829 9 8 0.0300 3.225 359.55649999999997 -0.748
2830 9 8 0.0300 4.342 361.90049999999997 0.7279999999999999
2831 9 8 0.0300 4.326 360.3665 1.722
2832 9 7 0.1400 7.486 360.3225 0.0
2833 9 6 -0.4000 9.83 360.3225 0.0
2834 9 7 0.1400 8.712 361.0075 -0.462
2835 9 8 0.0300 6.619999999999999 360.3375 -0.644
2836 9 8 0.0300 7.568999999999999 359.5745 0.766
2837 9 8 0.0300 8.686 361.0505 -1.578
2838 9 8 0.0300 8.67 362.04449999999997 -0.044
2839 9 7 0.1400 11.83 360.3225 0.0
2840 9 6 -0.4000 14.174000000000001 360.3225 0.0
2841 9 7 0.1400 13.056000000000001 360.7845 0.685
2842 9 8 0.0300 10.964 360.9665 0.01499999999999996
2843 9 8 0.0300 11.913 359.55649999999997 -0.748
2844 9 8 0.0300 13.030000000000001 361.90049999999997 0.7279999999999999
2845 9 8 0.0300 13.014000000000001 360.3665 1.722
2846 9 7 0.1400 16.174 360.3225 0.0
2847 9 6 -0.4000 18.518 360.3225 0.0
2848 9 7 0.1400 17.4 361.0075 0.462
2849 9 8 0.0300 15.308 360.3375 0.644
2850 9 8 0.0300 16.257 359.5745 -0.766
2851 9 8 0.0300 17.374 361.0505 1.578
2852 9 8 0.0300 17.358 362.04449999999997 0.044
2853 9 7 0.1400 20.518 360.3225 0.0
2854 9 6 -0.4000 22.862000000000002 360.3225 0.0
2855 9 7 0.1400 21.744 360.7845 0.685
2856 9 8 0.0300 19.652 360.9665 0.01499999999999996
2857 9 8 0.0300 20.601000000000003 359.55649999999997 -0.748
2858 9 8 0.0300 21.718 361.90049999999997 0.7279999999999999
2859 9 8 0.0300 21.702 360.3665 1.722
2860 9 7 0.1400 24.862 360.3225 0.0
2861 9 6 -0.4000 27.206 360.3225 0.0
2862 9 7 0.1400 26.087999999999997 361.0075 0.462
2863 9 8 0.0300 23.996 360.3375 0.644
2864 9 8 0.0300 24.945 359.5745 -0.766
2865 9 8 0.0300 26.061999999999998 361.0505 1.578
2866 9 8 0.0300 26.046 362.04449999999997 0.044
2867 9 7 0.1400 29.206 360.3225 0.0
2868 9 6 -0.4000 31.55 360.3225 0.0
2869 9 7 0.1400 30.432 360.7845 0.685
2870 9 8 0.0300 28.34 360.9665 0.01499999999999996
2871 9 8 0.0300 29.289 359.55649999999997 -0.748
2872 9 8 0.0300 30.406 361.90049999999997 0.7279999999999999
2873 9 8 0.0300 30.39 360.3665 1.722
2874 9 7 0.1400 33.550000000000004 360.3225 0.0
2875 9 6 -0.4000 35.894 360.3225 0.0
2876 9 7 0.1400 34.776 361.0075 0.462
2877 9 8 0.0300 32.684000000000005 360.3375 0.644
2878 9 8 0.0300 33.633 359.5745 -0.766
2879 9 8 0.0300 34.75 361.0505 1.578
2880 9 8 0.0300 34.734 362.04449999999997 0.044
2881 9 7 0.1400 37.894000000000005 360.3225 0.0
2882 9 6 -0.4000 40.238 360.3225 0.0
2883 9 7 0.1400 39.120000000000005 359.8605 0.685
2884 9 8 0.0300 37.028000000000006 359.6785 0.01500000000000004
2885 9 8 0.0300 37.977000000000004 361.0885 -0.748
2886 9 8 0.0300 39.094 358.7445 0.7280000000000001
2887 9 8 0.0300 39.078 360.2785 1.722
2888 9 7 0.1400 42.238 360.3225 0.0
2889 9 6 -0.4000 44.581999999999994 360.3225 0.0
2890 9 7 0.1400 43.464 361.0075 0.462
2891 9 8 0.0300 41.372 360.3375 0.644
2892 9 8 0.0300 42.321 359.5745 -0.766
2893 9 8 0.0300 43.437999999999995 361.0505 1.578
2894 9 8 0.0300 43.422 362.04449999999997 0.044
2895 9 7 0.1400 46.582 360.3225 0.0
2896 9 6 -0.4000 48.925999999999995 360.3225 0.0
2897 9 7 0.1400 47.808 359.8605 0.685
2898 9 8 0.0300 45.716 359.6785 0.01500000000000004
2899 9 8 0.0300 46.665 361.0885 -0.748
2900 9 8 0.0300 47.782 358.7445 0.7280000000000001
2901 9 8 0.0300 47.766 360.2785 1.722
2902 9 7 0.1400 50.926 360.3225 0.0
2903 9 6 -0.4000 53.269999999999996 360.3225 0.0
2904 9 7 0.1400 52.152 361.0075 0.462
2905 9 8 0.0300 50.06 360.3375 0.644
2906 9 8 0.0300 51.009 359.5745 -0.766
2907 9 8 0.0300 52.126 361.0505 1.578
2908 9 8 0.0300 52.11 362.04449999999997 0.044
2909 9 7 0.1400 55.27 360.3225 0.0
2910 9 6 -0.4000 57.614 360.3225 0.0
2911 9 7 0.1400 56.496 359.8605 0.685
2912 9 8 0.0300 54.404 359.6785 0.01500000000000004
2913 9 8 0.0300 55.353 361.0885 -0.748
2914 9 8 0.0300 56.47 358.7445 0.7280000000000001
2915 9 8 0.0300 56.454 360.2785 1.722
2916 9 7 0.1400 59.614000000000004 360.3225 0.0
2917 9 6 -0.4000 61.958 360.3225 0.0
2918 9 7 0.1400 60.84 361.0075 0.462
2919 9 8 0.0300 58.748000000000005 360.3375 0.644
2920 9 8 0.0300 59.697 359.5745 -0.766
2921 9 8 0.0300 60.814 361.0505 1.578
2922 9 8 0.0300 60.798 362.04449999999997 0.044
2923 9 7 0.1400 63.958 360.3225 0.0
2924 9 6 -0.4000 66.30199999999999 360.3225 0.0
2925 9 7 0.1400 65.184 359.8605 0.685
2926 9 8 0.0300 63.092 359.6785 0.01500000000000004
2927 9 8 0.0300 64.041 361.0885 -0.748
2928 9 8 0.0300 65.158 358.7445 0.7280000000000001
2929 9 8 0.0300 65.142 360.2785 1.722
2930 9 7 0.1400 68.302 360.3225 0.0
2931 9 6 -0.4000 70.646 360.3225 0.0
2932 9 7 0.1400 69.528 361.0075 0.462
2933 9 8 0.0300 67.436 360.3375 0.644
2934 9 8 0.0300 68.385 359.5745 -0.766
2935 9 8 0.0300 69.50200000000001 361.0505 1.578
2936 9 8 0.0300 69.486 362.04449999999997 0.044
2937 9 7 0.1400 72.646 360.3225 0.0
2938 9 6 -0.4000 74.99 360.3225 0.0
2939 9 7 0.1400 73.872 360.7845 0.685
2940 9 8 0.0300 71.78 360.9665 0.01499999999999996
2941 9 8 0.0300 72.729 359.55649999999997 -0.748
2942 9 8 0.0300 73.846 361.90049999999997 0.7279999999999999
2943 9 8 0.0300 73.83 360.3665 1.722
2944 9 7 0.1400 76.99000000000001 360.3225 0.0
2945 9 6 -0.4000 79.334 360.3225 0.0
2946 9 7 0.1400 78.21600000000001 361.0075 0.462
2947 9 8 0.0300 76.12400000000001 360.3375 0.644
2948 9 8 0.0300 77.07300000000001 359.5745 -0.766
2949 9 8 0.0300 78.19000000000001 361.0505 1.578
2950 9 8 0.0300 78.174 362.04449999999997 0.044
2951 9 7 0.1400 81.334 360.3225 0.0
2952 9 6 -0.4000 83.678 360.3225 0.0
2953 9 7 0.1400 82.56 359.8605 0.685
2954 9 8 0.0300 80.468 359.6785 0.01500000000000004
2955 9 8 0.0300 81.417 361.0885 -0.748
2956 9 8 0.0300 82.534 358.7445 0.7280000000000001
2957 9 8 0.0300 82.518 360.2785 1.722
2958 9 7 0.1400 85.678 360.3225 0.0
2959 9 6 -0.4000 88.02199999999999 360.3225 0.0
2960 9 7 0.1400 86.904 361.0075 0.462
2961 9 8 0.0300 84.812 360.3375 0.644
2962 9 8 0.0300 85.761 359.5745 -0.766
2963 9 8 0.0300 86.878 361.0505 1.578
2964 9 8 0.0300 86.862 362.04449999999997 0.044
2965 9 7 0.1400 90.022 360.3225 0.0
2966 9 6 -0.4000 92.366 360.3225 0.0
2967 9 7 0.1400 91.248 359.8605 0.685
2968 9 8 0.0300 89.156 359.6785 0.01500000000000004
2969 9 8 0.0300 90.105 361.0885 -0.748
2970 9 8 0.0300 91.22200000000001 358.7445 0.7280000000000001
2971 9 8 0.0300 91.206 360.2785 1.722
2972 9 7 0.1400 94.366 360.3225 0.0
2973 9 6 -0.4000 96.71 360.3225 0.0
2974 9 7 0.1400 95.592 361.0075 -0.462
2975 9 8 0.0300 93.5 360.3375 -0.644
2976 9 8 0.0300 94.449 359.5745 0.766
2977 9 8 0.0300 95.566 361.0505 -1.578
2978 9 8 0.0300 95.55 362.04449999999997 -0.044
2979 9 7 0.1400 98.71000000000001 360.3225 0.0
2980 9 6 -0.4000 101.054 360.3225 0.0
2981 9 7 0.1400 99.936 360.7845 0.685
2982 9 8 0.0300 97.84400000000001 360.9665 0.01499999999999996
2983 9 8 0.0300 98.793 359.55649999999997 -0.748
2984 9 8 0.0300 99.91000000000001 361.90049999999997 0.7279999999999999
2985 9 8 0.0300 99.894 360.3665 1.722
2986 9 7 0.1400 103.054 360.3225 0.0
2987 9 6 -0.4000 105.398 360.3225 0.0
2988 9 7 0.1400 104.28 361.0075 0.462
2989 9 8 0.0300 102.188 360.3375 0.644
2990 9 8 0.0300 103.137 359.5745 -0.766
2991 9 8 0.0300 104.254 361.0505 1.578
2992 9 8 0.0300 104.238 362.04449999999997 0.044
2993 9 7 0.1400 107.398 360.3225 0.0
2994 9 6 -0.4000 109.74199999999999 360.3225 0.0
2995 9 7 0.1400 108.624 360.7845 0.685
2996 9 8 0.0300 106.532 360.9665 0.01499999999999996
2997 9 8 0.0300 107.481 359.55649999999997 -0.748
2998 9 8 0.0300 108.598 361.90049999999997 0.7279999999999999
2999 9 8 0.0300 108.582 360.3665 1.722
3000 9 7 0.1400 111.742 360.3225 0.0
3001 9 6 -0.4000 114.086 360.3225 0.0
3002 9 7 0.1400 112.968 361.0075 -0.462
3003 9 8 0.0300 110.876 360.3375 -0.644
3004 9 8 0.0300 111.825 359.5745 0.766
3005 9 8 0.0300 112.94200000000001 361.0505 -1.578
3006 9 8 0.0300 112.926 362.04449999999997 -0.044
3007 9 7 0.1400 116.086 360.3225 0.0
3008 9 6 -0.4000 118.42999999999999 360.3225 0.0
3009 9 7 0.1400 117.312 359.8605 0.685
3010 9 8 0.0300 115.22 359.6785 0.01500000000000004
3011 9 8 0.0300 116.169 361.0885 -0.748
3012 9 8 0.0300 117.286 358.7445 0.7280000000000001
3013 9 8 0.0300 117.27 360.2785 1.722
3014 9 7 0.1400 120.43 360.3225 0.0
3015 9 6 -0.4000 122.774 360.3225 0.0
3016 9 7 0.1400 121.656 361.0075 0.462
3017 9 8 0.0300 119.56400000000001 360.3375 0.644
3018 9 8 0.0300 120.513 359.5745 -0.766
3019 9 8 0.0300 121.63000000000001 361.0505 1.578
3020 9 8 0.0300 121.614 362.04449999999997 0.044
3021 9 7 0.1400 124.774 360.3225 0.0
3022 9 6 -0.4000 127.118 360.3225 0.0
3023 9 7 0.1400 126.0 359.8605 0.685
3024 9 8 0.0300 123.908 359.6785 0.01500000000000004
3025 9 8 0.0300 124.857 361.0885 -0.748
3026 9 8 0.0300 125.974 358.7445 0.7280000000000001
3027 9 8 0.0300 125.958 360.2785 1.722
3028 9 7 0.1400 129.118 360.3225 0.0
3029 9 6 -0.4000 131.462 360.3225 0.0
3030 9 7 0.1400 130.344 361.0075 0.462
3031 9 8 0.0300 128.25199999999998 360.3375 0.644
3032 9 8 0.0300 129.201 359.5745 -0.766
3033 9 8 0.0300 130.31799999999998 361.0505 1.578
3034 9 8 0.0300 130.302 362.04449999999997 0.044
3035 9 7 0.1400 133.462 360.3225 0.0
3036 9 6 -0.4000 135.80599999999998 360.3225 0.0
3037 9 7 0.1400 134.688 360.7845 0.685
3038 9 8 0.0300 132.59599999999998 360.9665 0.01499999999999996
3039 9 8 0.0300 133.545 359.55649999999997 -0.748
3040 9 8 0.0300 134.66199999999998 361.90049999999997 0.7279999999999999
3041 9 8 0.0300 134.646 360.3665 1.722
3042 9 7 0.1400 137.806 360.3225 0.0
3043 9 6 -0.4000 140.15 360.3225 0.0
3044 9 7 0.1400 139.032 361.0075 -0.462
3045 9 8 0.0300 136.94 360.3375 -0.644
3046 9 8 0.0300 137.889 359.5745 0.766
3047 9 8 0.0300 139.006 361.0505 -1.578
3048 9 8 0.0300 138.99 362.04449999999997 -0.044
3049 9 7 0.1400 142.15 360.3225 0.0
3050 9 6 -0.4000 144.494 360.3225 0.0
3051 9 7 0.1400 143.376 359.8605 0.685
3052 9 8 0.0300 141.284 359.6785 0.01500000000000004
3053 9 8 0.0300 142.233 361.0885 -0.748
3054 9 8 0.0300 143.35 358.7445 0.7280000000000001
3055 9 8 0.0300 143.334 360.2785 1.722
3056 9 7 0.1400 146.494 360.3225 0.0
3057 9 6 -0.4000 148.838 360.3225 0.0
3058 9 7 0.1400 147.72 361.0075 0.462
3059 9 8 0.0300 145.628 360.3375 0.644
3060 9 8 0.0300 146.577 359.5745 -0.766
3061 9 8 0.0300 147.694 361.0505 1.578
3062 9 8 0.0300 147.678 362.04449999999997 0.044
3063 9 7 0.1400 150.838 360.3225 0.0
3064 9 6 -0.4000 153.182 360.3225 0.0
3065 9 7 0.1400 152.064 359.8605 0.685
3066 9 8 0.0300 149.97199999999998 359.6785 0.01500000000000004
3067 9 8 0.0300 150.921 361.0885 -0.748
3068 9 8 0.0300 152.03799999999998 358.7445 0.7280000000000001
3069 9 8 0.0300 152.022 360.2785 1.722
3070 9 7 0.1400 155.18200000000002 360.3225 0.0
3071 9 6 -0.4000 157.526 360.3225 0.0
3072 9 7 0.1400 156.40800000000002 361.0075 0.462
3073 9 8 0.0300 154.316 360.3375 0.644
3074 9 8 0.0300 155.26500000000001 359.5745 -0.766
3075 9 8 0.0300 156.382 361.0505 1.578
3076 9 8 0.0300 156.366 362.04449999999997 0.044
3077 9 7 0.1400 159.526 360.3225 0.0
3078 9 6 -0.4000 161.87 360.3225 0.0
3079 9 7 0.1400 160.752 360.7845 0.685
3080 9 8 0.0300 158.66 360.9665 0.01499999999999996
3081 9 8 0.0300 159.609 359.55649999999997 -0.748
3082 9 8 0.0300 160.726 361.90049999999997 0.7279999999999999
3083 9 8 0.0300 160.71 360.3665 1.722
3084 9 7 0.1400 163.87 360.3225 0.0
3085 9 6 -0.4000 166.214 360.3225 0.0
3086 9 7 0.1400 165.096 361.0075 -0.462
3087 9 8 0.0300 163.004 360.3375 -0.644
3088 9 8 0.0300 163.953 359.5745 0.766
3089 9 8 0.0300 165.07 361.0505 -1.578
3090 9 8 0.0300 165.054 362.04449999999997 -0.044
3091 9 7 0.1400 168.214 360.3225 0.0
3092 9 6 -0.4000 170.558 360.3225 0.0
3093 9 7 0.1400 169.44 359.8605 0.685
3094 9 8 0.0300 167.34799999999998 359.6785 0.01500000000000004
3095 9 8 0.0300 168.297 361.0885 -0.748
3096 9 8 0.0300 169.414 358.7445 0.7280000000000001
3097 9 8 0.0300 169.398 360.2785 1.722
3098 9 7 0.1400 172.558 360.3225 0.0
3099 9 6 -0.4000 174.902 360.3225 0.0
3100 9 7 0.1400 173.784 361.0075 0.462
3101 9 8 0.0300 171.69199999999998 360.3375 0.644
3102 9 8 0.0300 172.641 359.5745 -0.766
3103 9 8 0.0300 173.75799999999998 361.0505 1.578
3104 9 8 0.0300 173.742 362.04449999999997 0.044
3105 9 7 0.1400 176.90200000000002 360.3225 0.0
3106 9 6 -0.4000 179.246 360.3225 0.0
3107 9 7 0.1400 178.12800000000001 360.7845 0.685
3108 9 8 0.0300 176.036 360.9665 0.01499999999999996
3109 9 8 0.0300 176.985 359.55649999999997 -0.748
3110 9 8 0.0300 178.102 361.90049999999997 0.7279999999999999
3111 9 8 0.0300 178.086 360.3665 1.722
3112 9 7 0.1400 181.246 360.3225 0.0
3113 9 6 -0.4000 183.59 360.3225 0.0
3114 9 7 0.1400 182.472 361.0075 0.462
3115 9 8 0.0300 180.38 360.3375 0.644
3116 9 8 0.0300 181.329 359.5745 -0.766
3117 9 8 0.0300 182.446 361.0505 1.578
3118 9 8 0.0300 182.43 362.04449999999997 0.044
3119 9 7 0.1400 185.59 360.3225 0.0
3120 9 6 -0.4000 187.934 360.3225 0.0
3121 9 7 0.1400 186.816 360.7845 0.685
3122 9 8 0.0300 184.724 360.9665 0.01499999999999996
3123 9 8 0.0300 185.673 359.55649999999997 -0.748
3124 9 8 0.0300 186.79 361.90049999999997 0.7279999999999999
3125 9 8 0.0300 186.774 360.3665 1.722
3126 9 7 0.1400 189.934 360.3225 0.0
3127 9 6 -0.4000 192.278 360.3225 0.0
3128 9 7 0.1400 191.16 361.0075 0.462
3129 9 8 0.0300 189.06799999999998 360.3375 0.644
3130 9 8 0.0300 190.017 359.5745 -0.766
3131 9 8 0.0300 191.134 361.0505 1.578
3132 9 8 0.0300 191.118 362.04449999999997 0.044
3133 9 7 0.1400 194.278 360.3225 0.0
3134 9 6 -0.4000 196.62199999999999 360.3225 0.0
3135 9 7 0.1400 195.504 359.8605 0.685
3136 9 8 0.0300 193.41199999999998 359.6785 0.01500000000000004
3137 9 8 0.0300 194.361 361.0885 -0.748
3138 9 8 0.0300 195.47799999999998 358.7445 0.7280000000000001
3139 9 8 0.0300 195.462 360.2785 1.722
3140 9 7 0.1400 198.622 360.3225 0.0
3141 9 6 -0.4000 200.966 360.3225 0.0
3142 9 7 0.1400 199.848 361.0075 0.462
3143 9 8 0.0300 197.756 360.3375 0.644
3144 9 8 0.0300 198.705 359.5745 -0.766
3145 9 8 0.0300 199.822 361.0505 1.578
3146 9 8 0.0300 199.806 362.04449999999997 0.044
3147 9 7 0.1400 202.966 360.3225 0.0
3148 9 6 -0.4000 205.31 360.3225 0.0
3149 9 7 0.1400 204.192 360.7845 0.685
3150 9 8 0.0300 202.1 360.9665 0.01499999999999996
3151 9 8 0.0300 203.049 359.55649999999997 -0.748
3152 9 8 0.0300 204.166 361.90049999999997 0.7279999999999999
3153 9 8 0.0300 204.15 360.3665 1.722
3154 9 7 0.1400 207.31 360.3225 0.0
3155 9 6 -0.4000 209.654 360.3225 0.0
3156 9 7 0.1400 208.536 361.0075 -0.462
3157 9 8 0.0300 206.444 360.3375 -0.644
3158 9 8 0.0300 207.393 359.5745 0.766
3159 9 8 0.0300 208.51 361.0505 -1.578
3160 9 8 0.0300 208.494 362.04449999999997 -0.044
3161 9 7 0.1400 211.396 360.3225 0.0
3162 9 5 0.1450 212.504 360.8385 0.807
3163 9 3 -0.6830 213.59699999999998 359.9735 0.654
3164 9 2 0.0600 210.382 360.5655 0.263
3165 9 2 0.0600 211.595 359.6675 -0.83
3166 9 2 0.0600 212.183 360.9025 1.875
3167 9 2 0.0600 212.785 361.8535 0.4259999999999999
3168 9 4 0.4180 214.256 360.3225 0.0
3169 10 1 -0.1800 179.0043 360.3225 0.0
3170 10 6 -0.4000 181.31830000000002 360.3225 0.0
3171 10 7 0.1400 180.2303 361.04949999999997 0.51
3172 10 2 0.0600 178.06130000000002 360.7985 0.295
3173 10 2 0.0600 179.1293 360.2405 -1.108
3174 10 2 0.0600 179.07330000000002 359.28749999999997 0.421
3175 10 8 0.0300 180.2723 361.10949999999997 1.608
3176 10 8 0.0300 180.3103 362.0825 0.097
3177 10 7 0.1400 183.3033 360.3225 0.0
3178 10 6 -0.4000 185.6473 360.3225 0.0
3179 10 7 0.1400 184.5293 359.8605 0.685
3180 10 8 0.0300 182.4373 359.6785 0.01500000000000004
3181 10 8 0.0300 183.3863 361.0885 -0.748
3182 10 8 0.0300 184.5033 358.7445 0.7280000000000001
3183 10 8 0.0300 184.4873 360.2785 1.722
3184 10 7 0.1400 187.6473 360.3225 0.0
3185 10 6 -0.4000 189.9913 360.3225 0.0
3186 10 7 0.1400 188.8733 361.0075 -0.462
3187 10 8 0.0300 186.7813 360.3375 -0.644
3188 10 8 0.0300 187.7303 359.5745 0.766
3189 10 8 0.0300 188.8473 361.0505 -1.578
3190 10 8 0.0300 188.8313 362.04449999999997 -0.044
3191 10 7 0.1400 191.99130000000002 360.3225 0.0
3192 10 6 -0.4000 194.33530000000002 360.3225 0.0
3193 10 7 0.1400 193.21730000000002 360.7845 0.685
3194 10 8 0.0300 191.1253 360.9665 0.01499999999999996
3195 10 8 0.0300 192.07430000000002 359.55649999999997 -0.748
3196 10 8 0.0300 193.1913 361.90049999999997 0.7279999999999999
3197 10 8 0.0300 193.17530000000002 360.3665 1.722
3198 10 7 0.1400 196.33530000000002 360.3225 0.0
3199 10 6 -0.4000 198.6793 360.3225 0.0
3200 10 7 0.1400 197.56130000000002 361.0075 0.462
3201 10 8 0.0300 195.4693 360.3375 0.644
3202 10 8 0.0300 196.41830000000002 359.5745 -0.766
3203 10 8 0.0300 197.5353 361.0505 1.578
3204 10 8 0.0300 197.51930000000002 362.04449999999997 0.044
3205 10 7 0.1400 200.6793 360.3225 0.0
3206 10 6 -0.4000 203.0233 360.3225 0.0
3207 10 7 0.1400 201.9053 360.7845 0.685
3208 10 8 0.0300 199.8133 360.9665 0.01499999999999996
3209 10 8 0.0300 200.7623 359.55649999999997 -0.748
3210 10 8 0.0300 201.8793 361.90049999999997 0.7279999999999999
3211 10 8 0.0300 201.8633 360.3665 1.722
3212 10 7 0.1400 205.0233 360.3225 0.0
3213 10 6 -0.4000 207.3673 360.3225 0.0
3214 10 7 0.1400 206.2493 361.0075 0.462
3215 10 8 0.0300 204.1573 360.3375 0.644
3216 10 8 0.0300 205.1063 359.5745 -0.766
3217 10 8 0.0300 206.2233 361.0505 1.578
3218 10 8 0.0300 206.2073 362.04449999999997 0.044
3219 10 7 0.1400 209.36730000000003 360.3225 0.0
3220 10 6 -0.4000 211.71130000000002 360.3225 0.0
3221 10 7 0.1400 210.59330000000003 360.7845 0.685
3222 10 8 0.0300 208.50130000000001 360.9665 0.01499999999999996
3223 10 8 0.0300 209.45030000000003 359.55649999999997 -0.748
3224 10 8 0.0300 210.56730000000002 361.90049999999997 0.7279999999999999
3225 10 8 0.0300 210.55130000000003 360.3665 1.722
3226 10 7 0.1400 213.71130000000002 360.3225 0.0
3227 10 6 -0.4000 216.05530000000002 360.3225 0.0
3228 10 7 0.1400 214.93730000000002 361.0075 -0.462
3229 10 8 0.0300 212.8453 360.3375 -0.644
3230 10 8 0.0300 213.79430000000002 359.5745 0.766
3231 10 8 0.0300 214.9113 361.0505 -1.578
3232 10 8 0.0300 214.89530000000002 362.04449999999997 -0.044
3233 10 7 0.1400 218.05530000000002 360.3225 0.0
3234 10 6 -0.4000 220.3993 360.3225 0.0
3235 10 7 0.1400 219.28130000000002 359.8605 0.685
3236 10 8 0.0300 217.1893 359.6785 0.01500000000000004
3237 10 8 0.0300 218.13830000000002 361.0885 -0.748
3238 10 8 0.0300 219.2553 358.7445 0.7280000000000001
3239 10 8 0.0300 219.23930000000001 360.2785 1.722
3240 10 7 0.1400 222.3993 360.3225 0.0
3241 10 6 -0.4000 224.7433 360.3225 0.0
3242 10 7 0.1400 223.6253 361.0075 -0.462
3243 10 8 0.0300 221.5333 360.3375 -0.644
3244 10 8 0.0300 222.4823 359.5745 0.766
3245 10 8 0.0300 223.5993 361.0505 -1.578
3246 10 8 0.0300 223.5833 362.04449999999997 -0.044
3247 10 7 0.1400 226.7433 360.3225 0.0
3248 10 6 -0.4000 229.0873 360.3225 0.0
3249 10 7 0.1400 227.9693 360.7845 0.685
3250 10 8 0.0300 225.8773 360.9665 0.01499999999999996
3251 10 8 0.0300 226.8263 359.55649999999997 -0.748
3252 10 8 0.0300 227.9433 361.90049999999997 0.7279999999999999
3253 10 8 0.0300 227.9273 360.3665 1.722
3254 10 7 0.1400 231.0873 360.3225 0.0
3255 10 6 -0.4000 233.4313 360.3225 0.0
3256 10 7 0.1400 232.3133 361.0075 0.462
3257 10 8 0.0300 230.22129999999999 360.3375 0.644
3258 10 8 0.0300 231.1703 359.5745 -0.766
3259 10 8 0.0300 232.2873 361.0505 1.578
3260 10 8 0.0300 232.2713 362.04449999999997 0.044
3261 10 7 0.1400 235.43130000000002 360.3225 0.0
3262 10 6 -0.4000 237.77530000000002 360.3225 0.0
3263 10 7 0.1400 236.65730000000002 359.8605 0.685
3264 10 8 0.0300 234.5653 359.6785 0.01500000000000004
3265 10 8 0.0300 235.51430000000002 361.0885 -0.748
3266 10 8 0.0300 236.6313 358.7445 0.7280000000000001
3267 10 8 0.0300 236.61530000000002 360.2785 1.722
3268 10 7 0.1400 239.77530000000002 360.3225 0.0
3269 10 6 -0.4000 242.1193 360.3225 0.0
3270 10 7 0.1400 241.00130000000001 361.0075 0.462
3271 10 8 0.0300 238.9093 360.3375 0.644
3272 10 8 0.0300 239.8583 359.5745 -0.766
3273 10 8 0.0300 240.9753 361.0505 1.578
3274 10 8 0.0300 240.9593 362.04449999999997 0.044
3275 10 7 0.1400 244.1193 360.3225 0.0
3276 10 6 -0.4000 246.4633 360.3225 0.0
3277 10 7 0.1400 245.3453 360.7845 0.685
3278 10 8 0.0300 243.2533 360.9665 0.01499999999999996
3279 10 8 0.0300 244.2023 359.55649999999997 -0.748
3280 10 8 0.0300 245.3193 361.90049999999997 0.7279999999999999
3281 10 8 0.0300 245.3033 360.3665 1.722
3282 10 7 0.1400 248.46330000000003 360.3225 0.0
3283 10 6 -0.4000 250.80730000000003 360.3225 0.0
3284 10 7 0.1400 249.68930000000003 361.0075 0.462
3285 10 8 0.0300 247.59730000000002 360.3375 0.644
3286 10 8 0.0300 248.54630000000003 359.5745 -0.766
3287 10 8 0.0300 249.66330000000002 361.0505 1.578
3288 10 8 0.0300 249.64730000000003 362.04449999999997 0.044
3289 10 7 0.1400 252.80730000000003 360.3225 0.0
3290 10 6 -0.4000 255.15130000000002 360.3225 0.0
3291 10 7 0.1400 254.03330000000003 359.8605 0.685
3292 10 8 0.0300 251.9413 359.6785 0.01500000000000004
3293 10 8 0.0300 252.89030000000002 361.0885 -0.748
3294 10 8 0.0300 254.00730000000001 358.7445 0.7280000000000001
3295 10 8 0.0300 253.99130000000002 360.2785 1.722
3296 10 7 0.1400 257.1513 360.3225 0.0
3297 10 6 -0.4000 259.49530000000004 360.3225 0.0
3298 10 7 0.1400 258.3773 361.0075 0.462
3299 10 8 0.0300 256.2853 360.3375 0.644
3300 10 8 0.0300 257.2343 359.5745 -0.766
3301 10 8 0.0300 258.35130000000004 361.0505 1.578
3302 10 8 0.0300 258.3353 362.04449999999997 0.044
3303 10 7 0.1400 261.4953 360.3225 0.0
3304 10 6 -0.4000 263.83930000000004 360.3225 0.0
3305 10 7 0.1400 262.7213 359.8605 0.685
3306 10 8 0.0300 260.6293 359.6785 0.01500000000000004
3307 10 8 0.0300 261.5783 361.0885 -0.748
3308 10 8 0.0300 262.69530000000003 358.7445 0.7280000000000001
3309 10 8 0.0300 262.6793 360.2785 1.722
3310 10 7 0.1400 265.8393 360.3225 0.0
3311 10 6 -0.4000 268.18330000000003 360.3225 0.0
3312 10 7 0.1400 267.0653 361.0075 -0.462
3313 10 8 0.0300 264.9733 360.3375 -0.644
3314 10 8 0.0300 265.9223 359.5745 0.766
3315 10 8 0.0300 267.0393 361.0505 -1.578
3316 10 8 0.0300 267.0233 362.04449999999997 -0.044
3317 10 7 0.1400 270.1833 360.3225 0.0
3318 10 6 -0.4000 272.5273 360.3225 0.0
3319 10 7 0.1400 271.4093 360.7845 0.685
3320 10 8 0.0300 269.3173 360.9665 0.01499999999999996
3321 10 8 0.0300 270.2663 359.55649999999997 -0.748
3322 10 8 0.0300 271.3833 361.90049999999997 0.7279999999999999
3323 10 8 0.0300 271.3673 360.3665 1.722
3324 10 7 0.1400 274.52729999999997 360.3225 0.0
3325 10 6 -0.4000 276.8713 360.3225 0.0
3326 10 7 0.1400 275.75329999999997 361.0075 -0.462
3327 10 8 0.0300 273.6613 360.3375 -0.644
3328 10 8 0.0300 274.6103 359.5745 0.766
3329 10 8 0.0300 275.7273 361.0505 -1.578
3330 10 8 0.0300 275.7113 362.04449999999997 -0.044
3331 10 7 0.1400 278.8713 360.3225 0.0
3332 10 6 -0.4000 281.21530000000007 360.3225 0.0
3333 10 7 0.1400 280.0973 360.7845 0.685
3334 10 8 0.0300 278.00530000000003 360.9665 0.01499999999999996
3335 10 8 0.0300 278.95430000000005 359.55649999999997 -0.748
3336 10 8 0.0300 280.07130000000006 361.90049999999997 0.7279999999999999
3337 10 8 0.0300 280.05530000000005 360.3665 1.722
3338 10 7 0.1400 283.21529999999996 360.3225 0.0
3339 10 6 -0.4000 285.5593 360.3225 0.0
3340 10 7 0.1400 284.44129999999996 361.0075 0.462
3341 10 8 0.0300 282.34929999999997 360.3375 0.644
3342 10 8 0.0300 283.2983 359.5745 -0.766
3343 10 8 0.0300 284.4153 361.0505 1.578
3344 10 8 0.0300 284.3993 362.04449999999997 0.044
3345 10 7 0.1400 287.5593 360.3225 0.0
3346 10 6 -0.4000 289.90330000000006 360.3225 0.0
3347 10 7 0.1400 288.7853 360.7845 0.685
3348 10 8 0.0300 286.6933 360.9665 0.01499999999999996
3349 10 8 0.0300 287.64230000000003 359.55649999999997 -0.748
3350 10 8 0.0300 288.75930000000005 361.90049999999997 0.7279999999999999
3351 10 8 0.0300 288.74330000000003 360.3665 1.722
3352 10 7 0.1400 291.9033 360.3225 0.0
3353 10 6 -0.4000 294.24730000000005 360.3225 0.0
3354 10 7 0.1400 293.1293 361.0075 0.462
3355 10 8 0.0300 291.0373 360.3375 0.644
3356 10 8 0.0300 291.9863 359.5745 -0.766
3357 10 8 0.0300 293.10330000000005 361.0505 1.578
3358 10 8 0.0300 293.0873 362.04449999999997 0.044
3359 10 7 0.1400 296.2473 360.3225 0.0
3360 10 6 -0.4000 298.59130000000005 360.3225 0.0
3361 10 7 0.1400 297.4733 360.7845 0.685
3362 10 8 0.0300 295.3813 360.9665 0.01499999999999996
3363 10 8 0.0300 296.3303 359.55649999999997 -0.748
3364 10 8 0.0300 297.44730000000004 361.90049999999997 0.7279999999999999
3365 10 8 0.0300 297.4313 360.3665 1.722
3366 10 7 0.1400 300.5913 360.3225 0.0
3367 10 6 -0.4000 302.93530000000004 360.3225 0.0
3368 10 7 0.1400 301.8173 361.0075 -0.462
3369 10 8 0.0300 299.7253 360.3375 -0.644
3370 10 8 0.0300 300.6743 359.5745 0.766
3371 10 8 0.0300 301.79130000000004 361.0505 -1.578
3372 10 8 0.0300 301.7753 362.04449999999997 -0.044
3373 10 7 0.1400 304.9353 360.3225 0.0
3374 10 6 -0.4000 307.27930000000003 360.3225 0.0
3375 10 7 0.1400 306.1613 359.8605 0.685
3376 10 8 0.0300 304.0693 359.6785 0.01500000000000004
3377 10 8 0.0300 305.0183 361.0885 -0.748
3378 10 8 0.0300 306.13530000000003 358.7445 0.7280000000000001
3379 10 8 0.0300 306.1193 360.2785 1.722
3380 10 7 0.1400 309.2793 360.3225 0.0
3381 10 6 -0.4000 311.62330000000003 360.3225 0.0
3382 10 7 0.1400 310.5053 361.0075 0.462
3383 10 8 0.0300 308.4133 360.3375 0.644
3384 10 8 0.0300 309.3623 359.5745 -0.766
3385 10 8 0.0300 310.4793 361.0505 1.578
3386 10 8 0.0300 310.4633 362.04449999999997 0.044
3387 10 7 0.1400 313.6233 360.3225 0.0
3388 10 6 -0.4000 315.9673 360.3225 0.0
3389 10 7 0.1400 314.84929999999997 360.7845 0.685
3390 10 8 0.0300 312.7573 360.9665 0.01499999999999996
3391 10 8 0.0300 313.7063 359.55649999999997 -0.748
3392 10 8 0.0300 314.8233 361.90049999999997 0.7279999999999999
3393 10 8 0.0300 314.8073 360.3665 1.722
3394 10 7 0.1400 317.9673 360.3225 0.0
3395 10 6 -0.4000 320.3113000000001 360.3225 0.0
3396 10 7 0.1400 319.1933 361.0075 -0.462
3397 10 8 0.0300 317.10130000000004 360.3375 -0.644
3398 10 8 0.0300 318.05030000000005 359.5745 0.766
3399 10 8 0.0300 319.16730000000007 361.0505 -1.578
3400 10 8 0.0300 319.15130000000005 362.04449999999997 -0.044
3401 10 7 0.1400 322.31129999999996 360.3225 0.0
3402 10 6 -0.4000 324.6553 360.3225 0.0
3403 10 7 0.1400 323.53729999999996 360.7845 0.685
3404 10 8 0.0300 321.4453 360.9665 0.01499999999999996
3405 10 8 0.0300 322.3943 359.55649999999997 -0.748
3406 10 8 0.0300 323.5113 361.90049999999997 0.7279999999999999
3407 10 8 0.0300 323.4953 360.3665 1.722
3408 10 7 0.1400 326.6553 360.3225 0.0
3409 10 6 -0.4000 328.99930000000006 360.3225 0.0
3410 10 7 0.1400 327.8813 361.0075 -0.462
3411 10 8 0.0300 325.7893 360.3375 -0.644
3412 10 8 0.0300 326.73830000000004 359.5745 0.766
3413 10 8 0.0300 327.85530000000006 361.0505 -1.578
3414 10 8 0.0300 327.83930000000004 362.04449999999997 -0.044
3415 10 7 0.1400 330.99929999999995 360.3225 0.0
3416 10 6 -0.4000 333.3433 360.3225 0.0
3417 10 7 0.1400 332.22529999999995 360.7845 0.685
3418 10 8 0.0300 330.13329999999996 360.9665 0.01499999999999996
3419 10 8 0.0300 331.0823 359.55649999999997 -0.748
3420 10 8 0.0300 332.1993 361.90049999999997 0.7279999999999999
3421 10 8 0.0300 332.1833 360.3665 1.722
3422 10 7 0.1400 335.3433 360.3225 0.0
3423 10 6 -0.4000 337.68730000000005 360.3225 0.0
3424 10 7 0.1400 336.5693 361.0075 -0.462
3425 10 8 0.0300 334.4773 360.3375 -0.644
3426 10 8 0.0300 335.4263 359.5745 0.766
3427 10 8 0.0300 336.54330000000004 361.0505 -1.578
3428 10 8 0.0300 336.5273 362.04449999999997 -0.044
3429 10 7 0.1400 339.6873 360.3225 0.0
3430 10 6 -0.4000 342.03130000000004 360.3225 0.0
3431 10 7 0.1400 340.9133 359.8605 0.685
3432 10 8 0.0300 338.8213 359.6785 0.01500000000000004
3433 10 8 0.0300 339.7703 361.0885 -0.748
3434 10 8 0.0300 340.88730000000004 358.7445 0.7280000000000001
3435 10 8 0.0300 340.8713 360.2785 1.722
3436 10 7 0.1400 344.0313 360.3225 0.0
3437 10 6 -0.4000 346.37530000000004 360.3225 0.0
3438 10 7 0.1400 345.2573 361.0075 -0.462
3439 10 8 0.0300 343.1653 360.3375 -0.644
3440 10 8 0.0300 344.1143 359.5745 0.766
3441 10 8 0.0300 345.23130000000003 361.0505 -1.578
3442 10 8 0.0300 345.2153 362.04449999999997 -0.044
3443 10 7 0.1400 348.3753 360.3225 0.0
3444 10 6 -0.4000 350.71930000000003 360.3225 0.0
3445 10 7 0.1400 349.6013 359.8605 0.685
3446 10 8 0.0300 347.5093 359.6785 0.01500000000000004
3447 10 8 0.0300 348.4583 361.0885 -0.748
3448 10 8 0.0300 349.5753 358.7445 0.7280000000000001
3449 10 8 0.0300 349.5593 360.2785 1.722
3450 10 7 0.1400 352.7193 360.3225 0.0
3451 10 6 -0.4000 355.0633 360.3225 0.0
3452 10 7 0.1400 353.9453 361.0075 0.462
3453 10 8 0.0300 351.8533 360.3375 0.644
3454 10 8 0.0300 352.8023 359.5745 -0.766
3455 10 8 0.0300 353.9193 361.0505 1.578
3456 10 8 0.0300 353.9033 362.04449999999997 0.044
3457 10 7 0.1400 357.0633 360.3225 0.0
3458 10 6 -0.4000 359.4073000000001 360.3225 0.0
3459 10 7 0.1400 358.2893 359.8605 0.685
3460 10 8 0.0300 356.19730000000004 359.6785 0.01500000000000004
3461 10 8 0.0300 357.14630000000005 361.0885 -0.748
3462 10 8 0.0300 358.2633000000001 358.7445 0.7280000000000001
3463 10 8 0.0300 358.24730000000005 360.2785 1.722
3464 10 7 0.1400 361.40729999999996 360.3225 0.0
3465 10 6 -0.4000 363.7513 360.3225 0.0
3466 10 7 0.1400 362.63329999999996 361.0075 -0.462
3467 10 8 0.0300 360.5413 360.3375 -0.644
3468 10 8 0.0300 361.4903 359.5745 0.766
3469 10 8 0.0300 362.6073 361.0505 -1.578
3470 10 8 0.0300 362.5913 362.04449999999997 -0.044
3471 10 7 0.1400 365.7513 360.3225 0.0
3472 10 6 -0.4000 368.09530000000007 360.3225 0.0
3473 10 7 0.1400 366.9773 360.7845 0.685
3474 10 8 0.0300 364.88530000000003 360.9665 0.01499999999999996
3475 10 8 0.0300 365.83430000000004 359.55649999999997 -0.748
3476 10 8 0.0300 366.95130000000006 361.90049999999997 0.7279999999999999
3477 10 8 0.0300 366.93530000000004 360.3665 1.722
3478 10 7 0.1400 370.09529999999995 360.3225 0.0
3479 10 6 -0.4000 372.4393 360.3225 0.0
3480 10 7 0.1400 371.32129999999995 361.0075 0.462
3481 10 8 0.0300 369.22929999999997 360.3375 0.644
3482 10 8 0.0300 370.1783 359.5745 -0.766
3483 10 8 0.0300 371.2953 361.0505 1.578
3484 10 8 0.0300 371.2793 362.04449999999997 0.044
3485 10 7 0.1400 374.4393 360.3225 0.0
3486 10 6 -0.4000 376.78330000000005 360.3225 0.0
3487 10 7 0.1400 375.6653 360.7845 0.685
3488 10 8 0.0300 373.5733 360.9665 0.01499999999999996
3489 10 8 0.0300 374.52230000000003 359.55649999999997 -0.748
3490 10 8 0.0300 375.63930000000005 361.90049999999997 0.7279999999999999
3491 10 8 0.0300 375.62330000000003 360.3665 1.722
3492 10 7 0.1400 378.7833 360.3225 0.0
3493 10 6 -0.4000 381.12730000000005 360.3225 0.0
3494 10 7 0.1400 380.0093 361.0075 -0.462
3495 10 8 0.0300 377.9173 360.3375 -0.644
3496 10 8 0.0300 378.8663 359.5745 0.766
3497 10 8 0.0300 379.98330000000004 361.0505 -1.578
3498 10 8 0.0300 379.9673 362.04449999999997 -0.044
3499 10 7 0.1400 383.1273 360.3225 0.0
3500 10 6 -0.4000 385.47130000000004 360.3225 0.0
3501 10 7 0.1400 384.3533 359.8605 0.685
3502 10 8 0.0300 382.2613 359.6785 0.01500000000000004
3503 10 8 0.0300 383.2103 361.0885 -0.748
3504 10 8 0.0300 384.32730000000004 358.7445 0.7280000000000001
3505 10 8 0.0300 384.3113 360.2785 1.722
3506 10 7 0.1400 387.4713 360.3225 0.0
3507 10 6 -0.4000 389.81530000000004 360.3225 0.0
3508 10 7 0.1400 388.6973 361.0075 0.462
3509 10 8 0.0300 386.6053 360.3375 0.644
3510 10 8 0.0300 387.5543 359.5745 -0.766
3511 10 8 0.0300 388.67130000000003 361.0505 1.578
3512 10 8 0.0300 388.6553 362.04449999999997 0.044
3513 10 7 0.1400 391.5573 360.3225 0.0
3514 10 5 0.1450 392.6653 360.8385 0.807
3515 10 3 -0.6830 393.7583 359.9735 0.654
3516 10 2 0.0600 390.5433 360.5655 0.263
3517 10 2 0.0600 391.7563 359.6675 -0.83
3518 10 2 0.0600 392.34430000000003 360.9025 1.875
3519 10 2 0.0600 392.9463 361.8535 0.4259999999999999
3520 10 4 0.4180 394.4173 360.3225 0.0
