1 19 1 2
2 26 2 3
3 6 3 4
4 1 4 5
5 2 4 6
6 27 1 7
7 27 1 8
8 27 1 9
9 34 2 10
10 27 6 11
11 27 6 12
12 27 6 13
13 20 14 15
14 26 15 16
15 6 16 17
16 1 17 18
17 2 17 19
18 29 14 20
19 29 14 21
20 34 15 22
21 27 19 23
22 27 19 24
23 27 19 25
24 20 26 27
25 26 27 28
26 6 28 29
27 1 29 30
28 2 29 31
29 29 26 32
30 29 26 33
31 34 27 34
32 27 31 35
33 27 31 36
34 27 31 37
35 20 38 39
36 26 39 40
37 6 40 41
38 1 41 42
39 2 41 43
40 29 38 44
41 29 38 45
42 34 39 46
43 27 43 47
44 27 43 48
45 27 43 49
46 20 50 51
47 26 51 52
48 6 52 53
49 1 53 54
50 2 53 55
51 29 50 56
52 29 50 57
53 34 51 58
54 27 55 59
55 27 55 60
56 27 55 61
57 20 62 63
58 26 63 64
59 6 64 65
60 1 65 66
61 2 65 67
62 29 62 68
63 29 62 69
64 34 63 70
65 27 67 71
66 27 67 72
67 27 67 73
68 20 74 75
69 26 75 76
70 6 76 77
71 1 77 78
72 2 77 79
73 29 74 80
74 29 74 81
75 34 75 82
76 27 79 83
77 27 79 84
78 27 79 85
79 20 86 87
80 26 87 88
81 6 88 89
82 1 89 90
83 2 89 91
84 29 86 92
85 29 86 93
86 34 87 94
87 27 91 95
88 27 91 96
89 27 91 97
90 20 98 99
91 26 99 100
92 6 100 101
93 1 101 102
94 2 101 103
95 29 98 104
96 29 98 105
97 34 99 106
98 27 103 107
99 27 103 108
100 27 103 109
101 20 110 111
102 26 111 112
103 6 112 113
104 1 113 114
105 2 113 115
106 29 110 116
107 29 110 117
108 34 111 118
109 27 115 119
110 27 115 120
111 27 115 121
112 20 122 123
113 26 123 124
114 6 124 125
115 1 125 126
116 2 125 127
117 29 122 128
118 29 122 129
119 34 123 130
120 27 127 131
121 27 127 132
122 27 127 133
123 20 134 135
124 26 135 136
125 6 136 137
126 1 137 138
127 2 137 139
128 29 134 140
129 29 134 141
130 34 135 142
131 27 139 143
132 27 139 144
133 27 139 145
134 20 146 147
135 26 147 148
136 6 148 149
137 1 149 150
138 2 149 151
139 29 146 152
140 29 146 153
141 34 147 154
142 27 151 155
143 27 151 156
144 27 151 157
145 20 158 159
146 26 159 160
147 6 160 161
148 1 161 162
149 2 161 163
150 29 158 164
151 29 158 165
152 34 159 166
153 27 163 167
154 27 163 168
155 27 163 169
156 20 170 171
157 26 171 172
158 6 172 173
159 1 173 174
160 2 173 175
161 29 170 176
162 29 170 177
163 34 171 178
164 27 175 179
165 27 175 180
166 27 175 181
167 20 182 183
168 26 183 184
169 6 184 185
170 1 185 186
171 2 185 187
172 29 182 188
173 29 182 189
174 34 183 190
175 27 187 191
176 27 187 192
177 27 187 193
178 20 194 195
179 26 195 196
180 6 196 197
181 1 197 198
182 2 197 199
183 29 194 200
184 29 194 201
185 34 195 202
186 27 199 203
187 27 199 204
188 27 199 205
189 20 206 207
190 26 207 208
191 6 208 209
192 1 209 210
193 2 209 211
194 29 206 212
195 29 206 213
196 34 207 214
197 27 211 215
198 27 211 216
199 27 211 217
200 20 218 219
201 26 219 220
202 6 220 221
203 1 221 222
204 2 221 223
205 29 218 224
206 29 218 225
207 34 219 226
208 27 223 227
209 27 223 228
210 27 223 229
211 20 230 231
212 26 231 232
213 6 232 233
214 1 233 234
215 2 233 235
216 29 230 236
217 29 230 237
218 34 231 238
219 27 235 239
220 27 235 240
221 27 235 241
222 20 242 243
223 26 243 244
224 6 244 245
225 1 245 246
226 2 245 247
227 29 242 248
228 29 242 249
229 34 243 250
230 27 247 251
231 27 247 252
232 27 247 253
233 20 254 255
234 26 255 256
235 6 256 257
236 1 257 258
237 2 257 259
238 29 254 260
239 29 254 261
240 34 255 262
241 27 259 263
242 27 259 264
243 27 259 265
244 20 266 267
245 26 267 268
246 6 268 269
247 1 269 270
248 2 269 271
249 29 266 272
250 29 266 273
251 34 267 274
252 27 271 275
253 27 271 276
254 27 271 277
255 20 278 279
256 26 279 280
257 6 280 281
258 1 281 282
259 2 281 283
260 29 278 284
261 29 278 285
262 34 279 286
263 27 283 287
264 27 283 288
265 27 283 289
266 20 290 291
267 26 291 292
268 6 292 293
269 1 293 294
270 2 293 295
271 29 290 296
272 29 290 297
273 34 291 298
274 27 295 299
275 27 295 300
276 27 295 301
277 20 302 303
278 26 303 304
279 6 304 305
280 1 305 306
281 2 305 307
282 29 302 308
283 29 302 309
284 34 303 310
285 27 307 311
286 27 307 312
287 27 307 313
288 20 314 315
289 26 315 316
290 6 316 317
291 1 317 318
292 2 317 319
293 29 314 320
294 29 314 321
295 34 315 322
296 27 319 323
297 27 319 324
298 27 319 325
299 20 326 327
300 26 327 328
301 6 328 329
302 1 329 330
303 2 329 331
304 29 326 332
305 29 326 333
306 34 327 334
307 27 331 335
308 27 331 336
309 27 331 337
310 20 338 339
311 26 339 340
312 6 340 341
313 1 341 342
314 2 341 343
315 29 338 344
316 29 338 345
317 34 339 346
318 27 343 347
319 27 343 348
320 27 343 349
321 20 350 351
322 26 351 352
323 6 352 353
324 1 353 354
325 2 353 355
326 29 350 356
327 29 350 357
328 34 351 358
329 27 355 359
330 27 355 360
331 27 355 361
332 20 362 363
333 26 363 364
334 6 364 365
335 1 365 366
336 2 365 367
337 29 362 368
338 29 362 369
339 34 363 370
340 27 367 371
341 27 367 372
342 27 367 373
343 20 374 375
344 26 375 376
345 6 376 377
346 1 377 378
347 2 377 379
348 29 374 380
349 29 374 381
350 34 375 382
351 27 379 383
352 27 379 384
353 27 379 385
354 20 386 387
355 26 387 388
356 6 388 389
357 1 389 390
358 2 389 391
359 29 386 392
360 29 386 393
361 34 387 394
362 27 391 395
363 27 391 396
364 27 391 397
365 20 398 399
366 26 399 400
367 6 400 401
368 1 401 402
369 2 401 403
370 29 398 404
371 29 398 405
372 34 399 406
373 27 403 407
374 27 403 408
375 27 403 409
376 20 410 411
377 26 411 412
378 6 412 413
379 1 413 414
380 2 413 415
381 29 410 416
382 29 410 417
383 34 411 418
384 27 415 419
385 27 415 420
386 27 415 421
387 20 422 423
388 26 423 424
389 6 424 425
390 1 425 426
391 2 425 427
392 29 422 428
393 29 422 429
394 34 423 430
395 27 427 431
396 27 427 432
397 27 427 433
398 20 434 435
399 26 435 436
400 6 436 437
401 1 437 438
402 2 437 439
403 29 434 440
404 29 434 441
405 34 435 442
406 27 439 443
407 27 439 444
408 27 439 445
409 20 446 447
410 26 447 448
411 6 448 449
412 1 449 450
413 2 449 451
414 29 446 452
415 29 446 453
416 34 447 454
417 27 451 455
418 27 451 456
419 27 451 457
420 20 458 459
421 26 459 460
422 6 460 461
423 1 461 462
424 2 461 463
425 29 458 464
426 29 458 465
427 34 459 466
428 27 463 467
429 27 463 468
430 27 463 469
431 20 470 471
432 26 471 472
433 6 472 473
434 1 473 474
435 2 473 475
436 29 470 476
437 29 470 477
438 34 471 478
439 27 475 479
440 27 475 480
441 27 475 481
442 20 482 483
443 26 483 484
444 6 484 485
445 1 485 486
446 2 485 487
447 29 482 488
448 29 482 489
449 34 483 490
450 27 487 491
451 27 487 492
452 27 487 493
453 20 494 495
454 26 495 496
455 6 496 497
456 1 497 498
457 2 497 499
458 29 494 500
459 29 494 501
460 34 495 502
461 27 499 503
462 27 499 504
463 27 499 505
464 20 506 507
465 26 507 508
466 6 508 509
467 1 509 510
468 2 509 511
469 29 506 512
470 29 506 513
471 34 507 514
472 27 511 515
473 27 511 516
474 27 511 517
475 20 518 519
476 26 519 520
477 6 520 521
478 1 521 522
479 2 521 523
480 29 518 524
481 29 518 525
482 34 519 526
483 27 523 527
484 27 523 528
485 27 523 529
486 20 530 531
487 26 531 532
488 6 532 533
489 1 533 534
490 2 533 535
491 29 530 536
492 29 530 537
493 34 531 538
494 27 535 539
495 27 535 540
496 27 535 541
497 20 542 543
498 26 543 544
499 6 544 545
500 1 545 546
501 2 545 547
502 29 542 548
503 29 542 549
504 34 543 550
505 27 547 551
506 27 547 552
507 27 547 553
508 20 554 555
509 26 555 556
510 6 556 557
511 1 557 558
512 2 557 559
513 29 554 560
514 29 554 561
515 34 555 562
516 27 559 563
517 27 559 564
518 27 559 565
519 20 566 567
520 26 567 568
521 6 568 569
522 1 569 570
523 2 569 571
524 29 566 572
525 29 566 573
526 34 567 574
527 27 571 575
528 27 571 576
529 27 571 577
530 20 578 579
531 26 579 580
532 6 580 581
533 1 581 582
534 2 581 583
535 29 578 584
536 29 578 585
537 34 579 586
538 27 583 587
539 27 583 588
540 27 583 589
541 16 590 591
542 25 591 592
543 6 592 593
544 1 593 594
545 2 593 595
546 29 590 596
547 29 590 597
548 32 591 598
549 32 591 599
550 27 595 600
551 27 595 601
552 27 595 602
553 20 2 14
554 20 15 26
555 20 27 38
556 20 39 50
557 20 51 62
558 20 63 74
559 20 75 86
560 20 87 98
561 20 99 110
562 20 111 122
563 20 123 134
564 20 135 146
565 20 147 158
566 20 159 170
567 20 171 182
568 20 183 194
569 20 195 206
570 20 207 218
571 20 219 230
572 20 231 242
573 20 243 254
574 20 255 266
575 20 267 278
576 20 279 290
577 20 291 302
578 20 303 314
579 20 315 326
580 20 327 338
581 20 339 350
582 20 351 362
583 20 363 374
584 20 375 386
585 20 387 398
586 20 399 410
587 20 411 422
588 20 423 434
589 20 435 446
590 20 447 458
591 20 459 470
592 20 471 482
593 20 483 494
594 20 495 506
595 20 507 518
596 20 519 530
597 20 531 542
598 20 543 554
599 20 555 566
600 20 567 578
601 20 579 590
602 19 603 604
603 26 604 605
604 6 605 606
605 1 606 607
606 2 606 608
607 27 603 609
608 27 603 610
609 27 603 611
610 34 604 612
611 27 608 613
612 27 608 614
613 27 608 615
614 20 616 617
615 26 617 618
616 6 618 619
617 1 619 620
618 2 619 621
619 29 616 622
620 29 616 623
621 34 617 624
622 27 621 625
623 27 621 626
624 27 621 627
625 20 628 629
626 26 629 630
627 6 630 631
628 1 631 632
629 2 631 633
630 29 628 634
631 29 628 635
632 34 629 636
633 27 633 637
634 27 633 638
635 27 633 639
636 20 640 641
637 26 641 642
638 6 642 643
639 1 643 644
640 2 643 645
641 29 640 646
642 29 640 647
643 34 641 648
644 27 645 649
645 27 645 650
646 27 645 651
647 20 652 653
648 26 653 654
649 6 654 655
650 1 655 656
651 2 655 657
652 29 652 658
653 29 652 659
654 34 653 660
655 27 657 661
656 27 657 662
657 27 657 663
658 20 664 665
659 26 665 666
660 6 666 667
661 1 667 668
662 2 667 669
663 29 664 670
664 29 664 671
665 34 665 672
666 27 669 673
667 27 669 674
668 27 669 675
669 20 676 677
670 26 677 678
671 6 678 679
672 1 679 680
673 2 679 681
674 29 676 682
675 29 676 683
676 34 677 684
677 27 681 685
678 27 681 686
679 27 681 687
680 20 688 689
681 26 689 690
682 6 690 691
683 1 691 692
684 2 691 693
685 29 688 694
686 29 688 695
687 34 689 696
688 27 693 697
689 27 693 698
690 27 693 699
691 20 700 701
692 26 701 702
693 6 702 703
694 1 703 704
695 2 703 705
696 29 700 706
697 29 700 707
698 34 701 708
699 27 705 709
700 27 705 710
701 27 705 711
702 20 712 713
703 26 713 714
704 6 714 715
705 1 715 716
706 2 715 717
707 29 712 718
708 29 712 719
709 34 713 720
710 27 717 721
711 27 717 722
712 27 717 723
713 20 724 725
714 26 725 726
715 6 726 727
716 1 727 728
717 2 727 729
718 29 724 730
719 29 724 731
720 34 725 732
721 27 729 733
722 27 729 734
723 27 729 735
724 20 736 737
725 26 737 738
726 6 738 739
727 1 739 740
728 2 739 741
729 29 736 742
730 29 736 743
731 34 737 744
732 27 741 745
733 27 741 746
734 27 741 747
735 20 748 749
736 26 749 750
737 6 750 751
738 1 751 752
739 2 751 753
740 29 748 754
741 29 748 755
742 34 749 756
743 27 753 757
744 27 753 758
745 27 753 759
746 20 760 761
747 26 761 762
748 6 762 763
749 1 763 764
750 2 763 765
751 29 760 766
752 29 760 767
753 34 761 768
754 27 765 769
755 27 765 770
756 27 765 771
757 20 772 773
758 26 773 774
759 6 774 775
760 1 775 776
761 2 775 777
762 29 772 778
763 29 772 779
764 34 773 780
765 27 777 781
766 27 777 782
767 27 777 783
768 20 784 785
769 26 785 786
770 6 786 787
771 1 787 788
772 2 787 789
773 29 784 790
774 29 784 791
775 34 785 792
776 27 789 793
777 27 789 794
778 27 789 795
779 20 796 797
780 26 797 798
781 6 798 799
782 1 799 800
783 2 799 801
784 29 796 802
785 29 796 803
786 34 797 804
787 27 801 805
788 27 801 806
789 27 801 807
790 20 808 809
791 26 809 810
792 6 810 811
793 1 811 812
794 2 811 813
795 29 808 814
796 29 808 815
797 34 809 816
798 27 813 817
799 27 813 818
800 27 813 819
801 20 820 821
802 26 821 822
803 6 822 823
804 1 823 824
805 2 823 825
806 29 820 826
807 29 820 827
808 34 821 828
809 27 825 829
810 27 825 830
811 27 825 831
812 20 832 833
813 26 833 834
814 6 834 835
815 1 835 836
816 2 835 837
817 29 832 838
818 29 832 839
819 34 833 840
820 27 837 841
821 27 837 842
822 27 837 843
823 20 844 845
824 26 845 846
825 6 846 847
826 1 847 848
827 2 847 849
828 29 844 850
829 29 844 851
830 34 845 852
831 27 849 853
832 27 849 854
833 27 849 855
834 20 856 857
835 26 857 858
836 6 858 859
837 1 859 860
838 2 859 861
839 29 856 862
840 29 856 863
841 34 857 864
842 27 861 865
843 27 861 866
844 27 861 867
845 20 868 869
846 26 869 870
847 6 870 871
848 1 871 872
849 2 871 873
850 29 868 874
851 29 868 875
852 34 869 876
853 27 873 877
854 27 873 878
855 27 873 879
856 20 880 881
857 26 881 882
858 6 882 883
859 1 883 884
860 2 883 885
861 29 880 886
862 29 880 887
863 34 881 888
864 27 885 889
865 27 885 890
866 27 885 891
867 20 892 893
868 26 893 894
869 6 894 895
870 1 895 896
871 2 895 897
872 29 892 898
873 29 892 899
874 34 893 900
875 27 897 901
876 27 897 902
877 27 897 903
878 20 904 905
879 26 905 906
880 6 906 907
881 1 907 908
882 2 907 909
883 29 904 910
884 29 904 911
885 34 905 912
886 27 909 913
887 27 909 914
888 27 909 915
889 20 916 917
890 26 917 918
891 6 918 919
892 1 919 920
893 2 919 921
894 29 916 922
895 29 916 923
896 34 917 924
897 27 921 925
898 27 921 926
899 27 921 927
900 20 928 929
901 26 929 930
902 6 930 931
903 1 931 932
904 2 931 933
905 29 928 934
906 29 928 935
907 34 929 936
908 27 933 937
909 27 933 938
910 27 933 939
911 20 940 941
912 26 941 942
913 6 942 943
914 1 943 944
915 2 943 945
916 29 940 946
917 29 940 947
918 34 941 948
919 27 945 949
920 27 945 950
921 27 945 951
922 20 952 953
923 26 953 954
924 6 954 955
925 1 955 956
926 2 955 957
927 29 952 958
928 29 952 959
929 34 953 960
930 27 957 961
931 27 957 962
932 27 957 963
933 20 964 965
934 26 965 966
935 6 966 967
936 1 967 968
937 2 967 969
938 29 964 970
939 29 964 971
940 34 965 972
941 27 969 973
942 27 969 974
943 27 969 975
944 20 976 977
945 26 977 978
946 6 978 979
947 1 979 980
948 2 979 981
949 29 976 982
950 29 976 983
951 34 977 984
952 27 981 985
953 27 981 986
954 27 981 987
955 20 988 989
956 26 989 990
957 6 990 991
958 1 991 992
959 2 991 993
960 29 988 994
961 29 988 995
962 34 989 996
963 27 993 997
964 27 993 998
965 27 993 999
966 20 1000 1001
967 26 1001 1002
968 6 1002 1003
969 1 1003 1004
970 2 1003 1005
971 29 1000 1006
972 29 1000 1007
973 34 1001 1008
974 27 1005 1009
975 27 1005 1010
976 27 1005 1011
977 20 1012 1013
978 26 1013 1014
979 6 1014 1015
980 1 1015 1016
981 2 1015 1017
982 29 1012 1018
983 29 1012 1019
984 34 1013 1020
985 27 1017 1021
986 27 1017 1022
987 27 1017 1023
988 20 1024 1025
989 26 1025 1026
990 6 1026 1027
991 1 1027 1028
992 2 1027 1029
993 29 1024 1030
994 29 1024 1031
995 34 1025 1032
996 27 1029 1033
997 27 1029 1034
998 27 1029 1035
999 20 1036 1037
1000 26 1037 1038
1001 6 1038 1039
1002 1 1039 1040
1003 2 1039 1041
1004 29 1036 1042
1005 29 1036 1043
1006 34 1037 1044
1007 27 1041 1045
1008 27 1041 1046
1009 27 1041 1047
1010 20 1048 1049
1011 26 1049 1050
1012 6 1050 1051
1013 1 1051 1052
1014 2 1051 1053
1015 29 1048 1054
1016 29 1048 1055
1017 34 1049 1056
1018 27 1053 1057
1019 27 1053 1058
1020 27 1053 1059
1021 20 1060 1061
1022 26 1061 1062
1023 6 1062 1063
1024 1 1063 1064
1025 2 1063 1065
1026 29 1060 1066
1027 29 1060 1067
1028 34 1061 1068
1029 27 1065 1069
1030 27 1065 1070
1031 27 1065 1071
1032 20 1072 1073
1033 26 1073 1074
1034 6 1074 1075
1035 1 1075 1076
1036 2 1075 1077
1037 29 1072 1078
1038 29 1072 1079
1039 34 1073 1080
1040 27 1077 1081
1041 27 1077 1082
1042 27 1077 1083
1043 20 1084 1085
1044 26 1085 1086
1045 6 1086 1087
1046 1 1087 1088
1047 2 1087 1089
1048 29 1084 1090
1049 29 1084 1091
1050 34 1085 1092
1051 27 1089 1093
1052 27 1089 1094
1053 27 1089 1095
1054 20 1096 1097
1055 26 1097 1098
1056 6 1098 1099
1057 1 1099 1100
1058 2 1099 1101
1059 29 1096 1102
1060 29 1096 1103
1061 34 1097 1104
1062 27 1101 1105
1063 27 1101 1106
1064 27 1101 1107
1065 20 1108 1109
1066 26 1109 1110
1067 6 1110 1111
1068 1 1111 1112
1069 2 1111 1113
1070 29 1108 1114
1071 29 1108 1115
1072 34 1109 1116
1073 27 1113 1117
1074 27 1113 1118
1075 27 1113 1119
1076 20 1120 1121
1077 26 1121 1122
1078 6 1122 1123
1079 1 1123 1124
1080 2 1123 1125
1081 29 1120 1126
1082 29 1120 1127
1083 34 1121 1128
1084 27 1125 1129
1085 27 1125 1130
1086 27 1125 1131
1087 20 1132 1133
1088 26 1133 1134
1089 6 1134 1135
1090 1 1135 1136
1091 2 1135 1137
1092 29 1132 1138
1093 29 1132 1139
1094 34 1133 1140
1095 27 1137 1141
1096 27 1137 1142
1097 27 1137 1143
1098 20 1144 1145
1099 26 1145 1146
1100 6 1146 1147
1101 1 1147 1148
1102 2 1147 1149
1103 29 1144 1150
1104 29 1144 1151
1105 34 1145 1152
1106 27 1149 1153
1107 27 1149 1154
1108 27 1149 1155
1109 20 1156 1157
1110 26 1157 1158
1111 6 1158 1159
1112 1 1159 1160
1113 2 1159 1161
1114 29 1156 1162
1115 29 1156 1163
1116 34 1157 1164
1117 27 1161 1165
1118 27 1161 1166
1119 27 1161 1167
1120 20 1168 1169
1121 26 1169 1170
1122 6 1170 1171
1123 1 1171 1172
1124 2 1171 1173
1125 29 1168 1174
1126 29 1168 1175
1127 34 1169 1176
1128 27 1173 1177
1129 27 1173 1178
1130 27 1173 1179
1131 20 1180 1181
1132 26 1181 1182
1133 6 1182 1183
1134 1 1183 1184
1135 2 1183 1185
1136 29 1180 1186
1137 29 1180 1187
1138 34 1181 1188
1139 27 1185 1189
1140 27 1185 1190
1141 27 1185 1191
1142 16 1192 1193
1143 25 1193 1194
1144 6 1194 1195
1145 1 1195 1196
1146 2 1195 1197
1147 29 1192 1198
1148 29 1192 1199
1149 32 1193 1200
1150 32 1193 1201
1151 27 1197 1202
1152 27 1197 1203
1153 27 1197 1204
1154 20 604 616
1155 20 617 628
1156 20 629 640
1157 20 641 652
1158 20 653 664
1159 20 665 676
1160 20 677 688
1161 20 689 700
1162 20 701 712
1163 20 713 724
1164 20 725 736
1165 20 737 748
1166 20 749 760
1167 20 761 772
1168 20 773 784
1169 20 785 796
1170 20 797 808
1171 20 809 820
1172 20 821 832
1173 20 833 844
1174 20 845 856
1175 20 857 868
1176 20 869 880
1177 20 881 892
1178 20 893 904
1179 20 905 916
1180 20 917 928
1181 20 929 940
1182 20 941 952
1183 20 953 964
1184 20 965 976
1185 20 977 988
1186 20 989 1000
1187 20 1001 1012
1188 20 1013 1024
1189 20 1025 1036
1190 20 1037 1048
1191 20 1049 1060
1192 20 1061 1072
1193 20 1073 1084
1194 20 1085 1096
1195 20 1097 1108
1196 20 1109 1120
1197 20 1121 1132
1198 20 1133 1144
1199 20 1145 1156
1200 20 1157 1168
1201 20 1169 1180
1202 20 1181 1192
1203 19 1205 1206
1204 26 1206 1207
1205 6 1207 1208
1206 1 1208 1209
1207 2 1208 1210
1208 27 1205 1211
1209 27 1205 1212
1210 27 1205 1213
1211 34 1206 1214
1212 27 1210 1215
1213 27 1210 1216
1214 27 1210 1217
1215 20 1218 1219
1216 26 1219 1220
1217 6 1220 1221
1218 1 1221 1222
1219 2 1221 1223
1220 29 1218 1224
1221 29 1218 1225
1222 34 1219 1226
1223 27 1223 1227
1224 27 1223 1228
1225 27 1223 1229
1226 20 1230 1231
1227 26 1231 1232
1228 6 1232 1233
1229 1 1233 1234
1230 2 1233 1235
1231 29 1230 1236
1232 29 1230 1237
1233 34 1231 1238
1234 27 1235 1239
1235 27 1235 1240
1236 27 1235 1241
1237 20 1242 1243
1238 26 1243 1244
1239 6 1244 1245
1240 1 1245 1246
1241 2 1245 1247
1242 29 1242 1248
1243 29 1242 1249
1244 34 1243 1250
1245 27 1247 1251
1246 27 1247 1252
1247 27 1247 1253
1248 20 1254 1255
1249 26 1255 1256
1250 6 1256 1257
1251 1 1257 1258
1252 2 1257 1259
1253 29 1254 1260
1254 29 1254 1261
1255 34 1255 1262
1256 27 1259 1263
1257 27 1259 1264
1258 27 1259 1265
1259 20 1266 1267
1260 26 1267 1268
1261 6 1268 1269
1262 1 1269 1270
1263 2 1269 1271
1264 29 1266 1272
1265 29 1266 1273
1266 34 1267 1274
1267 27 1271 1275
1268 27 1271 1276
1269 27 1271 1277
1270 20 1278 1279
1271 26 1279 1280
1272 6 1280 1281
1273 1 1281 1282
1274 2 1281 1283
1275 29 1278 1284
1276 29 1278 1285
1277 34 1279 1286
1278 27 1283 1287
1279 27 1283 1288
1280 27 1283 1289
1281 20 1290 1291
1282 26 1291 1292
1283 6 1292 1293
1284 1 1293 1294
1285 2 1293 1295
1286 29 1290 1296
1287 29 1290 1297
1288 34 1291 1298
1289 27 1295 1299
1290 27 1295 1300
1291 27 1295 1301
1292 20 1302 1303
1293 26 1303 1304
1294 6 1304 1305
1295 1 1305 1306
1296 2 1305 1307
1297 29 1302 1308
1298 29 1302 1309
1299 34 1303 1310
1300 27 1307 1311
1301 27 1307 1312
1302 27 1307 1313
1303 20 1314 1315
1304 26 1315 1316
1305 6 1316 1317
1306 1 1317 1318
1307 2 1317 1319
1308 29 1314 1320
1309 29 1314 1321
1310 34 1315 1322
1311 27 1319 1323
1312 27 1319 1324
1313 27 1319 1325
1314 20 1326 1327
1315 26 1327 1328
1316 6 1328 1329
1317 1 1329 1330
1318 2 1329 1331
1319 29 1326 1332
1320 29 1326 1333
1321 34 1327 1334
1322 27 1331 1335
1323 27 1331 1336
1324 27 1331 1337
1325 20 1338 1339
1326 26 1339 1340
1327 6 1340 1341
1328 1 1341 1342
1329 2 1341 1343
1330 29 1338 1344
1331 29 1338 1345
1332 34 1339 1346
1333 27 1343 1347
1334 27 1343 1348
1335 27 1343 1349
1336 20 1350 1351
1337 26 1351 1352
1338 6 1352 1353
1339 1 1353 1354
1340 2 1353 1355
1341 29 1350 1356
1342 29 1350 1357
1343 34 1351 1358
1344 27 1355 1359
1345 27 1355 1360
1346 27 1355 1361
1347 20 1362 1363
1348 26 1363 1364
1349 6 1364 1365
1350 1 1365 1366
1351 2 1365 1367
1352 29 1362 1368
1353 29 1362 1369
1354 34 1363 1370
1355 27 1367 1371
1356 27 1367 1372
1357 27 1367 1373
1358 20 1374 1375
1359 26 1375 1376
1360 6 1376 1377
1361 1 1377 1378
1362 2 1377 1379
1363 29 1374 1380
1364 29 1374 1381
1365 34 1375 1382
1366 27 1379 1383
1367 27 1379 1384
1368 27 1379 1385
1369 20 1386 1387
1370 26 1387 1388
1371 6 1388 1389
1372 1 1389 1390
1373 2 1389 1391
1374 29 1386 1392
1375 29 1386 1393
1376 34 1387 1394
1377 27 1391 1395
1378 27 1391 1396
1379 27 1391 1397
1380 20 1398 1399
1381 26 1399 1400
1382 6 1400 1401
1383 1 1401 1402
1384 2 1401 1403
1385 29 1398 1404
1386 29 1398 1405
1387 34 1399 1406
1388 27 1403 1407
1389 27 1403 1408
1390 27 1403 1409
1391 20 1410 1411
1392 26 1411 1412
1393 6 1412 1413
1394 1 1413 1414
1395 2 1413 1415
1396 29 1410 1416
1397 29 1410 1417
1398 34 1411 1418
1399 27 1415 1419
1400 27 1415 1420
1401 27 1415 1421
1402 20 1422 1423
1403 26 1423 1424
1404 6 1424 1425
1405 1 1425 1426
1406 2 1425 1427
1407 29 1422 1428
1408 29 1422 1429
1409 34 1423 1430
1410 27 1427 1431
1411 27 1427 1432
1412 27 1427 1433
1413 20 1434 1435
1414 26 1435 1436
1415 6 1436 1437
1416 1 1437 1438
1417 2 1437 1439
1418 29 1434 1440
1419 29 1434 1441
1420 34 1435 1442
1421 27 1439 1443
1422 27 1439 1444
1423 27 1439 1445
1424 20 1446 1447
1425 26 1447 1448
1426 6 1448 1449
1427 1 1449 1450
1428 2 1449 1451
1429 29 1446 1452
1430 29 1446 1453
1431 34 1447 1454
1432 27 1451 1455
1433 27 1451 1456
1434 27 1451 1457
1435 20 1458 1459
1436 26 1459 1460
1437 6 1460 1461
1438 1 1461 1462
1439 2 1461 1463
1440 29 1458 1464
1441 29 1458 1465
1442 34 1459 1466
1443 27 1463 1467
1444 27 1463 1468
1445 27 1463 1469
1446 20 1470 1471
1447 26 1471 1472
1448 6 1472 1473
1449 1 1473 1474
1450 2 1473 1475
1451 29 1470 1476
1452 29 1470 1477
1453 34 1471 1478
1454 27 1475 1479
1455 27 1475 1480
1456 27 1475 1481
1457 20 1482 1483
1458 26 1483 1484
1459 6 1484 1485
1460 1 1485 1486
1461 2 1485 1487
1462 29 1482 1488
1463 29 1482 1489
1464 34 1483 1490
1465 27 1487 1491
1466 27 1487 1492
1467 27 1487 1493
1468 20 1494 1495
1469 26 1495 1496
1470 6 1496 1497
1471 1 1497 1498
1472 2 1497 1499
1473 29 1494 1500
1474 29 1494 1501
1475 34 1495 1502
1476 27 1499 1503
1477 27 1499 1504
1478 27 1499 1505
1479 20 1506 1507
1480 26 1507 1508
1481 6 1508 1509
1482 1 1509 1510
1483 2 1509 1511
1484 29 1506 1512
1485 29 1506 1513
1486 34 1507 1514
1487 27 1511 1515
1488 27 1511 1516
1489 27 1511 1517
1490 20 1518 1519
1491 26 1519 1520
1492 6 1520 1521
1493 1 1521 1522
1494 2 1521 1523
1495 29 1518 1524
1496 29 1518 1525
1497 34 1519 1526
1498 27 1523 1527
1499 27 1523 1528
1500 27 1523 1529
1501 20 1530 1531
1502 26 1531 1532
1503 6 1532 1533
1504 1 1533 1534
1505 2 1533 1535
1506 29 1530 1536
1507 29 1530 1537
1508 34 1531 1538
1509 27 1535 1539
1510 27 1535 1540
1511 27 1535 1541
1512 20 1542 1543
1513 26 1543 1544
1514 6 1544 1545
1515 1 1545 1546
1516 2 1545 1547
1517 29 1542 1548
1518 29 1542 1549
1519 34 1543 1550
1520 27 1547 1551
1521 27 1547 1552
1522 27 1547 1553
1523 20 1554 1555
1524 26 1555 1556
1525 6 1556 1557
1526 1 1557 1558
1527 2 1557 1559
1528 29 1554 1560
1529 29 1554 1561
1530 34 1555 1562
1531 27 1559 1563
1532 27 1559 1564
1533 27 1559 1565
1534 20 1566 1567
1535 26 1567 1568
1536 6 1568 1569
1537 1 1569 1570
1538 2 1569 1571
1539 29 1566 1572
1540 29 1566 1573
1541 34 1567 1574
1542 27 1571 1575
1543 27 1571 1576
1544 27 1571 1577
1545 20 1578 1579
1546 26 1579 1580
1547 6 1580 1581
1548 1 1581 1582
1549 2 1581 1583
1550 29 1578 1584
1551 29 1578 1585
1552 34 1579 1586
1553 27 1583 1587
1554 27 1583 1588
1555 27 1583 1589
1556 20 1590 1591
1557 26 1591 1592
1558 6 1592 1593
1559 1 1593 1594
1560 2 1593 1595
1561 29 1590 1596
1562 29 1590 1597
1563 34 1591 1598
1564 27 1595 1599
1565 27 1595 1600
1566 27 1595 1601
1567 20 1602 1603
1568 26 1603 1604
1569 6 1604 1605
1570 1 1605 1606
1571 2 1605 1607
1572 29 1602 1608
1573 29 1602 1609
1574 34 1603 1610
1575 27 1607 1611
1576 27 1607 1612
1577 27 1607 1613
1578 20 1614 1615
1579 26 1615 1616
1580 6 1616 1617
1581 1 1617 1618
1582 2 1617 1619
1583 29 1614 1620
1584 29 1614 1621
1585 34 1615 1622
1586 27 1619 1623
1587 27 1619 1624
1588 27 1619 1625
1589 20 1626 1627
1590 26 1627 1628
1591 6 1628 1629
1592 1 1629 1630
1593 2 1629 1631
1594 29 1626 1632
1595 29 1626 1633
1596 34 1627 1634
1597 27 1631 1635
1598 27 1631 1636
1599 27 1631 1637
1600 20 1638 1639
1601 26 1639 1640
1602 6 1640 1641
1603 1 1641 1642
1604 2 1641 1643
1605 29 1638 1644
1606 29 1638 1645
1607 34 1639 1646
1608 27 1643 1647
1609 27 1643 1648
1610 27 1643 1649
1611 20 1650 1651
1612 26 1651 1652
1613 6 1652 1653
1614 1 1653 1654
1615 2 1653 1655
1616 29 1650 1656
1617 29 1650 1657
1618 34 1651 1658
1619 27 1655 1659
1620 27 1655 1660
1621 27 1655 1661
1622 20 1662 1663
1623 26 1663 1664
1624 6 1664 1665
1625 1 1665 1666
1626 2 1665 1667
1627 29 1662 1668
1628 29 1662 1669
1629 34 1663 1670
1630 27 1667 1671
1631 27 1667 1672
1632 27 1667 1673
1633 20 1674 1675
1634 26 1675 1676
1635 6 1676 1677
1636 1 1677 1678
1637 2 1677 1679
1638 29 1674 1680
1639 29 1674 1681
1640 34 1675 1682
1641 27 1679 1683
1642 27 1679 1684
1643 27 1679 1685
1644 20 1686 1687
1645 26 1687 1688
1646 6 1688 1689
1647 1 1689 1690
1648 2 1689 1691
1649 29 1686 1692
1650 29 1686 1693
1651 34 1687 1694
1652 27 1691 1695
1653 27 1691 1696
1654 27 1691 1697
1655 20 1698 1699
1656 26 1699 1700
1657 6 1700 1701
1658 1 1701 1702
1659 2 1701 1703
1660 29 1698 1704
1661 29 1698 1705
1662 34 1699 1706
1663 27 1703 1707
1664 27 1703 1708
1665 27 1703 1709
1666 20 1710 1711
1667 26 1711 1712
1668 6 1712 1713
1669 1 1713 1714
1670 2 1713 1715
1671 29 1710 1716
1672 29 1710 1717
1673 34 1711 1718
1674 27 1715 1719
1675 27 1715 1720
1676 27 1715 1721
1677 20 1722 1723
1678 26 1723 1724
1679 6 1724 1725
1680 1 1725 1726
1681 2 1725 1727
1682 29 1722 1728
1683 29 1722 1729
1684 34 1723 1730
1685 27 1727 1731
1686 27 1727 1732
1687 27 1727 1733
1688 20 1734 1735
1689 26 1735 1736
1690 6 1736 1737
1691 1 1737 1738
1692 2 1737 1739
1693 29 1734 1740
1694 29 1734 1741
1695 34 1735 1742
1696 27 1739 1743
1697 27 1739 1744
1698 27 1739 1745
1699 20 1746 1747
1700 26 1747 1748
1701 6 1748 1749
1702 1 1749 1750
1703 2 1749 1751
1704 29 1746 1752
1705 29 1746 1753
1706 34 1747 1754
1707 27 1751 1755
1708 27 1751 1756
1709 27 1751 1757
1710 20 1758 1759
1711 26 1759 1760
1712 6 1760 1761
1713 1 1761 1762
1714 2 1761 1763
1715 29 1758 1764
1716 29 1758 1765
1717 34 1759 1766
1718 27 1763 1767
1719 27 1763 1768
1720 27 1763 1769
1721 20 1770 1771
1722 26 1771 1772
1723 6 1772 1773
1724 1 1773 1774
1725 2 1773 1775
1726 29 1770 1776
1727 29 1770 1777
1728 34 1771 1778
1729 27 1775 1779
1730 27 1775 1780
1731 27 1775 1781
1732 20 1782 1783
1733 26 1783 1784
1734 6 1784 1785
1735 1 1785 1786
1736 2 1785 1787
1737 29 1782 1788
1738 29 1782 1789
1739 34 1783 1790
1740 27 1787 1791
1741 27 1787 1792
1742 27 1787 1793
1743 16 1794 1795
1744 25 1795 1796
1745 6 1796 1797
1746 1 1797 1798
1747 2 1797 1799
1748 29 1794 1800
1749 29 1794 1801
1750 32 1795 1802
1751 32 1795 1803
1752 27 1799 1804
1753 27 1799 1805
1754 27 1799 1806
1755 20 1206 1218
1756 20 1219 1230
1757 20 1231 1242
1758 20 1243 1254
1759 20 1255 1266
1760 20 1267 1278
1761 20 1279 1290
1762 20 1291 1302
1763 20 1303 1314
1764 20 1315 1326
1765 20 1327 1338
1766 20 1339 1350
1767 20 1351 1362
1768 20 1363 1374
1769 20 1375 1386
1770 20 1387 1398
1771 20 1399 1410
1772 20 1411 1422
1773 20 1423 1434
1774 20 1435 1446
1775 20 1447 1458
1776 20 1459 1470
1777 20 1471 1482
1778 20 1483 1494
1779 20 1495 1506
1780 20 1507 1518
1781 20 1519 1530
1782 20 1531 1542
1783 20 1543 1554
1784 20 1555 1566
1785 20 1567 1578
1786 20 1579 1590
1787 20 1591 1602
1788 20 1603 1614
1789 20 1615 1626
1790 20 1627 1638
1791 20 1639 1650
1792 20 1651 1662
1793 20 1663 1674
1794 20 1675 1686
1795 20 1687 1698
1796 20 1699 1710
1797 20 1711 1722
1798 20 1723 1734
1799 20 1735 1746
1800 20 1747 1758
1801 20 1759 1770
1802 20 1771 1782
1803 20 1783 1794
1804 19 1807 1808
1805 26 1808 1809
1806 6 1809 1810
1807 1 1810 1811
1808 2 1810 1812
1809 27 1807 1813
1810 27 1807 1814
1811 27 1807 1815
1812 34 1808 1816
1813 27 1812 1817
1814 27 1812 1818
1815 27 1812 1819
1816 20 1820 1821
1817 26 1821 1822
1818 6 1822 1823
1819 1 1823 1824
1820 2 1823 1825
1821 29 1820 1826
1822 29 1820 1827
1823 34 1821 1828
1824 27 1825 1829
1825 27 1825 1830
1826 27 1825 1831
1827 20 1832 1833
1828 26 1833 1834
1829 6 1834 1835
1830 1 1835 1836
1831 2 1835 1837
1832 29 1832 1838
1833 29 1832 1839
1834 34 1833 1840
1835 27 1837 1841
1836 27 1837 1842
1837 27 1837 1843
1838 20 1844 1845
1839 26 1845 1846
1840 6 1846 1847
1841 1 1847 1848
1842 2 1847 1849
1843 29 1844 1850
1844 29 1844 1851
1845 34 1845 1852
1846 27 1849 1853
1847 27 1849 1854
1848 27 1849 1855
1849 20 1856 1857
1850 26 1857 1858
1851 6 1858 1859
1852 1 1859 1860
1853 2 1859 1861
1854 29 1856 1862
1855 29 1856 1863
1856 34 1857 1864
1857 27 1861 1865
1858 27 1861 1866
1859 27 1861 1867
1860 20 1868 1869
1861 26 1869 1870
1862 6 1870 1871
1863 1 1871 1872
1864 2 1871 1873
1865 29 1868 1874
1866 29 1868 1875
1867 34 1869 1876
1868 27 1873 1877
1869 27 1873 1878
1870 27 1873 1879
1871 20 1880 1881
1872 26 1881 1882
1873 6 1882 1883
1874 1 1883 1884
1875 2 1883 1885
1876 29 1880 1886
1877 29 1880 1887
1878 34 1881 1888
1879 27 1885 1889
1880 27 1885 1890
1881 27 1885 1891
1882 20 1892 1893
1883 26 1893 1894
1884 6 1894 1895
1885 1 1895 1896
1886 2 1895 1897
1887 29 1892 1898
1888 29 1892 1899
1889 34 1893 1900
1890 27 1897 1901
1891 27 1897 1902
1892 27 1897 1903
1893 20 1904 1905
1894 26 1905 1906
1895 6 1906 1907
1896 1 1907 1908
1897 2 1907 1909
1898 29 1904 1910
1899 29 1904 1911
1900 34 1905 1912
1901 27 1909 1913
1902 27 1909 1914
1903 27 1909 1915
1904 20 1916 1917
1905 26 1917 1918
1906 6 1918 1919
1907 1 1919 1920
1908 2 1919 1921
1909 29 1916 1922
1910 29 1916 1923
1911 34 1917 1924
1912 27 1921 1925
1913 27 1921 1926
1914 27 1921 1927
1915 20 1928 1929
1916 26 1929 1930
1917 6 1930 1931
1918 1 1931 1932
1919 2 1931 1933
1920 29 1928 1934
1921 29 1928 1935
1922 34 1929 1936
1923 27 1933 1937
1924 27 1933 1938
1925 27 1933 1939
1926 20 1940 1941
1927 26 1941 1942
1928 6 1942 1943
1929 1 1943 1944
1930 2 1943 1945
1931 29 1940 1946
1932 29 1940 1947
1933 34 1941 1948
1934 27 1945 1949
1935 27 1945 1950
1936 27 1945 1951
1937 20 1952 1953
1938 26 1953 1954
1939 6 1954 1955
1940 1 1955 1956
1941 2 1955 1957
1942 29 1952 1958
1943 29 1952 1959
1944 34 1953 1960
1945 27 1957 1961
1946 27 1957 1962
1947 27 1957 1963
1948 20 1964 1965
1949 26 1965 1966
1950 6 1966 1967
1951 1 1967 1968
1952 2 1967 1969
1953 29 1964 1970
1954 29 1964 1971
1955 34 1965 1972
1956 27 1969 1973
1957 27 1969 1974
1958 27 1969 1975
1959 20 1976 1977
1960 26 1977 1978
1961 6 1978 1979
1962 1 1979 1980
1963 2 1979 1981
1964 29 1976 1982
1965 29 1976 1983
1966 34 1977 1984
1967 27 1981 1985
1968 27 1981 1986
1969 27 1981 1987
1970 20 1988 1989
1971 26 1989 1990
1972 6 1990 1991
1973 1 1991 1992
1974 2 1991 1993
1975 29 1988 1994
1976 29 1988 1995
1977 34 1989 1996
1978 27 1993 1997
1979 27 1993 1998
1980 27 1993 1999
1981 20 2000 2001
1982 26 2001 2002
1983 6 2002 2003
1984 1 2003 2004
1985 2 2003 2005
1986 29 2000 2006
1987 29 2000 2007
1988 34 2001 2008
1989 27 2005 2009
1990 27 2005 2010
1991 27 2005 2011
1992 20 2012 2013
1993 26 2013 2014
1994 6 2014 2015
1995 1 2015 2016
1996 2 2015 2017
1997 29 2012 2018
1998 29 2012 2019
1999 34 2013 2020
2000 27 2017 2021
2001 27 2017 2022
2002 27 2017 2023
2003 20 2024 2025
2004 26 2025 2026
2005 6 2026 2027
2006 1 2027 2028
2007 2 2027 2029
2008 29 2024 2030
2009 29 2024 2031
2010 34 2025 2032
2011 27 2029 2033
2012 27 2029 2034
2013 27 2029 2035
2014 20 2036 2037
2015 26 2037 2038
2016 6 2038 2039
2017 1 2039 2040
2018 2 2039 2041
2019 29 2036 2042
2020 29 2036 2043
2021 34 2037 2044
2022 27 2041 2045
2023 27 2041 2046
2024 27 2041 2047
2025 20 2048 2049
2026 26 2049 2050
2027 6 2050 2051
2028 1 2051 2052
2029 2 2051 2053
2030 29 2048 2054
2031 29 2048 2055
2032 34 2049 2056
2033 27 2053 2057
2034 27 2053 2058
2035 27 2053 2059
2036 20 2060 2061
2037 26 2061 2062
2038 6 2062 2063
2039 1 2063 2064
2040 2 2063 2065
2041 29 2060 2066
2042 29 2060 2067
2043 34 2061 2068
2044 27 2065 2069
2045 27 2065 2070
2046 27 2065 2071
2047 20 2072 2073
2048 26 2073 2074
2049 6 2074 2075
2050 1 2075 2076
2051 2 2075 2077
2052 29 2072 2078
2053 29 2072 2079
2054 34 2073 2080
2055 27 2077 2081
2056 27 2077 2082
2057 27 2077 2083
2058 20 2084 2085
2059 26 2085 2086
2060 6 2086 2087
2061 1 2087 2088
2062 2 2087 2089
2063 29 2084 2090
2064 29 2084 2091
2065 34 2085 2092
2066 27 2089 2093
2067 27 2089 2094
2068 27 2089 2095
2069 20 2096 2097
2070 26 2097 2098
2071 6 2098 2099
2072 1 2099 2100
2073 2 2099 2101
2074 29 2096 2102
2075 29 2096 2103
2076 34 2097 2104
2077 27 2101 2105
2078 27 2101 2106
2079 27 2101 2107
2080 20 2108 2109
2081 26 2109 2110
2082 6 2110 2111
2083 1 2111 2112
2084 2 2111 2113
2085 29 2108 2114
2086 29 2108 2115
2087 34 2109 2116
2088 27 2113 2117
2089 27 2113 2118
2090 27 2113 2119
2091 20 2120 2121
2092 26 2121 2122
2093 6 2122 2123
2094 1 2123 2124
2095 2 2123 2125
2096 29 2120 2126
2097 29 2120 2127
2098 34 2121 2128
2099 27 2125 2129
2100 27 2125 2130
2101 27 2125 2131
2102 20 2132 2133
2103 26 2133 2134
2104 6 2134 2135
2105 1 2135 2136
2106 2 2135 2137
2107 29 2132 2138
2108 29 2132 2139
2109 34 2133 2140
2110 27 2137 2141
2111 27 2137 2142
2112 27 2137 2143
2113 20 2144 2145
2114 26 2145 2146
2115 6 2146 2147
2116 1 2147 2148
2117 2 2147 2149
2118 29 2144 2150
2119 29 2144 2151
2120 34 2145 2152
2121 27 2149 2153
2122 27 2149 2154
2123 27 2149 2155
2124 20 2156 2157
2125 26 2157 2158
2126 6 2158 2159
2127 1 2159 2160
2128 2 2159 2161
2129 29 2156 2162
2130 29 2156 2163
2131 34 2157 2164
2132 27 2161 2165
2133 27 2161 2166
2134 27 2161 2167
2135 20 2168 2169
2136 26 2169 2170
2137 6 2170 2171
2138 1 2171 2172
2139 2 2171 2173
2140 29 2168 2174
2141 29 2168 2175
2142 34 2169 2176
2143 27 2173 2177
2144 27 2173 2178
2145 27 2173 2179
2146 20 2180 2181
2147 26 2181 2182
2148 6 2182 2183
2149 1 2183 2184
2150 2 2183 2185
2151 29 2180 2186
2152 29 2180 2187
2153 34 2181 2188
2154 27 2185 2189
2155 27 2185 2190
2156 27 2185 2191
2157 20 2192 2193
2158 26 2193 2194
2159 6 2194 2195
2160 1 2195 2196
2161 2 2195 2197
2162 29 2192 2198
2163 29 2192 2199
2164 34 2193 2200
2165 27 2197 2201
2166 27 2197 2202
2167 27 2197 2203
2168 20 2204 2205
2169 26 2205 2206
2170 6 2206 2207
2171 1 2207 2208
2172 2 2207 2209
2173 29 2204 2210
2174 29 2204 2211
2175 34 2205 2212
2176 27 2209 2213
2177 27 2209 2214
2178 27 2209 2215
2179 20 2216 2217
2180 26 2217 2218
2181 6 2218 2219
2182 1 2219 2220
2183 2 2219 2221
2184 29 2216 2222
2185 29 2216 2223
2186 34 2217 2224
2187 27 2221 2225
2188 27 2221 2226
2189 27 2221 2227
2190 20 2228 2229
2191 26 2229 2230
2192 6 2230 2231
2193 1 2231 2232
2194 2 2231 2233
2195 29 2228 2234
2196 29 2228 2235
2197 34 2229 2236
2198 27 2233 2237
2199 27 2233 2238
2200 27 2233 2239
2201 20 2240 2241
2202 26 2241 2242
2203 6 2242 2243
2204 1 2243 2244
2205 2 2243 2245
2206 29 2240 2246
2207 29 2240 2247
2208 34 2241 2248
2209 27 2245 2249
2210 27 2245 2250
2211 27 2245 2251
2212 20 2252 2253
2213 26 2253 2254
2214 6 2254 2255
2215 1 2255 2256
2216 2 2255 2257
2217 29 2252 2258
2218 29 2252 2259
2219 34 2253 2260
2220 27 2257 2261
2221 27 2257 2262
2222 27 2257 2263
2223 20 2264 2265
2224 26 2265 2266
2225 6 2266 2267
2226 1 2267 2268
2227 2 2267 2269
2228 29 2264 2270
2229 29 2264 2271
2230 34 2265 2272
2231 27 2269 2273
2232 27 2269 2274
2233 27 2269 2275
2234 20 2276 2277
2235 26 2277 2278
2236 6 2278 2279
2237 1 2279 2280
2238 2 2279 2281
2239 29 2276 2282
2240 29 2276 2283
2241 34 2277 2284
2242 27 2281 2285
2243 27 2281 2286
2244 27 2281 2287
2245 20 2288 2289
2246 26 2289 2290
2247 6 2290 2291
2248 1 2291 2292
2249 2 2291 2293
2250 29 2288 2294
2251 29 2288 2295
2252 34 2289 2296
2253 27 2293 2297
2254 27 2293 2298
2255 27 2293 2299
2256 20 2300 2301
2257 26 2301 2302
2258 6 2302 2303
2259 1 2303 2304
2260 2 2303 2305
2261 29 2300 2306
2262 29 2300 2307
2263 34 2301 2308
2264 27 2305 2309
2265 27 2305 2310
2266 27 2305 2311
2267 20 2312 2313
2268 26 2313 2314
2269 6 2314 2315
2270 1 2315 2316
2271 2 2315 2317
2272 29 2312 2318
2273 29 2312 2319
2274 34 2313 2320
2275 27 2317 2321
2276 27 2317 2322
2277 27 2317 2323
2278 20 2324 2325
2279 26 2325 2326
2280 6 2326 2327
2281 1 2327 2328
2282 2 2327 2329
2283 29 2324 2330
2284 29 2324 2331
2285 34 2325 2332
2286 27 2329 2333
2287 27 2329 2334
2288 27 2329 2335
2289 20 2336 2337
2290 26 2337 2338
2291 6 2338 2339
2292 1 2339 2340
2293 2 2339 2341
2294 29 2336 2342
2295 29 2336 2343
2296 34 2337 2344
2297 27 2341 2345
2298 27 2341 2346
2299 27 2341 2347
2300 20 2348 2349
2301 26 2349 2350
2302 6 2350 2351
2303 1 2351 2352
2304 2 2351 2353
2305 29 2348 2354
2306 29 2348 2355
2307 34 2349 2356
2308 27 2353 2357
2309 27 2353 2358
2310 27 2353 2359
2311 20 2360 2361
2312 26 2361 2362
2313 6 2362 2363
2314 1 2363 2364
2315 2 2363 2365
2316 29 2360 2366
2317 29 2360 2367
2318 34 2361 2368
2319 27 2365 2369
2320 27 2365 2370
2321 27 2365 2371
2322 20 2372 2373
2323 26 2373 2374
2324 6 2374 2375
2325 1 2375 2376
2326 2 2375 2377
2327 29 2372 2378
2328 29 2372 2379
2329 34 2373 2380
2330 27 2377 2381
2331 27 2377 2382
2332 27 2377 2383
2333 20 2384 2385
2334 26 2385 2386
2335 6 2386 2387
2336 1 2387 2388
2337 2 2387 2389
2338 29 2384 2390
2339 29 2384 2391
2340 34 2385 2392
2341 27 2389 2393
2342 27 2389 2394
2343 27 2389 2395
2344 16 2396 2397
2345 25 2397 2398
2346 6 2398 2399
2347 1 2399 2400
2348 2 2399 2401
2349 29 2396 2402
2350 29 2396 2403
2351 32 2397 2404
2352 32 2397 2405
2353 27 2401 2406
2354 27 2401 2407
2355 27 2401 2408
2356 20 1808 1820
2357 20 1821 1832
2358 20 1833 1844
2359 20 1845 1856
2360 20 1857 1868
2361 20 1869 1880
2362 20 1881 1892
2363 20 1893 1904
2364 20 1905 1916
2365 20 1917 1928
2366 20 1929 1940
2367 20 1941 1952
2368 20 1953 1964
2369 20 1965 1976
2370 20 1977 1988
2371 20 1989 2000
2372 20 2001 2012
2373 20 2013 2024
2374 20 2025 2036
2375 20 2037 2048
2376 20 2049 2060
2377 20 2061 2072
2378 20 2073 2084
2379 20 2085 2096
2380 20 2097 2108
2381 20 2109 2120
2382 20 2121 2132
2383 20 2133 2144
2384 20 2145 2156
2385 20 2157 2168
2386 20 2169 2180
2387 20 2181 2192
2388 20 2193 2204
2389 20 2205 2216
2390 20 2217 2228
2391 20 2229 2240
2392 20 2241 2252
2393 20 2253 2264
2394 20 2265 2276
2395 20 2277 2288
2396 20 2289 2300
2397 20 2301 2312
2398 20 2313 2324
2399 20 2325 2336
2400 20 2337 2348
2401 20 2349 2360
2402 20 2361 2372
2403 20 2373 2384
2404 20 2385 2396
2405 19 2409 2410
2406 26 2410 2411
2407 6 2411 2412
2408 1 2412 2413
2409 2 2412 2414
2410 27 2409 2415
2411 27 2409 2416
2412 27 2409 2417
2413 34 2410 2418
2414 27 2414 2419
2415 27 2414 2420
2416 27 2414 2421
2417 20 2422 2423
2418 26 2423 2424
2419 6 2424 2425
2420 1 2425 2426
2421 2 2425 2427
2422 29 2422 2428
2423 29 2422 2429
2424 34 2423 2430
2425 27 2427 2431
2426 27 2427 2432
2427 27 2427 2433
2428 20 2434 2435
2429 26 2435 2436
2430 6 2436 2437
2431 1 2437 2438
2432 2 2437 2439
2433 29 2434 2440
2434 29 2434 2441
2435 34 2435 2442
2436 27 2439 2443
2437 27 2439 2444
2438 27 2439 2445
2439 20 2446 2447
2440 26 2447 2448
2441 6 2448 2449
2442 1 2449 2450
2443 2 2449 2451
2444 29 2446 2452
2445 29 2446 2453
2446 34 2447 2454
2447 27 2451 2455
2448 27 2451 2456
2449 27 2451 2457
2450 20 2458 2459
2451 26 2459 2460
2452 6 2460 2461
2453 1 2461 2462
2454 2 2461 2463
2455 29 2458 2464
2456 29 2458 2465
2457 34 2459 2466
2458 27 2463 2467
2459 27 2463 2468
2460 27 2463 2469
2461 20 2470 2471
2462 26 2471 2472
2463 6 2472 2473
2464 1 2473 2474
2465 2 2473 2475
2466 29 2470 2476
2467 29 2470 2477
2468 34 2471 2478
2469 27 2475 2479
2470 27 2475 2480
2471 27 2475 2481
2472 20 2482 2483
2473 26 2483 2484
2474 6 2484 2485
2475 1 2485 2486
2476 2 2485 2487
2477 29 2482 2488
2478 29 2482 2489
2479 34 2483 2490
2480 27 2487 2491
2481 27 2487 2492
2482 27 2487 2493
2483 20 2494 2495
2484 26 2495 2496
2485 6 2496 2497
2486 1 2497 2498
2487 2 2497 2499
2488 29 2494 2500
2489 29 2494 2501
2490 34 2495 2502
2491 27 2499 2503
2492 27 2499 2504
2493 27 2499 2505
2494 20 2506 2507
2495 26 2507 2508
2496 6 2508 2509
2497 1 2509 2510
2498 2 2509 2511
2499 29 2506 2512
2500 29 2506 2513
2501 34 2507 2514
2502 27 2511 2515
2503 27 2511 2516
2504 27 2511 2517
2505 20 2518 2519
2506 26 2519 2520
2507 6 2520 2521
2508 1 2521 2522
2509 2 2521 2523
2510 29 2518 2524
2511 29 2518 2525
2512 34 2519 2526
2513 27 2523 2527
2514 27 2523 2528
2515 27 2523 2529
2516 20 2530 2531
2517 26 2531 2532
2518 6 2532 2533
2519 1 2533 2534
2520 2 2533 2535
2521 29 2530 2536
2522 29 2530 2537
2523 34 2531 2538
2524 27 2535 2539
2525 27 2535 2540
2526 27 2535 2541
2527 20 2542 2543
2528 26 2543 2544
2529 6 2544 2545
2530 1 2545 2546
2531 2 2545 2547
2532 29 2542 2548
2533 29 2542 2549
2534 34 2543 2550
2535 27 2547 2551
2536 27 2547 2552
2537 27 2547 2553
2538 20 2554 2555
2539 26 2555 2556
2540 6 2556 2557
2541 1 2557 2558
2542 2 2557 2559
2543 29 2554 2560
2544 29 2554 2561
2545 34 2555 2562
2546 27 2559 2563
2547 27 2559 2564
2548 27 2559 2565
2549 20 2566 2567
2550 26 2567 2568
2551 6 2568 2569
2552 1 2569 2570
2553 2 2569 2571
2554 29 2566 2572
2555 29 2566 2573
2556 34 2567 2574
2557 27 2571 2575
2558 27 2571 2576
2559 27 2571 2577
2560 20 2578 2579
2561 26 2579 2580
2562 6 2580 2581
2563 1 2581 2582
2564 2 2581 2583
2565 29 2578 2584
2566 29 2578 2585
2567 34 2579 2586
2568 27 2583 2587
2569 27 2583 2588
2570 27 2583 2589
2571 20 2590 2591
2572 26 2591 2592
2573 6 2592 2593
2574 1 2593 2594
2575 2 2593 2595
2576 29 2590 2596
2577 29 2590 2597
2578 34 2591 2598
2579 27 2595 2599
2580 27 2595 2600
2581 27 2595 2601
2582 20 2602 2603
2583 26 2603 2604
2584 6 2604 2605
2585 1 2605 2606
2586 2 2605 2607
2587 29 2602 2608
2588 29 2602 2609
2589 34 2603 2610
2590 27 2607 2611
2591 27 2607 2612
2592 27 2607 2613
2593 20 2614 2615
2594 26 2615 2616
2595 6 2616 2617
2596 1 2617 2618
2597 2 2617 2619
2598 29 2614 2620
2599 29 2614 2621
2600 34 2615 2622
2601 27 2619 2623
2602 27 2619 2624
2603 27 2619 2625
2604 20 2626 2627
2605 26 2627 2628
2606 6 2628 2629
2607 1 2629 2630
2608 2 2629 2631
2609 29 2626 2632
2610 29 2626 2633
2611 34 2627 2634
2612 27 2631 2635
2613 27 2631 2636
2614 27 2631 2637
2615 20 2638 2639
2616 26 2639 2640
2617 6 2640 2641
2618 1 2641 2642
2619 2 2641 2643
2620 29 2638 2644
2621 29 2638 2645
2622 34 2639 2646
2623 27 2643 2647
2624 27 2643 2648
2625 27 2643 2649
2626 20 2650 2651
2627 26 2651 2652
2628 6 2652 2653
2629 1 2653 2654
2630 2 2653 2655
2631 29 2650 2656
2632 29 2650 2657
2633 34 2651 2658
2634 27 2655 2659
2635 27 2655 2660
2636 27 2655 2661
2637 20 2662 2663
2638 26 2663 2664
2639 6 2664 2665
2640 1 2665 2666
2641 2 2665 2667
2642 29 2662 2668
2643 29 2662 2669
2644 34 2663 2670
2645 27 2667 2671
2646 27 2667 2672
2647 27 2667 2673
2648 20 2674 2675
2649 26 2675 2676
2650 6 2676 2677
2651 1 2677 2678
2652 2 2677 2679
2653 29 2674 2680
2654 29 2674 2681
2655 34 2675 2682
2656 27 2679 2683
2657 27 2679 2684
2658 27 2679 2685
2659 20 2686 2687
2660 26 2687 2688
2661 6 2688 2689
2662 1 2689 2690
2663 2 2689 2691
2664 29 2686 2692
2665 29 2686 2693
2666 34 2687 2694
2667 27 2691 2695
2668 27 2691 2696
2669 27 2691 2697
2670 20 2698 2699
2671 26 2699 2700
2672 6 2700 2701
2673 1 2701 2702
2674 2 2701 2703
2675 29 2698 2704
2676 29 2698 2705
2677 34 2699 2706
2678 27 2703 2707
2679 27 2703 2708
2680 27 2703 2709
2681 20 2710 2711
2682 26 2711 2712
2683 6 2712 2713
2684 1 2713 2714
2685 2 2713 2715
2686 29 2710 2716
2687 29 2710 2717
2688 34 2711 2718
2689 27 2715 2719
2690 27 2715 2720
2691 27 2715 2721
2692 20 2722 2723
2693 26 2723 2724
2694 6 2724 2725
2695 1 2725 2726
2696 2 2725 2727
2697 29 2722 2728
2698 29 2722 2729
2699 34 2723 2730
2700 27 2727 2731
2701 27 2727 2732
2702 27 2727 2733
2703 20 2734 2735
2704 26 2735 2736
2705 6 2736 2737
2706 1 2737 2738
2707 2 2737 2739
2708 29 2734 2740
2709 29 2734 2741
2710 34 2735 2742
2711 27 2739 2743
2712 27 2739 2744
2713 27 2739 2745
2714 20 2746 2747
2715 26 2747 2748
2716 6 2748 2749
2717 1 2749 2750
2718 2 2749 2751
2719 29 2746 2752
2720 29 2746 2753
2721 34 2747 2754
2722 27 2751 2755
2723 27 2751 2756
2724 27 2751 2757
2725 20 2758 2759
2726 26 2759 2760
2727 6 2760 2761
2728 1 2761 2762
2729 2 2761 2763
2730 29 2758 2764
2731 29 2758 2765
2732 34 2759 2766
2733 27 2763 2767
2734 27 2763 2768
2735 27 2763 2769
2736 20 2770 2771
2737 26 2771 2772
2738 6 2772 2773
2739 1 2773 2774
2740 2 2773 2775
2741 29 2770 2776
2742 29 2770 2777
2743 34 2771 2778
2744 27 2775 2779
2745 27 2775 2780
2746 27 2775 2781
2747 20 2782 2783
2748 26 2783 2784
2749 6 2784 2785
2750 1 2785 2786
2751 2 2785 2787
2752 29 2782 2788
2753 29 2782 2789
2754 34 2783 2790
2755 27 2787 2791
2756 27 2787 2792
2757 27 2787 2793
2758 20 2794 2795
2759 26 2795 2796
2760 6 2796 2797
2761 1 2797 2798
2762 2 2797 2799
2763 29 2794 2800
2764 29 2794 2801
2765 34 2795 2802
2766 27 2799 2803
2767 27 2799 2804
2768 27 2799 2805
2769 20 2806 2807
2770 26 2807 2808
2771 6 2808 2809
2772 1 2809 2810
2773 2 2809 2811
2774 29 2806 2812
2775 29 2806 2813
2776 34 2807 2814
2777 27 2811 2815
2778 27 2811 2816
2779 27 2811 2817
2780 20 2818 2819
2781 26 2819 2820
2782 6 2820 2821
2783 1 2821 2822
2784 2 2821 2823
2785 29 2818 2824
2786 29 2818 2825
2787 34 2819 2826
2788 27 2823 2827
2789 27 2823 2828
2790 27 2823 2829
2791 20 2830 2831
2792 26 2831 2832
2793 6 2832 2833
2794 1 2833 2834
2795 2 2833 2835
2796 29 2830 2836
2797 29 2830 2837
2798 34 2831 2838
2799 27 2835 2839
2800 27 2835 2840
2801 27 2835 2841
2802 20 2842 2843
2803 26 2843 2844
2804 6 2844 2845
2805 1 2845 2846
2806 2 2845 2847
2807 29 2842 2848
2808 29 2842 2849
2809 34 2843 2850
2810 27 2847 2851
2811 27 2847 2852
2812 27 2847 2853
2813 20 2854 2855
2814 26 2855 2856
2815 6 2856 2857
2816 1 2857 2858
2817 2 2857 2859
2818 29 2854 2860
2819 29 2854 2861
2820 34 2855 2862
2821 27 2859 2863
2822 27 2859 2864
2823 27 2859 2865
2824 20 2866 2867
2825 26 2867 2868
2826 6 2868 2869
2827 1 2869 2870
2828 2 2869 2871
2829 29 2866 2872
2830 29 2866 2873
2831 34 2867 2874
2832 27 2871 2875
2833 27 2871 2876
2834 27 2871 2877
2835 20 2878 2879
2836 26 2879 2880
2837 6 2880 2881
2838 1 2881 2882
2839 2 2881 2883
2840 29 2878 2884
2841 29 2878 2885
2842 34 2879 2886
2843 27 2883 2887
2844 27 2883 2888
2845 27 2883 2889
2846 20 2890 2891
2847 26 2891 2892
2848 6 2892 2893
2849 1 2893 2894
2850 2 2893 2895
2851 29 2890 2896
2852 29 2890 2897
2853 34 2891 2898
2854 27 2895 2899
2855 27 2895 2900
2856 27 2895 2901
2857 20 2902 2903
2858 26 2903 2904
2859 6 2904 2905
2860 1 2905 2906
2861 2 2905 2907
2862 29 2902 2908
2863 29 2902 2909
2864 34 2903 2910
2865 27 2907 2911
2866 27 2907 2912
2867 27 2907 2913
2868 20 2914 2915
2869 26 2915 2916
2870 6 2916 2917
2871 1 2917 2918
2872 2 2917 2919
2873 29 2914 2920
2874 29 2914 2921
2875 34 2915 2922
2876 27 2919 2923
2877 27 2919 2924
2878 27 2919 2925
2879 20 2926 2927
2880 26 2927 2928
2881 6 2928 2929
2882 1 2929 2930
2883 2 2929 2931
2884 29 2926 2932
2885 29 2926 2933
2886 34 2927 2934
2887 27 2931 2935
2888 27 2931 2936
2889 27 2931 2937
2890 20 2938 2939
2891 26 2939 2940
2892 6 2940 2941
2893 1 2941 2942
2894 2 2941 2943
2895 29 2938 2944
2896 29 2938 2945
2897 34 2939 2946
2898 27 2943 2947
2899 27 2943 2948
2900 27 2943 2949
2901 20 2950 2951
2902 26 2951 2952
2903 6 2952 2953
2904 1 2953 2954
2905 2 2953 2955
2906 29 2950 2956
2907 29 2950 2957
2908 34 2951 2958
2909 27 2955 2959
2910 27 2955 2960
2911 27 2955 2961
2912 20 2962 2963
2913 26 2963 2964
2914 6 2964 2965
2915 1 2965 2966
2916 2 2965 2967
2917 29 2962 2968
2918 29 2962 2969
2919 34 2963 2970
2920 27 2967 2971
2921 27 2967 2972
2922 27 2967 2973
2923 20 2974 2975
2924 26 2975 2976
2925 6 2976 2977
2926 1 2977 2978
2927 2 2977 2979
2928 29 2974 2980
2929 29 2974 2981
2930 34 2975 2982
2931 27 2979 2983
2932 27 2979 2984
2933 27 2979 2985
2934 20 2986 2987
2935 26 2987 2988
2936 6 2988 2989
2937 1 2989 2990
2938 2 2989 2991
2939 29 2986 2992
2940 29 2986 2993
2941 34 2987 2994
2942 27 2991 2995
2943 27 2991 2996
2944 27 2991 2997
2945 16 2998 2999
2946 25 2999 3000
2947 6 3000 3001
2948 1 3001 3002
2949 2 3001 3003
2950 29 2998 3004
2951 29 2998 3005
2952 32 2999 3006
2953 32 2999 3007
2954 27 3003 3008
2955 27 3003 3009
2956 27 3003 3010
2957 20 2410 2422
2958 20 2423 2434
2959 20 2435 2446
2960 20 2447 2458
2961 20 2459 2470
2962 20 2471 2482
2963 20 2483 2494
2964 20 2495 2506
2965 20 2507 2518
2966 20 2519 2530
2967 20 2531 2542
2968 20 2543 2554
2969 20 2555 2566
2970 20 2567 2578
2971 20 2579 2590
2972 20 2591 2602
2973 20 2603 2614
2974 20 2615 2626
2975 20 2627 2638
2976 20 2639 2650
2977 20 2651 2662
2978 20 2663 2674
2979 20 2675 2686
2980 20 2687 2698
2981 20 2699 2710
2982 20 2711 2722
2983 20 2723 2734
2984 20 2735 2746
2985 20 2747 2758
2986 20 2759 2770
2987 20 2771 2782
2988 20 2783 2794
2989 20 2795 2806
2990 20 2807 2818
2991 20 2819 2830
2992 20 2831 2842
2993 20 2843 2854
2994 20 2855 2866
2995 20 2867 2878
2996 20 2879 2890
2997 20 2891 2902
2998 20 2903 2914
2999 20 2915 2926
3000 20 2927 2938
3001 20 2939 2950
3002 20 2951 2962
3003 20 2963 2974
3004 20 2975 2986
3005 20 2987 2998
3006 19 3011 3012
3007 26 3012 3013
3008 6 3013 3014
3009 1 3014 3015
3010 2 3014 3016
3011 27 3011 3017
3012 27 3011 3018
3013 27 3011 3019
3014 34 3012 3020
3015 27 3016 3021
3016 27 3016 3022
3017 27 3016 3023
3018 20 3024 3025
3019 26 3025 3026
3020 6 3026 3027
3021 1 3027 3028
3022 2 3027 3029
3023 29 3024 3030
3024 29 3024 3031
3025 34 3025 3032
3026 27 3029 3033
3027 27 3029 3034
3028 27 3029 3035
3029 20 3036 3037
3030 26 3037 3038
3031 6 3038 3039
3032 1 3039 3040
3033 2 3039 3041
3034 29 3036 3042
3035 29 3036 3043
3036 34 3037 3044
3037 27 3041 3045
3038 27 3041 3046
3039 27 3041 3047
3040 20 3048 3049
3041 26 3049 3050
3042 6 3050 3051
3043 1 3051 3052
3044 2 3051 3053
3045 29 3048 3054
3046 29 3048 3055
3047 34 3049 3056
3048 27 3053 3057
3049 27 3053 3058
3050 27 3053 3059
3051 20 3060 3061
3052 26 3061 3062
3053 6 3062 3063
3054 1 3063 3064
3055 2 3063 3065
3056 29 3060 3066
3057 29 3060 3067
3058 34 3061 3068
3059 27 3065 3069
3060 27 3065 3070
3061 27 3065 3071
3062 20 3072 3073
3063 26 3073 3074
3064 6 3074 3075
3065 1 3075 3076
3066 2 3075 3077
3067 29 3072 3078
3068 29 3072 3079
3069 34 3073 3080
3070 27 3077 3081
3071 27 3077 3082
3072 27 3077 3083
3073 20 3084 3085
3074 26 3085 3086
3075 6 3086 3087
3076 1 3087 3088
3077 2 3087 3089
3078 29 3084 3090
3079 29 3084 3091
3080 34 3085 3092
3081 27 3089 3093
3082 27 3089 3094
3083 27 3089 3095
3084 20 3096 3097
3085 26 3097 3098
3086 6 3098 3099
3087 1 3099 3100
3088 2 3099 3101
3089 29 3096 3102
3090 29 3096 3103
3091 34 3097 3104
3092 27 3101 3105
3093 27 3101 3106
3094 27 3101 3107
3095 20 3108 3109
3096 26 3109 3110
3097 6 3110 3111
3098 1 3111 3112
3099 2 3111 3113
3100 29 3108 3114
3101 29 3108 3115
3102 34 3109 3116
3103 27 3113 3117
3104 27 3113 3118
3105 27 3113 3119
3106 20 3120 3121
3107 26 3121 3122
3108 6 3122 3123
3109 1 3123 3124
3110 2 3123 3125
3111 29 3120 3126
3112 29 3120 3127
3113 34 3121 3128
3114 27 3125 3129
3115 27 3125 3130
3116 27 3125 3131
3117 20 3132 3133
3118 26 3133 3134
3119 6 3134 3135
3120 1 3135 3136
3121 2 3135 3137
3122 29 3132 3138
3123 29 3132 3139
3124 34 3133 3140
3125 27 3137 3141
3126 27 3137 3142
3127 27 3137 3143
3128 20 3144 3145
3129 26 3145 3146
3130 6 3146 3147
3131 1 3147 3148
3132 2 3147 3149
3133 29 3144 3150
3134 29 3144 3151
3135 34 3145 3152
3136 27 3149 3153
3137 27 3149 3154
3138 27 3149 3155
3139 20 3156 3157
3140 26 3157 3158
3141 6 3158 3159
3142 1 3159 3160
3143 2 3159 3161
3144 29 3156 3162
3145 29 3156 3163
3146 34 3157 3164
3147 27 3161 3165
3148 27 3161 3166
3149 27 3161 3167
3150 20 3168 3169
3151 26 3169 3170
3152 6 3170 3171
3153 1 3171 3172
3154 2 3171 3173
3155 29 3168 3174
3156 29 3168 3175
3157 34 3169 3176
3158 27 3173 3177
3159 27 3173 3178
3160 27 3173 3179
3161 20 3180 3181
3162 26 3181 3182
3163 6 3182 3183
3164 1 3183 3184
3165 2 3183 3185
3166 29 3180 3186
3167 29 3180 3187
3168 34 3181 3188
3169 27 3185 3189
3170 27 3185 3190
3171 27 3185 3191
3172 20 3192 3193
3173 26 3193 3194
3174 6 3194 3195
3175 1 3195 3196
3176 2 3195 3197
3177 29 3192 3198
3178 29 3192 3199
3179 34 3193 3200
3180 27 3197 3201
3181 27 3197 3202
3182 27 3197 3203
3183 20 3204 3205
3184 26 3205 3206
3185 6 3206 3207
3186 1 3207 3208
3187 2 3207 3209
3188 29 3204 3210
3189 29 3204 3211
3190 34 3205 3212
3191 27 3209 3213
3192 27 3209 3214
3193 27 3209 3215
3194 20 3216 3217
3195 26 3217 3218
3196 6 3218 3219
3197 1 3219 3220
3198 2 3219 3221
3199 29 3216 3222
3200 29 3216 3223
3201 34 3217 3224
3202 27 3221 3225
3203 27 3221 3226
3204 27 3221 3227
3205 20 3228 3229
3206 26 3229 3230
3207 6 3230 3231
3208 1 3231 3232
3209 2 3231 3233
3210 29 3228 3234
3211 29 3228 3235
3212 34 3229 3236
3213 27 3233 3237
3214 27 3233 3238
3215 27 3233 3239
3216 20 3240 3241
3217 26 3241 3242
3218 6 3242 3243
3219 1 3243 3244
3220 2 3243 3245
3221 29 3240 3246
3222 29 3240 3247
3223 34 3241 3248
3224 27 3245 3249
3225 27 3245 3250
3226 27 3245 3251
3227 20 3252 3253
3228 26 3253 3254
3229 6 3254 3255
3230 1 3255 3256
3231 2 3255 3257
3232 29 3252 3258
3233 29 3252 3259
3234 34 3253 3260
3235 27 3257 3261
3236 27 3257 3262
3237 27 3257 3263
3238 20 3264 3265
3239 26 3265 3266
3240 6 3266 3267
3241 1 3267 3268
3242 2 3267 3269
3243 29 3264 3270
3244 29 3264 3271
3245 34 3265 3272
3246 27 3269 3273
3247 27 3269 3274
3248 27 3269 3275
3249 20 3276 3277
3250 26 3277 3278
3251 6 3278 3279
3252 1 3279 3280
3253 2 3279 3281
3254 29 3276 3282
3255 29 3276 3283
3256 34 3277 3284
3257 27 3281 3285
3258 27 3281 3286
3259 27 3281 3287
3260 20 3288 3289
3261 26 3289 3290
3262 6 3290 3291
3263 1 3291 3292
3264 2 3291 3293
3265 29 3288 3294
3266 29 3288 3295
3267 34 3289 3296
3268 27 3293 3297
3269 27 3293 3298
3270 27 3293 3299
3271 20 3300 3301
3272 26 3301 3302
3273 6 3302 3303
3274 1 3303 3304
3275 2 3303 3305
3276 29 3300 3306
3277 29 3300 3307
3278 34 3301 3308
3279 27 3305 3309
3280 27 3305 3310
3281 27 3305 3311
3282 20 3312 3313
3283 26 3313 3314
3284 6 3314 3315
3285 1 3315 3316
3286 2 3315 3317
3287 29 3312 3318
3288 29 3312 3319
3289 34 3313 3320
3290 27 3317 3321
3291 27 3317 3322
3292 27 3317 3323
3293 20 3324 3325
3294 26 3325 3326
3295 6 3326 3327
3296 1 3327 3328
3297 2 3327 3329
3298 29 3324 3330
3299 29 3324 3331
3300 34 3325 3332
3301 27 3329 3333
3302 27 3329 3334
3303 27 3329 3335
3304 20 3336 3337
3305 26 3337 3338
3306 6 3338 3339
3307 1 3339 3340
3308 2 3339 3341
3309 29 3336 3342
3310 29 3336 3343
3311 34 3337 3344
3312 27 3341 3345
3313 27 3341 3346
3314 27 3341 3347
3315 20 3348 3349
3316 26 3349 3350
3317 6 3350 3351
3318 1 3351 3352
3319 2 3351 3353
3320 29 3348 3354
3321 29 3348 3355
3322 34 3349 3356
3323 27 3353 3357
3324 27 3353 3358
3325 27 3353 3359
3326 20 3360 3361
3327 26 3361 3362
3328 6 3362 3363
3329 1 3363 3364
3330 2 3363 3365
3331 29 3360 3366
3332 29 3360 3367
3333 34 3361 3368
3334 27 3365 3369
3335 27 3365 3370
3336 27 3365 3371
3337 20 3372 3373
3338 26 3373 3374
3339 6 3374 3375
3340 1 3375 3376
3341 2 3375 3377
3342 29 3372 3378
3343 29 3372 3379
3344 34 3373 3380
3345 27 3377 3381
3346 27 3377 3382
3347 27 3377 3383
3348 20 3384 3385
3349 26 3385 3386
3350 6 3386 3387
3351 1 3387 3388
3352 2 3387 3389
3353 29 3384 3390
3354 29 3384 3391
3355 34 3385 3392
3356 27 3389 3393
3357 27 3389 3394
3358 27 3389 3395
3359 20 3396 3397
3360 26 3397 3398
3361 6 3398 3399
3362 1 3399 3400
3363 2 3399 3401
3364 29 3396 3402
3365 29 3396 3403
3366 34 3397 3404
3367 27 3401 3405
3368 27 3401 3406
3369 27 3401 3407
3370 20 3408 3409
3371 26 3409 3410
3372 6 3410 3411
3373 1 3411 3412
3374 2 3411 3413
3375 29 3408 3414
3376 29 3408 3415
3377 34 3409 3416
3378 27 3413 3417
3379 27 3413 3418
3380 27 3413 3419
3381 20 3420 3421
3382 26 3421 3422
3383 6 3422 3423
3384 1 3423 3424
3385 2 3423 3425
3386 29 3420 3426
3387 29 3420 3427
3388 34 3421 3428
3389 27 3425 3429
3390 27 3425 3430
3391 27 3425 3431
3392 20 3432 3433
3393 26 3433 3434
3394 6 3434 3435
3395 1 3435 3436
3396 2 3435 3437
3397 29 3432 3438
3398 29 3432 3439
3399 34 3433 3440
3400 27 3437 3441
3401 27 3437 3442
3402 27 3437 3443
3403 20 3444 3445
3404 26 3445 3446
3405 6 3446 3447
3406 1 3447 3448
3407 2 3447 3449
3408 29 3444 3450
3409 29 3444 3451
3410 34 3445 3452
3411 27 3449 3453
3412 27 3449 3454
3413 27 3449 3455
3414 20 3456 3457
3415 26 3457 3458
3416 6 3458 3459
3417 1 3459 3460
3418 2 3459 3461
3419 29 3456 3462
3420 29 3456 3463
3421 34 3457 3464
3422 27 3461 3465
3423 27 3461 3466
3424 27 3461 3467
3425 20 3468 3469
3426 26 3469 3470
3427 6 3470 3471
3428 1 3471 3472
3429 2 3471 3473
3430 29 3468 3474
3431 29 3468 3475
3432 34 3469 3476
3433 27 3473 3477
3434 27 3473 3478
3435 27 3473 3479
3436 20 3480 3481
3437 26 3481 3482
3438 6 3482 3483
3439 1 3483 3484
3440 2 3483 3485
3441 29 3480 3486
3442 29 3480 3487
3443 34 3481 3488
3444 27 3485 3489
3445 27 3485 3490
3446 27 3485 3491
3447 20 3492 3493
3448 26 3493 3494
3449 6 3494 3495
3450 1 3495 3496
3451 2 3495 3497
3452 29 3492 3498
3453 29 3492 3499
3454 34 3493 3500
3455 27 3497 3501
3456 27 3497 3502
3457 27 3497 3503
3458 20 3504 3505
3459 26 3505 3506
3460 6 3506 3507
3461 1 3507 3508
3462 2 3507 3509
3463 29 3504 3510
3464 29 3504 3511
3465 34 3505 3512
3466 27 3509 3513
3467 27 3509 3514
3468 27 3509 3515
3469 20 3516 3517
3470 26 3517 3518
3471 6 3518 3519
3472 1 3519 3520
3473 2 3519 3521
3474 29 3516 3522
3475 29 3516 3523
3476 34 3517 3524
3477 27 3521 3525
3478 27 3521 3526
3479 27 3521 3527
3480 20 3528 3529
3481 26 3529 3530
3482 6 3530 3531
3483 1 3531 3532
3484 2 3531 3533
3485 29 3528 3534
3486 29 3528 3535
3487 34 3529 3536
3488 27 3533 3537
3489 27 3533 3538
3490 27 3533 3539
3491 20 3540 3541
3492 26 3541 3542
3493 6 3542 3543
3494 1 3543 3544
3495 2 3543 3545
3496 29 3540 3546
3497 29 3540 3547
3498 34 3541 3548
3499 27 3545 3549
3500 27 3545 3550
3501 27 3545 3551
3502 20 3552 3553
3503 26 3553 3554
3504 6 3554 3555
3505 1 3555 3556
3506 2 3555 3557
3507 29 3552 3558
3508 29 3552 3559
3509 34 3553 3560
3510 27 3557 3561
3511 27 3557 3562
3512 27 3557 3563
3513 20 3564 3565
3514 26 3565 3566
3515 6 3566 3567
3516 1 3567 3568
3517 2 3567 3569
3518 29 3564 3570
3519 29 3564 3571
3520 34 3565 3572
3521 27 3569 3573
3522 27 3569 3574
3523 27 3569 3575
3524 20 3576 3577
3525 26 3577 3578
3526 6 3578 3579
3527 1 3579 3580
3528 2 3579 3581
3529 29 3576 3582
3530 29 3576 3583
3531 34 3577 3584
3532 27 3581 3585
3533 27 3581 3586
3534 27 3581 3587
3535 20 3588 3589
3536 26 3589 3590
3537 6 3590 3591
3538 1 3591 3592
3539 2 3591 3593
3540 29 3588 3594
3541 29 3588 3595
3542 34 3589 3596
3543 27 3593 3597
3544 27 3593 3598
3545 27 3593 3599
3546 16 3600 3601
3547 25 3601 3602
3548 6 3602 3603
3549 1 3603 3604
3550 2 3603 3605
3551 29 3600 3606
3552 29 3600 3607
3553 32 3601 3608
3554 32 3601 3609
3555 27 3605 3610
3556 27 3605 3611
3557 27 3605 3612
3558 20 3012 3024
3559 20 3025 3036
3560 20 3037 3048
3561 20 3049 3060
3562 20 3061 3072
3563 20 3073 3084
3564 20 3085 3096
3565 20 3097 3108
3566 20 3109 3120
3567 20 3121 3132
3568 20 3133 3144
3569 20 3145 3156
3570 20 3157 3168
3571 20 3169 3180
3572 20 3181 3192
3573 20 3193 3204
3574 20 3205 3216
3575 20 3217 3228
3576 20 3229 3240
3577 20 3241 3252
3578 20 3253 3264
3579 20 3265 3276
3580 20 3277 3288
3581 20 3289 3300
3582 20 3301 3312
3583 20 3313 3324
3584 20 3325 3336
3585 20 3337 3348
3586 20 3349 3360
3587 20 3361 3372
3588 20 3373 3384
3589 20 3385 3396
3590 20 3397 3408
3591 20 3409 3420
3592 20 3421 3432
3593 20 3433 3444
3594 20 3445 3456
3595 20 3457 3468
3596 20 3469 3480
3597 20 3481 3492
3598 20 3493 3504
3599 20 3505 3516
3600 20 3517 3528
3601 20 3529 3540
3602 20 3541 3552
3603 20 3553 3564
3604 20 3565 3576
3605 20 3577 3588
3606 20 3589 3600
3607 19 3613 3614
3608 26 3614 3615
3609 6 3615 3616
3610 1 3616 3617
3611 2 3616 3618
3612 27 3613 3619
3613 27 3613 3620
3614 27 3613 3621
3615 34 3614 3622
3616 27 3618 3623
3617 27 3618 3624
3618 27 3618 3625
3619 20 3626 3627
3620 26 3627 3628
3621 6 3628 3629
3622 1 3629 3630
3623 2 3629 3631
3624 29 3626 3632
3625 29 3626 3633
3626 34 3627 3634
3627 27 3631 3635
3628 27 3631 3636
3629 27 3631 3637
3630 20 3638 3639
3631 26 3639 3640
3632 6 3640 3641
3633 1 3641 3642
3634 2 3641 3643
3635 29 3638 3644
3636 29 3638 3645
3637 34 3639 3646
3638 27 3643 3647
3639 27 3643 3648
3640 27 3643 3649
3641 20 3650 3651
3642 26 3651 3652
3643 6 3652 3653
3644 1 3653 3654
3645 2 3653 3655
3646 29 3650 3656
3647 29 3650 3657
3648 34 3651 3658
3649 27 3655 3659
3650 27 3655 3660
3651 27 3655 3661
3652 20 3662 3663
3653 26 3663 3664
3654 6 3664 3665
3655 1 3665 3666
3656 2 3665 3667
3657 29 3662 3668
3658 29 3662 3669
3659 34 3663 3670
3660 27 3667 3671
3661 27 3667 3672
3662 27 3667 3673
3663 20 3674 3675
3664 26 3675 3676
3665 6 3676 3677
3666 1 3677 3678
3667 2 3677 3679
3668 29 3674 3680
3669 29 3674 3681
3670 34 3675 3682
3671 27 3679 3683
3672 27 3679 3684
3673 27 3679 3685
3674 20 3686 3687
3675 26 3687 3688
3676 6 3688 3689
3677 1 3689 3690
3678 2 3689 3691
3679 29 3686 3692
3680 29 3686 3693
3681 34 3687 3694
3682 27 3691 3695
3683 27 3691 3696
3684 27 3691 3697
3685 20 3698 3699
3686 26 3699 3700
3687 6 3700 3701
3688 1 3701 3702
3689 2 3701 3703
3690 29 3698 3704
3691 29 3698 3705
3692 34 3699 3706
3693 27 3703 3707
3694 27 3703 3708
3695 27 3703 3709
3696 20 3710 3711
3697 26 3711 3712
3698 6 3712 3713
3699 1 3713 3714
3700 2 3713 3715
3701 29 3710 3716
3702 29 3710 3717
3703 34 3711 3718
3704 27 3715 3719
3705 27 3715 3720
3706 27 3715 3721
3707 20 3722 3723
3708 26 3723 3724
3709 6 3724 3725
3710 1 3725 3726
3711 2 3725 3727
3712 29 3722 3728
3713 29 3722 3729
3714 34 3723 3730
3715 27 3727 3731
3716 27 3727 3732
3717 27 3727 3733
3718 20 3734 3735
3719 26 3735 3736
3720 6 3736 3737
3721 1 3737 3738
3722 2 3737 3739
3723 29 3734 3740
3724 29 3734 3741
3725 34 3735 3742
3726 27 3739 3743
3727 27 3739 3744
3728 27 3739 3745
3729 20 3746 3747
3730 26 3747 3748
3731 6 3748 3749
3732 1 3749 3750
3733 2 3749 3751
3734 29 3746 3752
3735 29 3746 3753
3736 34 3747 3754
3737 27 3751 3755
3738 27 3751 3756
3739 27 3751 3757
3740 20 3758 3759
3741 26 3759 3760
3742 6 3760 3761
3743 1 3761 3762
3744 2 3761 3763
3745 29 3758 3764
3746 29 3758 3765
3747 34 3759 3766
3748 27 3763 3767
3749 27 3763 3768
3750 27 3763 3769
3751 20 3770 3771
3752 26 3771 3772
3753 6 3772 3773
3754 1 3773 3774
3755 2 3773 3775
3756 29 3770 3776
3757 29 3770 3777
3758 34 3771 3778
3759 27 3775 3779
3760 27 3775 3780
3761 27 3775 3781
3762 20 3782 3783
3763 26 3783 3784
3764 6 3784 3785
3765 1 3785 3786
3766 2 3785 3787
3767 29 3782 3788
3768 29 3782 3789
3769 34 3783 3790
3770 27 3787 3791
3771 27 3787 3792
3772 27 3787 3793
3773 20 3794 3795
3774 26 3795 3796
3775 6 3796 3797
3776 1 3797 3798
3777 2 3797 3799
3778 29 3794 3800
3779 29 3794 3801
3780 34 3795 3802
3781 27 3799 3803
3782 27 3799 3804
3783 27 3799 3805
3784 20 3806 3807
3785 26 3807 3808
3786 6 3808 3809
3787 1 3809 3810
3788 2 3809 3811
3789 29 3806 3812
3790 29 3806 3813
3791 34 3807 3814
3792 27 3811 3815
3793 27 3811 3816
3794 27 3811 3817
3795 20 3818 3819
3796 26 3819 3820
3797 6 3820 3821
3798 1 3821 3822
3799 2 3821 3823
3800 29 3818 3824
3801 29 3818 3825
3802 34 3819 3826
3803 27 3823 3827
3804 27 3823 3828
3805 27 3823 3829
3806 20 3830 3831
3807 26 3831 3832
3808 6 3832 3833
3809 1 3833 3834
3810 2 3833 3835
3811 29 3830 3836
3812 29 3830 3837
3813 34 3831 3838
3814 27 3835 3839
3815 27 3835 3840
3816 27 3835 3841
3817 20 3842 3843
3818 26 3843 3844
3819 6 3844 3845
3820 1 3845 3846
3821 2 3845 3847
3822 29 3842 3848
3823 29 3842 3849
3824 34 3843 3850
3825 27 3847 3851
3826 27 3847 3852
3827 27 3847 3853
3828 20 3854 3855
3829 26 3855 3856
3830 6 3856 3857
3831 1 3857 3858
3832 2 3857 3859
3833 29 3854 3860
3834 29 3854 3861
3835 34 3855 3862
3836 27 3859 3863
3837 27 3859 3864
3838 27 3859 3865
3839 20 3866 3867
3840 26 3867 3868
3841 6 3868 3869
3842 1 3869 3870
3843 2 3869 3871
3844 29 3866 3872
3845 29 3866 3873
3846 34 3867 3874
3847 27 3871 3875
3848 27 3871 3876
3849 27 3871 3877
3850 20 3878 3879
3851 26 3879 3880
3852 6 3880 3881
3853 1 3881 3882
3854 2 3881 3883
3855 29 3878 3884
3856 29 3878 3885
3857 34 3879 3886
3858 27 3883 3887
3859 27 3883 3888
3860 27 3883 3889
3861 20 3890 3891
3862 26 3891 3892
3863 6 3892 3893
3864 1 3893 3894
3865 2 3893 3895
3866 29 3890 3896
3867 29 3890 3897
3868 34 3891 3898
3869 27 3895 3899
3870 27 3895 3900
3871 27 3895 3901
3872 20 3902 3903
3873 26 3903 3904
3874 6 3904 3905
3875 1 3905 3906
3876 2 3905 3907
3877 29 3902 3908
3878 29 3902 3909
3879 34 3903 3910
3880 27 3907 3911
3881 27 3907 3912
3882 27 3907 3913
3883 20 3914 3915
3884 26 3915 3916
3885 6 3916 3917
3886 1 3917 3918
3887 2 3917 3919
3888 29 3914 3920
3889 29 3914 3921
3890 34 3915 3922
3891 27 3919 3923
3892 27 3919 3924
3893 27 3919 3925
3894 20 3926 3927
3895 26 3927 3928
3896 6 3928 3929
3897 1 3929 3930
3898 2 3929 3931
3899 29 3926 3932
3900 29 3926 3933
3901 34 3927 3934
3902 27 3931 3935
3903 27 3931 3936
3904 27 3931 3937
3905 20 3938 3939
3906 26 3939 3940
3907 6 3940 3941
3908 1 3941 3942
3909 2 3941 3943
3910 29 3938 3944
3911 29 3938 3945
3912 34 3939 3946
3913 27 3943 3947
3914 27 3943 3948
3915 27 3943 3949
3916 20 3950 3951
3917 26 3951 3952
3918 6 3952 3953
3919 1 3953 3954
3920 2 3953 3955
3921 29 3950 3956
3922 29 3950 3957
3923 34 3951 3958
3924 27 3955 3959
3925 27 3955 3960
3926 27 3955 3961
3927 20 3962 3963
3928 26 3963 3964
3929 6 3964 3965
3930 1 3965 3966
3931 2 3965 3967
3932 29 3962 3968
3933 29 3962 3969
3934 34 3963 3970
3935 27 3967 3971
3936 27 3967 3972
3937 27 3967 3973
3938 20 3974 3975
3939 26 3975 3976
3940 6 3976 3977
3941 1 3977 3978
3942 2 3977 3979
3943 29 3974 3980
3944 29 3974 3981
3945 34 3975 3982
3946 27 3979 3983
3947 27 3979 3984
3948 27 3979 3985
3949 20 3986 3987
3950 26 3987 3988
3951 6 3988 3989
3952 1 3989 3990
3953 2 3989 3991
3954 29 3986 3992
3955 29 3986 3993
3956 34 3987 3994
3957 27 3991 3995
3958 27 3991 3996
3959 27 3991 3997
3960 20 3998 3999
3961 26 3999 4000
3962 6 4000 4001
3963 1 4001 4002
3964 2 4001 4003
3965 29 3998 4004
3966 29 3998 4005
3967 34 3999 4006
3968 27 4003 4007
3969 27 4003 4008
3970 27 4003 4009
3971 20 4010 4011
3972 26 4011 4012
3973 6 4012 4013
3974 1 4013 4014
3975 2 4013 4015
3976 29 4010 4016
3977 29 4010 4017
3978 34 4011 4018
3979 27 4015 4019
3980 27 4015 4020
3981 27 4015 4021
3982 20 4022 4023
3983 26 4023 4024
3984 6 4024 4025
3985 1 4025 4026
3986 2 4025 4027
3987 29 4022 4028
3988 29 4022 4029
3989 34 4023 4030
3990 27 4027 4031
3991 27 4027 4032
3992 27 4027 4033
3993 20 4034 4035
3994 26 4035 4036
3995 6 4036 4037
3996 1 4037 4038
3997 2 4037 4039
3998 29 4034 4040
3999 29 4034 4041
4000 34 4035 4042
4001 27 4039 4043
4002 27 4039 4044
4003 27 4039 4045
4004 20 4046 4047
4005 26 4047 4048
4006 6 4048 4049
4007 1 4049 4050
4008 2 4049 4051
4009 29 4046 4052
4010 29 4046 4053
4011 34 4047 4054
4012 27 4051 4055
4013 27 4051 4056
4014 27 4051 4057
4015 20 4058 4059
4016 26 4059 4060
4017 6 4060 4061
4018 1 4061 4062
4019 2 4061 4063
4020 29 4058 4064
4021 29 4058 4065
4022 34 4059 4066
4023 27 4063 4067
4024 27 4063 4068
4025 27 4063 4069
4026 20 4070 4071
4027 26 4071 4072
4028 6 4072 4073
4029 1 4073 4074
4030 2 4073 4075
4031 29 4070 4076
4032 29 4070 4077
4033 34 4071 4078
4034 27 4075 4079
4035 27 4075 4080
4036 27 4075 4081
4037 20 4082 4083
4038 26 4083 4084
4039 6 4084 4085
4040 1 4085 4086
4041 2 4085 4087
4042 29 4082 4088
4043 29 4082 4089
4044 34 4083 4090
4045 27 4087 4091
4046 27 4087 4092
4047 27 4087 4093
4048 20 4094 4095
4049 26 4095 4096
4050 6 4096 4097
4051 1 4097 4098
4052 2 4097 4099
4053 29 4094 4100
4054 29 4094 4101
4055 34 4095 4102
4056 27 4099 4103
4057 27 4099 4104
4058 27 4099 4105
4059 20 4106 4107
4060 26 4107 4108
4061 6 4108 4109
4062 1 4109 4110
4063 2 4109 4111
4064 29 4106 4112
4065 29 4106 4113
4066 34 4107 4114
4067 27 4111 4115
4068 27 4111 4116
4069 27 4111 4117
4070 20 4118 4119
4071 26 4119 4120
4072 6 4120 4121
4073 1 4121 4122
4074 2 4121 4123
4075 29 4118 4124
4076 29 4118 4125
4077 34 4119 4126
4078 27 4123 4127
4079 27 4123 4128
4080 27 4123 4129
4081 20 4130 4131
4082 26 4131 4132
4083 6 4132 4133
4084 1 4133 4134
4085 2 4133 4135
4086 29 4130 4136
4087 29 4130 4137
4088 34 4131 4138
4089 27 4135 4139
4090 27 4135 4140
4091 27 4135 4141
4092 20 4142 4143
4093 26 4143 4144
4094 6 4144 4145
4095 1 4145 4146
4096 2 4145 4147
4097 29 4142 4148
4098 29 4142 4149
4099 34 4143 4150
4100 27 4147 4151
4101 27 4147 4152
4102 27 4147 4153
4103 20 4154 4155
4104 26 4155 4156
4105 6 4156 4157
4106 1 4157 4158
4107 2 4157 4159
4108 29 4154 4160
4109 29 4154 4161
4110 34 4155 4162
4111 27 4159 4163
4112 27 4159 4164
4113 27 4159 4165
4114 20 4166 4167
4115 26 4167 4168
4116 6 4168 4169
4117 1 4169 4170
4118 2 4169 4171
4119 29 4166 4172
4120 29 4166 4173
4121 34 4167 4174
4122 27 4171 4175
4123 27 4171 4176
4124 27 4171 4177
4125 20 4178 4179
4126 26 4179 4180
4127 6 4180 4181
4128 1 4181 4182
4129 2 4181 4183
4130 29 4178 4184
4131 29 4178 4185
4132 34 4179 4186
4133 27 4183 4187
4134 27 4183 4188
4135 27 4183 4189
4136 20 4190 4191
4137 26 4191 4192
4138 6 4192 4193
4139 1 4193 4194
4140 2 4193 4195
4141 29 4190 4196
4142 29 4190 4197
4143 34 4191 4198
4144 27 4195 4199
4145 27 4195 4200
4146 27 4195 4201
4147 16 4202 4203
4148 25 4203 4204
4149 6 4204 4205
4150 1 4205 4206
4151 2 4205 4207
4152 29 4202 4208
4153 29 4202 4209
4154 32 4203 4210
4155 32 4203 4211
4156 27 4207 4212
4157 27 4207 4213
4158 27 4207 4214
4159 20 3614 3626
4160 20 3627 3638
4161 20 3639 3650
4162 20 3651 3662
4163 20 3663 3674
4164 20 3675 3686
4165 20 3687 3698
4166 20 3699 3710
4167 20 3711 3722
4168 20 3723 3734
4169 20 3735 3746
4170 20 3747 3758
4171 20 3759 3770
4172 20 3771 3782
4173 20 3783 3794
4174 20 3795 3806
4175 20 3807 3818
4176 20 3819 3830
4177 20 3831 3842
4178 20 3843 3854
4179 20 3855 3866
4180 20 3867 3878
4181 20 3879 3890
4182 20 3891 3902
4183 20 3903 3914
4184 20 3915 3926
4185 20 3927 3938
4186 20 3939 3950
4187 20 3951 3962
4188 20 3963 3974
4189 20 3975 3986
4190 20 3987 3998
4191 20 3999 4010
4192 20 4011 4022
4193 20 4023 4034
4194 20 4035 4046
4195 20 4047 4058
4196 20 4059 4070
4197 20 4071 4082
4198 20 4083 4094
4199 20 4095 4106
4200 20 4107 4118
4201 20 4119 4130
4202 20 4131 4142
4203 20 4143 4154
4204 20 4155 4166
4205 20 4167 4178
4206 20 4179 4190
4207 20 4191 4202
4208 19 4215 4216
4209 26 4216 4217
4210 6 4217 4218
4211 1 4218 4219
4212 2 4218 4220
4213 27 4215 4221
4214 27 4215 4222
4215 27 4215 4223
4216 34 4216 4224
4217 27 4220 4225
4218 27 4220 4226
4219 27 4220 4227
4220 20 4228 4229
4221 26 4229 4230
4222 6 4230 4231
4223 1 4231 4232
4224 2 4231 4233
4225 29 4228 4234
4226 29 4228 4235
4227 34 4229 4236
4228 27 4233 4237
4229 27 4233 4238
4230 27 4233 4239
4231 20 4240 4241
4232 26 4241 4242
4233 6 4242 4243
4234 1 4243 4244
4235 2 4243 4245
4236 29 4240 4246
4237 29 4240 4247
4238 34 4241 4248
4239 27 4245 4249
4240 27 4245 4250
4241 27 4245 4251
4242 20 4252 4253
4243 26 4253 4254
4244 6 4254 4255
4245 1 4255 4256
4246 2 4255 4257
4247 29 4252 4258
4248 29 4252 4259
4249 34 4253 4260
4250 27 4257 4261
4251 27 4257 4262
4252 27 4257 4263
4253 20 4264 4265
4254 26 4265 4266
4255 6 4266 4267
4256 1 4267 4268
4257 2 4267 4269
4258 29 4264 4270
4259 29 4264 4271
4260 34 4265 4272
4261 27 4269 4273
4262 27 4269 4274
4263 27 4269 4275
4264 20 4276 4277
4265 26 4277 4278
4266 6 4278 4279
4267 1 4279 4280
4268 2 4279 4281
4269 29 4276 4282
4270 29 4276 4283
4271 34 4277 4284
4272 27 4281 4285
4273 27 4281 4286
4274 27 4281 4287
4275 20 4288 4289
4276 26 4289 4290
4277 6 4290 4291
4278 1 4291 4292
4279 2 4291 4293
4280 29 4288 4294
4281 29 4288 4295
4282 34 4289 4296
4283 27 4293 4297
4284 27 4293 4298
4285 27 4293 4299
4286 20 4300 4301
4287 26 4301 4302
4288 6 4302 4303
4289 1 4303 4304
4290 2 4303 4305
4291 29 4300 4306
4292 29 4300 4307
4293 34 4301 4308
4294 27 4305 4309
4295 27 4305 4310
4296 27 4305 4311
4297 20 4312 4313
4298 26 4313 4314
4299 6 4314 4315
4300 1 4315 4316
4301 2 4315 4317
4302 29 4312 4318
4303 29 4312 4319
4304 34 4313 4320
4305 27 4317 4321
4306 27 4317 4322
4307 27 4317 4323
4308 20 4324 4325
4309 26 4325 4326
4310 6 4326 4327
4311 1 4327 4328
4312 2 4327 4329
4313 29 4324 4330
4314 29 4324 4331
4315 34 4325 4332
4316 27 4329 4333
4317 27 4329 4334
4318 27 4329 4335
4319 20 4336 4337
4320 26 4337 4338
4321 6 4338 4339
4322 1 4339 4340
4323 2 4339 4341
4324 29 4336 4342
4325 29 4336 4343
4326 34 4337 4344
4327 27 4341 4345
4328 27 4341 4346
4329 27 4341 4347
4330 20 4348 4349
4331 26 4349 4350
4332 6 4350 4351
4333 1 4351 4352
4334 2 4351 4353
4335 29 4348 4354
4336 29 4348 4355
4337 34 4349 4356
4338 27 4353 4357
4339 27 4353 4358
4340 27 4353 4359
4341 20 4360 4361
4342 26 4361 4362
4343 6 4362 4363
4344 1 4363 4364
4345 2 4363 4365
4346 29 4360 4366
4347 29 4360 4367
4348 34 4361 4368
4349 27 4365 4369
4350 27 4365 4370
4351 27 4365 4371
4352 20 4372 4373
4353 26 4373 4374
4354 6 4374 4375
4355 1 4375 4376
4356 2 4375 4377
4357 29 4372 4378
4358 29 4372 4379
4359 34 4373 4380
4360 27 4377 4381
4361 27 4377 4382
4362 27 4377 4383
4363 20 4384 4385
4364 26 4385 4386
4365 6 4386 4387
4366 1 4387 4388
4367 2 4387 4389
4368 29 4384 4390
4369 29 4384 4391
4370 34 4385 4392
4371 27 4389 4393
4372 27 4389 4394
4373 27 4389 4395
4374 20 4396 4397
4375 26 4397 4398
4376 6 4398 4399
4377 1 4399 4400
4378 2 4399 4401
4379 29 4396 4402
4380 29 4396 4403
4381 34 4397 4404
4382 27 4401 4405
4383 27 4401 4406
4384 27 4401 4407
4385 20 4408 4409
4386 26 4409 4410
4387 6 4410 4411
4388 1 4411 4412
4389 2 4411 4413
4390 29 4408 4414
4391 29 4408 4415
4392 34 4409 4416
4393 27 4413 4417
4394 27 4413 4418
4395 27 4413 4419
4396 20 4420 4421
4397 26 4421 4422
4398 6 4422 4423
4399 1 4423 4424
4400 2 4423 4425
4401 29 4420 4426
4402 29 4420 4427
4403 34 4421 4428
4404 27 4425 4429
4405 27 4425 4430
4406 27 4425 4431
4407 20 4432 4433
4408 26 4433 4434
4409 6 4434 4435
4410 1 4435 4436
4411 2 4435 4437
4412 29 4432 4438
4413 29 4432 4439
4414 34 4433 4440
4415 27 4437 4441
4416 27 4437 4442
4417 27 4437 4443
4418 20 4444 4445
4419 26 4445 4446
4420 6 4446 4447
4421 1 4447 4448
4422 2 4447 4449
4423 29 4444 4450
4424 29 4444 4451
4425 34 4445 4452
4426 27 4449 4453
4427 27 4449 4454
4428 27 4449 4455
4429 20 4456 4457
4430 26 4457 4458
4431 6 4458 4459
4432 1 4459 4460
4433 2 4459 4461
4434 29 4456 4462
4435 29 4456 4463
4436 34 4457 4464
4437 27 4461 4465
4438 27 4461 4466
4439 27 4461 4467
4440 20 4468 4469
4441 26 4469 4470
4442 6 4470 4471
4443 1 4471 4472
4444 2 4471 4473
4445 29 4468 4474
4446 29 4468 4475
4447 34 4469 4476
4448 27 4473 4477
4449 27 4473 4478
4450 27 4473 4479
4451 20 4480 4481
4452 26 4481 4482
4453 6 4482 4483
4454 1 4483 4484
4455 2 4483 4485
4456 29 4480 4486
4457 29 4480 4487
4458 34 4481 4488
4459 27 4485 4489
4460 27 4485 4490
4461 27 4485 4491
4462 20 4492 4493
4463 26 4493 4494
4464 6 4494 4495
4465 1 4495 4496
4466 2 4495 4497
4467 29 4492 4498
4468 29 4492 4499
4469 34 4493 4500
4470 27 4497 4501
4471 27 4497 4502
4472 27 4497 4503
4473 20 4504 4505
4474 26 4505 4506
4475 6 4506 4507
4476 1 4507 4508
4477 2 4507 4509
4478 29 4504 4510
4479 29 4504 4511
4480 34 4505 4512
4481 27 4509 4513
4482 27 4509 4514
4483 27 4509 4515
4484 20 4516 4517
4485 26 4517 4518
4486 6 4518 4519
4487 1 4519 4520
4488 2 4519 4521
4489 29 4516 4522
4490 29 4516 4523
4491 34 4517 4524
4492 27 4521 4525
4493 27 4521 4526
4494 27 4521 4527
4495 20 4528 4529
4496 26 4529 4530
4497 6 4530 4531
4498 1 4531 4532
4499 2 4531 4533
4500 29 4528 4534
4501 29 4528 4535
4502 34 4529 4536
4503 27 4533 4537
4504 27 4533 4538
4505 27 4533 4539
4506 20 4540 4541
4507 26 4541 4542
4508 6 4542 4543
4509 1 4543 4544
4510 2 4543 4545
4511 29 4540 4546
4512 29 4540 4547
4513 34 4541 4548
4514 27 4545 4549
4515 27 4545 4550
4516 27 4545 4551
4517 20 4552 4553
4518 26 4553 4554
4519 6 4554 4555
4520 1 4555 4556
4521 2 4555 4557
4522 29 4552 4558
4523 29 4552 4559
4524 34 4553 4560
4525 27 4557 4561
4526 27 4557 4562
4527 27 4557 4563
4528 20 4564 4565
4529 26 4565 4566
4530 6 4566 4567
4531 1 4567 4568
4532 2 4567 4569
4533 29 4564 4570
4534 29 4564 4571
4535 34 4565 4572
4536 27 4569 4573
4537 27 4569 4574
4538 27 4569 4575
4539 20 4576 4577
4540 26 4577 4578
4541 6 4578 4579
4542 1 4579 4580
4543 2 4579 4581
4544 29 4576 4582
4545 29 4576 4583
4546 34 4577 4584
4547 27 4581 4585
4548 27 4581 4586
4549 27 4581 4587
4550 20 4588 4589
4551 26 4589 4590
4552 6 4590 4591
4553 1 4591 4592
4554 2 4591 4593
4555 29 4588 4594
4556 29 4588 4595
4557 34 4589 4596
4558 27 4593 4597
4559 27 4593 4598
4560 27 4593 4599
4561 20 4600 4601
4562 26 4601 4602
4563 6 4602 4603
4564 1 4603 4604
4565 2 4603 4605
4566 29 4600 4606
4567 29 4600 4607
4568 34 4601 4608
4569 27 4605 4609
4570 27 4605 4610
4571 27 4605 4611
4572 20 4612 4613
4573 26 4613 4614
4574 6 4614 4615
4575 1 4615 4616
4576 2 4615 4617
4577 29 4612 4618
4578 29 4612 4619
4579 34 4613 4620
4580 27 4617 4621
4581 27 4617 4622
4582 27 4617 4623
4583 20 4624 4625
4584 26 4625 4626
4585 6 4626 4627
4586 1 4627 4628
4587 2 4627 4629
4588 29 4624 4630
4589 29 4624 4631
4590 34 4625 4632
4591 27 4629 4633
4592 27 4629 4634
4593 27 4629 4635
4594 20 4636 4637
4595 26 4637 4638
4596 6 4638 4639
4597 1 4639 4640
4598 2 4639 4641
4599 29 4636 4642
4600 29 4636 4643
4601 34 4637 4644
4602 27 4641 4645
4603 27 4641 4646
4604 27 4641 4647
4605 20 4648 4649
4606 26 4649 4650
4607 6 4650 4651
4608 1 4651 4652
4609 2 4651 4653
4610 29 4648 4654
4611 29 4648 4655
4612 34 4649 4656
4613 27 4653 4657
4614 27 4653 4658
4615 27 4653 4659
4616 20 4660 4661
4617 26 4661 4662
4618 6 4662 4663
4619 1 4663 4664
4620 2 4663 4665
4621 29 4660 4666
4622 29 4660 4667
4623 34 4661 4668
4624 27 4665 4669
4625 27 4665 4670
4626 27 4665 4671
4627 20 4672 4673
4628 26 4673 4674
4629 6 4674 4675
4630 1 4675 4676
4631 2 4675 4677
4632 29 4672 4678
4633 29 4672 4679
4634 34 4673 4680
4635 27 4677 4681
4636 27 4677 4682
4637 27 4677 4683
4638 20 4684 4685
4639 26 4685 4686
4640 6 4686 4687
4641 1 4687 4688
4642 2 4687 4689
4643 29 4684 4690
4644 29 4684 4691
4645 34 4685 4692
4646 27 4689 4693
4647 27 4689 4694
4648 27 4689 4695
4649 20 4696 4697
4650 26 4697 4698
4651 6 4698 4699
4652 1 4699 4700
4653 2 4699 4701
4654 29 4696 4702
4655 29 4696 4703
4656 34 4697 4704
4657 27 4701 4705
4658 27 4701 4706
4659 27 4701 4707
4660 20 4708 4709
4661 26 4709 4710
4662 6 4710 4711
4663 1 4711 4712
4664 2 4711 4713
4665 29 4708 4714
4666 29 4708 4715
4667 34 4709 4716
4668 27 4713 4717
4669 27 4713 4718
4670 27 4713 4719
4671 20 4720 4721
4672 26 4721 4722
4673 6 4722 4723
4674 1 4723 4724
4675 2 4723 4725
4676 29 4720 4726
4677 29 4720 4727
4678 34 4721 4728
4679 27 4725 4729
4680 27 4725 4730
4681 27 4725 4731
4682 20 4732 4733
4683 26 4733 4734
4684 6 4734 4735
4685 1 4735 4736
4686 2 4735 4737
4687 29 4732 4738
4688 29 4732 4739
4689 34 4733 4740
4690 27 4737 4741
4691 27 4737 4742
4692 27 4737 4743
4693 20 4744 4745
4694 26 4745 4746
4695 6 4746 4747
4696 1 4747 4748
4697 2 4747 4749
4698 29 4744 4750
4699 29 4744 4751
4700 34 4745 4752
4701 27 4749 4753
4702 27 4749 4754
4703 27 4749 4755
4704 20 4756 4757
4705 26 4757 4758
4706 6 4758 4759
4707 1 4759 4760
4708 2 4759 4761
4709 29 4756 4762
4710 29 4756 4763
4711 34 4757 4764
4712 27 4761 4765
4713 27 4761 4766
4714 27 4761 4767
4715 20 4768 4769
4716 26 4769 4770
4717 6 4770 4771
4718 1 4771 4772
4719 2 4771 4773
4720 29 4768 4774
4721 29 4768 4775
4722 34 4769 4776
4723 27 4773 4777
4724 27 4773 4778
4725 27 4773 4779
4726 20 4780 4781
4727 26 4781 4782
4728 6 4782 4783
4729 1 4783 4784
4730 2 4783 4785
4731 29 4780 4786
4732 29 4780 4787
4733 34 4781 4788
4734 27 4785 4789
4735 27 4785 4790
4736 27 4785 4791
4737 20 4792 4793
4738 26 4793 4794
4739 6 4794 4795
4740 1 4795 4796
4741 2 4795 4797
4742 29 4792 4798
4743 29 4792 4799
4744 34 4793 4800
4745 27 4797 4801
4746 27 4797 4802
4747 27 4797 4803
4748 16 4804 4805
4749 25 4805 4806
4750 6 4806 4807
4751 1 4807 4808
4752 2 4807 4809
4753 29 4804 4810
4754 29 4804 4811
4755 32 4805 4812
4756 32 4805 4813
4757 27 4809 4814
4758 27 4809 4815
4759 27 4809 4816
4760 20 4216 4228
4761 20 4229 4240
4762 20 4241 4252
4763 20 4253 4264
4764 20 4265 4276
4765 20 4277 4288
4766 20 4289 4300
4767 20 4301 4312
4768 20 4313 4324
4769 20 4325 4336
4770 20 4337 4348
4771 20 4349 4360
4772 20 4361 4372
4773 20 4373 4384
4774 20 4385 4396
4775 20 4397 4408
4776 20 4409 4420
4777 20 4421 4432
4778 20 4433 4444
4779 20 4445 4456
4780 20 4457 4468
4781 20 4469 4480
4782 20 4481 4492
4783 20 4493 4504
4784 20 4505 4516
4785 20 4517 4528
4786 20 4529 4540
4787 20 4541 4552
4788 20 4553 4564
4789 20 4565 4576
4790 20 4577 4588
4791 20 4589 4600
4792 20 4601 4612
4793 20 4613 4624
4794 20 4625 4636
4795 20 4637 4648
4796 20 4649 4660
4797 20 4661 4672
4798 20 4673 4684
4799 20 4685 4696
4800 20 4697 4708
4801 20 4709 4720
4802 20 4721 4732
4803 20 4733 4744
4804 20 4745 4756
4805 20 4757 4768
4806 20 4769 4780
4807 20 4781 4792
4808 20 4793 4804
4809 19 4817 4818
4810 26 4818 4819
4811 6 4819 4820
4812 1 4820 4821
4813 2 4820 4822
4814 27 4817 4823
4815 27 4817 4824
4816 27 4817 4825
4817 34 4818 4826
4818 27 4822 4827
4819 27 4822 4828
4820 27 4822 4829
4821 20 4830 4831
4822 26 4831 4832
4823 6 4832 4833
4824 1 4833 4834
4825 2 4833 4835
4826 29 4830 4836
4827 29 4830 4837
4828 34 4831 4838
4829 27 4835 4839
4830 27 4835 4840
4831 27 4835 4841
4832 20 4842 4843
4833 26 4843 4844
4834 6 4844 4845
4835 1 4845 4846
4836 2 4845 4847
4837 29 4842 4848
4838 29 4842 4849
4839 34 4843 4850
4840 27 4847 4851
4841 27 4847 4852
4842 27 4847 4853
4843 20 4854 4855
4844 26 4855 4856
4845 6 4856 4857
4846 1 4857 4858
4847 2 4857 4859
4848 29 4854 4860
4849 29 4854 4861
4850 34 4855 4862
4851 27 4859 4863
4852 27 4859 4864
4853 27 4859 4865
4854 20 4866 4867
4855 26 4867 4868
4856 6 4868 4869
4857 1 4869 4870
4858 2 4869 4871
4859 29 4866 4872
4860 29 4866 4873
4861 34 4867 4874
4862 27 4871 4875
4863 27 4871 4876
4864 27 4871 4877
4865 20 4878 4879
4866 26 4879 4880
4867 6 4880 4881
4868 1 4881 4882
4869 2 4881 4883
4870 29 4878 4884
4871 29 4878 4885
4872 34 4879 4886
4873 27 4883 4887
4874 27 4883 4888
4875 27 4883 4889
4876 20 4890 4891
4877 26 4891 4892
4878 6 4892 4893
4879 1 4893 4894
4880 2 4893 4895
4881 29 4890 4896
4882 29 4890 4897
4883 34 4891 4898
4884 27 4895 4899
4885 27 4895 4900
4886 27 4895 4901
4887 20 4902 4903
4888 26 4903 4904
4889 6 4904 4905
4890 1 4905 4906
4891 2 4905 4907
4892 29 4902 4908
4893 29 4902 4909
4894 34 4903 4910
4895 27 4907 4911
4896 27 4907 4912
4897 27 4907 4913
4898 20 4914 4915
4899 26 4915 4916
4900 6 4916 4917
4901 1 4917 4918
4902 2 4917 4919
4903 29 4914 4920
4904 29 4914 4921
4905 34 4915 4922
4906 27 4919 4923
4907 27 4919 4924
4908 27 4919 4925
4909 20 4926 4927
4910 26 4927 4928
4911 6 4928 4929
4912 1 4929 4930
4913 2 4929 4931
4914 29 4926 4932
4915 29 4926 4933
4916 34 4927 4934
4917 27 4931 4935
4918 27 4931 4936
4919 27 4931 4937
4920 20 4938 4939
4921 26 4939 4940
4922 6 4940 4941
4923 1 4941 4942
4924 2 4941 4943
4925 29 4938 4944
4926 29 4938 4945
4927 34 4939 4946
4928 27 4943 4947
4929 27 4943 4948
4930 27 4943 4949
4931 20 4950 4951
4932 26 4951 4952
4933 6 4952 4953
4934 1 4953 4954
4935 2 4953 4955
4936 29 4950 4956
4937 29 4950 4957
4938 34 4951 4958
4939 27 4955 4959
4940 27 4955 4960
4941 27 4955 4961
4942 20 4962 4963
4943 26 4963 4964
4944 6 4964 4965
4945 1 4965 4966
4946 2 4965 4967
4947 29 4962 4968
4948 29 4962 4969
4949 34 4963 4970
4950 27 4967 4971
4951 27 4967 4972
4952 27 4967 4973
4953 20 4974 4975
4954 26 4975 4976
4955 6 4976 4977
4956 1 4977 4978
4957 2 4977 4979
4958 29 4974 4980
4959 29 4974 4981
4960 34 4975 4982
4961 27 4979 4983
4962 27 4979 4984
4963 27 4979 4985
4964 20 4986 4987
4965 26 4987 4988
4966 6 4988 4989
4967 1 4989 4990
4968 2 4989 4991
4969 29 4986 4992
4970 29 4986 4993
4971 34 4987 4994
4972 27 4991 4995
4973 27 4991 4996
4974 27 4991 4997
4975 20 4998 4999
4976 26 4999 5000
4977 6 5000 5001
4978 1 5001 5002
4979 2 5001 5003
4980 29 4998 5004
4981 29 4998 5005
4982 34 4999 5006
4983 27 5003 5007
4984 27 5003 5008
4985 27 5003 5009
4986 20 5010 5011
4987 26 5011 5012
4988 6 5012 5013
4989 1 5013 5014
4990 2 5013 5015
4991 29 5010 5016
4992 29 5010 5017
4993 34 5011 5018
4994 27 5015 5019
4995 27 5015 5020
4996 27 5015 5021
4997 20 5022 5023
4998 26 5023 5024
4999 6 5024 5025
5000 1 5025 5026
5001 2 5025 5027
5002 29 5022 5028
5003 29 5022 5029
5004 34 5023 5030
5005 27 5027 5031
5006 27 5027 5032
5007 27 5027 5033
5008 20 5034 5035
5009 26 5035 5036
5010 6 5036 5037
5011 1 5037 5038
5012 2 5037 5039
5013 29 5034 5040
5014 29 5034 5041
5015 34 5035 5042
5016 27 5039 5043
5017 27 5039 5044
5018 27 5039 5045
5019 20 5046 5047
5020 26 5047 5048
5021 6 5048 5049
5022 1 5049 5050
5023 2 5049 5051
5024 29 5046 5052
5025 29 5046 5053
5026 34 5047 5054
5027 27 5051 5055
5028 27 5051 5056
5029 27 5051 5057
5030 20 5058 5059
5031 26 5059 5060
5032 6 5060 5061
5033 1 5061 5062
5034 2 5061 5063
5035 29 5058 5064
5036 29 5058 5065
5037 34 5059 5066
5038 27 5063 5067
5039 27 5063 5068
5040 27 5063 5069
5041 20 5070 5071
5042 26 5071 5072
5043 6 5072 5073
5044 1 5073 5074
5045 2 5073 5075
5046 29 5070 5076
5047 29 5070 5077
5048 34 5071 5078
5049 27 5075 5079
5050 27 5075 5080
5051 27 5075 5081
5052 20 5082 5083
5053 26 5083 5084
5054 6 5084 5085
5055 1 5085 5086
5056 2 5085 5087
5057 29 5082 5088
5058 29 5082 5089
5059 34 5083 5090
5060 27 5087 5091
5061 27 5087 5092
5062 27 5087 5093
5063 20 5094 5095
5064 26 5095 5096
5065 6 5096 5097
5066 1 5097 5098
5067 2 5097 5099
5068 29 5094 5100
5069 29 5094 5101
5070 34 5095 5102
5071 27 5099 5103
5072 27 5099 5104
5073 27 5099 5105
5074 20 5106 5107
5075 26 5107 5108
5076 6 5108 5109
5077 1 5109 5110
5078 2 5109 5111
5079 29 5106 5112
5080 29 5106 5113
5081 34 5107 5114
5082 27 5111 5115
5083 27 5111 5116
5084 27 5111 5117
5085 20 5118 5119
5086 26 5119 5120
5087 6 5120 5121
5088 1 5121 5122
5089 2 5121 5123
5090 29 5118 5124
5091 29 5118 5125
5092 34 5119 5126
5093 27 5123 5127
5094 27 5123 5128
5095 27 5123 5129
5096 20 5130 5131
5097 26 5131 5132
5098 6 5132 5133
5099 1 5133 5134
5100 2 5133 5135
5101 29 5130 5136
5102 29 5130 5137
5103 34 5131 5138
5104 27 5135 5139
5105 27 5135 5140
5106 27 5135 5141
5107 20 5142 5143
5108 26 5143 5144
5109 6 5144 5145
5110 1 5145 5146
5111 2 5145 5147
5112 29 5142 5148
5113 29 5142 5149
5114 34 5143 5150
5115 27 5147 5151
5116 27 5147 5152
5117 27 5147 5153
5118 20 5154 5155
5119 26 5155 5156
5120 6 5156 5157
5121 1 5157 5158
5122 2 5157 5159
5123 29 5154 5160
5124 29 5154 5161
5125 34 5155 5162
5126 27 5159 5163
5127 27 5159 5164
5128 27 5159 5165
5129 20 5166 5167
5130 26 5167 5168
5131 6 5168 5169
5132 1 5169 5170
5133 2 5169 5171
5134 29 5166 5172
5135 29 5166 5173
5136 34 5167 5174
5137 27 5171 5175
5138 27 5171 5176
5139 27 5171 5177
5140 20 5178 5179
5141 26 5179 5180
5142 6 5180 5181
5143 1 5181 5182
5144 2 5181 5183
5145 29 5178 5184
5146 29 5178 5185
5147 34 5179 5186
5148 27 5183 5187
5149 27 5183 5188
5150 27 5183 5189
5151 20 5190 5191
5152 26 5191 5192
5153 6 5192 5193
5154 1 5193 5194
5155 2 5193 5195
5156 29 5190 5196
5157 29 5190 5197
5158 34 5191 5198
5159 27 5195 5199
5160 27 5195 5200
5161 27 5195 5201
5162 20 5202 5203
5163 26 5203 5204
5164 6 5204 5205
5165 1 5205 5206
5166 2 5205 5207
5167 29 5202 5208
5168 29 5202 5209
5169 34 5203 5210
5170 27 5207 5211
5171 27 5207 5212
5172 27 5207 5213
5173 20 5214 5215
5174 26 5215 5216
5175 6 5216 5217
5176 1 5217 5218
5177 2 5217 5219
5178 29 5214 5220
5179 29 5214 5221
5180 34 5215 5222
5181 27 5219 5223
5182 27 5219 5224
5183 27 5219 5225
5184 20 5226 5227
5185 26 5227 5228
5186 6 5228 5229
5187 1 5229 5230
5188 2 5229 5231
5189 29 5226 5232
5190 29 5226 5233
5191 34 5227 5234
5192 27 5231 5235
5193 27 5231 5236
5194 27 5231 5237
5195 20 5238 5239
5196 26 5239 5240
5197 6 5240 5241
5198 1 5241 5242
5199 2 5241 5243
5200 29 5238 5244
5201 29 5238 5245
5202 34 5239 5246
5203 27 5243 5247
5204 27 5243 5248
5205 27 5243 5249
5206 20 5250 5251
5207 26 5251 5252
5208 6 5252 5253
5209 1 5253 5254
5210 2 5253 5255
5211 29 5250 5256
5212 29 5250 5257
5213 34 5251 5258
5214 27 5255 5259
5215 27 5255 5260
5216 27 5255 5261
5217 20 5262 5263
5218 26 5263 5264
5219 6 5264 5265
5220 1 5265 5266
5221 2 5265 5267
5222 29 5262 5268
5223 29 5262 5269
5224 34 5263 5270
5225 27 5267 5271
5226 27 5267 5272
5227 27 5267 5273
5228 20 5274 5275
5229 26 5275 5276
5230 6 5276 5277
5231 1 5277 5278
5232 2 5277 5279
5233 29 5274 5280
5234 29 5274 5281
5235 34 5275 5282
5236 27 5279 5283
5237 27 5279 5284
5238 27 5279 5285
5239 20 5286 5287
5240 26 5287 5288
5241 6 5288 5289
5242 1 5289 5290
5243 2 5289 5291
5244 29 5286 5292
5245 29 5286 5293
5246 34 5287 5294
5247 27 5291 5295
5248 27 5291 5296
5249 27 5291 5297
5250 20 5298 5299
5251 26 5299 5300
5252 6 5300 5301
5253 1 5301 5302
5254 2 5301 5303
5255 29 5298 5304
5256 29 5298 5305
5257 34 5299 5306
5258 27 5303 5307
5259 27 5303 5308
5260 27 5303 5309
5261 20 5310 5311
5262 26 5311 5312
5263 6 5312 5313
5264 1 5313 5314
5265 2 5313 5315
5266 29 5310 5316
5267 29 5310 5317
5268 34 5311 5318
5269 27 5315 5319
5270 27 5315 5320
5271 27 5315 5321
5272 20 5322 5323
5273 26 5323 5324
5274 6 5324 5325
5275 1 5325 5326
5276 2 5325 5327
5277 29 5322 5328
5278 29 5322 5329
5279 34 5323 5330
5280 27 5327 5331
5281 27 5327 5332
5282 27 5327 5333
5283 20 5334 5335
5284 26 5335 5336
5285 6 5336 5337
5286 1 5337 5338
5287 2 5337 5339
5288 29 5334 5340
5289 29 5334 5341
5290 34 5335 5342
5291 27 5339 5343
5292 27 5339 5344
5293 27 5339 5345
5294 20 5346 5347
5295 26 5347 5348
5296 6 5348 5349
5297 1 5349 5350
5298 2 5349 5351
5299 29 5346 5352
5300 29 5346 5353
5301 34 5347 5354
5302 27 5351 5355
5303 27 5351 5356
5304 27 5351 5357
5305 20 5358 5359
5306 26 5359 5360
5307 6 5360 5361
5308 1 5361 5362
5309 2 5361 5363
5310 29 5358 5364
5311 29 5358 5365
5312 34 5359 5366
5313 27 5363 5367
5314 27 5363 5368
5315 27 5363 5369
5316 20 5370 5371
5317 26 5371 5372
5318 6 5372 5373
5319 1 5373 5374
5320 2 5373 5375
5321 29 5370 5376
5322 29 5370 5377
5323 34 5371 5378
5324 27 5375 5379
5325 27 5375 5380
5326 27 5375 5381
5327 20 5382 5383
5328 26 5383 5384
5329 6 5384 5385
5330 1 5385 5386
5331 2 5385 5387
5332 29 5382 5388
5333 29 5382 5389
5334 34 5383 5390
5335 27 5387 5391
5336 27 5387 5392
5337 27 5387 5393
5338 20 5394 5395
5339 26 5395 5396
5340 6 5396 5397
5341 1 5397 5398
5342 2 5397 5399
5343 29 5394 5400
5344 29 5394 5401
5345 34 5395 5402
5346 27 5399 5403
5347 27 5399 5404
5348 27 5399 5405
5349 16 5406 5407
5350 25 5407 5408
5351 6 5408 5409
5352 1 5409 5410
5353 2 5409 5411
5354 29 5406 5412
5355 29 5406 5413
5356 32 5407 5414
5357 32 5407 5415
5358 27 5411 5416
5359 27 5411 5417
5360 27 5411 5418
5361 20 4818 4830
5362 20 4831 4842
5363 20 4843 4854
5364 20 4855 4866
5365 20 4867 4878
5366 20 4879 4890
5367 20 4891 4902
5368 20 4903 4914
5369 20 4915 4926
5370 20 4927 4938
5371 20 4939 4950
5372 20 4951 4962
5373 20 4963 4974
5374 20 4975 4986
5375 20 4987 4998
5376 20 4999 5010
5377 20 5011 5022
5378 20 5023 5034
5379 20 5035 5046
5380 20 5047 5058
5381 20 5059 5070
5382 20 5071 5082
5383 20 5083 5094
5384 20 5095 5106
5385 20 5107 5118
5386 20 5119 5130
5387 20 5131 5142
5388 20 5143 5154
5389 20 5155 5166
5390 20 5167 5178
5391 20 5179 5190
5392 20 5191 5202
5393 20 5203 5214
5394 20 5215 5226
5395 20 5227 5238
5396 20 5239 5250
5397 20 5251 5262
5398 20 5263 5274
5399 20 5275 5286
5400 20 5287 5298
5401 20 5299 5310
5402 20 5311 5322
5403 20 5323 5334
5404 20 5335 5346
5405 20 5347 5358
5406 20 5359 5370
5407 20 5371 5382
5408 20 5383 5394
5409 20 5395 5406
5410 19 5419 5420
5411 26 5420 5421
5412 6 5421 5422
5413 1 5422 5423
5414 2 5422 5424
5415 27 5419 5425
5416 27 5419 5426
5417 27 5419 5427
5418 34 5420 5428
5419 27 5424 5429
5420 27 5424 5430
5421 27 5424 5431
5422 20 5432 5433
5423 26 5433 5434
5424 6 5434 5435
5425 1 5435 5436
5426 2 5435 5437
5427 29 5432 5438
5428 29 5432 5439
5429 34 5433 5440
5430 27 5437 5441
5431 27 5437 5442
5432 27 5437 5443
5433 20 5444 5445
5434 26 5445 5446
5435 6 5446 5447
5436 1 5447 5448
5437 2 5447 5449
5438 29 5444 5450
5439 29 5444 5451
5440 34 5445 5452
5441 27 5449 5453
5442 27 5449 5454
5443 27 5449 5455
5444 20 5456 5457
5445 26 5457 5458
5446 6 5458 5459
5447 1 5459 5460
5448 2 5459 5461
5449 29 5456 5462
5450 29 5456 5463
5451 34 5457 5464
5452 27 5461 5465
5453 27 5461 5466
5454 27 5461 5467
5455 20 5468 5469
5456 26 5469 5470
5457 6 5470 5471
5458 1 5471 5472
5459 2 5471 5473
5460 29 5468 5474
5461 29 5468 5475
5462 34 5469 5476
5463 27 5473 5477
5464 27 5473 5478
5465 27 5473 5479
5466 20 5480 5481
5467 26 5481 5482
5468 6 5482 5483
5469 1 5483 5484
5470 2 5483 5485
5471 29 5480 5486
5472 29 5480 5487
5473 34 5481 5488
5474 27 5485 5489
5475 27 5485 5490
5476 27 5485 5491
5477 20 5492 5493
5478 26 5493 5494
5479 6 5494 5495
5480 1 5495 5496
5481 2 5495 5497
5482 29 5492 5498
5483 29 5492 5499
5484 34 5493 5500
5485 27 5497 5501
5486 27 5497 5502
5487 27 5497 5503
5488 20 5504 5505
5489 26 5505 5506
5490 6 5506 5507
5491 1 5507 5508
5492 2 5507 5509
5493 29 5504 5510
5494 29 5504 5511
5495 34 5505 5512
5496 27 5509 5513
5497 27 5509 5514
5498 27 5509 5515
5499 20 5516 5517
5500 26 5517 5518
5501 6 5518 5519
5502 1 5519 5520
5503 2 5519 5521
5504 29 5516 5522
5505 29 5516 5523
5506 34 5517 5524
5507 27 5521 5525
5508 27 5521 5526
5509 27 5521 5527
5510 20 5528 5529
5511 26 5529 5530
5512 6 5530 5531
5513 1 5531 5532
5514 2 5531 5533
5515 29 5528 5534
5516 29 5528 5535
5517 34 5529 5536
5518 27 5533 5537
5519 27 5533 5538
5520 27 5533 5539
5521 20 5540 5541
5522 26 5541 5542
5523 6 5542 5543
5524 1 5543 5544
5525 2 5543 5545
5526 29 5540 5546
5527 29 5540 5547
5528 34 5541 5548
5529 27 5545 5549
5530 27 5545 5550
5531 27 5545 5551
5532 20 5552 5553
5533 26 5553 5554
5534 6 5554 5555
5535 1 5555 5556
5536 2 5555 5557
5537 29 5552 5558
5538 29 5552 5559
5539 34 5553 5560
5540 27 5557 5561
5541 27 5557 5562
5542 27 5557 5563
5543 20 5564 5565
5544 26 5565 5566
5545 6 5566 5567
5546 1 5567 5568
5547 2 5567 5569
5548 29 5564 5570
5549 29 5564 5571
5550 34 5565 5572
5551 27 5569 5573
5552 27 5569 5574
5553 27 5569 5575
5554 20 5576 5577
5555 26 5577 5578
5556 6 5578 5579
5557 1 5579 5580
5558 2 5579 5581
5559 29 5576 5582
5560 29 5576 5583
5561 34 5577 5584
5562 27 5581 5585
5563 27 5581 5586
5564 27 5581 5587
5565 20 5588 5589
5566 26 5589 5590
5567 6 5590 5591
5568 1 5591 5592
5569 2 5591 5593
5570 29 5588 5594
5571 29 5588 5595
5572 34 5589 5596
5573 27 5593 5597
5574 27 5593 5598
5575 27 5593 5599
5576 20 5600 5601
5577 26 5601 5602
5578 6 5602 5603
5579 1 5603 5604
5580 2 5603 5605
5581 29 5600 5606
5582 29 5600 5607
5583 34 5601 5608
5584 27 5605 5609
5585 27 5605 5610
5586 27 5605 5611
5587 20 5612 5613
5588 26 5613 5614
5589 6 5614 5615
5590 1 5615 5616
5591 2 5615 5617
5592 29 5612 5618
5593 29 5612 5619
5594 34 5613 5620
5595 27 5617 5621
5596 27 5617 5622
5597 27 5617 5623
5598 20 5624 5625
5599 26 5625 5626
5600 6 5626 5627
5601 1 5627 5628
5602 2 5627 5629
5603 29 5624 5630
5604 29 5624 5631
5605 34 5625 5632
5606 27 5629 5633
5607 27 5629 5634
5608 27 5629 5635
5609 20 5636 5637
5610 26 5637 5638
5611 6 5638 5639
5612 1 5639 5640
5613 2 5639 5641
5614 29 5636 5642
5615 29 5636 5643
5616 34 5637 5644
5617 27 5641 5645
5618 27 5641 5646
5619 27 5641 5647
5620 20 5648 5649
5621 26 5649 5650
5622 6 5650 5651
5623 1 5651 5652
5624 2 5651 5653
5625 29 5648 5654
5626 29 5648 5655
5627 34 5649 5656
5628 27 5653 5657
5629 27 5653 5658
5630 27 5653 5659
5631 20 5660 5661
5632 26 5661 5662
5633 6 5662 5663
5634 1 5663 5664
5635 2 5663 5665
5636 29 5660 5666
5637 29 5660 5667
5638 34 5661 5668
5639 27 5665 5669
5640 27 5665 5670
5641 27 5665 5671
5642 20 5672 5673
5643 26 5673 5674
5644 6 5674 5675
5645 1 5675 5676
5646 2 5675 5677
5647 29 5672 5678
5648 29 5672 5679
5649 34 5673 5680
5650 27 5677 5681
5651 27 5677 5682
5652 27 5677 5683
5653 20 5684 5685
5654 26 5685 5686
5655 6 5686 5687
5656 1 5687 5688
5657 2 5687 5689
5658 29 5684 5690
5659 29 5684 5691
5660 34 5685 5692
5661 27 5689 5693
5662 27 5689 5694
5663 27 5689 5695
5664 20 5696 5697
5665 26 5697 5698
5666 6 5698 5699
5667 1 5699 5700
5668 2 5699 5701
5669 29 5696 5702
5670 29 5696 5703
5671 34 5697 5704
5672 27 5701 5705
5673 27 5701 5706
5674 27 5701 5707
5675 20 5708 5709
5676 26 5709 5710
5677 6 5710 5711
5678 1 5711 5712
5679 2 5711 5713
5680 29 5708 5714
5681 29 5708 5715
5682 34 5709 5716
5683 27 5713 5717
5684 27 5713 5718
5685 27 5713 5719
5686 20 5720 5721
5687 26 5721 5722
5688 6 5722 5723
5689 1 5723 5724
5690 2 5723 5725
5691 29 5720 5726
5692 29 5720 5727
5693 34 5721 5728
5694 27 5725 5729
5695 27 5725 5730
5696 27 5725 5731
5697 20 5732 5733
5698 26 5733 5734
5699 6 5734 5735
5700 1 5735 5736
5701 2 5735 5737
5702 29 5732 5738
5703 29 5732 5739
5704 34 5733 5740
5705 27 5737 5741
5706 27 5737 5742
5707 27 5737 5743
5708 20 5744 5745
5709 26 5745 5746
5710 6 5746 5747
5711 1 5747 5748
5712 2 5747 5749
5713 29 5744 5750
5714 29 5744 5751
5715 34 5745 5752
5716 27 5749 5753
5717 27 5749 5754
5718 27 5749 5755
5719 20 5756 5757
5720 26 5757 5758
5721 6 5758 5759
5722 1 5759 5760
5723 2 5759 5761
5724 29 5756 5762
5725 29 5756 5763
5726 34 5757 5764
5727 27 5761 5765
5728 27 5761 5766
5729 27 5761 5767
5730 20 5768 5769
5731 26 5769 5770
5732 6 5770 5771
5733 1 5771 5772
5734 2 5771 5773
5735 29 5768 5774
5736 29 5768 5775
5737 34 5769 5776
5738 27 5773 5777
5739 27 5773 5778
5740 27 5773 5779
5741 20 5780 5781
5742 26 5781 5782
5743 6 5782 5783
5744 1 5783 5784
5745 2 5783 5785
5746 29 5780 5786
5747 29 5780 5787
5748 34 5781 5788
5749 27 5785 5789
5750 27 5785 5790
5751 27 5785 5791
5752 20 5792 5793
5753 26 5793 5794
5754 6 5794 5795
5755 1 5795 5796
5756 2 5795 5797
5757 29 5792 5798
5758 29 5792 5799
5759 34 5793 5800
5760 27 5797 5801
5761 27 5797 5802
5762 27 5797 5803
5763 20 5804 5805
5764 26 5805 5806
5765 6 5806 5807
5766 1 5807 5808
5767 2 5807 5809
5768 29 5804 5810
5769 29 5804 5811
5770 34 5805 5812
5771 27 5809 5813
5772 27 5809 5814
5773 27 5809 5815
5774 20 5816 5817
5775 26 5817 5818
5776 6 5818 5819
5777 1 5819 5820
5778 2 5819 5821
5779 29 5816 5822
5780 29 5816 5823
5781 34 5817 5824
5782 27 5821 5825
5783 27 5821 5826
5784 27 5821 5827
5785 20 5828 5829
5786 26 5829 5830
5787 6 5830 5831
5788 1 5831 5832
5789 2 5831 5833
5790 29 5828 5834
5791 29 5828 5835
5792 34 5829 5836
5793 27 5833 5837
5794 27 5833 5838
5795 27 5833 5839
5796 20 5840 5841
5797 26 5841 5842
5798 6 5842 5843
5799 1 5843 5844
5800 2 5843 5845
5801 29 5840 5846
5802 29 5840 5847
5803 34 5841 5848
5804 27 5845 5849
5805 27 5845 5850
5806 27 5845 5851
5807 20 5852 5853
5808 26 5853 5854
5809 6 5854 5855
5810 1 5855 5856
5811 2 5855 5857
5812 29 5852 5858
5813 29 5852 5859
5814 34 5853 5860
5815 27 5857 5861
5816 27 5857 5862
5817 27 5857 5863
5818 20 5864 5865
5819 26 5865 5866
5820 6 5866 5867
5821 1 5867 5868
5822 2 5867 5869
5823 29 5864 5870
5824 29 5864 5871
5825 34 5865 5872
5826 27 5869 5873
5827 27 5869 5874
5828 27 5869 5875
5829 20 5876 5877
5830 26 5877 5878
5831 6 5878 5879
5832 1 5879 5880
5833 2 5879 5881
5834 29 5876 5882
5835 29 5876 5883
5836 34 5877 5884
5837 27 5881 5885
5838 27 5881 5886
5839 27 5881 5887
5840 20 5888 5889
5841 26 5889 5890
5842 6 5890 5891
5843 1 5891 5892
5844 2 5891 5893
5845 29 5888 5894
5846 29 5888 5895
5847 34 5889 5896
5848 27 5893 5897
5849 27 5893 5898
5850 27 5893 5899
5851 20 5900 5901
5852 26 5901 5902
5853 6 5902 5903
5854 1 5903 5904
5855 2 5903 5905
5856 29 5900 5906
5857 29 5900 5907
5858 34 5901 5908
5859 27 5905 5909
5860 27 5905 5910
5861 27 5905 5911
5862 20 5912 5913
5863 26 5913 5914
5864 6 5914 5915
5865 1 5915 5916
5866 2 5915 5917
5867 29 5912 5918
5868 29 5912 5919
5869 34 5913 5920
5870 27 5917 5921
5871 27 5917 5922
5872 27 5917 5923
5873 20 5924 5925
5874 26 5925 5926
5875 6 5926 5927
5876 1 5927 5928
5877 2 5927 5929
5878 29 5924 5930
5879 29 5924 5931
5880 34 5925 5932
5881 27 5929 5933
5882 27 5929 5934
5883 27 5929 5935
5884 20 5936 5937
5885 26 5937 5938
5886 6 5938 5939
5887 1 5939 5940
5888 2 5939 5941
5889 29 5936 5942
5890 29 5936 5943
5891 34 5937 5944
5892 27 5941 5945
5893 27 5941 5946
5894 27 5941 5947
5895 20 5948 5949
5896 26 5949 5950
5897 6 5950 5951
5898 1 5951 5952
5899 2 5951 5953
5900 29 5948 5954
5901 29 5948 5955
5902 34 5949 5956
5903 27 5953 5957
5904 27 5953 5958
5905 27 5953 5959
5906 20 5960 5961
5907 26 5961 5962
5908 6 5962 5963
5909 1 5963 5964
5910 2 5963 5965
5911 29 5960 5966
5912 29 5960 5967
5913 34 5961 5968
5914 27 5965 5969
5915 27 5965 5970
5916 27 5965 5971
5917 20 5972 5973
5918 26 5973 5974
5919 6 5974 5975
5920 1 5975 5976
5921 2 5975 5977
5922 29 5972 5978
5923 29 5972 5979
5924 34 5973 5980
5925 27 5977 5981
5926 27 5977 5982
5927 27 5977 5983
5928 20 5984 5985
5929 26 5985 5986
5930 6 5986 5987
5931 1 5987 5988
5932 2 5987 5989
5933 29 5984 5990
5934 29 5984 5991
5935 34 5985 5992
5936 27 5989 5993
5937 27 5989 5994
5938 27 5989 5995
5939 20 5996 5997
5940 26 5997 5998
5941 6 5998 5999
5942 1 5999 6000
5943 2 5999 6001
5944 29 5996 6002
5945 29 5996 6003
5946 34 5997 6004
5947 27 6001 6005
5948 27 6001 6006
5949 27 6001 6007
5950 16 6008 6009
5951 25 6009 6010
5952 6 6010 6011
5953 1 6011 6012
5954 2 6011 6013
5955 29 6008 6014
5956 29 6008 6015
5957 32 6009 6016
5958 32 6009 6017
5959 27 6013 6018
5960 27 6013 6019
5961 27 6013 6020
5962 20 5420 5432
5963 20 5433 5444
5964 20 5445 5456
5965 20 5457 5468
5966 20 5469 5480
5967 20 5481 5492
5968 20 5493 5504
5969 20 5505 5516
5970 20 5517 5528
5971 20 5529 5540
5972 20 5541 5552
5973 20 5553 5564
5974 20 5565 5576
5975 20 5577 5588
5976 20 5589 5600
5977 20 5601 5612
5978 20 5613 5624
5979 20 5625 5636
5980 20 5637 5648
5981 20 5649 5660
5982 20 5661 5672
5983 20 5673 5684
5984 20 5685 5696
5985 20 5697 5708
5986 20 5709 5720
5987 20 5721 5732
5988 20 5733 5744
5989 20 5745 5756
5990 20 5757 5768
5991 20 5769 5780
5992 20 5781 5792
5993 20 5793 5804
5994 20 5805 5816
5995 20 5817 5828
5996 20 5829 5840
5997 20 5841 5852
5998 20 5853 5864
5999 20 5865 5876
6000 20 5877 5888
6001 20 5889 5900
6002 20 5901 5912
6003 20 5913 5924
6004 20 5925 5936
6005 20 5937 5948
6006 20 5949 5960
6007 20 5961 5972
6008 20 5973 5984
6009 20 5985 5996
6010 20 5997 6008
