1 1 5 4 6
2 1 18 17 19
3 1 30 29 31
4 1 42 41 43
5 1 54 53 55
6 1 66 65 67
7 1 78 77 79
8 1 90 89 91
9 1 102 101 103
10 1 114 113 115
11 1 126 125 127
12 1 138 137 139
13 1 150 149 151
14 1 162 161 163
15 1 174 173 175
16 1 186 185 187
17 1 198 197 199
18 1 210 209 211
19 1 222 221 223
20 1 234 233 235
21 1 246 245 247
22 1 258 257 259
23 1 270 269 271
24 1 282 281 283
25 1 294 293 295
26 1 306 305 307
27 1 318 317 319
28 1 330 329 331
29 1 342 341 343
30 1 354 353 355
31 1 366 365 367
32 1 378 377 379
33 1 390 389 391
34 1 402 401 403
35 1 414 413 415
36 1 426 425 427
37 1 438 437 439
38 1 450 449 451
39 1 462 461 463
40 1 474 473 475
41 1 486 485 487
42 1 498 497 499
43 1 510 509 511
44 1 522 521 523
45 1 534 533 535
46 1 546 545 547
47 1 558 557 559
48 1 570 569 571
49 1 582 581 583
50 1 594 593 595
51 1 607 606 608
52 1 620 619 621
53 1 632 631 633
54 1 644 643 645
55 1 656 655 657
56 1 668 667 669
57 1 680 679 681
58 1 692 691 693
59 1 704 703 705
60 1 716 715 717
61 1 728 727 729
62 1 740 739 741
63 1 752 751 753
64 1 764 763 765
65 1 776 775 777
66 1 788 787 789
67 1 800 799 801
68 1 812 811 813
69 1 824 823 825
70 1 836 835 837
71 1 848 847 849
72 1 860 859 861
73 1 872 871 873
74 1 884 883 885
75 1 896 895 897
76 1 908 907 909
77 1 920 919 921
78 1 932 931 933
79 1 944 943 945
80 1 956 955 957
81 1 968 967 969
82 1 980 979 981
83 1 992 991 993
84 1 1004 1003 1005
85 1 1016 1015 1017
86 1 1028 1027 1029
87 1 1040 1039 1041
88 1 1052 1051 1053
89 1 1064 1063 1065
90 1 1076 1075 1077
91 1 1088 1087 1089
92 1 1100 1099 1101
93 1 1112 1111 1113
94 1 1124 1123 1125
95 1 1136 1135 1137
96 1 1148 1147 1149
97 1 1160 1159 1161
98 1 1172 1171 1173
99 1 1184 1183 1185
100 1 1196 1195 1197
101 1 1209 1208 1210
102 1 1222 1221 1223
103 1 1234 1233 1235
104 1 1246 1245 1247
105 1 1258 1257 1259
106 1 1270 1269 1271
107 1 1282 1281 1283
108 1 1294 1293 1295
109 1 1306 1305 1307
110 1 1318 1317 1319
111 1 1330 1329 1331
112 1 1342 1341 1343
113 1 1354 1353 1355
114 1 1366 1365 1367
115 1 1378 1377 1379
116 1 1390 1389 1391
117 1 1402 1401 1403
118 1 1414 1413 1415
119 1 1426 1425 1427
120 1 1438 1437 1439
121 1 1450 1449 1451
122 1 1462 1461 1463
123 1 1474 1473 1475
124 1 1486 1485 1487
125 1 1498 1497 1499
126 1 1510 1509 1511
127 1 1522 1521 1523
128 1 1534 1533 1535
129 1 1546 1545 1547
130 1 1558 1557 1559
131 1 1570 1569 1571
132 1 1582 1581 1583
133 1 1594 1593 1595
134 1 1606 1605 1607
135 1 1618 1617 1619
136 1 1630 1629 1631
137 1 1642 1641 1643
138 1 1654 1653 1655
139 1 1666 1665 1667
140 1 1678 1677 1679
141 1 1690 1689 1691
142 1 1702 1701 1703
143 1 1714 1713 1715
144 1 1726 1725 1727
145 1 1738 1737 1739
146 1 1750 1749 1751
147 1 1762 1761 1763
148 1 1774 1773 1775
149 1 1786 1785 1787
150 1 1798 1797 1799
151 1 1811 1810 1812
152 1 1824 1823 1825
153 1 1836 1835 1837
154 1 1848 1847 1849
155 1 1860 1859 1861
156 1 1872 1871 1873
157 1 1884 1883 1885
158 1 1896 1895 1897
159 1 1908 1907 1909
160 1 1920 1919 1921
161 1 1932 1931 1933
162 1 1944 1943 1945
163 1 1956 1955 1957
164 1 1968 1967 1969
165 1 1980 1979 1981
166 1 1992 1991 1993
167 1 2004 2003 2005
168 1 2016 2015 2017
169 1 2028 2027 2029
170 1 2040 2039 2041
171 1 2052 2051 2053
172 1 2064 2063 2065
173 1 2076 2075 2077
174 1 2088 2087 2089
175 1 2100 2099 2101
176 1 2112 2111 2113
177 1 2124 2123 2125
178 1 2136 2135 2137
179 1 2148 2147 2149
180 1 2160 2159 2161
181 1 2172 2171 2173
182 1 2184 2183 2185
183 1 2196 2195 2197
184 1 2208 2207 2209
185 1 2220 2219 2221
186 1 2232 2231 2233
187 1 2244 2243 2245
188 1 2256 2255 2257
189 1 2268 2267 2269
190 1 2280 2279 2281
191 1 2292 2291 2293
192 1 2304 2303 2305
193 1 2316 2315 2317
194 1 2328 2327 2329
195 1 2340 2339 2341
196 1 2352 2351 2353
197 1 2364 2363 2365
198 1 2376 2375 2377
199 1 2388 2387 2389
200 1 2400 2399 2401
201 1 2413 2412 2414
202 1 2426 2425 2427
203 1 2438 2437 2439
204 1 2450 2449 2451
205 1 2462 2461 2463
206 1 2474 2473 2475
207 1 2486 2485 2487
208 1 2498 2497 2499
209 1 2510 2509 2511
210 1 2522 2521 2523
211 1 2534 2533 2535
212 1 2546 2545 2547
213 1 2558 2557 2559
214 1 2570 2569 2571
215 1 2582 2581 2583
216 1 2594 2593 2595
217 1 2606 2605 2607
218 1 2618 2617 2619
219 1 2630 2629 2631
220 1 2642 2641 2643
221 1 2654 2653 2655
222 1 2666 2665 2667
223 1 2678 2677 2679
224 1 2690 2689 2691
225 1 2702 2701 2703
226 1 2714 2713 2715
227 1 2726 2725 2727
228 1 2738 2737 2739
229 1 2750 2749 2751
230 1 2762 2761 2763
231 1 2774 2773 2775
232 1 2786 2785 2787
233 1 2798 2797 2799
234 1 2810 2809 2811
235 1 2822 2821 2823
236 1 2834 2833 2835
237 1 2846 2845 2847
238 1 2858 2857 2859
239 1 2870 2869 2871
240 1 2882 2881 2883
241 1 2894 2893 2895
242 1 2906 2905 2907
243 1 2918 2917 2919
244 1 2930 2929 2931
245 1 2942 2941 2943
246 1 2954 2953 2955
247 1 2966 2965 2967
248 1 2978 2977 2979
249 1 2990 2989 2991
250 1 3002 3001 3003
251 1 3015 3014 3016
252 1 3028 3027 3029
253 1 3040 3039 3041
254 1 3052 3051 3053
255 1 3064 3063 3065
256 1 3076 3075 3077
257 1 3088 3087 3089
258 1 3100 3099 3101
259 1 3112 3111 3113
260 1 3124 3123 3125
261 1 3136 3135 3137
262 1 3148 3147 3149
263 1 3160 3159 3161
264 1 3172 3171 3173
265 1 3184 3183 3185
266 1 3196 3195 3197
267 1 3208 3207 3209
268 1 3220 3219 3221
269 1 3232 3231 3233
270 1 3244 3243 3245
271 1 3256 3255 3257
272 1 3268 3267 3269
273 1 3280 3279 3281
274 1 3292 3291 3293
275 1 3304 3303 3305
276 1 3316 3315 3317
277 1 3328 3327 3329
278 1 3340 3339 3341
279 1 3352 3351 3353
280 1 3364 3363 3365
281 1 3376 3375 3377
282 1 3388 3387 3389
283 1 3400 3399 3401
284 1 3412 3411 3413
285 1 3424 3423 3425
286 1 3436 3435 3437
287 1 3448 3447 3449
288 1 3460 3459 3461
289 1 3472 3471 3473
290 1 3484 3483 3485
291 1 3496 3495 3497
292 1 3508 3507 3509
293 1 3520 3519 3521
294 1 3532 3531 3533
295 1 3544 3543 3545
296 1 3556 3555 3557
297 1 3568 3567 3569
298 1 3580 3579 3581
299 1 3592 3591 3593
300 1 3604 3603 3605
301 1 3617 3616 3618
302 1 3630 3629 3631
303 1 3642 3641 3643
304 1 3654 3653 3655
305 1 3666 3665 3667
306 1 3678 3677 3679
307 1 3690 3689 3691
308 1 3702 3701 3703
309 1 3714 3713 3715
310 1 3726 3725 3727
311 1 3738 3737 3739
312 1 3750 3749 3751
313 1 3762 3761 3763
314 1 3774 3773 3775
315 1 3786 3785 3787
316 1 3798 3797 3799
317 1 3810 3809 3811
318 1 3822 3821 3823
319 1 3834 3833 3835
320 1 3846 3845 3847
321 1 3858 3857 3859
322 1 3870 3869 3871
323 1 3882 3881 3883
324 1 3894 3893 3895
325 1 3906 3905 3907
326 1 3918 3917 3919
327 1 3930 3929 3931
328 1 3942 3941 3943
329 1 3954 3953 3955
330 1 3966 3965 3967
331 1 3978 3977 3979
332 1 3990 3989 3991
333 1 4002 4001 4003
334 1 4014 4013 4015
335 1 4026 4025 4027
336 1 4038 4037 4039
337 1 4050 4049 4051
338 1 4062 4061 4063
339 1 4074 4073 4075
340 1 4086 4085 4087
341 1 4098 4097 4099
342 1 4110 4109 4111
343 1 4122 4121 4123
344 1 4134 4133 4135
345 1 4146 4145 4147
346 1 4158 4157 4159
347 1 4170 4169 4171
348 1 4182 4181 4183
349 1 4194 4193 4195
350 1 4206 4205 4207
351 1 4219 4218 4220
352 1 4232 4231 4233
353 1 4244 4243 4245
354 1 4256 4255 4257
355 1 4268 4267 4269
356 1 4280 4279 4281
357 1 4292 4291 4293
358 1 4304 4303 4305
359 1 4316 4315 4317
360 1 4328 4327 4329
361 1 4340 4339 4341
362 1 4352 4351 4353
363 1 4364 4363 4365
364 1 4376 4375 4377
365 1 4388 4387 4389
366 1 4400 4399 4401
367 1 4412 4411 4413
368 1 4424 4423 4425
369 1 4436 4435 4437
370 1 4448 4447 4449
371 1 4460 4459 4461
372 1 4472 4471 4473
373 1 4484 4483 4485
374 1 4496 4495 4497
375 1 4508 4507 4509
376 1 4520 4519 4521
377 1 4532 4531 4533
378 1 4544 4543 4545
379 1 4556 4555 4557
380 1 4568 4567 4569
381 1 4580 4579 4581
382 1 4592 4591 4593
383 1 4604 4603 4605
384 1 4616 4615 4617
385 1 4628 4627 4629
386 1 4640 4639 4641
387 1 4652 4651 4653
388 1 4664 4663 4665
389 1 4676 4675 4677
390 1 4688 4687 4689
391 1 4700 4699 4701
392 1 4712 4711 4713
393 1 4724 4723 4725
394 1 4736 4735 4737
395 1 4748 4747 4749
396 1 4760 4759 4761
397 1 4772 4771 4773
398 1 4784 4783 4785
399 1 4796 4795 4797
400 1 4808 4807 4809
401 1 4821 4820 4822
402 1 4834 4833 4835
403 1 4846 4845 4847
404 1 4858 4857 4859
405 1 4870 4869 4871
406 1 4882 4881 4883
407 1 4894 4893 4895
408 1 4906 4905 4907
409 1 4918 4917 4919
410 1 4930 4929 4931
411 1 4942 4941 4943
412 1 4954 4953 4955
413 1 4966 4965 4967
414 1 4978 4977 4979
415 1 4990 4989 4991
416 1 5002 5001 5003
417 1 5014 5013 5015
418 1 5026 5025 5027
419 1 5038 5037 5039
420 1 5050 5049 5051
421 1 5062 5061 5063
422 1 5074 5073 5075
423 1 5086 5085 5087
424 1 5098 5097 5099
425 1 5110 5109 5111
426 1 5122 5121 5123
427 1 5134 5133 5135
428 1 5146 5145 5147
429 1 5158 5157 5159
430 1 5170 5169 5171
431 1 5182 5181 5183
432 1 5194 5193 5195
433 1 5206 5205 5207
434 1 5218 5217 5219
435 1 5230 5229 5231
436 1 5242 5241 5243
437 1 5254 5253 5255
438 1 5266 5265 5267
439 1 5278 5277 5279
440 1 5290 5289 5291
441 1 5302 5301 5303
442 1 5314 5313 5315
443 1 5326 5325 5327
444 1 5338 5337 5339
445 1 5350 5349 5351
446 1 5362 5361 5363
447 1 5374 5373 5375
448 1 5386 5385 5387
449 1 5398 5397 5399
450 1 5410 5409 5411
451 1 5423 5422 5424
452 1 5436 5435 5437
453 1 5448 5447 5449
454 1 5460 5459 5461
455 1 5472 5471 5473
456 1 5484 5483 5485
457 1 5496 5495 5497
458 1 5508 5507 5509
459 1 5520 5519 5521
460 1 5532 5531 5533
461 1 5544 5543 5545
462 1 5556 5555 5557
463 1 5568 5567 5569
464 1 5580 5579 5581
465 1 5592 5591 5593
466 1 5604 5603 5605
467 1 5616 5615 5617
468 1 5628 5627 5629
469 1 5640 5639 5641
470 1 5652 5651 5653
471 1 5664 5663 5665
472 1 5676 5675 5677
473 1 5688 5687 5689
474 1 5700 5699 5701
475 1 5712 5711 5713
476 1 5724 5723 5725
477 1 5736 5735 5737
478 1 5748 5747 5749
479 1 5760 5759 5761
480 1 5772 5771 5773
481 1 5784 5783 5785
482 1 5796 5795 5797
483 1 5808 5807 5809
484 1 5820 5819 5821
485 1 5832 5831 5833
486 1 5844 5843 5845
487 1 5856 5855 5857
488 1 5868 5867 5869
489 1 5880 5879 5881
490 1 5892 5891 5893
491 1 5904 5903 5905
492 1 5916 5915 5917
493 1 5928 5927 5929
494 1 5940 5939 5941
495 1 5952 5951 5953
496 1 5964 5963 5965
497 1 5976 5975 5977
498 1 5988 5987 5989
499 1 6000 5999 6001
500 1 6012 6011 6013
501 5 3 4 6
502 5 16 17 19
503 5 28 29 31
504 5 40 41 43
505 5 52 53 55
506 5 64 65 67
507 5 76 77 79
508 5 88 89 91
509 5 100 101 103
510 5 112 113 115
511 5 124 125 127
512 5 136 137 139
513 5 148 149 151
514 5 160 161 163
515 5 172 173 175
516 5 184 185 187
517 5 196 197 199
518 5 208 209 211
519 5 220 221 223
520 5 232 233 235
521 5 244 245 247
522 5 256 257 259
523 5 268 269 271
524 5 280 281 283
525 5 292 293 295
526 5 304 305 307
527 5 316 317 319
528 5 328 329 331
529 5 340 341 343
530 5 352 353 355
531 5 364 365 367
532 5 376 377 379
533 5 388 389 391
534 5 400 401 403
535 5 412 413 415
536 5 424 425 427
537 5 436 437 439
538 5 448 449 451
539 5 460 461 463
540 5 472 473 475
541 5 484 485 487
542 5 496 497 499
543 5 508 509 511
544 5 520 521 523
545 5 532 533 535
546 5 544 545 547
547 5 556 557 559
548 5 568 569 571
549 5 580 581 583
550 5 592 593 595
551 5 605 606 608
552 5 618 619 621
553 5 630 631 633
554 5 642 643 645
555 5 654 655 657
556 5 666 667 669
557 5 678 679 681
558 5 690 691 693
559 5 702 703 705
560 5 714 715 717
561 5 726 727 729
562 5 738 739 741
563 5 750 751 753
564 5 762 763 765
565 5 774 775 777
566 5 786 787 789
567 5 798 799 801
568 5 810 811 813
569 5 822 823 825
570 5 834 835 837
571 5 846 847 849
572 5 858 859 861
573 5 870 871 873
574 5 882 883 885
575 5 894 895 897
576 5 906 907 909
577 5 918 919 921
578 5 930 931 933
579 5 942 943 945
580 5 954 955 957
581 5 966 967 969
582 5 978 979 981
583 5 990 991 993
584 5 1002 1003 1005
585 5 1014 1015 1017
586 5 1026 1027 1029
587 5 1038 1039 1041
588 5 1050 1051 1053
589 5 1062 1063 1065
590 5 1074 1075 1077
591 5 1086 1087 1089
592 5 1098 1099 1101
593 5 1110 1111 1113
594 5 1122 1123 1125
595 5 1134 1135 1137
596 5 1146 1147 1149
597 5 1158 1159 1161
598 5 1170 1171 1173
599 5 1182 1183 1185
600 5 1194 1195 1197
601 5 1207 1208 1210
602 5 1220 1221 1223
603 5 1232 1233 1235
604 5 1244 1245 1247
605 5 1256 1257 1259
606 5 1268 1269 1271
607 5 1280 1281 1283
608 5 1292 1293 1295
609 5 1304 1305 1307
610 5 1316 1317 1319
611 5 1328 1329 1331
612 5 1340 1341 1343
613 5 1352 1353 1355
614 5 1364 1365 1367
615 5 1376 1377 1379
616 5 1388 1389 1391
617 5 1400 1401 1403
618 5 1412 1413 1415
619 5 1424 1425 1427
620 5 1436 1437 1439
621 5 1448 1449 1451
622 5 1460 1461 1463
623 5 1472 1473 1475
624 5 1484 1485 1487
625 5 1496 1497 1499
626 5 1508 1509 1511
627 5 1520 1521 1523
628 5 1532 1533 1535
629 5 1544 1545 1547
630 5 1556 1557 1559
631 5 1568 1569 1571
632 5 1580 1581 1583
633 5 1592 1593 1595
634 5 1604 1605 1607
635 5 1616 1617 1619
636 5 1628 1629 1631
637 5 1640 1641 1643
638 5 1652 1653 1655
639 5 1664 1665 1667
640 5 1676 1677 1679
641 5 1688 1689 1691
642 5 1700 1701 1703
643 5 1712 1713 1715
644 5 1724 1725 1727
645 5 1736 1737 1739
646 5 1748 1749 1751
647 5 1760 1761 1763
648 5 1772 1773 1775
649 5 1784 1785 1787
650 5 1796 1797 1799
651 5 1809 1810 1812
652 5 1822 1823 1825
653 5 1834 1835 1837
654 5 1846 1847 1849
655 5 1858 1859 1861
656 5 1870 1871 1873
657 5 1882 1883 1885
658 5 1894 1895 1897
659 5 1906 1907 1909
660 5 1918 1919 1921
661 5 1930 1931 1933
662 5 1942 1943 1945
663 5 1954 1955 1957
664 5 1966 1967 1969
665 5 1978 1979 1981
666 5 1990 1991 1993
667 5 2002 2003 2005
668 5 2014 2015 2017
669 5 2026 2027 2029
670 5 2038 2039 2041
671 5 2050 2051 2053
672 5 2062 2063 2065
673 5 2074 2075 2077
674 5 2086 2087 2089
675 5 2098 2099 2101
676 5 2110 2111 2113
677 5 2122 2123 2125
678 5 2134 2135 2137
679 5 2146 2147 2149
680 5 2158 2159 2161
681 5 2170 2171 2173
682 5 2182 2183 2185
683 5 2194 2195 2197
684 5 2206 2207 2209
685 5 2218 2219 2221
686 5 2230 2231 2233
687 5 2242 2243 2245
688 5 2254 2255 2257
689 5 2266 2267 2269
690 5 2278 2279 2281
691 5 2290 2291 2293
692 5 2302 2303 2305
693 5 2314 2315 2317
694 5 2326 2327 2329
695 5 2338 2339 2341
696 5 2350 2351 2353
697 5 2362 2363 2365
698 5 2374 2375 2377
699 5 2386 2387 2389
700 5 2398 2399 2401
701 5 2411 2412 2414
702 5 2424 2425 2427
703 5 2436 2437 2439
704 5 2448 2449 2451
705 5 2460 2461 2463
706 5 2472 2473 2475
707 5 2484 2485 2487
708 5 2496 2497 2499
709 5 2508 2509 2511
710 5 2520 2521 2523
711 5 2532 2533 2535
712 5 2544 2545 2547
713 5 2556 2557 2559
714 5 2568 2569 2571
715 5 2580 2581 2583
716 5 2592 2593 2595
717 5 2604 2605 2607
718 5 2616 2617 2619
719 5 2628 2629 2631
720 5 2640 2641 2643
721 5 2652 2653 2655
722 5 2664 2665 2667
723 5 2676 2677 2679
724 5 2688 2689 2691
725 5 2700 2701 2703
726 5 2712 2713 2715
727 5 2724 2725 2727
728 5 2736 2737 2739
729 5 2748 2749 2751
730 5 2760 2761 2763
731 5 2772 2773 2775
732 5 2784 2785 2787
733 5 2796 2797 2799
734 5 2808 2809 2811
735 5 2820 2821 2823
736 5 2832 2833 2835
737 5 2844 2845 2847
738 5 2856 2857 2859
739 5 2868 2869 2871
740 5 2880 2881 2883
741 5 2892 2893 2895
742 5 2904 2905 2907
743 5 2916 2917 2919
744 5 2928 2929 2931
745 5 2940 2941 2943
746 5 2952 2953 2955
747 5 2964 2965 2967
748 5 2976 2977 2979
749 5 2988 2989 2991
750 5 3000 3001 3003
751 5 3013 3014 3016
752 5 3026 3027 3029
753 5 3038 3039 3041
754 5 3050 3051 3053
755 5 3062 3063 3065
756 5 3074 3075 3077
757 5 3086 3087 3089
758 5 3098 3099 3101
759 5 3110 3111 3113
760 5 3122 3123 3125
761 5 3134 3135 3137
762 5 3146 3147 3149
763 5 3158 3159 3161
764 5 3170 3171 3173
765 5 3182 3183 3185
766 5 3194 3195 3197
767 5 3206 3207 3209
768 5 3218 3219 3221
769 5 3230 3231 3233
770 5 3242 3243 3245
771 5 3254 3255 3257
772 5 3266 3267 3269
773 5 3278 3279 3281
774 5 3290 3291 3293
775 5 3302 3303 3305
776 5 3314 3315 3317
777 5 3326 3327 3329
778 5 3338 3339 3341
779 5 3350 3351 3353
780 5 3362 3363 3365
781 5 3374 3375 3377
782 5 3386 3387 3389
783 5 3398 3399 3401
784 5 3410 3411 3413
785 5 3422 3423 3425
786 5 3434 3435 3437
787 5 3446 3447 3449
788 5 3458 3459 3461
789 5 3470 3471 3473
790 5 3482 3483 3485
791 5 3494 3495 3497
792 5 3506 3507 3509
793 5 3518 3519 3521
794 5 3530 3531 3533
795 5 3542 3543 3545
796 5 3554 3555 3557
797 5 3566 3567 3569
798 5 3578 3579 3581
799 5 3590 3591 3593
800 5 3602 3603 3605
801 5 3615 3616 3618
802 5 3628 3629 3631
803 5 3640 3641 3643
804 5 3652 3653 3655
805 5 3664 3665 3667
806 5 3676 3677 3679
807 5 3688 3689 3691
808 5 3700 3701 3703
809 5 3712 3713 3715
810 5 3724 3725 3727
811 5 3736 3737 3739
812 5 3748 3749 3751
813 5 3760 3761 3763
814 5 3772 3773 3775
815 5 3784 3785 3787
816 5 3796 3797 3799
817 5 3808 3809 3811
818 5 3820 3821 3823
819 5 3832 3833 3835
820 5 3844 3845 3847
821 5 3856 3857 3859
822 5 3868 3869 3871
823 5 3880 3881 3883
824 5 3892 3893 3895
825 5 3904 3905 3907
826 5 3916 3917 3919
827 5 3928 3929 3931
828 5 3940 3941 3943
829 5 3952 3953 3955
830 5 3964 3965 3967
831 5 3976 3977 3979
832 5 3988 3989 3991
833 5 4000 4001 4003
834 5 4012 4013 4015
835 5 4024 4025 4027
836 5 4036 4037 4039
837 5 4048 4049 4051
838 5 4060 4061 4063
839 5 4072 4073 4075
840 5 4084 4085 4087
841 5 4096 4097 4099
842 5 4108 4109 4111
843 5 4120 4121 4123
844 5 4132 4133 4135
845 5 4144 4145 4147
846 5 4156 4157 4159
847 5 4168 4169 4171
848 5 4180 4181 4183
849 5 4192 4193 4195
850 5 4204 4205 4207
851 5 4217 4218 4220
852 5 4230 4231 4233
853 5 4242 4243 4245
854 5 4254 4255 4257
855 5 4266 4267 4269
856 5 4278 4279 4281
857 5 4290 4291 4293
858 5 4302 4303 4305
859 5 4314 4315 4317
860 5 4326 4327 4329
861 5 4338 4339 4341
862 5 4350 4351 4353
863 5 4362 4363 4365
864 5 4374 4375 4377
865 5 4386 4387 4389
866 5 4398 4399 4401
867 5 4410 4411 4413
868 5 4422 4423 4425
869 5 4434 4435 4437
870 5 4446 4447 4449
871 5 4458 4459 4461
872 5 4470 4471 4473
873 5 4482 4483 4485
874 5 4494 4495 4497
875 5 4506 4507 4509
876 5 4518 4519 4521
877 5 4530 4531 4533
878 5 4542 4543 4545
879 5 4554 4555 4557
880 5 4566 4567 4569
881 5 4578 4579 4581
882 5 4590 4591 4593
883 5 4602 4603 4605
884 5 4614 4615 4617
885 5 4626 4627 4629
886 5 4638 4639 4641
887 5 4650 4651 4653
888 5 4662 4663 4665
889 5 4674 4675 4677
890 5 4686 4687 4689
891 5 4698 4699 4701
892 5 4710 4711 4713
893 5 4722 4723 4725
894 5 4734 4735 4737
895 5 4746 4747 4749
896 5 4758 4759 4761
897 5 4770 4771 4773
898 5 4782 4783 4785
899 5 4794 4795 4797
900 5 4806 4807 4809
901 5 4819 4820 4822
902 5 4832 4833 4835
903 5 4844 4845 4847
904 5 4856 4857 4859
905 5 4868 4869 4871
906 5 4880 4881 4883
907 5 4892 4893 4895
908 5 4904 4905 4907
909 5 4916 4917 4919
910 5 4928 4929 4931
911 5 4940 4941 4943
912 5 4952 4953 4955
913 5 4964 4965 4967
914 5 4976 4977 4979
915 5 4988 4989 4991
916 5 5000 5001 5003
917 5 5012 5013 5015
918 5 5024 5025 5027
919 5 5036 5037 5039
920 5 5048 5049 5051
921 5 5060 5061 5063
922 5 5072 5073 5075
923 5 5084 5085 5087
924 5 5096 5097 5099
925 5 5108 5109 5111
926 5 5120 5121 5123
927 5 5132 5133 5135
928 5 5144 5145 5147
929 5 5156 5157 5159
930 5 5168 5169 5171
931 5 5180 5181 5183
932 5 5192 5193 5195
933 5 5204 5205 5207
934 5 5216 5217 5219
935 5 5228 5229 5231
936 5 5240 5241 5243
937 5 5252 5253 5255
938 5 5264 5265 5267
939 5 5276 5277 5279
940 5 5288 5289 5291
941 5 5300 5301 5303
942 5 5312 5313 5315
943 5 5324 5325 5327
944 5 5336 5337 5339
945 5 5348 5349 5351
946 5 5360 5361 5363
947 5 5372 5373 5375
948 5 5384 5385 5387
949 5 5396 5397 5399
950 5 5408 5409 5411
951 5 5421 5422 5424
952 5 5434 5435 5437
953 5 5446 5447 5449
954 5 5458 5459 5461
955 5 5470 5471 5473
956 5 5482 5483 5485
957 5 5494 5495 5497
958 5 5506 5507 5509
959 5 5518 5519 5521
960 5 5530 5531 5533
961 5 5542 5543 5545
962 5 5554 5555 5557
963 5 5566 5567 5569
964 5 5578 5579 5581
965 5 5590 5591 5593
966 5 5602 5603 5605
967 5 5614 5615 5617
968 5 5626 5627 5629
969 5 5638 5639 5641
970 5 5650 5651 5653
971 5 5662 5663 5665
972 5 5674 5675 5677
973 5 5686 5687 5689
974 5 5698 5699 5701
975 5 5710 5711 5713
976 5 5722 5723 5725
977 5 5734 5735 5737
978 5 5746 5747 5749
979 5 5758 5759 5761
980 5 5770 5771 5773
981 5 5782 5783 5785
982 5 5794 5795 5797
983 5 5806 5807 5809
984 5 5818 5819 5821
985 5 5830 5831 5833
986 5 5842 5843 5845
987 5 5854 5855 5857
988 5 5866 5867 5869
989 5 5878 5879 5881
990 5 5890 5891 5893
991 5 5902 5903 5905
992 5 5914 5915 5917
993 5 5926 5927 5929
994 5 5938 5939 5941
995 5 5950 5951 5953
996 5 5962 5963 5965
997 5 5974 5975 5977
998 5 5986 5987 5989
999 5 5998 5999 6001
1000 5 6010 6011 6013
1001 9 3 4 5
1002 9 16 17 18
1003 9 28 29 30
1004 9 40 41 42
1005 9 52 53 54
1006 9 64 65 66
1007 9 76 77 78
1008 9 88 89 90
1009 9 100 101 102
1010 9 112 113 114
1011 9 124 125 126
1012 9 136 137 138
1013 9 148 149 150
1014 9 160 161 162
1015 9 172 173 174
1016 9 184 185 186
1017 9 196 197 198
1018 9 208 209 210
1019 9 220 221 222
1020 9 232 233 234
1021 9 244 245 246
1022 9 256 257 258
1023 9 268 269 270
1024 9 280 281 282
1025 9 292 293 294
1026 9 304 305 306
1027 9 316 317 318
1028 9 328 329 330
1029 9 340 341 342
1030 9 352 353 354
1031 9 364 365 366
1032 9 376 377 378
1033 9 388 389 390
1034 9 400 401 402
1035 9 412 413 414
1036 9 424 425 426
1037 9 436 437 438
1038 9 448 449 450
1039 9 460 461 462
1040 9 472 473 474
1041 9 484 485 486
1042 9 496 497 498
1043 9 508 509 510
1044 9 520 521 522
1045 9 532 533 534
1046 9 544 545 546
1047 9 556 557 558
1048 9 568 569 570
1049 9 580 581 582
1050 9 592 593 594
1051 9 605 606 607
1052 9 618 619 620
1053 9 630 631 632
1054 9 642 643 644
1055 9 654 655 656
1056 9 666 667 668
1057 9 678 679 680
1058 9 690 691 692
1059 9 702 703 704
1060 9 714 715 716
1061 9 726 727 728
1062 9 738 739 740
1063 9 750 751 752
1064 9 762 763 764
1065 9 774 775 776
1066 9 786 787 788
1067 9 798 799 800
1068 9 810 811 812
1069 9 822 823 824
1070 9 834 835 836
1071 9 846 847 848
1072 9 858 859 860
1073 9 870 871 872
1074 9 882 883 884
1075 9 894 895 896
1076 9 906 907 908
1077 9 918 919 920
1078 9 930 931 932
1079 9 942 943 944
1080 9 954 955 956
1081 9 966 967 968
1082 9 978 979 980
1083 9 990 991 992
1084 9 1002 1003 1004
1085 9 1014 1015 1016
1086 9 1026 1027 1028
1087 9 1038 1039 1040
1088 9 1050 1051 1052
1089 9 1062 1063 1064
1090 9 1074 1075 1076
1091 9 1086 1087 1088
1092 9 1098 1099 1100
1093 9 1110 1111 1112
1094 9 1122 1123 1124
1095 9 1134 1135 1136
1096 9 1146 1147 1148
1097 9 1158 1159 1160
1098 9 1170 1171 1172
1099 9 1182 1183 1184
1100 9 1194 1195 1196
1101 9 1207 1208 1209
1102 9 1220 1221 1222
1103 9 1232 1233 1234
1104 9 1244 1245 1246
1105 9 1256 1257 1258
1106 9 1268 1269 1270
1107 9 1280 1281 1282
1108 9 1292 1293 1294
1109 9 1304 1305 1306
1110 9 1316 1317 1318
1111 9 1328 1329 1330
1112 9 1340 1341 1342
1113 9 1352 1353 1354
1114 9 1364 1365 1366
1115 9 1376 1377 1378
1116 9 1388 1389 1390
1117 9 1400 1401 1402
1118 9 1412 1413 1414
1119 9 1424 1425 1426
1120 9 1436 1437 1438
1121 9 1448 1449 1450
1122 9 1460 1461 1462
1123 9 1472 1473 1474
1124 9 1484 1485 1486
1125 9 1496 1497 1498
1126 9 1508 1509 1510
1127 9 1520 1521 1522
1128 9 1532 1533 1534
1129 9 1544 1545 1546
1130 9 1556 1557 1558
1131 9 1568 1569 1570
1132 9 1580 1581 1582
1133 9 1592 1593 1594
1134 9 1604 1605 1606
1135 9 1616 1617 1618
1136 9 1628 1629 1630
1137 9 1640 1641 1642
1138 9 1652 1653 1654
1139 9 1664 1665 1666
1140 9 1676 1677 1678
1141 9 1688 1689 1690
1142 9 1700 1701 1702
1143 9 1712 1713 1714
1144 9 1724 1725 1726
1145 9 1736 1737 1738
1146 9 1748 1749 1750
1147 9 1760 1761 1762
1148 9 1772 1773 1774
1149 9 1784 1785 1786
1150 9 1796 1797 1798
1151 9 1809 1810 1811
1152 9 1822 1823 1824
1153 9 1834 1835 1836
1154 9 1846 1847 1848
1155 9 1858 1859 1860
1156 9 1870 1871 1872
1157 9 1882 1883 1884
1158 9 1894 1895 1896
1159 9 1906 1907 1908
1160 9 1918 1919 1920
1161 9 1930 1931 1932
1162 9 1942 1943 1944
1163 9 1954 1955 1956
1164 9 1966 1967 1968
1165 9 1978 1979 1980
1166 9 1990 1991 1992
1167 9 2002 2003 2004
1168 9 2014 2015 2016
1169 9 2026 2027 2028
1170 9 2038 2039 2040
1171 9 2050 2051 2052
1172 9 2062 2063 2064
1173 9 2074 2075 2076
1174 9 2086 2087 2088
1175 9 2098 2099 2100
1176 9 2110 2111 2112
1177 9 2122 2123 2124
1178 9 2134 2135 2136
1179 9 2146 2147 2148
1180 9 2158 2159 2160
1181 9 2170 2171 2172
1182 9 2182 2183 2184
1183 9 2194 2195 2196
1184 9 2206 2207 2208
1185 9 2218 2219 2220
1186 9 2230 2231 2232
1187 9 2242 2243 2244
1188 9 2254 2255 2256
1189 9 2266 2267 2268
1190 9 2278 2279 2280
1191 9 2290 2291 2292
1192 9 2302 2303 2304
1193 9 2314 2315 2316
1194 9 2326 2327 2328
1195 9 2338 2339 2340
1196 9 2350 2351 2352
1197 9 2362 2363 2364
1198 9 2374 2375 2376
1199 9 2386 2387 2388
1200 9 2398 2399 2400
1201 9 2411 2412 2413
1202 9 2424 2425 2426
1203 9 2436 2437 2438
1204 9 2448 2449 2450
1205 9 2460 2461 2462
1206 9 2472 2473 2474
1207 9 2484 2485 2486
1208 9 2496 2497 2498
1209 9 2508 2509 2510
1210 9 2520 2521 2522
1211 9 2532 2533 2534
1212 9 2544 2545 2546
1213 9 2556 2557 2558
1214 9 2568 2569 2570
1215 9 2580 2581 2582
1216 9 2592 2593 2594
1217 9 2604 2605 2606
1218 9 2616 2617 2618
1219 9 2628 2629 2630
1220 9 2640 2641 2642
1221 9 2652 2653 2654
1222 9 2664 2665 2666
1223 9 2676 2677 2678
1224 9 2688 2689 2690
1225 9 2700 2701 2702
1226 9 2712 2713 2714
1227 9 2724 2725 2726
1228 9 2736 2737 2738
1229 9 2748 2749 2750
1230 9 2760 2761 2762
1231 9 2772 2773 2774
1232 9 2784 2785 2786
1233 9 2796 2797 2798
1234 9 2808 2809 2810
1235 9 2820 2821 2822
1236 9 2832 2833 2834
1237 9 2844 2845 2846
1238 9 2856 2857 2858
1239 9 2868 2869 2870
1240 9 2880 2881 2882
1241 9 2892 2893 2894
1242 9 2904 2905 2906
1243 9 2916 2917 2918
1244 9 2928 2929 2930
1245 9 2940 2941 2942
1246 9 2952 2953 2954
1247 9 2964 2965 2966
1248 9 2976 2977 2978
1249 9 2988 2989 2990
1250 9 3000 3001 3002
1251 9 3013 3014 3015
1252 9 3026 3027 3028
1253 9 3038 3039 3040
1254 9 3050 3051 3052
1255 9 3062 3063 3064
1256 9 3074 3075 3076
1257 9 3086 3087 3088
1258 9 3098 3099 3100
1259 9 3110 3111 3112
1260 9 3122 3123 3124
1261 9 3134 3135 3136
1262 9 3146 3147 3148
1263 9 3158 3159 3160
1264 9 3170 3171 3172
1265 9 3182 3183 3184
1266 9 3194 3195 3196
1267 9 3206 3207 3208
1268 9 3218 3219 3220
1269 9 3230 3231 3232
1270 9 3242 3243 3244
1271 9 3254 3255 3256
1272 9 3266 3267 3268
1273 9 3278 3279 3280
1274 9 3290 3291 3292
1275 9 3302 3303 3304
1276 9 3314 3315 3316
1277 9 3326 3327 3328
1278 9 3338 3339 3340
1279 9 3350 3351 3352
1280 9 3362 3363 3364
1281 9 3374 3375 3376
1282 9 3386 3387 3388
1283 9 3398 3399 3400
1284 9 3410 3411 3412
1285 9 3422 3423 3424
1286 9 3434 3435 3436
1287 9 3446 3447 3448
1288 9 3458 3459 3460
1289 9 3470 3471 3472
1290 9 3482 3483 3484
1291 9 3494 3495 3496
1292 9 3506 3507 3508
1293 9 3518 3519 3520
1294 9 3530 3531 3532
1295 9 3542 3543 3544
1296 9 3554 3555 3556
1297 9 3566 3567 3568
1298 9 3578 3579 3580
1299 9 3590 3591 3592
1300 9 3602 3603 3604
1301 9 3615 3616 3617
1302 9 3628 3629 3630
1303 9 3640 3641 3642
1304 9 3652 3653 3654
1305 9 3664 3665 3666
1306 9 3676 3677 3678
1307 9 3688 3689 3690
1308 9 3700 3701 3702
1309 9 3712 3713 3714
1310 9 3724 3725 3726
1311 9 3736 3737 3738
1312 9 3748 3749 3750
1313 9 3760 3761 3762
1314 9 3772 3773 3774
1315 9 3784 3785 3786
1316 9 3796 3797 3798
1317 9 3808 3809 3810
1318 9 3820 3821 3822
1319 9 3832 3833 3834
1320 9 3844 3845 3846
1321 9 3856 3857 3858
1322 9 3868 3869 3870
1323 9 3880 3881 3882
1324 9 3892 3893 3894
1325 9 3904 3905 3906
1326 9 3916 3917 3918
1327 9 3928 3929 3930
1328 9 3940 3941 3942
1329 9 3952 3953 3954
1330 9 3964 3965 3966
1331 9 3976 3977 3978
1332 9 3988 3989 3990
1333 9 4000 4001 4002
1334 9 4012 4013 4014
1335 9 4024 4025 4026
1336 9 4036 4037 4038
1337 9 4048 4049 4050
1338 9 4060 4061 4062
1339 9 4072 4073 4074
1340 9 4084 4085 4086
1341 9 4096 4097 4098
1342 9 4108 4109 4110
1343 9 4120 4121 4122
1344 9 4132 4133 4134
1345 9 4144 4145 4146
1346 9 4156 4157 4158
1347 9 4168 4169 4170
1348 9 4180 4181 4182
1349 9 4192 4193 4194
1350 9 4204 4205 4206
1351 9 4217 4218 4219
1352 9 4230 4231 4232
1353 9 4242 4243 4244
1354 9 4254 4255 4256
1355 9 4266 4267 4268
1356 9 4278 4279 4280
1357 9 4290 4291 4292
1358 9 4302 4303 4304
1359 9 4314 4315 4316
1360 9 4326 4327 4328
1361 9 4338 4339 4340
1362 9 4350 4351 4352
1363 9 4362 4363 4364
1364 9 4374 4375 4376
1365 9 4386 4387 4388
1366 9 4398 4399 4400
1367 9 4410 4411 4412
1368 9 4422 4423 4424
1369 9 4434 4435 4436
1370 9 4446 4447 4448
1371 9 4458 4459 4460
1372 9 4470 4471 4472
1373 9 4482 4483 4484
1374 9 4494 4495 4496
1375 9 4506 4507 4508
1376 9 4518 4519 4520
1377 9 4530 4531 4532
1378 9 4542 4543 4544
1379 9 4554 4555 4556
1380 9 4566 4567 4568
1381 9 4578 4579 4580
1382 9 4590 4591 4592
1383 9 4602 4603 4604
1384 9 4614 4615 4616
1385 9 4626 4627 4628
1386 9 4638 4639 4640
1387 9 4650 4651 4652
1388 9 4662 4663 4664
1389 9 4674 4675 4676
1390 9 4686 4687 4688
1391 9 4698 4699 4700
1392 9 4710 4711 4712
1393 9 4722 4723 4724
1394 9 4734 4735 4736
1395 9 4746 4747 4748
1396 9 4758 4759 4760
1397 9 4770 4771 4772
1398 9 4782 4783 4784
1399 9 4794 4795 4796
1400 9 4806 4807 4808
1401 9 4819 4820 4821
1402 9 4832 4833 4834
1403 9 4844 4845 4846
1404 9 4856 4857 4858
1405 9 4868 4869 4870
1406 9 4880 4881 4882
1407 9 4892 4893 4894
1408 9 4904 4905 4906
1409 9 4916 4917 4918
1410 9 4928 4929 4930
1411 9 4940 4941 4942
1412 9 4952 4953 4954
1413 9 4964 4965 4966
1414 9 4976 4977 4978
1415 9 4988 4989 4990
1416 9 5000 5001 5002
1417 9 5012 5013 5014
1418 9 5024 5025 5026
1419 9 5036 5037 5038
1420 9 5048 5049 5050
1421 9 5060 5061 5062
1422 9 5072 5073 5074
1423 9 5084 5085 5086
1424 9 5096 5097 5098
1425 9 5108 5109 5110
1426 9 5120 5121 5122
1427 9 5132 5133 5134
1428 9 5144 5145 5146
1429 9 5156 5157 5158
1430 9 5168 5169 5170
1431 9 5180 5181 5182
1432 9 5192 5193 5194
1433 9 5204 5205 5206
1434 9 5216 5217 5218
1435 9 5228 5229 5230
1436 9 5240 5241 5242
1437 9 5252 5253 5254
1438 9 5264 5265 5266
1439 9 5276 5277 5278
1440 9 5288 5289 5290
1441 9 5300 5301 5302
1442 9 5312 5313 5314
1443 9 5324 5325 5326
1444 9 5336 5337 5338
1445 9 5348 5349 5350
1446 9 5360 5361 5362
1447 9 5372 5373 5374
1448 9 5384 5385 5386
1449 9 5396 5397 5398
1450 9 5408 5409 5410
1451 9 5421 5422 5423
1452 9 5434 5435 5436
1453 9 5446 5447 5448
1454 9 5458 5459 5460
1455 9 5470 5471 5472
1456 9 5482 5483 5484
1457 9 5494 5495 5496
1458 9 5506 5507 5508
1459 9 5518 5519 5520
1460 9 5530 5531 5532
1461 9 5542 5543 5544
1462 9 5554 5555 5556
1463 9 5566 5567 5568
1464 9 5578 5579 5580
1465 9 5590 5591 5592
1466 9 5602 5603 5604
1467 9 5614 5615 5616
1468 9 5626 5627 5628
1469 9 5638 5639 5640
1470 9 5650 5651 5652
1471 9 5662 5663 5664
1472 9 5674 5675 5676
1473 9 5686 5687 5688
1474 9 5698 5699 5700
1475 9 5710 5711 5712
1476 9 5722 5723 5724
1477 9 5734 5735 5736
1478 9 5746 5747 5748
1479 9 5758 5759 5760
1480 9 5770 5771 5772
1481 9 5782 5783 5784
1482 9 5794 5795 5796
1483 9 5806 5807 5808
1484 9 5818 5819 5820
1485 9 5830 5831 5832
1486 9 5842 5843 5844
1487 9 5854 5855 5856
1488 9 5866 5867 5868
1489 9 5878 5879 5880
1490 9 5890 5891 5892
1491 9 5902 5903 5904
1492 9 5914 5915 5916
1493 9 5926 5927 5928
1494 9 5938 5939 5940
1495 9 5950 5951 5952
1496 9 5962 5963 5964
1497 9 5974 5975 5976
1498 9 5986 5987 5988
1499 9 5998 5999 6000
1500 9 6010 6011 6012
1501 13 1 2 3
1502 13 603 604 605
1503 13 1205 1206 1207
1504 13 1807 1808 1809
1505 13 2409 2410 2411
1506 13 3011 3012 3013
1507 13 3613 3614 3615
1508 13 4215 4216 4217
1509 13 4817 4818 4819
1510 13 5419 5420 5421
1511 16 590 591 592
1512 16 1192 1193 1194
1513 16 1794 1795 1796
1514 16 2396 2397 2398
1515 16 2998 2999 3000
1516 16 3600 3601 3602
1517 16 4202 4203 4204
1518 16 4804 4805 4806
1519 16 5406 5407 5408
1520 16 6008 6009 6010
1521 17 14 15 16
1522 17 3 2 14
1523 17 26 27 28
1524 17 16 15 26
1525 17 38 39 40
1526 17 28 27 38
1527 17 50 51 52
1528 17 40 39 50
1529 17 62 63 64
1530 17 52 51 62
1531 17 74 75 76
1532 17 64 63 74
1533 17 86 87 88
1534 17 76 75 86
1535 17 98 99 100
1536 17 88 87 98
1537 17 110 111 112
1538 17 100 99 110
1539 17 122 123 124
1540 17 112 111 122
1541 17 134 135 136
1542 17 124 123 134
1543 17 146 147 148
1544 17 136 135 146
1545 17 158 159 160
1546 17 148 147 158
1547 17 170 171 172
1548 17 160 159 170
1549 17 182 183 184
1550 17 172 171 182
1551 17 194 195 196
1552 17 184 183 194
1553 17 206 207 208
1554 17 196 195 206
1555 17 218 219 220
1556 17 208 207 218
1557 17 230 231 232
1558 17 220 219 230
1559 17 242 243 244
1560 17 232 231 242
1561 17 254 255 256
1562 17 244 243 254
1563 17 266 267 268
1564 17 256 255 266
1565 17 278 279 280
1566 17 268 267 278
1567 17 290 291 292
1568 17 280 279 290
1569 17 302 303 304
1570 17 292 291 302
1571 17 314 315 316
1572 17 304 303 314
1573 17 326 327 328
1574 17 316 315 326
1575 17 338 339 340
1576 17 328 327 338
1577 17 350 351 352
1578 17 340 339 350
1579 17 362 363 364
1580 17 352 351 362
1581 17 374 375 376
1582 17 364 363 374
1583 17 386 387 388
1584 17 376 375 386
1585 17 398 399 400
1586 17 388 387 398
1587 17 410 411 412
1588 17 400 399 410
1589 17 422 423 424
1590 17 412 411 422
1591 17 434 435 436
1592 17 424 423 434
1593 17 446 447 448
1594 17 436 435 446
1595 17 458 459 460
1596 17 448 447 458
1597 17 470 471 472
1598 17 460 459 470
1599 17 482 483 484
1600 17 472 471 482
1601 17 494 495 496
1602 17 484 483 494
1603 17 506 507 508
1604 17 496 495 506
1605 17 518 519 520
1606 17 508 507 518
1607 17 530 531 532
1608 17 520 519 530
1609 17 542 543 544
1610 17 532 531 542
1611 17 554 555 556
1612 17 544 543 554
1613 17 566 567 568
1614 17 556 555 566
1615 17 578 579 580
1616 17 568 567 578
1617 17 580 579 590
1618 17 616 617 618
1619 17 605 604 616
1620 17 628 629 630
1621 17 618 617 628
1622 17 640 641 642
1623 17 630 629 640
1624 17 652 653 654
1625 17 642 641 652
1626 17 664 665 666
1627 17 654 653 664
1628 17 676 677 678
1629 17 666 665 676
1630 17 688 689 690
1631 17 678 677 688
1632 17 700 701 702
1633 17 690 689 700
1634 17 712 713 714
1635 17 702 701 712
1636 17 724 725 726
1637 17 714 713 724
1638 17 736 737 738
1639 17 726 725 736
1640 17 748 749 750
1641 17 738 737 748
1642 17 760 761 762
1643 17 750 749 760
1644 17 772 773 774
1645 17 762 761 772
1646 17 784 785 786
1647 17 774 773 784
1648 17 796 797 798
1649 17 786 785 796
1650 17 808 809 810
1651 17 798 797 808
1652 17 820 821 822
1653 17 810 809 820
1654 17 832 833 834
1655 17 822 821 832
1656 17 844 845 846
1657 17 834 833 844
1658 17 856 857 858
1659 17 846 845 856
1660 17 868 869 870
1661 17 858 857 868
1662 17 880 881 882
1663 17 870 869 880
1664 17 892 893 894
1665 17 882 881 892
1666 17 904 905 906
1667 17 894 893 904
1668 17 916 917 918
1669 17 906 905 916
1670 17 928 929 930
1671 17 918 917 928
1672 17 940 941 942
1673 17 930 929 940
1674 17 952 953 954
1675 17 942 941 952
1676 17 964 965 966
1677 17 954 953 964
1678 17 976 977 978
1679 17 966 965 976
1680 17 988 989 990
1681 17 978 977 988
1682 17 1000 1001 1002
1683 17 990 989 1000
1684 17 1012 1013 1014
1685 17 1002 1001 1012
1686 17 1024 1025 1026
1687 17 1014 1013 1024
1688 17 1036 1037 1038
1689 17 1026 1025 1036
1690 17 1048 1049 1050
1691 17 1038 1037 1048
1692 17 1060 1061 1062
1693 17 1050 1049 1060
1694 17 1072 1073 1074
1695 17 1062 1061 1072
1696 17 1084 1085 1086
1697 17 1074 1073 1084
1698 17 1096 1097 1098
1699 17 1086 1085 1096
1700 17 1108 1109 1110
1701 17 1098 1097 1108
1702 17 1120 1121 1122
1703 17 1110 1109 1120
1704 17 1132 1133 1134
1705 17 1122 1121 1132
1706 17 1144 1145 1146
1707 17 1134 1133 1144
1708 17 1156 1157 1158
1709 17 1146 1145 1156
1710 17 1168 1169 1170
1711 17 1158 1157 1168
1712 17 1180 1181 1182
1713 17 1170 1169 1180
1714 17 1182 1181 1192
1715 17 1218 1219 1220
1716 17 1207 1206 1218
1717 17 1230 1231 1232
1718 17 1220 1219 1230
1719 17 1242 1243 1244
1720 17 1232 1231 1242
1721 17 1254 1255 1256
1722 17 1244 1243 1254
1723 17 1266 1267 1268
1724 17 1256 1255 1266
1725 17 1278 1279 1280
1726 17 1268 1267 1278
1727 17 1290 1291 1292
1728 17 1280 1279 1290
1729 17 1302 1303 1304
1730 17 1292 1291 1302
1731 17 1314 1315 1316
1732 17 1304 1303 1314
1733 17 1326 1327 1328
1734 17 1316 1315 1326
1735 17 1338 1339 1340
1736 17 1328 1327 1338
1737 17 1350 1351 1352
1738 17 1340 1339 1350
1739 17 1362 1363 1364
1740 17 1352 1351 1362
1741 17 1374 1375 1376
1742 17 1364 1363 1374
1743 17 1386 1387 1388
1744 17 1376 1375 1386
1745 17 1398 1399 1400
1746 17 1388 1387 1398
1747 17 1410 1411 1412
1748 17 1400 1399 1410
1749 17 1422 1423 1424
1750 17 1412 1411 1422
1751 17 1434 1435 1436
1752 17 1424 1423 1434
1753 17 1446 1447 1448
1754 17 1436 1435 1446
1755 17 1458 1459 1460
1756 17 1448 1447 1458
1757 17 1470 1471 1472
1758 17 1460 1459 1470
1759 17 1482 1483 1484
1760 17 1472 1471 1482
1761 17 1494 1495 1496
1762 17 1484 1483 1494
1763 17 1506 1507 1508
1764 17 1496 1495 1506
1765 17 1518 1519 1520
1766 17 1508 1507 1518
1767 17 1530 1531 1532
1768 17 1520 1519 1530
1769 17 1542 1543 1544
1770 17 1532 1531 1542
1771 17 1554 1555 1556
1772 17 1544 1543 1554
1773 17 1566 1567 1568
1774 17 1556 1555 1566
1775 17 1578 1579 1580
1776 17 1568 1567 1578
1777 17 1590 1591 1592
1778 17 1580 1579 1590
1779 17 1602 1603 1604
1780 17 1592 1591 1602
1781 17 1614 1615 1616
1782 17 1604 1603 1614
1783 17 1626 1627 1628
1784 17 1616 1615 1626
1785 17 1638 1639 1640
1786 17 1628 1627 1638
1787 17 1650 1651 1652
1788 17 1640 1639 1650
1789 17 1662 1663 1664
1790 17 1652 1651 1662
1791 17 1674 1675 1676
1792 17 1664 1663 1674
1793 17 1686 1687 1688
1794 17 1676 1675 1686
1795 17 1698 1699 1700
1796 17 1688 1687 1698
1797 17 1710 1711 1712
1798 17 1700 1699 1710
1799 17 1722 1723 1724
1800 17 1712 1711 1722
1801 17 1734 1735 1736
1802 17 1724 1723 1734
1803 17 1746 1747 1748
1804 17 1736 1735 1746
1805 17 1758 1759 1760
1806 17 1748 1747 1758
1807 17 1770 1771 1772
1808 17 1760 1759 1770
1809 17 1782 1783 1784
1810 17 1772 1771 1782
1811 17 1784 1783 1794
1812 17 1820 1821 1822
1813 17 1809 1808 1820
1814 17 1832 1833 1834
1815 17 1822 1821 1832
1816 17 1844 1845 1846
1817 17 1834 1833 1844
1818 17 1856 1857 1858
1819 17 1846 1845 1856
1820 17 1868 1869 1870
1821 17 1858 1857 1868
1822 17 1880 1881 1882
1823 17 1870 1869 1880
1824 17 1892 1893 1894
1825 17 1882 1881 1892
1826 17 1904 1905 1906
1827 17 1894 1893 1904
1828 17 1916 1917 1918
1829 17 1906 1905 1916
1830 17 1928 1929 1930
1831 17 1918 1917 1928
1832 17 1940 1941 1942
1833 17 1930 1929 1940
1834 17 1952 1953 1954
1835 17 1942 1941 1952
1836 17 1964 1965 1966
1837 17 1954 1953 1964
1838 17 1976 1977 1978
1839 17 1966 1965 1976
1840 17 1988 1989 1990
1841 17 1978 1977 1988
1842 17 2000 2001 2002
1843 17 1990 1989 2000
1844 17 2012 2013 2014
1845 17 2002 2001 2012
1846 17 2024 2025 2026
1847 17 2014 2013 2024
1848 17 2036 2037 2038
1849 17 2026 2025 2036
1850 17 2048 2049 2050
1851 17 2038 2037 2048
1852 17 2060 2061 2062
1853 17 2050 2049 2060
1854 17 2072 2073 2074
1855 17 2062 2061 2072
1856 17 2084 2085 2086
1857 17 2074 2073 2084
1858 17 2096 2097 2098
1859 17 2086 2085 2096
1860 17 2108 2109 2110
1861 17 2098 2097 2108
1862 17 2120 2121 2122
1863 17 2110 2109 2120
1864 17 2132 2133 2134
1865 17 2122 2121 2132
1866 17 2144 2145 2146
1867 17 2134 2133 2144
1868 17 2156 2157 2158
1869 17 2146 2145 2156
1870 17 2168 2169 2170
1871 17 2158 2157 2168
1872 17 2180 2181 2182
1873 17 2170 2169 2180
1874 17 2192 2193 2194
1875 17 2182 2181 2192
1876 17 2204 2205 2206
1877 17 2194 2193 2204
1878 17 2216 2217 2218
1879 17 2206 2205 2216
1880 17 2228 2229 2230
1881 17 2218 2217 2228
1882 17 2240 2241 2242
1883 17 2230 2229 2240
1884 17 2252 2253 2254
1885 17 2242 2241 2252
1886 17 2264 2265 2266
1887 17 2254 2253 2264
1888 17 2276 2277 2278
1889 17 2266 2265 2276
1890 17 2288 2289 2290
1891 17 2278 2277 2288
1892 17 2300 2301 2302
1893 17 2290 2289 2300
1894 17 2312 2313 2314
1895 17 2302 2301 2312
1896 17 2324 2325 2326
1897 17 2314 2313 2324
1898 17 2336 2337 2338
1899 17 2326 2325 2336
1900 17 2348 2349 2350
1901 17 2338 2337 2348
1902 17 2360 2361 2362
1903 17 2350 2349 2360
1904 17 2372 2373 2374
1905 17 2362 2361 2372
1906 17 2384 2385 2386
1907 17 2374 2373 2384
1908 17 2386 2385 2396
1909 17 2422 2423 2424
1910 17 2411 2410 2422
1911 17 2434 2435 2436
1912 17 2424 2423 2434
1913 17 2446 2447 2448
1914 17 2436 2435 2446
1915 17 2458 2459 2460
1916 17 2448 2447 2458
1917 17 2470 2471 2472
1918 17 2460 2459 2470
1919 17 2482 2483 2484
1920 17 2472 2471 2482
1921 17 2494 2495 2496
1922 17 2484 2483 2494
1923 17 2506 2507 2508
1924 17 2496 2495 2506
1925 17 2518 2519 2520
1926 17 2508 2507 2518
1927 17 2530 2531 2532
1928 17 2520 2519 2530
1929 17 2542 2543 2544
1930 17 2532 2531 2542
1931 17 2554 2555 2556
1932 17 2544 2543 2554
1933 17 2566 2567 2568
1934 17 2556 2555 2566
1935 17 2578 2579 2580
1936 17 2568 2567 2578
1937 17 2590 2591 2592
1938 17 2580 2579 2590
1939 17 2602 2603 2604
1940 17 2592 2591 2602
1941 17 2614 2615 2616
1942 17 2604 2603 2614
1943 17 2626 2627 2628
1944 17 2616 2615 2626
1945 17 2638 2639 2640
1946 17 2628 2627 2638
1947 17 2650 2651 2652
1948 17 2640 2639 2650
1949 17 2662 2663 2664
1950 17 2652 2651 2662
1951 17 2674 2675 2676
1952 17 2664 2663 2674
1953 17 2686 2687 2688
1954 17 2676 2675 2686
1955 17 2698 2699 2700
1956 17 2688 2687 2698
1957 17 2710 2711 2712
1958 17 2700 2699 2710
1959 17 2722 2723 2724
1960 17 2712 2711 2722
1961 17 2734 2735 2736
1962 17 2724 2723 2734
1963 17 2746 2747 2748
1964 17 2736 2735 2746
1965 17 2758 2759 2760
1966 17 2748 2747 2758
1967 17 2770 2771 2772
1968 17 2760 2759 2770
1969 17 2782 2783 2784
1970 17 2772 2771 2782
1971 17 2794 2795 2796
1972 17 2784 2783 2794
1973 17 2806 2807 2808
1974 17 2796 2795 2806
1975 17 2818 2819 2820
1976 17 2808 2807 2818
1977 17 2830 2831 2832
1978 17 2820 2819 2830
1979 17 2842 2843 2844
1980 17 2832 2831 2842
1981 17 2854 2855 2856
1982 17 2844 2843 2854
1983 17 2866 2867 2868
1984 17 2856 2855 2866
1985 17 2878 2879 2880
1986 17 2868 2867 2878
1987 17 2890 2891 2892
1988 17 2880 2879 2890
1989 17 2902 2903 2904
1990 17 2892 2891 2902
1991 17 2914 2915 2916
1992 17 2904 2903 2914
1993 17 2926 2927 2928
1994 17 2916 2915 2926
1995 17 2938 2939 2940
1996 17 2928 2927 2938
1997 17 2950 2951 2952
1998 17 2940 2939 2950
1999 17 2962 2963 2964
2000 17 2952 2951 2962
2001 17 2974 2975 2976
2002 17 2964 2963 2974
2003 17 2986 2987 2988
2004 17 2976 2975 2986
2005 17 2988 2987 2998
2006 17 3024 3025 3026
2007 17 3013 3012 3024
2008 17 3036 3037 3038
2009 17 3026 3025 3036
2010 17 3048 3049 3050
2011 17 3038 3037 3048
2012 17 3060 3061 3062
2013 17 3050 3049 3060
2014 17 3072 3073 3074
2015 17 3062 3061 3072
2016 17 3084 3085 3086
2017 17 3074 3073 3084
2018 17 3096 3097 3098
2019 17 3086 3085 3096
2020 17 3108 3109 3110
2021 17 3098 3097 3108
2022 17 3120 3121 3122
2023 17 3110 3109 3120
2024 17 3132 3133 3134
2025 17 3122 3121 3132
2026 17 3144 3145 3146
2027 17 3134 3133 3144
2028 17 3156 3157 3158
2029 17 3146 3145 3156
2030 17 3168 3169 3170
2031 17 3158 3157 3168
2032 17 3180 3181 3182
2033 17 3170 3169 3180
2034 17 3192 3193 3194
2035 17 3182 3181 3192
2036 17 3204 3205 3206
2037 17 3194 3193 3204
2038 17 3216 3217 3218
2039 17 3206 3205 3216
2040 17 3228 3229 3230
2041 17 3218 3217 3228
2042 17 3240 3241 3242
2043 17 3230 3229 3240
2044 17 3252 3253 3254
2045 17 3242 3241 3252
2046 17 3264 3265 3266
2047 17 3254 3253 3264
2048 17 3276 3277 3278
2049 17 3266 3265 3276
2050 17 3288 3289 3290
2051 17 3278 3277 3288
2052 17 3300 3301 3302
2053 17 3290 3289 3300
2054 17 3312 3313 3314
2055 17 3302 3301 3312
2056 17 3324 3325 3326
2057 17 3314 3313 3324
2058 17 3336 3337 3338
2059 17 3326 3325 3336
2060 17 3348 3349 3350
2061 17 3338 3337 3348
2062 17 3360 3361 3362
2063 17 3350 3349 3360
2064 17 3372 3373 3374
2065 17 3362 3361 3372
2066 17 3384 3385 3386
2067 17 3374 3373 3384
2068 17 3396 3397 3398
2069 17 3386 3385 3396
2070 17 3408 3409 3410
2071 17 3398 3397 3408
2072 17 3420 3421 3422
2073 17 3410 3409 3420
2074 17 3432 3433 3434
2075 17 3422 3421 3432
2076 17 3444 3445 3446
2077 17 3434 3433 3444
2078 17 3456 3457 3458
2079 17 3446 3445 3456
2080 17 3468 3469 3470
2081 17 3458 3457 3468
2082 17 3480 3481 3482
2083 17 3470 3469 3480
2084 17 3492 3493 3494
2085 17 3482 3481 3492
2086 17 3504 3505 3506
2087 17 3494 3493 3504
2088 17 3516 3517 3518
2089 17 3506 3505 3516
2090 17 3528 3529 3530
2091 17 3518 3517 3528
2092 17 3540 3541 3542
2093 17 3530 3529 3540
2094 17 3552 3553 3554
2095 17 3542 3541 3552
2096 17 3564 3565 3566
2097 17 3554 3553 3564
2098 17 3576 3577 3578
2099 17 3566 3565 3576
2100 17 3588 3589 3590
2101 17 3578 3577 3588
2102 17 3590 3589 3600
2103 17 3626 3627 3628
2104 17 3615 3614 3626
2105 17 3638 3639 3640
2106 17 3628 3627 3638
2107 17 3650 3651 3652
2108 17 3640 3639 3650
2109 17 3662 3663 3664
2110 17 3652 3651 3662
2111 17 3674 3675 3676
2112 17 3664 3663 3674
2113 17 3686 3687 3688
2114 17 3676 3675 3686
2115 17 3698 3699 3700
2116 17 3688 3687 3698
2117 17 3710 3711 3712
2118 17 3700 3699 3710
2119 17 3722 3723 3724
2120 17 3712 3711 3722
2121 17 3734 3735 3736
2122 17 3724 3723 3734
2123 17 3746 3747 3748
2124 17 3736 3735 3746
2125 17 3758 3759 3760
2126 17 3748 3747 3758
2127 17 3770 3771 3772
2128 17 3760 3759 3770
2129 17 3782 3783 3784
2130 17 3772 3771 3782
2131 17 3794 3795 3796
2132 17 3784 3783 3794
2133 17 3806 3807 3808
2134 17 3796 3795 3806
2135 17 3818 3819 3820
2136 17 3808 3807 3818
2137 17 3830 3831 3832
2138 17 3820 3819 3830
2139 17 3842 3843 3844
2140 17 3832 3831 3842
2141 17 3854 3855 3856
2142 17 3844 3843 3854
2143 17 3866 3867 3868
2144 17 3856 3855 3866
2145 17 3878 3879 3880
2146 17 3868 3867 3878
2147 17 3890 3891 3892
2148 17 3880 3879 3890
2149 17 3902 3903 3904
2150 17 3892 3891 3902
2151 17 3914 3915 3916
2152 17 3904 3903 3914
2153 17 3926 3927 3928
2154 17 3916 3915 3926
2155 17 3938 3939 3940
2156 17 3928 3927 3938
2157 17 3950 3951 3952
2158 17 3940 3939 3950
2159 17 3962 3963 3964
2160 17 3952 3951 3962
2161 17 3974 3975 3976
2162 17 3964 3963 3974
2163 17 3986 3987 3988
2164 17 3976 3975 3986
2165 17 3998 3999 4000
2166 17 3988 3987 3998
2167 17 4010 4011 4012
2168 17 4000 3999 4010
2169 17 4022 4023 4024
2170 17 4012 4011 4022
2171 17 4034 4035 4036
2172 17 4024 4023 4034
2173 17 4046 4047 4048
2174 17 4036 4035 4046
2175 17 4058 4059 4060
2176 17 4048 4047 4058
2177 17 4070 4071 4072
2178 17 4060 4059 4070
2179 17 4082 4083 4084
2180 17 4072 4071 4082
2181 17 4094 4095 4096
2182 17 4084 4083 4094
2183 17 4106 4107 4108
2184 17 4096 4095 4106
2185 17 4118 4119 4120
2186 17 4108 4107 4118
2187 17 4130 4131 4132
2188 17 4120 4119 4130
2189 17 4142 4143 4144
2190 17 4132 4131 4142
2191 17 4154 4155 4156
2192 17 4144 4143 4154
2193 17 4166 4167 4168
2194 17 4156 4155 4166
2195 17 4178 4179 4180
2196 17 4168 4167 4178
2197 17 4190 4191 4192
2198 17 4180 4179 4190
2199 17 4192 4191 4202
2200 17 4228 4229 4230
2201 17 4217 4216 4228
2202 17 4240 4241 4242
2203 17 4230 4229 4240
2204 17 4252 4253 4254
2205 17 4242 4241 4252
2206 17 4264 4265 4266
2207 17 4254 4253 4264
2208 17 4276 4277 4278
2209 17 4266 4265 4276
2210 17 4288 4289 4290
2211 17 4278 4277 4288
2212 17 4300 4301 4302
2213 17 4290 4289 4300
2214 17 4312 4313 4314
2215 17 4302 4301 4312
2216 17 4324 4325 4326
2217 17 4314 4313 4324
2218 17 4336 4337 4338
2219 17 4326 4325 4336
2220 17 4348 4349 4350
2221 17 4338 4337 4348
2222 17 4360 4361 4362
2223 17 4350 4349 4360
2224 17 4372 4373 4374
2225 17 4362 4361 4372
2226 17 4384 4385 4386
2227 17 4374 4373 4384
2228 17 4396 4397 4398
2229 17 4386 4385 4396
2230 17 4408 4409 4410
2231 17 4398 4397 4408
2232 17 4420 4421 4422
2233 17 4410 4409 4420
2234 17 4432 4433 4434
2235 17 4422 4421 4432
2236 17 4444 4445 4446
2237 17 4434 4433 4444
2238 17 4456 4457 4458
2239 17 4446 4445 4456
2240 17 4468 4469 4470
2241 17 4458 4457 4468
2242 17 4480 4481 4482
2243 17 4470 4469 4480
2244 17 4492 4493 4494
2245 17 4482 4481 4492
2246 17 4504 4505 4506
2247 17 4494 4493 4504
2248 17 4516 4517 4518
2249 17 4506 4505 4516
2250 17 4528 4529 4530
2251 17 4518 4517 4528
2252 17 4540 4541 4542
2253 17 4530 4529 4540
2254 17 4552 4553 4554
2255 17 4542 4541 4552
2256 17 4564 4565 4566
2257 17 4554 4553 4564
2258 17 4576 4577 4578
2259 17 4566 4565 4576
2260 17 4588 4589 4590
2261 17 4578 4577 4588
2262 17 4600 4601 4602
2263 17 4590 4589 4600
2264 17 4612 4613 4614
2265 17 4602 4601 4612
2266 17 4624 4625 4626
2267 17 4614 4613 4624
2268 17 4636 4637 4638
2269 17 4626 4625 4636
2270 17 4648 4649 4650
2271 17 4638 4637 4648
2272 17 4660 4661 4662
2273 17 4650 4649 4660
2274 17 4672 4673 4674
2275 17 4662 4661 4672
2276 17 4684 4685 4686
2277 17 4674 4673 4684
2278 17 4696 4697 4698
2279 17 4686 4685 4696
2280 17 4708 4709 4710
2281 17 4698 4697 4708
2282 17 4720 4721 4722
2283 17 4710 4709 4720
2284 17 4732 4733 4734
2285 17 4722 4721 4732
2286 17 4744 4745 4746
2287 17 4734 4733 4744
2288 17 4756 4757 4758
2289 17 4746 4745 4756
2290 17 4768 4769 4770
2291 17 4758 4757 4768
2292 17 4780 4781 4782
2293 17 4770 4769 4780
2294 17 4792 4793 4794
2295 17 4782 4781 4792
2296 17 4794 4793 4804
2297 17 4830 4831 4832
2298 17 4819 4818 4830
2299 17 4842 4843 4844
2300 17 4832 4831 4842
2301 17 4854 4855 4856
2302 17 4844 4843 4854
2303 17 4866 4867 4868
2304 17 4856 4855 4866
2305 17 4878 4879 4880
2306 17 4868 4867 4878
2307 17 4890 4891 4892
2308 17 4880 4879 4890
2309 17 4902 4903 4904
2310 17 4892 4891 4902
2311 17 4914 4915 4916
2312 17 4904 4903 4914
2313 17 4926 4927 4928
2314 17 4916 4915 4926
2315 17 4938 4939 4940
2316 17 4928 4927 4938
2317 17 4950 4951 4952
2318 17 4940 4939 4950
2319 17 4962 4963 4964
2320 17 4952 4951 4962
2321 17 4974 4975 4976
2322 17 4964 4963 4974
2323 17 4986 4987 4988
2324 17 4976 4975 4986
2325 17 4998 4999 5000
2326 17 4988 4987 4998
2327 17 5010 5011 5012
2328 17 5000 4999 5010
2329 17 5022 5023 5024
2330 17 5012 5011 5022
2331 17 5034 5035 5036
2332 17 5024 5023 5034
2333 17 5046 5047 5048
2334 17 5036 5035 5046
2335 17 5058 5059 5060
2336 17 5048 5047 5058
2337 17 5070 5071 5072
2338 17 5060 5059 5070
2339 17 5082 5083 5084
2340 17 5072 5071 5082
2341 17 5094 5095 5096
2342 17 5084 5083 5094
2343 17 5106 5107 5108
2344 17 5096 5095 5106
2345 17 5118 5119 5120
2346 17 5108 5107 5118
2347 17 5130 5131 5132
2348 17 5120 5119 5130
2349 17 5142 5143 5144
2350 17 5132 5131 5142
2351 17 5154 5155 5156
2352 17 5144 5143 5154
2353 17 5166 5167 5168
2354 17 5156 5155 5166
2355 17 5178 5179 5180
2356 17 5168 5167 5178
2357 17 5190 5191 5192
2358 17 5180 5179 5190
2359 17 5202 5203 5204
2360 17 5192 5191 5202
2361 17 5214 5215 5216
2362 17 5204 5203 5214
2363 17 5226 5227 5228
2364 17 5216 5215 5226
2365 17 5238 5239 5240
2366 17 5228 5227 5238
2367 17 5250 5251 5252
2368 17 5240 5239 5250
2369 17 5262 5263 5264
2370 17 5252 5251 5262
2371 17 5274 5275 5276
2372 17 5264 5263 5274
2373 17 5286 5287 5288
2374 17 5276 5275 5286
2375 17 5298 5299 5300
2376 17 5288 5287 5298
2377 17 5310 5311 5312
2378 17 5300 5299 5310
2379 17 5322 5323 5324
2380 17 5312 5311 5322
2381 17 5334 5335 5336
2382 17 5324 5323 5334
2383 17 5346 5347 5348
2384 17 5336 5335 5346
2385 17 5358 5359 5360
2386 17 5348 5347 5358
2387 17 5370 5371 5372
2388 17 5360 5359 5370
2389 17 5382 5383 5384
2390 17 5372 5371 5382
2391 17 5394 5395 5396
2392 17 5384 5383 5394
2393 17 5396 5395 5406
2394 17 5432 5433 5434
2395 17 5421 5420 5432
2396 17 5444 5445 5446
2397 17 5434 5433 5444
2398 17 5456 5457 5458
2399 17 5446 5445 5456
2400 17 5468 5469 5470
2401 17 5458 5457 5468
2402 17 5480 5481 5482
2403 17 5470 5469 5480
2404 17 5492 5493 5494
2405 17 5482 5481 5492
2406 17 5504 5505 5506
2407 17 5494 5493 5504
2408 17 5516 5517 5518
2409 17 5506 5505 5516
2410 17 5528 5529 5530
2411 17 5518 5517 5528
2412 17 5540 5541 5542
2413 17 5530 5529 5540
2414 17 5552 5553 5554
2415 17 5542 5541 5552
2416 17 5564 5565 5566
2417 17 5554 5553 5564
2418 17 5576 5577 5578
2419 17 5566 5565 5576
2420 17 5588 5589 5590
2421 17 5578 5577 5588
2422 17 5600 5601 5602
2423 17 5590 5589 5600
2424 17 5612 5613 5614
2425 17 5602 5601 5612
2426 17 5624 5625 5626
2427 17 5614 5613 5624
2428 17 5636 5637 5638
2429 17 5626 5625 5636
2430 17 5648 5649 5650
2431 17 5638 5637 5648
2432 17 5660 5661 5662
2433 17 5650 5649 5660
2434 17 5672 5673 5674
2435 17 5662 5661 5672
2436 17 5684 5685 5686
2437 17 5674 5673 5684
2438 17 5696 5697 5698
2439 17 5686 5685 5696
2440 17 5708 5709 5710
2441 17 5698 5697 5708
2442 17 5720 5721 5722
2443 17 5710 5709 5720
2444 17 5732 5733 5734
2445 17 5722 5721 5732
2446 17 5744 5745 5746
2447 17 5734 5733 5744
2448 17 5756 5757 5758
2449 17 5746 5745 5756
2450 17 5768 5769 5770
2451 17 5758 5757 5768
2452 17 5780 5781 5782
2453 17 5770 5769 5780
2454 17 5792 5793 5794
2455 17 5782 5781 5792
2456 17 5804 5805 5806
2457 17 5794 5793 5804
2458 17 5816 5817 5818
2459 17 5806 5805 5816
2460 17 5828 5829 5830
2461 17 5818 5817 5828
2462 17 5840 5841 5842
2463 17 5830 5829 5840
2464 17 5852 5853 5854
2465 17 5842 5841 5852
2466 17 5864 5865 5866
2467 17 5854 5853 5864
2468 17 5876 5877 5878
2469 17 5866 5865 5876
2470 17 5888 5889 5890
2471 17 5878 5877 5888
2472 17 5900 5901 5902
2473 17 5890 5889 5900
2474 17 5912 5913 5914
2475 17 5902 5901 5912
2476 17 5924 5925 5926
2477 17 5914 5913 5924
2478 17 5936 5937 5938
2479 17 5926 5925 5936
2480 17 5948 5949 5950
2481 17 5938 5937 5948
2482 17 5960 5961 5962
2483 17 5950 5949 5960
2484 17 5972 5973 5974
2485 17 5962 5961 5972
2486 17 5984 5985 5986
2487 17 5974 5973 5984
2488 17 5996 5997 5998
2489 17 5986 5985 5996
2490 17 5998 5997 6008
2491 26 7 1 8
2492 26 7 1 9
2493 26 8 1 9
2494 26 11 6 12
2495 26 11 6 13
2496 26 12 6 13
2497 26 23 19 24
2498 26 23 19 25
2499 26 24 19 25
2500 26 35 31 36
2501 26 35 31 37
2502 26 36 31 37
2503 26 47 43 48
2504 26 47 43 49
2505 26 48 43 49
2506 26 59 55 60
2507 26 59 55 61
2508 26 60 55 61
2509 26 71 67 72
2510 26 71 67 73
2511 26 72 67 73
2512 26 83 79 84
2513 26 83 79 85
2514 26 84 79 85
2515 26 95 91 96
2516 26 95 91 97
2517 26 96 91 97
2518 26 107 103 108
2519 26 107 103 109
2520 26 108 103 109
2521 26 119 115 120
2522 26 119 115 121
2523 26 120 115 121
2524 26 131 127 132
2525 26 131 127 133
2526 26 132 127 133
2527 26 143 139 144
2528 26 143 139 145
2529 26 144 139 145
2530 26 155 151 156
2531 26 155 151 157
2532 26 156 151 157
2533 26 167 163 168
2534 26 167 163 169
2535 26 168 163 169
2536 26 179 175 180
2537 26 179 175 181
2538 26 180 175 181
2539 26 191 187 192
2540 26 191 187 193
2541 26 192 187 193
2542 26 203 199 204
2543 26 203 199 205
2544 26 204 199 205
2545 26 215 211 216
2546 26 215 211 217
2547 26 216 211 217
2548 26 227 223 228
2549 26 227 223 229
2550 26 228 223 229
2551 26 239 235 240
2552 26 239 235 241
2553 26 240 235 241
2554 26 251 247 252
2555 26 251 247 253
2556 26 252 247 253
2557 26 263 259 264
2558 26 263 259 265
2559 26 264 259 265
2560 26 275 271 276
2561 26 275 271 277
2562 26 276 271 277
2563 26 287 283 288
2564 26 287 283 289
2565 26 288 283 289
2566 26 299 295 300
2567 26 299 295 301
2568 26 300 295 301
2569 26 311 307 312
2570 26 311 307 313
2571 26 312 307 313
2572 26 323 319 324
2573 26 323 319 325
2574 26 324 319 325
2575 26 335 331 336
2576 26 335 331 337
2577 26 336 331 337
2578 26 347 343 348
2579 26 347 343 349
2580 26 348 343 349
2581 26 359 355 360
2582 26 359 355 361
2583 26 360 355 361
2584 26 371 367 372
2585 26 371 367 373
2586 26 372 367 373
2587 26 383 379 384
2588 26 383 379 385
2589 26 384 379 385
2590 26 395 391 396
2591 26 395 391 397
2592 26 396 391 397
2593 26 407 403 408
2594 26 407 403 409
2595 26 408 403 409
2596 26 419 415 420
2597 26 419 415 421
2598 26 420 415 421
2599 26 431 427 432
2600 26 431 427 433
2601 26 432 427 433
2602 26 443 439 444
2603 26 443 439 445
2604 26 444 439 445
2605 26 455 451 456
2606 26 455 451 457
2607 26 456 451 457
2608 26 467 463 468
2609 26 467 463 469
2610 26 468 463 469
2611 26 479 475 480
2612 26 479 475 481
2613 26 480 475 481
2614 26 491 487 492
2615 26 491 487 493
2616 26 492 487 493
2617 26 503 499 504
2618 26 503 499 505
2619 26 504 499 505
2620 26 515 511 516
2621 26 515 511 517
2622 26 516 511 517
2623 26 527 523 528
2624 26 527 523 529
2625 26 528 523 529
2626 26 539 535 540
2627 26 539 535 541
2628 26 540 535 541
2629 26 551 547 552
2630 26 551 547 553
2631 26 552 547 553
2632 26 563 559 564
2633 26 563 559 565
2634 26 564 559 565
2635 26 575 571 576
2636 26 575 571 577
2637 26 576 571 577
2638 26 587 583 588
2639 26 587 583 589
2640 26 588 583 589
2641 26 600 595 601
2642 26 600 595 602
2643 26 601 595 602
2644 26 609 603 610
2645 26 609 603 611
2646 26 610 603 611
2647 26 613 608 614
2648 26 613 608 615
2649 26 614 608 615
2650 26 625 621 626
2651 26 625 621 627
2652 26 626 621 627
2653 26 637 633 638
2654 26 637 633 639
2655 26 638 633 639
2656 26 649 645 650
2657 26 649 645 651
2658 26 650 645 651
2659 26 661 657 662
2660 26 661 657 663
2661 26 662 657 663
2662 26 673 669 674
2663 26 673 669 675
2664 26 674 669 675
2665 26 685 681 686
2666 26 685 681 687
2667 26 686 681 687
2668 26 697 693 698
2669 26 697 693 699
2670 26 698 693 699
2671 26 709 705 710
2672 26 709 705 711
2673 26 710 705 711
2674 26 721 717 722
2675 26 721 717 723
2676 26 722 717 723
2677 26 733 729 734
2678 26 733 729 735
2679 26 734 729 735
2680 26 745 741 746
2681 26 745 741 747
2682 26 746 741 747
2683 26 757 753 758
2684 26 757 753 759
2685 26 758 753 759
2686 26 769 765 770
2687 26 769 765 771
2688 26 770 765 771
2689 26 781 777 782
2690 26 781 777 783
2691 26 782 777 783
2692 26 793 789 794
2693 26 793 789 795
2694 26 794 789 795
2695 26 805 801 806
2696 26 805 801 807
2697 26 806 801 807
2698 26 817 813 818
2699 26 817 813 819
2700 26 818 813 819
2701 26 829 825 830
2702 26 829 825 831
2703 26 830 825 831
2704 26 841 837 842
2705 26 841 837 843
2706 26 842 837 843
2707 26 853 849 854
2708 26 853 849 855
2709 26 854 849 855
2710 26 865 861 866
2711 26 865 861 867
2712 26 866 861 867
2713 26 877 873 878
2714 26 877 873 879
2715 26 878 873 879
2716 26 889 885 890
2717 26 889 885 891
2718 26 890 885 891
2719 26 901 897 902
2720 26 901 897 903
2721 26 902 897 903
2722 26 913 909 914
2723 26 913 909 915
2724 26 914 909 915
2725 26 925 921 926
2726 26 925 921 927
2727 26 926 921 927
2728 26 937 933 938
2729 26 937 933 939
2730 26 938 933 939
2731 26 949 945 950
2732 26 949 945 951
2733 26 950 945 951
2734 26 961 957 962
2735 26 961 957 963
2736 26 962 957 963
2737 26 973 969 974
2738 26 973 969 975
2739 26 974 969 975
2740 26 985 981 986
2741 26 985 981 987
2742 26 986 981 987
2743 26 997 993 998
2744 26 997 993 999
2745 26 998 993 999
2746 26 1009 1005 1010
2747 26 1009 1005 1011
2748 26 1010 1005 1011
2749 26 1021 1017 1022
2750 26 1021 1017 1023
2751 26 1022 1017 1023
2752 26 1033 1029 1034
2753 26 1033 1029 1035
2754 26 1034 1029 1035
2755 26 1045 1041 1046
2756 26 1045 1041 1047
2757 26 1046 1041 1047
2758 26 1057 1053 1058
2759 26 1057 1053 1059
2760 26 1058 1053 1059
2761 26 1069 1065 1070
2762 26 1069 1065 1071
2763 26 1070 1065 1071
2764 26 1081 1077 1082
2765 26 1081 1077 1083
2766 26 1082 1077 1083
2767 26 1093 1089 1094
2768 26 1093 1089 1095
2769 26 1094 1089 1095
2770 26 1105 1101 1106
2771 26 1105 1101 1107
2772 26 1106 1101 1107
2773 26 1117 1113 1118
2774 26 1117 1113 1119
2775 26 1118 1113 1119
2776 26 1129 1125 1130
2777 26 1129 1125 1131
2778 26 1130 1125 1131
2779 26 1141 1137 1142
2780 26 1141 1137 1143
2781 26 1142 1137 1143
2782 26 1153 1149 1154
2783 26 1153 1149 1155
2784 26 1154 1149 1155
2785 26 1165 1161 1166
2786 26 1165 1161 1167
2787 26 1166 1161 1167
2788 26 1177 1173 1178
2789 26 1177 1173 1179
2790 26 1178 1173 1179
2791 26 1189 1185 1190
2792 26 1189 1185 1191
2793 26 1190 1185 1191
2794 26 1202 1197 1203
2795 26 1202 1197 1204
2796 26 1203 1197 1204
2797 26 1211 1205 1212
2798 26 1211 1205 1213
2799 26 1212 1205 1213
2800 26 1215 1210 1216
2801 26 1215 1210 1217
2802 26 1216 1210 1217
2803 26 1227 1223 1228
2804 26 1227 1223 1229
2805 26 1228 1223 1229
2806 26 1239 1235 1240
2807 26 1239 1235 1241
2808 26 1240 1235 1241
2809 26 1251 1247 1252
2810 26 1251 1247 1253
2811 26 1252 1247 1253
2812 26 1263 1259 1264
2813 26 1263 1259 1265
2814 26 1264 1259 1265
2815 26 1275 1271 1276
2816 26 1275 1271 1277
2817 26 1276 1271 1277
2818 26 1287 1283 1288
2819 26 1287 1283 1289
2820 26 1288 1283 1289
2821 26 1299 1295 1300
2822 26 1299 1295 1301
2823 26 1300 1295 1301
2824 26 1311 1307 1312
2825 26 1311 1307 1313
2826 26 1312 1307 1313
2827 26 1323 1319 1324
2828 26 1323 1319 1325
2829 26 1324 1319 1325
2830 26 1335 1331 1336
2831 26 1335 1331 1337
2832 26 1336 1331 1337
2833 26 1347 1343 1348
2834 26 1347 1343 1349
2835 26 1348 1343 1349
2836 26 1359 1355 1360
2837 26 1359 1355 1361
2838 26 1360 1355 1361
2839 26 1371 1367 1372
2840 26 1371 1367 1373
2841 26 1372 1367 1373
2842 26 1383 1379 1384
2843 26 1383 1379 1385
2844 26 1384 1379 1385
2845 26 1395 1391 1396
2846 26 1395 1391 1397
2847 26 1396 1391 1397
2848 26 1407 1403 1408
2849 26 1407 1403 1409
2850 26 1408 1403 1409
2851 26 1419 1415 1420
2852 26 1419 1415 1421
2853 26 1420 1415 1421
2854 26 1431 1427 1432
2855 26 1431 1427 1433
2856 26 1432 1427 1433
2857 26 1443 1439 1444
2858 26 1443 1439 1445
2859 26 1444 1439 1445
2860 26 1455 1451 1456
2861 26 1455 1451 1457
2862 26 1456 1451 1457
2863 26 1467 1463 1468
2864 26 1467 1463 1469
2865 26 1468 1463 1469
2866 26 1479 1475 1480
2867 26 1479 1475 1481
2868 26 1480 1475 1481
2869 26 1491 1487 1492
2870 26 1491 1487 1493
2871 26 1492 1487 1493
2872 26 1503 1499 1504
2873 26 1503 1499 1505
2874 26 1504 1499 1505
2875 26 1515 1511 1516
2876 26 1515 1511 1517
2877 26 1516 1511 1517
2878 26 1527 1523 1528
2879 26 1527 1523 1529
2880 26 1528 1523 1529
2881 26 1539 1535 1540
2882 26 1539 1535 1541
2883 26 1540 1535 1541
2884 26 1551 1547 1552
2885 26 1551 1547 1553
2886 26 1552 1547 1553
2887 26 1563 1559 1564
2888 26 1563 1559 1565
2889 26 1564 1559 1565
2890 26 1575 1571 1576
2891 26 1575 1571 1577
2892 26 1576 1571 1577
2893 26 1587 1583 1588
2894 26 1587 1583 1589
2895 26 1588 1583 1589
2896 26 1599 1595 1600
2897 26 1599 1595 1601
2898 26 1600 1595 1601
2899 26 1611 1607 1612
2900 26 1611 1607 1613
2901 26 1612 1607 1613
2902 26 1623 1619 1624
2903 26 1623 1619 1625
2904 26 1624 1619 1625
2905 26 1635 1631 1636
2906 26 1635 1631 1637
2907 26 1636 1631 1637
2908 26 1647 1643 1648
2909 26 1647 1643 1649
2910 26 1648 1643 1649
2911 26 1659 1655 1660
2912 26 1659 1655 1661
2913 26 1660 1655 1661
2914 26 1671 1667 1672
2915 26 1671 1667 1673
2916 26 1672 1667 1673
2917 26 1683 1679 1684
2918 26 1683 1679 1685
2919 26 1684 1679 1685
2920 26 1695 1691 1696
2921 26 1695 1691 1697
2922 26 1696 1691 1697
2923 26 1707 1703 1708
2924 26 1707 1703 1709
2925 26 1708 1703 1709
2926 26 1719 1715 1720
2927 26 1719 1715 1721
2928 26 1720 1715 1721
2929 26 1731 1727 1732
2930 26 1731 1727 1733
2931 26 1732 1727 1733
2932 26 1743 1739 1744
2933 26 1743 1739 1745
2934 26 1744 1739 1745
2935 26 1755 1751 1756
2936 26 1755 1751 1757
2937 26 1756 1751 1757
2938 26 1767 1763 1768
2939 26 1767 1763 1769
2940 26 1768 1763 1769
2941 26 1779 1775 1780
2942 26 1779 1775 1781
2943 26 1780 1775 1781
2944 26 1791 1787 1792
2945 26 1791 1787 1793
2946 26 1792 1787 1793
2947 26 1804 1799 1805
2948 26 1804 1799 1806
2949 26 1805 1799 1806
2950 26 1813 1807 1814
2951 26 1813 1807 1815
2952 26 1814 1807 1815
2953 26 1817 1812 1818
2954 26 1817 1812 1819
2955 26 1818 1812 1819
2956 26 1829 1825 1830
2957 26 1829 1825 1831
2958 26 1830 1825 1831
2959 26 1841 1837 1842
2960 26 1841 1837 1843
2961 26 1842 1837 1843
2962 26 1853 1849 1854
2963 26 1853 1849 1855
2964 26 1854 1849 1855
2965 26 1865 1861 1866
2966 26 1865 1861 1867
2967 26 1866 1861 1867
2968 26 1877 1873 1878
2969 26 1877 1873 1879
2970 26 1878 1873 1879
2971 26 1889 1885 1890
2972 26 1889 1885 1891
2973 26 1890 1885 1891
2974 26 1901 1897 1902
2975 26 1901 1897 1903
2976 26 1902 1897 1903
2977 26 1913 1909 1914
2978 26 1913 1909 1915
2979 26 1914 1909 1915
2980 26 1925 1921 1926
2981 26 1925 1921 1927
2982 26 1926 1921 1927
2983 26 1937 1933 1938
2984 26 1937 1933 1939
2985 26 1938 1933 1939
2986 26 1949 1945 1950
2987 26 1949 1945 1951
2988 26 1950 1945 1951
2989 26 1961 1957 1962
2990 26 1961 1957 1963
2991 26 1962 1957 1963
2992 26 1973 1969 1974
2993 26 1973 1969 1975
2994 26 1974 1969 1975
2995 26 1985 1981 1986
2996 26 1985 1981 1987
2997 26 1986 1981 1987
2998 26 1997 1993 1998
2999 26 1997 1993 1999
3000 26 1998 1993 1999
3001 26 2009 2005 2010
3002 26 2009 2005 2011
3003 26 2010 2005 2011
3004 26 2021 2017 2022
3005 26 2021 2017 2023
3006 26 2022 2017 2023
3007 26 2033 2029 2034
3008 26 2033 2029 2035
3009 26 2034 2029 2035
3010 26 2045 2041 2046
3011 26 2045 2041 2047
3012 26 2046 2041 2047
3013 26 2057 2053 2058
3014 26 2057 2053 2059
3015 26 2058 2053 2059
3016 26 2069 2065 2070
3017 26 2069 2065 2071
3018 26 2070 2065 2071
3019 26 2081 2077 2082
3020 26 2081 2077 2083
3021 26 2082 2077 2083
3022 26 2093 2089 2094
3023 26 2093 2089 2095
3024 26 2094 2089 2095
3025 26 2105 2101 2106
3026 26 2105 2101 2107
3027 26 2106 2101 2107
3028 26 2117 2113 2118
3029 26 2117 2113 2119
3030 26 2118 2113 2119
3031 26 2129 2125 2130
3032 26 2129 2125 2131
3033 26 2130 2125 2131
3034 26 2141 2137 2142
3035 26 2141 2137 2143
3036 26 2142 2137 2143
3037 26 2153 2149 2154
3038 26 2153 2149 2155
3039 26 2154 2149 2155
3040 26 2165 2161 2166
3041 26 2165 2161 2167
3042 26 2166 2161 2167
3043 26 2177 2173 2178
3044 26 2177 2173 2179
3045 26 2178 2173 2179
3046 26 2189 2185 2190
3047 26 2189 2185 2191
3048 26 2190 2185 2191
3049 26 2201 2197 2202
3050 26 2201 2197 2203
3051 26 2202 2197 2203
3052 26 2213 2209 2214
3053 26 2213 2209 2215
3054 26 2214 2209 2215
3055 26 2225 2221 2226
3056 26 2225 2221 2227
3057 26 2226 2221 2227
3058 26 2237 2233 2238
3059 26 2237 2233 2239
3060 26 2238 2233 2239
3061 26 2249 2245 2250
3062 26 2249 2245 2251
3063 26 2250 2245 2251
3064 26 2261 2257 2262
3065 26 2261 2257 2263
3066 26 2262 2257 2263
3067 26 2273 2269 2274
3068 26 2273 2269 2275
3069 26 2274 2269 2275
3070 26 2285 2281 2286
3071 26 2285 2281 2287
3072 26 2286 2281 2287
3073 26 2297 2293 2298
3074 26 2297 2293 2299
3075 26 2298 2293 2299
3076 26 2309 2305 2310
3077 26 2309 2305 2311
3078 26 2310 2305 2311
3079 26 2321 2317 2322
3080 26 2321 2317 2323
3081 26 2322 2317 2323
3082 26 2333 2329 2334
3083 26 2333 2329 2335
3084 26 2334 2329 2335
3085 26 2345 2341 2346
3086 26 2345 2341 2347
3087 26 2346 2341 2347
3088 26 2357 2353 2358
3089 26 2357 2353 2359
3090 26 2358 2353 2359
3091 26 2369 2365 2370
3092 26 2369 2365 2371
3093 26 2370 2365 2371
3094 26 2381 2377 2382
3095 26 2381 2377 2383
3096 26 2382 2377 2383
3097 26 2393 2389 2394
3098 26 2393 2389 2395
3099 26 2394 2389 2395
3100 26 2406 2401 2407
3101 26 2406 2401 2408
3102 26 2407 2401 2408
3103 26 2415 2409 2416
3104 26 2415 2409 2417
3105 26 2416 2409 2417
3106 26 2419 2414 2420
3107 26 2419 2414 2421
3108 26 2420 2414 2421
3109 26 2431 2427 2432
3110 26 2431 2427 2433
3111 26 2432 2427 2433
3112 26 2443 2439 2444
3113 26 2443 2439 2445
3114 26 2444 2439 2445
3115 26 2455 2451 2456
3116 26 2455 2451 2457
3117 26 2456 2451 2457
3118 26 2467 2463 2468
3119 26 2467 2463 2469
3120 26 2468 2463 2469
3121 26 2479 2475 2480
3122 26 2479 2475 2481
3123 26 2480 2475 2481
3124 26 2491 2487 2492
3125 26 2491 2487 2493
3126 26 2492 2487 2493
3127 26 2503 2499 2504
3128 26 2503 2499 2505
3129 26 2504 2499 2505
3130 26 2515 2511 2516
3131 26 2515 2511 2517
3132 26 2516 2511 2517
3133 26 2527 2523 2528
3134 26 2527 2523 2529
3135 26 2528 2523 2529
3136 26 2539 2535 2540
3137 26 2539 2535 2541
3138 26 2540 2535 2541
3139 26 2551 2547 2552
3140 26 2551 2547 2553
3141 26 2552 2547 2553
3142 26 2563 2559 2564
3143 26 2563 2559 2565
3144 26 2564 2559 2565
3145 26 2575 2571 2576
3146 26 2575 2571 2577
3147 26 2576 2571 2577
3148 26 2587 2583 2588
3149 26 2587 2583 2589
3150 26 2588 2583 2589
3151 26 2599 2595 2600
3152 26 2599 2595 2601
3153 26 2600 2595 2601
3154 26 2611 2607 2612
3155 26 2611 2607 2613
3156 26 2612 2607 2613
3157 26 2623 2619 2624
3158 26 2623 2619 2625
3159 26 2624 2619 2625
3160 26 2635 2631 2636
3161 26 2635 2631 2637
3162 26 2636 2631 2637
3163 26 2647 2643 2648
3164 26 2647 2643 2649
3165 26 2648 2643 2649
3166 26 2659 2655 2660
3167 26 2659 2655 2661
3168 26 2660 2655 2661
3169 26 2671 2667 2672
3170 26 2671 2667 2673
3171 26 2672 2667 2673
3172 26 2683 2679 2684
3173 26 2683 2679 2685
3174 26 2684 2679 2685
3175 26 2695 2691 2696
3176 26 2695 2691 2697
3177 26 2696 2691 2697
3178 26 2707 2703 2708
3179 26 2707 2703 2709
3180 26 2708 2703 2709
3181 26 2719 2715 2720
3182 26 2719 2715 2721
3183 26 2720 2715 2721
3184 26 2731 2727 2732
3185 26 2731 2727 2733
3186 26 2732 2727 2733
3187 26 2743 2739 2744
3188 26 2743 2739 2745
3189 26 2744 2739 2745
3190 26 2755 2751 2756
3191 26 2755 2751 2757
3192 26 2756 2751 2757
3193 26 2767 2763 2768
3194 26 2767 2763 2769
3195 26 2768 2763 2769
3196 26 2779 2775 2780
3197 26 2779 2775 2781
3198 26 2780 2775 2781
3199 26 2791 2787 2792
3200 26 2791 2787 2793
3201 26 2792 2787 2793
3202 26 2803 2799 2804
3203 26 2803 2799 2805
3204 26 2804 2799 2805
3205 26 2815 2811 2816
3206 26 2815 2811 2817
3207 26 2816 2811 2817
3208 26 2827 2823 2828
3209 26 2827 2823 2829
3210 26 2828 2823 2829
3211 26 2839 2835 2840
3212 26 2839 2835 2841
3213 26 2840 2835 2841
3214 26 2851 2847 2852
3215 26 2851 2847 2853
3216 26 2852 2847 2853
3217 26 2863 2859 2864
3218 26 2863 2859 2865
3219 26 2864 2859 2865
3220 26 2875 2871 2876
3221 26 2875 2871 2877
3222 26 2876 2871 2877
3223 26 2887 2883 2888
3224 26 2887 2883 2889
3225 26 2888 2883 2889
3226 26 2899 2895 2900
3227 26 2899 2895 2901
3228 26 2900 2895 2901
3229 26 2911 2907 2912
3230 26 2911 2907 2913
3231 26 2912 2907 2913
3232 26 2923 2919 2924
3233 26 2923 2919 2925
3234 26 2924 2919 2925
3235 26 2935 2931 2936
3236 26 2935 2931 2937
3237 26 2936 2931 2937
3238 26 2947 2943 2948
3239 26 2947 2943 2949
3240 26 2948 2943 2949
3241 26 2959 2955 2960
3242 26 2959 2955 2961
3243 26 2960 2955 2961
3244 26 2971 2967 2972
3245 26 2971 2967 2973
3246 26 2972 2967 2973
3247 26 2983 2979 2984
3248 26 2983 2979 2985
3249 26 2984 2979 2985
3250 26 2995 2991 2996
3251 26 2995 2991 2997
3252 26 2996 2991 2997
3253 26 3008 3003 3009
3254 26 3008 3003 3010
3255 26 3009 3003 3010
3256 26 3017 3011 3018
3257 26 3017 3011 3019
3258 26 3018 3011 3019
3259 26 3021 3016 3022
3260 26 3021 3016 3023
3261 26 3022 3016 3023
3262 26 3033 3029 3034
3263 26 3033 3029 3035
3264 26 3034 3029 3035
3265 26 3045 3041 3046
3266 26 3045 3041 3047
3267 26 3046 3041 3047
3268 26 3057 3053 3058
3269 26 3057 3053 3059
3270 26 3058 3053 3059
3271 26 3069 3065 3070
3272 26 3069 3065 3071
3273 26 3070 3065 3071
3274 26 3081 3077 3082
3275 26 3081 3077 3083
3276 26 3082 3077 3083
3277 26 3093 3089 3094
3278 26 3093 3089 3095
3279 26 3094 3089 3095
3280 26 3105 3101 3106
3281 26 3105 3101 3107
3282 26 3106 3101 3107
3283 26 3117 3113 3118
3284 26 3117 3113 3119
3285 26 3118 3113 3119
3286 26 3129 3125 3130
3287 26 3129 3125 3131
3288 26 3130 3125 3131
3289 26 3141 3137 3142
3290 26 3141 3137 3143
3291 26 3142 3137 3143
3292 26 3153 3149 3154
3293 26 3153 3149 3155
3294 26 3154 3149 3155
3295 26 3165 3161 3166
3296 26 3165 3161 3167
3297 26 3166 3161 3167
3298 26 3177 3173 3178
3299 26 3177 3173 3179
3300 26 3178 3173 3179
3301 26 3189 3185 3190
3302 26 3189 3185 3191
3303 26 3190 3185 3191
3304 26 3201 3197 3202
3305 26 3201 3197 3203
3306 26 3202 3197 3203
3307 26 3213 3209 3214
3308 26 3213 3209 3215
3309 26 3214 3209 3215
3310 26 3225 3221 3226
3311 26 3225 3221 3227
3312 26 3226 3221 3227
3313 26 3237 3233 3238
3314 26 3237 3233 3239
3315 26 3238 3233 3239
3316 26 3249 3245 3250
3317 26 3249 3245 3251
3318 26 3250 3245 3251
3319 26 3261 3257 3262
3320 26 3261 3257 3263
3321 26 3262 3257 3263
3322 26 3273 3269 3274
3323 26 3273 3269 3275
3324 26 3274 3269 3275
3325 26 3285 3281 3286
3326 26 3285 3281 3287
3327 26 3286 3281 3287
3328 26 3297 3293 3298
3329 26 3297 3293 3299
3330 26 3298 3293 3299
3331 26 3309 3305 3310
3332 26 3309 3305 3311
3333 26 3310 3305 3311
3334 26 3321 3317 3322
3335 26 3321 3317 3323
3336 26 3322 3317 3323
3337 26 3333 3329 3334
3338 26 3333 3329 3335
3339 26 3334 3329 3335
3340 26 3345 3341 3346
3341 26 3345 3341 3347
3342 26 3346 3341 3347
3343 26 3357 3353 3358
3344 26 3357 3353 3359
3345 26 3358 3353 3359
3346 26 3369 3365 3370
3347 26 3369 3365 3371
3348 26 3370 3365 3371
3349 26 3381 3377 3382
3350 26 3381 3377 3383
3351 26 3382 3377 3383
3352 26 3393 3389 3394
3353 26 3393 3389 3395
3354 26 3394 3389 3395
3355 26 3405 3401 3406
3356 26 3405 3401 3407
3357 26 3406 3401 3407
3358 26 3417 3413 3418
3359 26 3417 3413 3419
3360 26 3418 3413 3419
3361 26 3429 3425 3430
3362 26 3429 3425 3431
3363 26 3430 3425 3431
3364 26 3441 3437 3442
3365 26 3441 3437 3443
3366 26 3442 3437 3443
3367 26 3453 3449 3454
3368 26 3453 3449 3455
3369 26 3454 3449 3455
3370 26 3465 3461 3466
3371 26 3465 3461 3467
3372 26 3466 3461 3467
3373 26 3477 3473 3478
3374 26 3477 3473 3479
3375 26 3478 3473 3479
3376 26 3489 3485 3490
3377 26 3489 3485 3491
3378 26 3490 3485 3491
3379 26 3501 3497 3502
3380 26 3501 3497 3503
3381 26 3502 3497 3503
3382 26 3513 3509 3514
3383 26 3513 3509 3515
3384 26 3514 3509 3515
3385 26 3525 3521 3526
3386 26 3525 3521 3527
3387 26 3526 3521 3527
3388 26 3537 3533 3538
3389 26 3537 3533 3539
3390 26 3538 3533 3539
3391 26 3549 3545 3550
3392 26 3549 3545 3551
3393 26 3550 3545 3551
3394 26 3561 3557 3562
3395 26 3561 3557 3563
3396 26 3562 3557 3563
3397 26 3573 3569 3574
3398 26 3573 3569 3575
3399 26 3574 3569 3575
3400 26 3585 3581 3586
3401 26 3585 3581 3587
3402 26 3586 3581 3587
3403 26 3597 3593 3598
3404 26 3597 3593 3599
3405 26 3598 3593 3599
3406 26 3610 3605 3611
3407 26 3610 3605 3612
3408 26 3611 3605 3612
3409 26 3619 3613 3620
3410 26 3619 3613 3621
3411 26 3620 3613 3621
3412 26 3623 3618 3624
3413 26 3623 3618 3625
3414 26 3624 3618 3625
3415 26 3635 3631 3636
3416 26 3635 3631 3637
3417 26 3636 3631 3637
3418 26 3647 3643 3648
3419 26 3647 3643 3649
3420 26 3648 3643 3649
3421 26 3659 3655 3660
3422 26 3659 3655 3661
3423 26 3660 3655 3661
3424 26 3671 3667 3672
3425 26 3671 3667 3673
3426 26 3672 3667 3673
3427 26 3683 3679 3684
3428 26 3683 3679 3685
3429 26 3684 3679 3685
3430 26 3695 3691 3696
3431 26 3695 3691 3697
3432 26 3696 3691 3697
3433 26 3707 3703 3708
3434 26 3707 3703 3709
3435 26 3708 3703 3709
3436 26 3719 3715 3720
3437 26 3719 3715 3721
3438 26 3720 3715 3721
3439 26 3731 3727 3732
3440 26 3731 3727 3733
3441 26 3732 3727 3733
3442 26 3743 3739 3744
3443 26 3743 3739 3745
3444 26 3744 3739 3745
3445 26 3755 3751 3756
3446 26 3755 3751 3757
3447 26 3756 3751 3757
3448 26 3767 3763 3768
3449 26 3767 3763 3769
3450 26 3768 3763 3769
3451 26 3779 3775 3780
3452 26 3779 3775 3781
3453 26 3780 3775 3781
3454 26 3791 3787 3792
3455 26 3791 3787 3793
3456 26 3792 3787 3793
3457 26 3803 3799 3804
3458 26 3803 3799 3805
3459 26 3804 3799 3805
3460 26 3815 3811 3816
3461 26 3815 3811 3817
3462 26 3816 3811 3817
3463 26 3827 3823 3828
3464 26 3827 3823 3829
3465 26 3828 3823 3829
3466 26 3839 3835 3840
3467 26 3839 3835 3841
3468 26 3840 3835 3841
3469 26 3851 3847 3852
3470 26 3851 3847 3853
3471 26 3852 3847 3853
3472 26 3863 3859 3864
3473 26 3863 3859 3865
3474 26 3864 3859 3865
3475 26 3875 3871 3876
3476 26 3875 3871 3877
3477 26 3876 3871 3877
3478 26 3887 3883 3888
3479 26 3887 3883 3889
3480 26 3888 3883 3889
3481 26 3899 3895 3900
3482 26 3899 3895 3901
3483 26 3900 3895 3901
3484 26 3911 3907 3912
3485 26 3911 3907 3913
3486 26 3912 3907 3913
3487 26 3923 3919 3924
3488 26 3923 3919 3925
3489 26 3924 3919 3925
3490 26 3935 3931 3936
3491 26 3935 3931 3937
3492 26 3936 3931 3937
3493 26 3947 3943 3948
3494 26 3947 3943 3949
3495 26 3948 3943 3949
3496 26 3959 3955 3960
3497 26 3959 3955 3961
3498 26 3960 3955 3961
3499 26 3971 3967 3972
3500 26 3971 3967 3973
3501 26 3972 3967 3973
3502 26 3983 3979 3984
3503 26 3983 3979 3985
3504 26 3984 3979 3985
3505 26 3995 3991 3996
3506 26 3995 3991 3997
3507 26 3996 3991 3997
3508 26 4007 4003 4008
3509 26 4007 4003 4009
3510 26 4008 4003 4009
3511 26 4019 4015 4020
3512 26 4019 4015 4021
3513 26 4020 4015 4021
3514 26 4031 4027 4032
3515 26 4031 4027 4033
3516 26 4032 4027 4033
3517 26 4043 4039 4044
3518 26 4043 4039 4045
3519 26 4044 4039 4045
3520 26 4055 4051 4056
3521 26 4055 4051 4057
3522 26 4056 4051 4057
3523 26 4067 4063 4068
3524 26 4067 4063 4069
3525 26 4068 4063 4069
3526 26 4079 4075 4080
3527 26 4079 4075 4081
3528 26 4080 4075 4081
3529 26 4091 4087 4092
3530 26 4091 4087 4093
3531 26 4092 4087 4093
3532 26 4103 4099 4104
3533 26 4103 4099 4105
3534 26 4104 4099 4105
3535 26 4115 4111 4116
3536 26 4115 4111 4117
3537 26 4116 4111 4117
3538 26 4127 4123 4128
3539 26 4127 4123 4129
3540 26 4128 4123 4129
3541 26 4139 4135 4140
3542 26 4139 4135 4141
3543 26 4140 4135 4141
3544 26 4151 4147 4152
3545 26 4151 4147 4153
3546 26 4152 4147 4153
3547 26 4163 4159 4164
3548 26 4163 4159 4165
3549 26 4164 4159 4165
3550 26 4175 4171 4176
3551 26 4175 4171 4177
3552 26 4176 4171 4177
3553 26 4187 4183 4188
3554 26 4187 4183 4189
3555 26 4188 4183 4189
3556 26 4199 4195 4200
3557 26 4199 4195 4201
3558 26 4200 4195 4201
3559 26 4212 4207 4213
3560 26 4212 4207 4214
3561 26 4213 4207 4214
3562 26 4221 4215 4222
3563 26 4221 4215 4223
3564 26 4222 4215 4223
3565 26 4225 4220 4226
3566 26 4225 4220 4227
3567 26 4226 4220 4227
3568 26 4237 4233 4238
3569 26 4237 4233 4239
3570 26 4238 4233 4239
3571 26 4249 4245 4250
3572 26 4249 4245 4251
3573 26 4250 4245 4251
3574 26 4261 4257 4262
3575 26 4261 4257 4263
3576 26 4262 4257 4263
3577 26 4273 4269 4274
3578 26 4273 4269 4275
3579 26 4274 4269 4275
3580 26 4285 4281 4286
3581 26 4285 4281 4287
3582 26 4286 4281 4287
3583 26 4297 4293 4298
3584 26 4297 4293 4299
3585 26 4298 4293 4299
3586 26 4309 4305 4310
3587 26 4309 4305 4311
3588 26 4310 4305 4311
3589 26 4321 4317 4322
3590 26 4321 4317 4323
3591 26 4322 4317 4323
3592 26 4333 4329 4334
3593 26 4333 4329 4335
3594 26 4334 4329 4335
3595 26 4345 4341 4346
3596 26 4345 4341 4347
3597 26 4346 4341 4347
3598 26 4357 4353 4358
3599 26 4357 4353 4359
3600 26 4358 4353 4359
3601 26 4369 4365 4370
3602 26 4369 4365 4371
3603 26 4370 4365 4371
3604 26 4381 4377 4382
3605 26 4381 4377 4383
3606 26 4382 4377 4383
3607 26 4393 4389 4394
3608 26 4393 4389 4395
3609 26 4394 4389 4395
3610 26 4405 4401 4406
3611 26 4405 4401 4407
3612 26 4406 4401 4407
3613 26 4417 4413 4418
3614 26 4417 4413 4419
3615 26 4418 4413 4419
3616 26 4429 4425 4430
3617 26 4429 4425 4431
3618 26 4430 4425 4431
3619 26 4441 4437 4442
3620 26 4441 4437 4443
3621 26 4442 4437 4443
3622 26 4453 4449 4454
3623 26 4453 4449 4455
3624 26 4454 4449 4455
3625 26 4465 4461 4466
3626 26 4465 4461 4467
3627 26 4466 4461 4467
3628 26 4477 4473 4478
3629 26 4477 4473 4479
3630 26 4478 4473 4479
3631 26 4489 4485 4490
3632 26 4489 4485 4491
3633 26 4490 4485 4491
3634 26 4501 4497 4502
3635 26 4501 4497 4503
3636 26 4502 4497 4503
3637 26 4513 4509 4514
3638 26 4513 4509 4515
3639 26 4514 4509 4515
3640 26 4525 4521 4526
3641 26 4525 4521 4527
3642 26 4526 4521 4527
3643 26 4537 4533 4538
3644 26 4537 4533 4539
3645 26 4538 4533 4539
3646 26 4549 4545 4550
3647 26 4549 4545 4551
3648 26 4550 4545 4551
3649 26 4561 4557 4562
3650 26 4561 4557 4563
3651 26 4562 4557 4563
3652 26 4573 4569 4574
3653 26 4573 4569 4575
3654 26 4574 4569 4575
3655 26 4585 4581 4586
3656 26 4585 4581 4587
3657 26 4586 4581 4587
3658 26 4597 4593 4598
3659 26 4597 4593 4599
3660 26 4598 4593 4599
3661 26 4609 4605 4610
3662 26 4609 4605 4611
3663 26 4610 4605 4611
3664 26 4621 4617 4622
3665 26 4621 4617 4623
3666 26 4622 4617 4623
3667 26 4633 4629 4634
3668 26 4633 4629 4635
3669 26 4634 4629 4635
3670 26 4645 4641 4646
3671 26 4645 4641 4647
3672 26 4646 4641 4647
3673 26 4657 4653 4658
3674 26 4657 4653 4659
3675 26 4658 4653 4659
3676 26 4669 4665 4670
3677 26 4669 4665 4671
3678 26 4670 4665 4671
3679 26 4681 4677 4682
3680 26 4681 4677 4683
3681 26 4682 4677 4683
3682 26 4693 4689 4694
3683 26 4693 4689 4695
3684 26 4694 4689 4695
3685 26 4705 4701 4706
3686 26 4705 4701 4707
3687 26 4706 4701 4707
3688 26 4717 4713 4718
3689 26 4717 4713 4719
3690 26 4718 4713 4719
3691 26 4729 4725 4730
3692 26 4729 4725 4731
3693 26 4730 4725 4731
3694 26 4741 4737 4742
3695 26 4741 4737 4743
3696 26 4742 4737 4743
3697 26 4753 4749 4754
3698 26 4753 4749 4755
3699 26 4754 4749 4755
3700 26 4765 4761 4766
3701 26 4765 4761 4767
3702 26 4766 4761 4767
3703 26 4777 4773 4778
3704 26 4777 4773 4779
3705 26 4778 4773 4779
3706 26 4789 4785 4790
3707 26 4789 4785 4791
3708 26 4790 4785 4791
3709 26 4801 4797 4802
3710 26 4801 4797 4803
3711 26 4802 4797 4803
3712 26 4814 4809 4815
3713 26 4814 4809 4816
3714 26 4815 4809 4816
3715 26 4823 4817 4824
3716 26 4823 4817 4825
3717 26 4824 4817 4825
3718 26 4827 4822 4828
3719 26 4827 4822 4829
3720 26 4828 4822 4829
3721 26 4839 4835 4840
3722 26 4839 4835 4841
3723 26 4840 4835 4841
3724 26 4851 4847 4852
3725 26 4851 4847 4853
3726 26 4852 4847 4853
3727 26 4863 4859 4864
3728 26 4863 4859 4865
3729 26 4864 4859 4865
3730 26 4875 4871 4876
3731 26 4875 4871 4877
3732 26 4876 4871 4877
3733 26 4887 4883 4888
3734 26 4887 4883 4889
3735 26 4888 4883 4889
3736 26 4899 4895 4900
3737 26 4899 4895 4901
3738 26 4900 4895 4901
3739 26 4911 4907 4912
3740 26 4911 4907 4913
3741 26 4912 4907 4913
3742 26 4923 4919 4924
3743 26 4923 4919 4925
3744 26 4924 4919 4925
3745 26 4935 4931 4936
3746 26 4935 4931 4937
3747 26 4936 4931 4937
3748 26 4947 4943 4948
3749 26 4947 4943 4949
3750 26 4948 4943 4949
3751 26 4959 4955 4960
3752 26 4959 4955 4961
3753 26 4960 4955 4961
3754 26 4971 4967 4972
3755 26 4971 4967 4973
3756 26 4972 4967 4973
3757 26 4983 4979 4984
3758 26 4983 4979 4985
3759 26 4984 4979 4985
3760 26 4995 4991 4996
3761 26 4995 4991 4997
3762 26 4996 4991 4997
3763 26 5007 5003 5008
3764 26 5007 5003 5009
3765 26 5008 5003 5009
3766 26 5019 5015 5020
3767 26 5019 5015 5021
3768 26 5020 5015 5021
3769 26 5031 5027 5032
3770 26 5031 5027 5033
3771 26 5032 5027 5033
3772 26 5043 5039 5044
3773 26 5043 5039 5045
3774 26 5044 5039 5045
3775 26 5055 5051 5056
3776 26 5055 5051 5057
3777 26 5056 5051 5057
3778 26 5067 5063 5068
3779 26 5067 5063 5069
3780 26 5068 5063 5069
3781 26 5079 5075 5080
3782 26 5079 5075 5081
3783 26 5080 5075 5081
3784 26 5091 5087 5092
3785 26 5091 5087 5093
3786 26 5092 5087 5093
3787 26 5103 5099 5104
3788 26 5103 5099 5105
3789 26 5104 5099 5105
3790 26 5115 5111 5116
3791 26 5115 5111 5117
3792 26 5116 5111 5117
3793 26 5127 5123 5128
3794 26 5127 5123 5129
3795 26 5128 5123 5129
3796 26 5139 5135 5140
3797 26 5139 5135 5141
3798 26 5140 5135 5141
3799 26 5151 5147 5152
3800 26 5151 5147 5153
3801 26 5152 5147 5153
3802 26 5163 5159 5164
3803 26 5163 5159 5165
3804 26 5164 5159 5165
3805 26 5175 5171 5176
3806 26 5175 5171 5177
3807 26 5176 5171 5177
3808 26 5187 5183 5188
3809 26 5187 5183 5189
3810 26 5188 5183 5189
3811 26 5199 5195 5200
3812 26 5199 5195 5201
3813 26 5200 5195 5201
3814 26 5211 5207 5212
3815 26 5211 5207 5213
3816 26 5212 5207 5213
3817 26 5223 5219 5224
3818 26 5223 5219 5225
3819 26 5224 5219 5225
3820 26 5235 5231 5236
3821 26 5235 5231 5237
3822 26 5236 5231 5237
3823 26 5247 5243 5248
3824 26 5247 5243 5249
3825 26 5248 5243 5249
3826 26 5259 5255 5260
3827 26 5259 5255 5261
3828 26 5260 5255 5261
3829 26 5271 5267 5272
3830 26 5271 5267 5273
3831 26 5272 5267 5273
3832 26 5283 5279 5284
3833 26 5283 5279 5285
3834 26 5284 5279 5285
3835 26 5295 5291 5296
3836 26 5295 5291 5297
3837 26 5296 5291 5297
3838 26 5307 5303 5308
3839 26 5307 5303 5309
3840 26 5308 5303 5309
3841 26 5319 5315 5320
3842 26 5319 5315 5321
3843 26 5320 5315 5321
3844 26 5331 5327 5332
3845 26 5331 5327 5333
3846 26 5332 5327 5333
3847 26 5343 5339 5344
3848 26 5343 5339 5345
3849 26 5344 5339 5345
3850 26 5355 5351 5356
3851 26 5355 5351 5357
3852 26 5356 5351 5357
3853 26 5367 5363 5368
3854 26 5367 5363 5369
3855 26 5368 5363 5369
3856 26 5379 5375 5380
3857 26 5379 5375 5381
3858 26 5380 5375 5381
3859 26 5391 5387 5392
3860 26 5391 5387 5393
3861 26 5392 5387 5393
3862 26 5403 5399 5404
3863 26 5403 5399 5405
3864 26 5404 5399 5405
3865 26 5416 5411 5417
3866 26 5416 5411 5418
3867 26 5417 5411 5418
3868 26 5425 5419 5426
3869 26 5425 5419 5427
3870 26 5426 5419 5427
3871 26 5429 5424 5430
3872 26 5429 5424 5431
3873 26 5430 5424 5431
3874 26 5441 5437 5442
3875 26 5441 5437 5443
3876 26 5442 5437 5443
3877 26 5453 5449 5454
3878 26 5453 5449 5455
3879 26 5454 5449 5455
3880 26 5465 5461 5466
3881 26 5465 5461 5467
3882 26 5466 5461 5467
3883 26 5477 5473 5478
3884 26 5477 5473 5479
3885 26 5478 5473 5479
3886 26 5489 5485 5490
3887 26 5489 5485 5491
3888 26 5490 5485 5491
3889 26 5501 5497 5502
3890 26 5501 5497 5503
3891 26 5502 5497 5503
3892 26 5513 5509 5514
3893 26 5513 5509 5515
3894 26 5514 5509 5515
3895 26 5525 5521 5526
3896 26 5525 5521 5527
3897 26 5526 5521 5527
3898 26 5537 5533 5538
3899 26 5537 5533 5539
3900 26 5538 5533 5539
3901 26 5549 5545 5550
3902 26 5549 5545 5551
3903 26 5550 5545 5551
3904 26 5561 5557 5562
3905 26 5561 5557 5563
3906 26 5562 5557 5563
3907 26 5573 5569 5574
3908 26 5573 5569 5575
3909 26 5574 5569 5575
3910 26 5585 5581 5586
3911 26 5585 5581 5587
3912 26 5586 5581 5587
3913 26 5597 5593 5598
3914 26 5597 5593 5599
3915 26 5598 5593 5599
3916 26 5609 5605 5610
3917 26 5609 5605 5611
3918 26 5610 5605 5611
3919 26 5621 5617 5622
3920 26 5621 5617 5623
3921 26 5622 5617 5623
3922 26 5633 5629 5634
3923 26 5633 5629 5635
3924 26 5634 5629 5635
3925 26 5645 5641 5646
3926 26 5645 5641 5647
3927 26 5646 5641 5647
3928 26 5657 5653 5658
3929 26 5657 5653 5659
3930 26 5658 5653 5659
3931 26 5669 5665 5670
3932 26 5669 5665 5671
3933 26 5670 5665 5671
3934 26 5681 5677 5682
3935 26 5681 5677 5683
3936 26 5682 5677 5683
3937 26 5693 5689 5694
3938 26 5693 5689 5695
3939 26 5694 5689 5695
3940 26 5705 5701 5706
3941 26 5705 5701 5707
3942 26 5706 5701 5707
3943 26 5717 5713 5718
3944 26 5717 5713 5719
3945 26 5718 5713 5719
3946 26 5729 5725 5730
3947 26 5729 5725 5731
3948 26 5730 5725 5731
3949 26 5741 5737 5742
3950 26 5741 5737 5743
3951 26 5742 5737 5743
3952 26 5753 5749 5754
3953 26 5753 5749 5755
3954 26 5754 5749 5755
3955 26 5765 5761 5766
3956 26 5765 5761 5767
3957 26 5766 5761 5767
3958 26 5777 5773 5778
3959 26 5777 5773 5779
3960 26 5778 5773 5779
3961 26 5789 5785 5790
3962 26 5789 5785 5791
3963 26 5790 5785 5791
3964 26 5801 5797 5802
3965 26 5801 5797 5803
3966 26 5802 5797 5803
3967 26 5813 5809 5814
3968 26 5813 5809 5815
3969 26 5814 5809 5815
3970 26 5825 5821 5826
3971 26 5825 5821 5827
3972 26 5826 5821 5827
3973 26 5837 5833 5838
3974 26 5837 5833 5839
3975 26 5838 5833 5839
3976 26 5849 5845 5850
3977 26 5849 5845 5851
3978 26 5850 5845 5851
3979 26 5861 5857 5862
3980 26 5861 5857 5863
3981 26 5862 5857 5863
3982 26 5873 5869 5874
3983 26 5873 5869 5875
3984 26 5874 5869 5875
3985 26 5885 5881 5886
3986 26 5885 5881 5887
3987 26 5886 5881 5887
3988 26 5897 5893 5898
3989 26 5897 5893 5899
3990 26 5898 5893 5899
3991 26 5909 5905 5910
3992 26 5909 5905 5911
3993 26 5910 5905 5911
3994 26 5921 5917 5922
3995 26 5921 5917 5923
3996 26 5922 5917 5923
3997 26 5933 5929 5934
3998 26 5933 5929 5935
3999 26 5934 5929 5935
4000 26 5945 5941 5946
4001 26 5945 5941 5947
4002 26 5946 5941 5947
4003 26 5957 5953 5958
4004 26 5957 5953 5959
4005 26 5958 5953 5959
4006 26 5969 5965 5970
4007 26 5969 5965 5971
4008 26 5970 5965 5971
4009 26 5981 5977 5982
4010 26 5981 5977 5983
4011 26 5982 5977 5983
4012 26 5993 5989 5994
4013 26 5993 5989 5995
4014 26 5994 5989 5995
4015 26 6005 6001 6006
4016 26 6005 6001 6007
4017 26 6006 6001 6007
4018 26 6018 6013 6019
4019 26 6018 6013 6020
4020 26 6019 6013 6020
4021 28 20 14 21
4022 28 32 26 33
4023 28 44 38 45
4024 28 56 50 57
4025 28 68 62 69
4026 28 80 74 81
4027 28 92 86 93
4028 28 104 98 105
4029 28 116 110 117
4030 28 128 122 129
4031 28 140 134 141
4032 28 152 146 153
4033 28 164 158 165
4034 28 176 170 177
4035 28 188 182 189
4036 28 200 194 201
4037 28 212 206 213
4038 28 224 218 225
4039 28 236 230 237
4040 28 248 242 249
4041 28 260 254 261
4042 28 272 266 273
4043 28 284 278 285
4044 28 296 290 297
4045 28 308 302 309
4046 28 320 314 321
4047 28 332 326 333
4048 28 344 338 345
4049 28 356 350 357
4050 28 368 362 369
4051 28 380 374 381
4052 28 392 386 393
4053 28 404 398 405
4054 28 416 410 417
4055 28 428 422 429
4056 28 440 434 441
4057 28 452 446 453
4058 28 464 458 465
4059 28 476 470 477
4060 28 488 482 489
4061 28 500 494 501
4062 28 512 506 513
4063 28 524 518 525
4064 28 536 530 537
4065 28 548 542 549
4066 28 560 554 561
4067 28 572 566 573
4068 28 584 578 585
4069 28 596 590 597
4070 28 622 616 623
4071 28 634 628 635
4072 28 646 640 647
4073 28 658 652 659
4074 28 670 664 671
4075 28 682 676 683
4076 28 694 688 695
4077 28 706 700 707
4078 28 718 712 719
4079 28 730 724 731
4080 28 742 736 743
4081 28 754 748 755
4082 28 766 760 767
4083 28 778 772 779
4084 28 790 784 791
4085 28 802 796 803
4086 28 814 808 815
4087 28 826 820 827
4088 28 838 832 839
4089 28 850 844 851
4090 28 862 856 863
4091 28 874 868 875
4092 28 886 880 887
4093 28 898 892 899
4094 28 910 904 911
4095 28 922 916 923
4096 28 934 928 935
4097 28 946 940 947
4098 28 958 952 959
4099 28 970 964 971
4100 28 982 976 983
4101 28 994 988 995
4102 28 1006 1000 1007
4103 28 1018 1012 1019
4104 28 1030 1024 1031
4105 28 1042 1036 1043
4106 28 1054 1048 1055
4107 28 1066 1060 1067
4108 28 1078 1072 1079
4109 28 1090 1084 1091
4110 28 1102 1096 1103
4111 28 1114 1108 1115
4112 28 1126 1120 1127
4113 28 1138 1132 1139
4114 28 1150 1144 1151
4115 28 1162 1156 1163
4116 28 1174 1168 1175
4117 28 1186 1180 1187
4118 28 1198 1192 1199
4119 28 1224 1218 1225
4120 28 1236 1230 1237
4121 28 1248 1242 1249
4122 28 1260 1254 1261
4123 28 1272 1266 1273
4124 28 1284 1278 1285
4125 28 1296 1290 1297
4126 28 1308 1302 1309
4127 28 1320 1314 1321
4128 28 1332 1326 1333
4129 28 1344 1338 1345
4130 28 1356 1350 1357
4131 28 1368 1362 1369
4132 28 1380 1374 1381
4133 28 1392 1386 1393
4134 28 1404 1398 1405
4135 28 1416 1410 1417
4136 28 1428 1422 1429
4137 28 1440 1434 1441
4138 28 1452 1446 1453
4139 28 1464 1458 1465
4140 28 1476 1470 1477
4141 28 1488 1482 1489
4142 28 1500 1494 1501
4143 28 1512 1506 1513
4144 28 1524 1518 1525
4145 28 1536 1530 1537
4146 28 1548 1542 1549
4147 28 1560 1554 1561
4148 28 1572 1566 1573
4149 28 1584 1578 1585
4150 28 1596 1590 1597
4151 28 1608 1602 1609
4152 28 1620 1614 1621
4153 28 1632 1626 1633
4154 28 1644 1638 1645
4155 28 1656 1650 1657
4156 28 1668 1662 1669
4157 28 1680 1674 1681
4158 28 1692 1686 1693
4159 28 1704 1698 1705
4160 28 1716 1710 1717
4161 28 1728 1722 1729
4162 28 1740 1734 1741
4163 28 1752 1746 1753
4164 28 1764 1758 1765
4165 28 1776 1770 1777
4166 28 1788 1782 1789
4167 28 1800 1794 1801
4168 28 1826 1820 1827
4169 28 1838 1832 1839
4170 28 1850 1844 1851
4171 28 1862 1856 1863
4172 28 1874 1868 1875
4173 28 1886 1880 1887
4174 28 1898 1892 1899
4175 28 1910 1904 1911
4176 28 1922 1916 1923
4177 28 1934 1928 1935
4178 28 1946 1940 1947
4179 28 1958 1952 1959
4180 28 1970 1964 1971
4181 28 1982 1976 1983
4182 28 1994 1988 1995
4183 28 2006 2000 2007
4184 28 2018 2012 2019
4185 28 2030 2024 2031
4186 28 2042 2036 2043
4187 28 2054 2048 2055
4188 28 2066 2060 2067
4189 28 2078 2072 2079
4190 28 2090 2084 2091
4191 28 2102 2096 2103
4192 28 2114 2108 2115
4193 28 2126 2120 2127
4194 28 2138 2132 2139
4195 28 2150 2144 2151
4196 28 2162 2156 2163
4197 28 2174 2168 2175
4198 28 2186 2180 2187
4199 28 2198 2192 2199
4200 28 2210 2204 2211
4201 28 2222 2216 2223
4202 28 2234 2228 2235
4203 28 2246 2240 2247
4204 28 2258 2252 2259
4205 28 2270 2264 2271
4206 28 2282 2276 2283
4207 28 2294 2288 2295
4208 28 2306 2300 2307
4209 28 2318 2312 2319
4210 28 2330 2324 2331
4211 28 2342 2336 2343
4212 28 2354 2348 2355
4213 28 2366 2360 2367
4214 28 2378 2372 2379
4215 28 2390 2384 2391
4216 28 2402 2396 2403
4217 28 2428 2422 2429
4218 28 2440 2434 2441
4219 28 2452 2446 2453
4220 28 2464 2458 2465
4221 28 2476 2470 2477
4222 28 2488 2482 2489
4223 28 2500 2494 2501
4224 28 2512 2506 2513
4225 28 2524 2518 2525
4226 28 2536 2530 2537
4227 28 2548 2542 2549
4228 28 2560 2554 2561
4229 28 2572 2566 2573
4230 28 2584 2578 2585
4231 28 2596 2590 2597
4232 28 2608 2602 2609
4233 28 2620 2614 2621
4234 28 2632 2626 2633
4235 28 2644 2638 2645
4236 28 2656 2650 2657
4237 28 2668 2662 2669
4238 28 2680 2674 2681
4239 28 2692 2686 2693
4240 28 2704 2698 2705
4241 28 2716 2710 2717
4242 28 2728 2722 2729
4243 28 2740 2734 2741
4244 28 2752 2746 2753
4245 28 2764 2758 2765
4246 28 2776 2770 2777
4247 28 2788 2782 2789
4248 28 2800 2794 2801
4249 28 2812 2806 2813
4250 28 2824 2818 2825
4251 28 2836 2830 2837
4252 28 2848 2842 2849
4253 28 2860 2854 2861
4254 28 2872 2866 2873
4255 28 2884 2878 2885
4256 28 2896 2890 2897
4257 28 2908 2902 2909
4258 28 2920 2914 2921
4259 28 2932 2926 2933
4260 28 2944 2938 2945
4261 28 2956 2950 2957
4262 28 2968 2962 2969
4263 28 2980 2974 2981
4264 28 2992 2986 2993
4265 28 3004 2998 3005
4266 28 3030 3024 3031
4267 28 3042 3036 3043
4268 28 3054 3048 3055
4269 28 3066 3060 3067
4270 28 3078 3072 3079
4271 28 3090 3084 3091
4272 28 3102 3096 3103
4273 28 3114 3108 3115
4274 28 3126 3120 3127
4275 28 3138 3132 3139
4276 28 3150 3144 3151
4277 28 3162 3156 3163
4278 28 3174 3168 3175
4279 28 3186 3180 3187
4280 28 3198 3192 3199
4281 28 3210 3204 3211
4282 28 3222 3216 3223
4283 28 3234 3228 3235
4284 28 3246 3240 3247
4285 28 3258 3252 3259
4286 28 3270 3264 3271
4287 28 3282 3276 3283
4288 28 3294 3288 3295
4289 28 3306 3300 3307
4290 28 3318 3312 3319
4291 28 3330 3324 3331
4292 28 3342 3336 3343
4293 28 3354 3348 3355
4294 28 3366 3360 3367
4295 28 3378 3372 3379
4296 28 3390 3384 3391
4297 28 3402 3396 3403
4298 28 3414 3408 3415
4299 28 3426 3420 3427
4300 28 3438 3432 3439
4301 28 3450 3444 3451
4302 28 3462 3456 3463
4303 28 3474 3468 3475
4304 28 3486 3480 3487
4305 28 3498 3492 3499
4306 28 3510 3504 3511
4307 28 3522 3516 3523
4308 28 3534 3528 3535
4309 28 3546 3540 3547
4310 28 3558 3552 3559
4311 28 3570 3564 3571
4312 28 3582 3576 3583
4313 28 3594 3588 3595
4314 28 3606 3600 3607
4315 28 3632 3626 3633
4316 28 3644 3638 3645
4317 28 3656 3650 3657
4318 28 3668 3662 3669
4319 28 3680 3674 3681
4320 28 3692 3686 3693
4321 28 3704 3698 3705
4322 28 3716 3710 3717
4323 28 3728 3722 3729
4324 28 3740 3734 3741
4325 28 3752 3746 3753
4326 28 3764 3758 3765
4327 28 3776 3770 3777
4328 28 3788 3782 3789
4329 28 3800 3794 3801
4330 28 3812 3806 3813
4331 28 3824 3818 3825
4332 28 3836 3830 3837
4333 28 3848 3842 3849
4334 28 3860 3854 3861
4335 28 3872 3866 3873
4336 28 3884 3878 3885
4337 28 3896 3890 3897
4338 28 3908 3902 3909
4339 28 3920 3914 3921
4340 28 3932 3926 3933
4341 28 3944 3938 3945
4342 28 3956 3950 3957
4343 28 3968 3962 3969
4344 28 3980 3974 3981
4345 28 3992 3986 3993
4346 28 4004 3998 4005
4347 28 4016 4010 4017
4348 28 4028 4022 4029
4349 28 4040 4034 4041
4350 28 4052 4046 4053
4351 28 4064 4058 4065
4352 28 4076 4070 4077
4353 28 4088 4082 4089
4354 28 4100 4094 4101
4355 28 4112 4106 4113
4356 28 4124 4118 4125
4357 28 4136 4130 4137
4358 28 4148 4142 4149
4359 28 4160 4154 4161
4360 28 4172 4166 4173
4361 28 4184 4178 4185
4362 28 4196 4190 4197
4363 28 4208 4202 4209
4364 28 4234 4228 4235
4365 28 4246 4240 4247
4366 28 4258 4252 4259
4367 28 4270 4264 4271
4368 28 4282 4276 4283
4369 28 4294 4288 4295
4370 28 4306 4300 4307
4371 28 4318 4312 4319
4372 28 4330 4324 4331
4373 28 4342 4336 4343
4374 28 4354 4348 4355
4375 28 4366 4360 4367
4376 28 4378 4372 4379
4377 28 4390 4384 4391
4378 28 4402 4396 4403
4379 28 4414 4408 4415
4380 28 4426 4420 4427
4381 28 4438 4432 4439
4382 28 4450 4444 4451
4383 28 4462 4456 4463
4384 28 4474 4468 4475
4385 28 4486 4480 4487
4386 28 4498 4492 4499
4387 28 4510 4504 4511
4388 28 4522 4516 4523
4389 28 4534 4528 4535
4390 28 4546 4540 4547
4391 28 4558 4552 4559
4392 28 4570 4564 4571
4393 28 4582 4576 4583
4394 28 4594 4588 4595
4395 28 4606 4600 4607
4396 28 4618 4612 4619
4397 28 4630 4624 4631
4398 28 4642 4636 4643
4399 28 4654 4648 4655
4400 28 4666 4660 4667
4401 28 4678 4672 4679
4402 28 4690 4684 4691
4403 28 4702 4696 4703
4404 28 4714 4708 4715
4405 28 4726 4720 4727
4406 28 4738 4732 4739
4407 28 4750 4744 4751
4408 28 4762 4756 4763
4409 28 4774 4768 4775
4410 28 4786 4780 4787
4411 28 4798 4792 4799
4412 28 4810 4804 4811
4413 28 4836 4830 4837
4414 28 4848 4842 4849
4415 28 4860 4854 4861
4416 28 4872 4866 4873
4417 28 4884 4878 4885
4418 28 4896 4890 4897
4419 28 4908 4902 4909
4420 28 4920 4914 4921
4421 28 4932 4926 4933
4422 28 4944 4938 4945
4423 28 4956 4950 4957
4424 28 4968 4962 4969
4425 28 4980 4974 4981
4426 28 4992 4986 4993
4427 28 5004 4998 5005
4428 28 5016 5010 5017
4429 28 5028 5022 5029
4430 28 5040 5034 5041
4431 28 5052 5046 5053
4432 28 5064 5058 5065
4433 28 5076 5070 5077
4434 28 5088 5082 5089
4435 28 5100 5094 5101
4436 28 5112 5106 5113
4437 28 5124 5118 5125
4438 28 5136 5130 5137
4439 28 5148 5142 5149
4440 28 5160 5154 5161
4441 28 5172 5166 5173
4442 28 5184 5178 5185
4443 28 5196 5190 5197
4444 28 5208 5202 5209
4445 28 5220 5214 5221
4446 28 5232 5226 5233
4447 28 5244 5238 5245
4448 28 5256 5250 5257
4449 28 5268 5262 5269
4450 28 5280 5274 5281
4451 28 5292 5286 5293
4452 28 5304 5298 5305
4453 28 5316 5310 5317
4454 28 5328 5322 5329
4455 28 5340 5334 5341
4456 28 5352 5346 5353
4457 28 5364 5358 5365
4458 28 5376 5370 5377
4459 28 5388 5382 5389
4460 28 5400 5394 5401
4461 28 5412 5406 5413
4462 28 5438 5432 5439
4463 28 5450 5444 5451
4464 28 5462 5456 5463
4465 28 5474 5468 5475
4466 28 5486 5480 5487
4467 28 5498 5492 5499
4468 28 5510 5504 5511
4469 28 5522 5516 5523
4470 28 5534 5528 5535
4471 28 5546 5540 5547
4472 28 5558 5552 5559
4473 28 5570 5564 5571
4474 28 5582 5576 5583
4475 28 5594 5588 5595
4476 28 5606 5600 5607
4477 28 5618 5612 5619
4478 28 5630 5624 5631
4479 28 5642 5636 5643
4480 28 5654 5648 5655
4481 28 5666 5660 5667
4482 28 5678 5672 5679
4483 28 5690 5684 5691
4484 28 5702 5696 5703
4485 28 5714 5708 5715
4486 28 5726 5720 5727
4487 28 5738 5732 5739
4488 28 5750 5744 5751
4489 28 5762 5756 5763
4490 28 5774 5768 5775
4491 28 5786 5780 5787
4492 28 5798 5792 5799
4493 28 5810 5804 5811
4494 28 5822 5816 5823
4495 28 5834 5828 5835
4496 28 5846 5840 5847
4497 28 5858 5852 5859
4498 28 5870 5864 5871
4499 28 5882 5876 5883
4500 28 5894 5888 5895
4501 28 5906 5900 5907
4502 28 5918 5912 5919
4503 28 5930 5924 5931
4504 28 5942 5936 5943
4505 28 5954 5948 5955
4506 28 5966 5960 5967
4507 28 5978 5972 5979
4508 28 5990 5984 5991
4509 28 6002 5996 6003
4510 28 6014 6008 6015
4511 39 598 591 599
4512 39 1200 1193 1201
4513 39 1802 1795 1803
4514 39 2404 2397 2405
4515 39 3006 2999 3007
4516 39 3608 3601 3609
4517 39 4210 4203 4211
4518 39 4812 4805 4813
4519 39 5414 5407 5415
4520 39 6016 6009 6017
4521 42 4 6 11
4522 42 4 6 12
4523 42 4 6 13
4524 42 17 19 23
4525 42 17 19 24
4526 42 17 19 25
4527 42 29 31 35
4528 42 29 31 36
4529 42 29 31 37
4530 42 41 43 47
4531 42 41 43 48
4532 42 41 43 49
4533 42 53 55 59
4534 42 53 55 60
4535 42 53 55 61
4536 42 65 67 71
4537 42 65 67 72
4538 42 65 67 73
4539 42 77 79 83
4540 42 77 79 84
4541 42 77 79 85
4542 42 89 91 95
4543 42 89 91 96
4544 42 89 91 97
4545 42 101 103 107
4546 42 101 103 108
4547 42 101 103 109
4548 42 113 115 119
4549 42 113 115 120
4550 42 113 115 121
4551 42 125 127 131
4552 42 125 127 132
4553 42 125 127 133
4554 42 137 139 143
4555 42 137 139 144
4556 42 137 139 145
4557 42 149 151 155
4558 42 149 151 156
4559 42 149 151 157
4560 42 161 163 167
4561 42 161 163 168
4562 42 161 163 169
4563 42 173 175 179
4564 42 173 175 180
4565 42 173 175 181
4566 42 185 187 191
4567 42 185 187 192
4568 42 185 187 193
4569 42 197 199 203
4570 42 197 199 204
4571 42 197 199 205
4572 42 209 211 215
4573 42 209 211 216
4574 42 209 211 217
4575 42 221 223 227
4576 42 221 223 228
4577 42 221 223 229
4578 42 233 235 239
4579 42 233 235 240
4580 42 233 235 241
4581 42 245 247 251
4582 42 245 247 252
4583 42 245 247 253
4584 42 257 259 263
4585 42 257 259 264
4586 42 257 259 265
4587 42 269 271 275
4588 42 269 271 276
4589 42 269 271 277
4590 42 281 283 287
4591 42 281 283 288
4592 42 281 283 289
4593 42 293 295 299
4594 42 293 295 300
4595 42 293 295 301
4596 42 305 307 311
4597 42 305 307 312
4598 42 305 307 313
4599 42 317 319 323
4600 42 317 319 324
4601 42 317 319 325
4602 42 329 331 335
4603 42 329 331 336
4604 42 329 331 337
4605 42 341 343 347
4606 42 341 343 348
4607 42 341 343 349
4608 42 353 355 359
4609 42 353 355 360
4610 42 353 355 361
4611 42 365 367 371
4612 42 365 367 372
4613 42 365 367 373
4614 42 377 379 383
4615 42 377 379 384
4616 42 377 379 385
4617 42 389 391 395
4618 42 389 391 396
4619 42 389 391 397
4620 42 401 403 407
4621 42 401 403 408
4622 42 401 403 409
4623 42 413 415 419
4624 42 413 415 420
4625 42 413 415 421
4626 42 425 427 431
4627 42 425 427 432
4628 42 425 427 433
4629 42 437 439 443
4630 42 437 439 444
4631 42 437 439 445
4632 42 449 451 455
4633 42 449 451 456
4634 42 449 451 457
4635 42 461 463 467
4636 42 461 463 468
4637 42 461 463 469
4638 42 473 475 479
4639 42 473 475 480
4640 42 473 475 481
4641 42 485 487 491
4642 42 485 487 492
4643 42 485 487 493
4644 42 497 499 503
4645 42 497 499 504
4646 42 497 499 505
4647 42 509 511 515
4648 42 509 511 516
4649 42 509 511 517
4650 42 521 523 527
4651 42 521 523 528
4652 42 521 523 529
4653 42 533 535 539
4654 42 533 535 540
4655 42 533 535 541
4656 42 545 547 551
4657 42 545 547 552
4658 42 545 547 553
4659 42 557 559 563
4660 42 557 559 564
4661 42 557 559 565
4662 42 569 571 575
4663 42 569 571 576
4664 42 569 571 577
4665 42 581 583 587
4666 42 581 583 588
4667 42 581 583 589
4668 42 593 595 600
4669 42 593 595 601
4670 42 593 595 602
4671 42 606 608 613
4672 42 606 608 614
4673 42 606 608 615
4674 42 619 621 625
4675 42 619 621 626
4676 42 619 621 627
4677 42 631 633 637
4678 42 631 633 638
4679 42 631 633 639
4680 42 643 645 649
4681 42 643 645 650
4682 42 643 645 651
4683 42 655 657 661
4684 42 655 657 662
4685 42 655 657 663
4686 42 667 669 673
4687 42 667 669 674
4688 42 667 669 675
4689 42 679 681 685
4690 42 679 681 686
4691 42 679 681 687
4692 42 691 693 697
4693 42 691 693 698
4694 42 691 693 699
4695 42 703 705 709
4696 42 703 705 710
4697 42 703 705 711
4698 42 715 717 721
4699 42 715 717 722
4700 42 715 717 723
4701 42 727 729 733
4702 42 727 729 734
4703 42 727 729 735
4704 42 739 741 745
4705 42 739 741 746
4706 42 739 741 747
4707 42 751 753 757
4708 42 751 753 758
4709 42 751 753 759
4710 42 763 765 769
4711 42 763 765 770
4712 42 763 765 771
4713 42 775 777 781
4714 42 775 777 782
4715 42 775 777 783
4716 42 787 789 793
4717 42 787 789 794
4718 42 787 789 795
4719 42 799 801 805
4720 42 799 801 806
4721 42 799 801 807
4722 42 811 813 817
4723 42 811 813 818
4724 42 811 813 819
4725 42 823 825 829
4726 42 823 825 830
4727 42 823 825 831
4728 42 835 837 841
4729 42 835 837 842
4730 42 835 837 843
4731 42 847 849 853
4732 42 847 849 854
4733 42 847 849 855
4734 42 859 861 865
4735 42 859 861 866
4736 42 859 861 867
4737 42 871 873 877
4738 42 871 873 878
4739 42 871 873 879
4740 42 883 885 889
4741 42 883 885 890
4742 42 883 885 891
4743 42 895 897 901
4744 42 895 897 902
4745 42 895 897 903
4746 42 907 909 913
4747 42 907 909 914
4748 42 907 909 915
4749 42 919 921 925
4750 42 919 921 926
4751 42 919 921 927
4752 42 931 933 937
4753 42 931 933 938
4754 42 931 933 939
4755 42 943 945 949
4756 42 943 945 950
4757 42 943 945 951
4758 42 955 957 961
4759 42 955 957 962
4760 42 955 957 963
4761 42 967 969 973
4762 42 967 969 974
4763 42 967 969 975
4764 42 979 981 985
4765 42 979 981 986
4766 42 979 981 987
4767 42 991 993 997
4768 42 991 993 998
4769 42 991 993 999
4770 42 1003 1005 1009
4771 42 1003 1005 1010
4772 42 1003 1005 1011
4773 42 1015 1017 1021
4774 42 1015 1017 1022
4775 42 1015 1017 1023
4776 42 1027 1029 1033
4777 42 1027 1029 1034
4778 42 1027 1029 1035
4779 42 1039 1041 1045
4780 42 1039 1041 1046
4781 42 1039 1041 1047
4782 42 1051 1053 1057
4783 42 1051 1053 1058
4784 42 1051 1053 1059
4785 42 1063 1065 1069
4786 42 1063 1065 1070
4787 42 1063 1065 1071
4788 42 1075 1077 1081
4789 42 1075 1077 1082
4790 42 1075 1077 1083
4791 42 1087 1089 1093
4792 42 1087 1089 1094
4793 42 1087 1089 1095
4794 42 1099 1101 1105
4795 42 1099 1101 1106
4796 42 1099 1101 1107
4797 42 1111 1113 1117
4798 42 1111 1113 1118
4799 42 1111 1113 1119
4800 42 1123 1125 1129
4801 42 1123 1125 1130
4802 42 1123 1125 1131
4803 42 1135 1137 1141
4804 42 1135 1137 1142
4805 42 1135 1137 1143
4806 42 1147 1149 1153
4807 42 1147 1149 1154
4808 42 1147 1149 1155
4809 42 1159 1161 1165
4810 42 1159 1161 1166
4811 42 1159 1161 1167
4812 42 1171 1173 1177
4813 42 1171 1173 1178
4814 42 1171 1173 1179
4815 42 1183 1185 1189
4816 42 1183 1185 1190
4817 42 1183 1185 1191
4818 42 1195 1197 1202
4819 42 1195 1197 1203
4820 42 1195 1197 1204
4821 42 1208 1210 1215
4822 42 1208 1210 1216
4823 42 1208 1210 1217
4824 42 1221 1223 1227
4825 42 1221 1223 1228
4826 42 1221 1223 1229
4827 42 1233 1235 1239
4828 42 1233 1235 1240
4829 42 1233 1235 1241
4830 42 1245 1247 1251
4831 42 1245 1247 1252
4832 42 1245 1247 1253
4833 42 1257 1259 1263
4834 42 1257 1259 1264
4835 42 1257 1259 1265
4836 42 1269 1271 1275
4837 42 1269 1271 1276
4838 42 1269 1271 1277
4839 42 1281 1283 1287
4840 42 1281 1283 1288
4841 42 1281 1283 1289
4842 42 1293 1295 1299
4843 42 1293 1295 1300
4844 42 1293 1295 1301
4845 42 1305 1307 1311
4846 42 1305 1307 1312
4847 42 1305 1307 1313
4848 42 1317 1319 1323
4849 42 1317 1319 1324
4850 42 1317 1319 1325
4851 42 1329 1331 1335
4852 42 1329 1331 1336
4853 42 1329 1331 1337
4854 42 1341 1343 1347
4855 42 1341 1343 1348
4856 42 1341 1343 1349
4857 42 1353 1355 1359
4858 42 1353 1355 1360
4859 42 1353 1355 1361
4860 42 1365 1367 1371
4861 42 1365 1367 1372
4862 42 1365 1367 1373
4863 42 1377 1379 1383
4864 42 1377 1379 1384
4865 42 1377 1379 1385
4866 42 1389 1391 1395
4867 42 1389 1391 1396
4868 42 1389 1391 1397
4869 42 1401 1403 1407
4870 42 1401 1403 1408
4871 42 1401 1403 1409
4872 42 1413 1415 1419
4873 42 1413 1415 1420
4874 42 1413 1415 1421
4875 42 1425 1427 1431
4876 42 1425 1427 1432
4877 42 1425 1427 1433
4878 42 1437 1439 1443
4879 42 1437 1439 1444
4880 42 1437 1439 1445
4881 42 1449 1451 1455
4882 42 1449 1451 1456
4883 42 1449 1451 1457
4884 42 1461 1463 1467
4885 42 1461 1463 1468
4886 42 1461 1463 1469
4887 42 1473 1475 1479
4888 42 1473 1475 1480
4889 42 1473 1475 1481
4890 42 1485 1487 1491
4891 42 1485 1487 1492
4892 42 1485 1487 1493
4893 42 1497 1499 1503
4894 42 1497 1499 1504
4895 42 1497 1499 1505
4896 42 1509 1511 1515
4897 42 1509 1511 1516
4898 42 1509 1511 1517
4899 42 1521 1523 1527
4900 42 1521 1523 1528
4901 42 1521 1523 1529
4902 42 1533 1535 1539
4903 42 1533 1535 1540
4904 42 1533 1535 1541
4905 42 1545 1547 1551
4906 42 1545 1547 1552
4907 42 1545 1547 1553
4908 42 1557 1559 1563
4909 42 1557 1559 1564
4910 42 1557 1559 1565
4911 42 1569 1571 1575
4912 42 1569 1571 1576
4913 42 1569 1571 1577
4914 42 1581 1583 1587
4915 42 1581 1583 1588
4916 42 1581 1583 1589
4917 42 1593 1595 1599
4918 42 1593 1595 1600
4919 42 1593 1595 1601
4920 42 1605 1607 1611
4921 42 1605 1607 1612
4922 42 1605 1607 1613
4923 42 1617 1619 1623
4924 42 1617 1619 1624
4925 42 1617 1619 1625
4926 42 1629 1631 1635
4927 42 1629 1631 1636
4928 42 1629 1631 1637
4929 42 1641 1643 1647
4930 42 1641 1643 1648
4931 42 1641 1643 1649
4932 42 1653 1655 1659
4933 42 1653 1655 1660
4934 42 1653 1655 1661
4935 42 1665 1667 1671
4936 42 1665 1667 1672
4937 42 1665 1667 1673
4938 42 1677 1679 1683
4939 42 1677 1679 1684
4940 42 1677 1679 1685
4941 42 1689 1691 1695
4942 42 1689 1691 1696
4943 42 1689 1691 1697
4944 42 1701 1703 1707
4945 42 1701 1703 1708
4946 42 1701 1703 1709
4947 42 1713 1715 1719
4948 42 1713 1715 1720
4949 42 1713 1715 1721
4950 42 1725 1727 1731
4951 42 1725 1727 1732
4952 42 1725 1727 1733
4953 42 1737 1739 1743
4954 42 1737 1739 1744
4955 42 1737 1739 1745
4956 42 1749 1751 1755
4957 42 1749 1751 1756
4958 42 1749 1751 1757
4959 42 1761 1763 1767
4960 42 1761 1763 1768
4961 42 1761 1763 1769
4962 42 1773 1775 1779
4963 42 1773 1775 1780
4964 42 1773 1775 1781
4965 42 1785 1787 1791
4966 42 1785 1787 1792
4967 42 1785 1787 1793
4968 42 1797 1799 1804
4969 42 1797 1799 1805
4970 42 1797 1799 1806
4971 42 1810 1812 1817
4972 42 1810 1812 1818
4973 42 1810 1812 1819
4974 42 1823 1825 1829
4975 42 1823 1825 1830
4976 42 1823 1825 1831
4977 42 1835 1837 1841
4978 42 1835 1837 1842
4979 42 1835 1837 1843
4980 42 1847 1849 1853
4981 42 1847 1849 1854
4982 42 1847 1849 1855
4983 42 1859 1861 1865
4984 42 1859 1861 1866
4985 42 1859 1861 1867
4986 42 1871 1873 1877
4987 42 1871 1873 1878
4988 42 1871 1873 1879
4989 42 1883 1885 1889
4990 42 1883 1885 1890
4991 42 1883 1885 1891
4992 42 1895 1897 1901
4993 42 1895 1897 1902
4994 42 1895 1897 1903
4995 42 1907 1909 1913
4996 42 1907 1909 1914
4997 42 1907 1909 1915
4998 42 1919 1921 1925
4999 42 1919 1921 1926
5000 42 1919 1921 1927
5001 42 1931 1933 1937
5002 42 1931 1933 1938
5003 42 1931 1933 1939
5004 42 1943 1945 1949
5005 42 1943 1945 1950
5006 42 1943 1945 1951
5007 42 1955 1957 1961
5008 42 1955 1957 1962
5009 42 1955 1957 1963
5010 42 1967 1969 1973
5011 42 1967 1969 1974
5012 42 1967 1969 1975
5013 42 1979 1981 1985
5014 42 1979 1981 1986
5015 42 1979 1981 1987
5016 42 1991 1993 1997
5017 42 1991 1993 1998
5018 42 1991 1993 1999
5019 42 2003 2005 2009
5020 42 2003 2005 2010
5021 42 2003 2005 2011
5022 42 2015 2017 2021
5023 42 2015 2017 2022
5024 42 2015 2017 2023
5025 42 2027 2029 2033
5026 42 2027 2029 2034
5027 42 2027 2029 2035
5028 42 2039 2041 2045
5029 42 2039 2041 2046
5030 42 2039 2041 2047
5031 42 2051 2053 2057
5032 42 2051 2053 2058
5033 42 2051 2053 2059
5034 42 2063 2065 2069
5035 42 2063 2065 2070
5036 42 2063 2065 2071
5037 42 2075 2077 2081
5038 42 2075 2077 2082
5039 42 2075 2077 2083
5040 42 2087 2089 2093
5041 42 2087 2089 2094
5042 42 2087 2089 2095
5043 42 2099 2101 2105
5044 42 2099 2101 2106
5045 42 2099 2101 2107
5046 42 2111 2113 2117
5047 42 2111 2113 2118
5048 42 2111 2113 2119
5049 42 2123 2125 2129
5050 42 2123 2125 2130
5051 42 2123 2125 2131
5052 42 2135 2137 2141
5053 42 2135 2137 2142
5054 42 2135 2137 2143
5055 42 2147 2149 2153
5056 42 2147 2149 2154
5057 42 2147 2149 2155
5058 42 2159 2161 2165
5059 42 2159 2161 2166
5060 42 2159 2161 2167
5061 42 2171 2173 2177
5062 42 2171 2173 2178
5063 42 2171 2173 2179
5064 42 2183 2185 2189
5065 42 2183 2185 2190
5066 42 2183 2185 2191
5067 42 2195 2197 2201
5068 42 2195 2197 2202
5069 42 2195 2197 2203
5070 42 2207 2209 2213
5071 42 2207 2209 2214
5072 42 2207 2209 2215
5073 42 2219 2221 2225
5074 42 2219 2221 2226
5075 42 2219 2221 2227
5076 42 2231 2233 2237
5077 42 2231 2233 2238
5078 42 2231 2233 2239
5079 42 2243 2245 2249
5080 42 2243 2245 2250
5081 42 2243 2245 2251
5082 42 2255 2257 2261
5083 42 2255 2257 2262
5084 42 2255 2257 2263
5085 42 2267 2269 2273
5086 42 2267 2269 2274
5087 42 2267 2269 2275
5088 42 2279 2281 2285
5089 42 2279 2281 2286
5090 42 2279 2281 2287
5091 42 2291 2293 2297
5092 42 2291 2293 2298
5093 42 2291 2293 2299
5094 42 2303 2305 2309
5095 42 2303 2305 2310
5096 42 2303 2305 2311
5097 42 2315 2317 2321
5098 42 2315 2317 2322
5099 42 2315 2317 2323
5100 42 2327 2329 2333
5101 42 2327 2329 2334
5102 42 2327 2329 2335
5103 42 2339 2341 2345
5104 42 2339 2341 2346
5105 42 2339 2341 2347
5106 42 2351 2353 2357
5107 42 2351 2353 2358
5108 42 2351 2353 2359
5109 42 2363 2365 2369
5110 42 2363 2365 2370
5111 42 2363 2365 2371
5112 42 2375 2377 2381
5113 42 2375 2377 2382
5114 42 2375 2377 2383
5115 42 2387 2389 2393
5116 42 2387 2389 2394
5117 42 2387 2389 2395
5118 42 2399 2401 2406
5119 42 2399 2401 2407
5120 42 2399 2401 2408
5121 42 2412 2414 2419
5122 42 2412 2414 2420
5123 42 2412 2414 2421
5124 42 2425 2427 2431
5125 42 2425 2427 2432
5126 42 2425 2427 2433
5127 42 2437 2439 2443
5128 42 2437 2439 2444
5129 42 2437 2439 2445
5130 42 2449 2451 2455
5131 42 2449 2451 2456
5132 42 2449 2451 2457
5133 42 2461 2463 2467
5134 42 2461 2463 2468
5135 42 2461 2463 2469
5136 42 2473 2475 2479
5137 42 2473 2475 2480
5138 42 2473 2475 2481
5139 42 2485 2487 2491
5140 42 2485 2487 2492
5141 42 2485 2487 2493
5142 42 2497 2499 2503
5143 42 2497 2499 2504
5144 42 2497 2499 2505
5145 42 2509 2511 2515
5146 42 2509 2511 2516
5147 42 2509 2511 2517
5148 42 2521 2523 2527
5149 42 2521 2523 2528
5150 42 2521 2523 2529
5151 42 2533 2535 2539
5152 42 2533 2535 2540
5153 42 2533 2535 2541
5154 42 2545 2547 2551
5155 42 2545 2547 2552
5156 42 2545 2547 2553
5157 42 2557 2559 2563
5158 42 2557 2559 2564
5159 42 2557 2559 2565
5160 42 2569 2571 2575
5161 42 2569 2571 2576
5162 42 2569 2571 2577
5163 42 2581 2583 2587
5164 42 2581 2583 2588
5165 42 2581 2583 2589
5166 42 2593 2595 2599
5167 42 2593 2595 2600
5168 42 2593 2595 2601
5169 42 2605 2607 2611
5170 42 2605 2607 2612
5171 42 2605 2607 2613
5172 42 2617 2619 2623
5173 42 2617 2619 2624
5174 42 2617 2619 2625
5175 42 2629 2631 2635
5176 42 2629 2631 2636
5177 42 2629 2631 2637
5178 42 2641 2643 2647
5179 42 2641 2643 2648
5180 42 2641 2643 2649
5181 42 2653 2655 2659
5182 42 2653 2655 2660
5183 42 2653 2655 2661
5184 42 2665 2667 2671
5185 42 2665 2667 2672
5186 42 2665 2667 2673
5187 42 2677 2679 2683
5188 42 2677 2679 2684
5189 42 2677 2679 2685
5190 42 2689 2691 2695
5191 42 2689 2691 2696
5192 42 2689 2691 2697
5193 42 2701 2703 2707
5194 42 2701 2703 2708
5195 42 2701 2703 2709
5196 42 2713 2715 2719
5197 42 2713 2715 2720
5198 42 2713 2715 2721
5199 42 2725 2727 2731
5200 42 2725 2727 2732
5201 42 2725 2727 2733
5202 42 2737 2739 2743
5203 42 2737 2739 2744
5204 42 2737 2739 2745
5205 42 2749 2751 2755
5206 42 2749 2751 2756
5207 42 2749 2751 2757
5208 42 2761 2763 2767
5209 42 2761 2763 2768
5210 42 2761 2763 2769
5211 42 2773 2775 2779
5212 42 2773 2775 2780
5213 42 2773 2775 2781
5214 42 2785 2787 2791
5215 42 2785 2787 2792
5216 42 2785 2787 2793
5217 42 2797 2799 2803
5218 42 2797 2799 2804
5219 42 2797 2799 2805
5220 42 2809 2811 2815
5221 42 2809 2811 2816
5222 42 2809 2811 2817
5223 42 2821 2823 2827
5224 42 2821 2823 2828
5225 42 2821 2823 2829
5226 42 2833 2835 2839
5227 42 2833 2835 2840
5228 42 2833 2835 2841
5229 42 2845 2847 2851
5230 42 2845 2847 2852
5231 42 2845 2847 2853
5232 42 2857 2859 2863
5233 42 2857 2859 2864
5234 42 2857 2859 2865
5235 42 2869 2871 2875
5236 42 2869 2871 2876
5237 42 2869 2871 2877
5238 42 2881 2883 2887
5239 42 2881 2883 2888
5240 42 2881 2883 2889
5241 42 2893 2895 2899
5242 42 2893 2895 2900
5243 42 2893 2895 2901
5244 42 2905 2907 2911
5245 42 2905 2907 2912
5246 42 2905 2907 2913
5247 42 2917 2919 2923
5248 42 2917 2919 2924
5249 42 2917 2919 2925
5250 42 2929 2931 2935
5251 42 2929 2931 2936
5252 42 2929 2931 2937
5253 42 2941 2943 2947
5254 42 2941 2943 2948
5255 42 2941 2943 2949
5256 42 2953 2955 2959
5257 42 2953 2955 2960
5258 42 2953 2955 2961
5259 42 2965 2967 2971
5260 42 2965 2967 2972
5261 42 2965 2967 2973
5262 42 2977 2979 2983
5263 42 2977 2979 2984
5264 42 2977 2979 2985
5265 42 2989 2991 2995
5266 42 2989 2991 2996
5267 42 2989 2991 2997
5268 42 3001 3003 3008
5269 42 3001 3003 3009
5270 42 3001 3003 3010
5271 42 3014 3016 3021
5272 42 3014 3016 3022
5273 42 3014 3016 3023
5274 42 3027 3029 3033
5275 42 3027 3029 3034
5276 42 3027 3029 3035
5277 42 3039 3041 3045
5278 42 3039 3041 3046
5279 42 3039 3041 3047
5280 42 3051 3053 3057
5281 42 3051 3053 3058
5282 42 3051 3053 3059
5283 42 3063 3065 3069
5284 42 3063 3065 3070
5285 42 3063 3065 3071
5286 42 3075 3077 3081
5287 42 3075 3077 3082
5288 42 3075 3077 3083
5289 42 3087 3089 3093
5290 42 3087 3089 3094
5291 42 3087 3089 3095
5292 42 3099 3101 3105
5293 42 3099 3101 3106
5294 42 3099 3101 3107
5295 42 3111 3113 3117
5296 42 3111 3113 3118
5297 42 3111 3113 3119
5298 42 3123 3125 3129
5299 42 3123 3125 3130
5300 42 3123 3125 3131
5301 42 3135 3137 3141
5302 42 3135 3137 3142
5303 42 3135 3137 3143
5304 42 3147 3149 3153
5305 42 3147 3149 3154
5306 42 3147 3149 3155
5307 42 3159 3161 3165
5308 42 3159 3161 3166
5309 42 3159 3161 3167
5310 42 3171 3173 3177
5311 42 3171 3173 3178
5312 42 3171 3173 3179
5313 42 3183 3185 3189
5314 42 3183 3185 3190
5315 42 3183 3185 3191
5316 42 3195 3197 3201
5317 42 3195 3197 3202
5318 42 3195 3197 3203
5319 42 3207 3209 3213
5320 42 3207 3209 3214
5321 42 3207 3209 3215
5322 42 3219 3221 3225
5323 42 3219 3221 3226
5324 42 3219 3221 3227
5325 42 3231 3233 3237
5326 42 3231 3233 3238
5327 42 3231 3233 3239
5328 42 3243 3245 3249
5329 42 3243 3245 3250
5330 42 3243 3245 3251
5331 42 3255 3257 3261
5332 42 3255 3257 3262
5333 42 3255 3257 3263
5334 42 3267 3269 3273
5335 42 3267 3269 3274
5336 42 3267 3269 3275
5337 42 3279 3281 3285
5338 42 3279 3281 3286
5339 42 3279 3281 3287
5340 42 3291 3293 3297
5341 42 3291 3293 3298
5342 42 3291 3293 3299
5343 42 3303 3305 3309
5344 42 3303 3305 3310
5345 42 3303 3305 3311
5346 42 3315 3317 3321
5347 42 3315 3317 3322
5348 42 3315 3317 3323
5349 42 3327 3329 3333
5350 42 3327 3329 3334
5351 42 3327 3329 3335
5352 42 3339 3341 3345
5353 42 3339 3341 3346
5354 42 3339 3341 3347
5355 42 3351 3353 3357
5356 42 3351 3353 3358
5357 42 3351 3353 3359
5358 42 3363 3365 3369
5359 42 3363 3365 3370
5360 42 3363 3365 3371
5361 42 3375 3377 3381
5362 42 3375 3377 3382
5363 42 3375 3377 3383
5364 42 3387 3389 3393
5365 42 3387 3389 3394
5366 42 3387 3389 3395
5367 42 3399 3401 3405
5368 42 3399 3401 3406
5369 42 3399 3401 3407
5370 42 3411 3413 3417
5371 42 3411 3413 3418
5372 42 3411 3413 3419
5373 42 3423 3425 3429
5374 42 3423 3425 3430
5375 42 3423 3425 3431
5376 42 3435 3437 3441
5377 42 3435 3437 3442
5378 42 3435 3437 3443
5379 42 3447 3449 3453
5380 42 3447 3449 3454
5381 42 3447 3449 3455
5382 42 3459 3461 3465
5383 42 3459 3461 3466
5384 42 3459 3461 3467
5385 42 3471 3473 3477
5386 42 3471 3473 3478
5387 42 3471 3473 3479
5388 42 3483 3485 3489
5389 42 3483 3485 3490
5390 42 3483 3485 3491
5391 42 3495 3497 3501
5392 42 3495 3497 3502
5393 42 3495 3497 3503
5394 42 3507 3509 3513
5395 42 3507 3509 3514
5396 42 3507 3509 3515
5397 42 3519 3521 3525
5398 42 3519 3521 3526
5399 42 3519 3521 3527
5400 42 3531 3533 3537
5401 42 3531 3533 3538
5402 42 3531 3533 3539
5403 42 3543 3545 3549
5404 42 3543 3545 3550
5405 42 3543 3545 3551
5406 42 3555 3557 3561
5407 42 3555 3557 3562
5408 42 3555 3557 3563
5409 42 3567 3569 3573
5410 42 3567 3569 3574
5411 42 3567 3569 3575
5412 42 3579 3581 3585
5413 42 3579 3581 3586
5414 42 3579 3581 3587
5415 42 3591 3593 3597
5416 42 3591 3593 3598
5417 42 3591 3593 3599
5418 42 3603 3605 3610
5419 42 3603 3605 3611
5420 42 3603 3605 3612
5421 42 3616 3618 3623
5422 42 3616 3618 3624
5423 42 3616 3618 3625
5424 42 3629 3631 3635
5425 42 3629 3631 3636
5426 42 3629 3631 3637
5427 42 3641 3643 3647
5428 42 3641 3643 3648
5429 42 3641 3643 3649
5430 42 3653 3655 3659
5431 42 3653 3655 3660
5432 42 3653 3655 3661
5433 42 3665 3667 3671
5434 42 3665 3667 3672
5435 42 3665 3667 3673
5436 42 3677 3679 3683
5437 42 3677 3679 3684
5438 42 3677 3679 3685
5439 42 3689 3691 3695
5440 42 3689 3691 3696
5441 42 3689 3691 3697
5442 42 3701 3703 3707
5443 42 3701 3703 3708
5444 42 3701 3703 3709
5445 42 3713 3715 3719
5446 42 3713 3715 3720
5447 42 3713 3715 3721
5448 42 3725 3727 3731
5449 42 3725 3727 3732
5450 42 3725 3727 3733
5451 42 3737 3739 3743
5452 42 3737 3739 3744
5453 42 3737 3739 3745
5454 42 3749 3751 3755
5455 42 3749 3751 3756
5456 42 3749 3751 3757
5457 42 3761 3763 3767
5458 42 3761 3763 3768
5459 42 3761 3763 3769
5460 42 3773 3775 3779
5461 42 3773 3775 3780
5462 42 3773 3775 3781
5463 42 3785 3787 3791
5464 42 3785 3787 3792
5465 42 3785 3787 3793
5466 42 3797 3799 3803
5467 42 3797 3799 3804
5468 42 3797 3799 3805
5469 42 3809 3811 3815
5470 42 3809 3811 3816
5471 42 3809 3811 3817
5472 42 3821 3823 3827
5473 42 3821 3823 3828
5474 42 3821 3823 3829
5475 42 3833 3835 3839
5476 42 3833 3835 3840
5477 42 3833 3835 3841
5478 42 3845 3847 3851
5479 42 3845 3847 3852
5480 42 3845 3847 3853
5481 42 3857 3859 3863
5482 42 3857 3859 3864
5483 42 3857 3859 3865
5484 42 3869 3871 3875
5485 42 3869 3871 3876
5486 42 3869 3871 3877
5487 42 3881 3883 3887
5488 42 3881 3883 3888
5489 42 3881 3883 3889
5490 42 3893 3895 3899
5491 42 3893 3895 3900
5492 42 3893 3895 3901
5493 42 3905 3907 3911
5494 42 3905 3907 3912
5495 42 3905 3907 3913
5496 42 3917 3919 3923
5497 42 3917 3919 3924
5498 42 3917 3919 3925
5499 42 3929 3931 3935
5500 42 3929 3931 3936
5501 42 3929 3931 3937
5502 42 3941 3943 3947
5503 42 3941 3943 3948
5504 42 3941 3943 3949
5505 42 3953 3955 3959
5506 42 3953 3955 3960
5507 42 3953 3955 3961
5508 42 3965 3967 3971
5509 42 3965 3967 3972
5510 42 3965 3967 3973
5511 42 3977 3979 3983
5512 42 3977 3979 3984
5513 42 3977 3979 3985
5514 42 3989 3991 3995
5515 42 3989 3991 3996
5516 42 3989 3991 3997
5517 42 4001 4003 4007
5518 42 4001 4003 4008
5519 42 4001 4003 4009
5520 42 4013 4015 4019
5521 42 4013 4015 4020
5522 42 4013 4015 4021
5523 42 4025 4027 4031
5524 42 4025 4027 4032
5525 42 4025 4027 4033
5526 42 4037 4039 4043
5527 42 4037 4039 4044
5528 42 4037 4039 4045
5529 42 4049 4051 4055
5530 42 4049 4051 4056
5531 42 4049 4051 4057
5532 42 4061 4063 4067
5533 42 4061 4063 4068
5534 42 4061 4063 4069
5535 42 4073 4075 4079
5536 42 4073 4075 4080
5537 42 4073 4075 4081
5538 42 4085 4087 4091
5539 42 4085 4087 4092
5540 42 4085 4087 4093
5541 42 4097 4099 4103
5542 42 4097 4099 4104
5543 42 4097 4099 4105
5544 42 4109 4111 4115
5545 42 4109 4111 4116
5546 42 4109 4111 4117
5547 42 4121 4123 4127
5548 42 4121 4123 4128
5549 42 4121 4123 4129
5550 42 4133 4135 4139
5551 42 4133 4135 4140
5552 42 4133 4135 4141
5553 42 4145 4147 4151
5554 42 4145 4147 4152
5555 42 4145 4147 4153
5556 42 4157 4159 4163
5557 42 4157 4159 4164
5558 42 4157 4159 4165
5559 42 4169 4171 4175
5560 42 4169 4171 4176
5561 42 4169 4171 4177
5562 42 4181 4183 4187
5563 42 4181 4183 4188
5564 42 4181 4183 4189
5565 42 4193 4195 4199
5566 42 4193 4195 4200
5567 42 4193 4195 4201
5568 42 4205 4207 4212
5569 42 4205 4207 4213
5570 42 4205 4207 4214
5571 42 4218 4220 4225
5572 42 4218 4220 4226
5573 42 4218 4220 4227
5574 42 4231 4233 4237
5575 42 4231 4233 4238
5576 42 4231 4233 4239
5577 42 4243 4245 4249
5578 42 4243 4245 4250
5579 42 4243 4245 4251
5580 42 4255 4257 4261
5581 42 4255 4257 4262
5582 42 4255 4257 4263
5583 42 4267 4269 4273
5584 42 4267 4269 4274
5585 42 4267 4269 4275
5586 42 4279 4281 4285
5587 42 4279 4281 4286
5588 42 4279 4281 4287
5589 42 4291 4293 4297
5590 42 4291 4293 4298
5591 42 4291 4293 4299
5592 42 4303 4305 4309
5593 42 4303 4305 4310
5594 42 4303 4305 4311
5595 42 4315 4317 4321
5596 42 4315 4317 4322
5597 42 4315 4317 4323
5598 42 4327 4329 4333
5599 42 4327 4329 4334
5600 42 4327 4329 4335
5601 42 4339 4341 4345
5602 42 4339 4341 4346
5603 42 4339 4341 4347
5604 42 4351 4353 4357
5605 42 4351 4353 4358
5606 42 4351 4353 4359
5607 42 4363 4365 4369
5608 42 4363 4365 4370
5609 42 4363 4365 4371
5610 42 4375 4377 4381
5611 42 4375 4377 4382
5612 42 4375 4377 4383
5613 42 4387 4389 4393
5614 42 4387 4389 4394
5615 42 4387 4389 4395
5616 42 4399 4401 4405
5617 42 4399 4401 4406
5618 42 4399 4401 4407
5619 42 4411 4413 4417
5620 42 4411 4413 4418
5621 42 4411 4413 4419
5622 42 4423 4425 4429
5623 42 4423 4425 4430
5624 42 4423 4425 4431
5625 42 4435 4437 4441
5626 42 4435 4437 4442
5627 42 4435 4437 4443
5628 42 4447 4449 4453
5629 42 4447 4449 4454
5630 42 4447 4449 4455
5631 42 4459 4461 4465
5632 42 4459 4461 4466
5633 42 4459 4461 4467
5634 42 4471 4473 4477
5635 42 4471 4473 4478
5636 42 4471 4473 4479
5637 42 4483 4485 4489
5638 42 4483 4485 4490
5639 42 4483 4485 4491
5640 42 4495 4497 4501
5641 42 4495 4497 4502
5642 42 4495 4497 4503
5643 42 4507 4509 4513
5644 42 4507 4509 4514
5645 42 4507 4509 4515
5646 42 4519 4521 4525
5647 42 4519 4521 4526
5648 42 4519 4521 4527
5649 42 4531 4533 4537
5650 42 4531 4533 4538
5651 42 4531 4533 4539
5652 42 4543 4545 4549
5653 42 4543 4545 4550
5654 42 4543 4545 4551
5655 42 4555 4557 4561
5656 42 4555 4557 4562
5657 42 4555 4557 4563
5658 42 4567 4569 4573
5659 42 4567 4569 4574
5660 42 4567 4569 4575
5661 42 4579 4581 4585
5662 42 4579 4581 4586
5663 42 4579 4581 4587
5664 42 4591 4593 4597
5665 42 4591 4593 4598
5666 42 4591 4593 4599
5667 42 4603 4605 4609
5668 42 4603 4605 4610
5669 42 4603 4605 4611
5670 42 4615 4617 4621
5671 42 4615 4617 4622
5672 42 4615 4617 4623
5673 42 4627 4629 4633
5674 42 4627 4629 4634
5675 42 4627 4629 4635
5676 42 4639 4641 4645
5677 42 4639 4641 4646
5678 42 4639 4641 4647
5679 42 4651 4653 4657
5680 42 4651 4653 4658
5681 42 4651 4653 4659
5682 42 4663 4665 4669
5683 42 4663 4665 4670
5684 42 4663 4665 4671
5685 42 4675 4677 4681
5686 42 4675 4677 4682
5687 42 4675 4677 4683
5688 42 4687 4689 4693
5689 42 4687 4689 4694
5690 42 4687 4689 4695
5691 42 4699 4701 4705
5692 42 4699 4701 4706
5693 42 4699 4701 4707
5694 42 4711 4713 4717
5695 42 4711 4713 4718
5696 42 4711 4713 4719
5697 42 4723 4725 4729
5698 42 4723 4725 4730
5699 42 4723 4725 4731
5700 42 4735 4737 4741
5701 42 4735 4737 4742
5702 42 4735 4737 4743
5703 42 4747 4749 4753
5704 42 4747 4749 4754
5705 42 4747 4749 4755
5706 42 4759 4761 4765
5707 42 4759 4761 4766
5708 42 4759 4761 4767
5709 42 4771 4773 4777
5710 42 4771 4773 4778
5711 42 4771 4773 4779
5712 42 4783 4785 4789
5713 42 4783 4785 4790
5714 42 4783 4785 4791
5715 42 4795 4797 4801
5716 42 4795 4797 4802
5717 42 4795 4797 4803
5718 42 4807 4809 4814
5719 42 4807 4809 4815
5720 42 4807 4809 4816
5721 42 4820 4822 4827
5722 42 4820 4822 4828
5723 42 4820 4822 4829
5724 42 4833 4835 4839
5725 42 4833 4835 4840
5726 42 4833 4835 4841
5727 42 4845 4847 4851
5728 42 4845 4847 4852
5729 42 4845 4847 4853
5730 42 4857 4859 4863
5731 42 4857 4859 4864
5732 42 4857 4859 4865
5733 42 4869 4871 4875
5734 42 4869 4871 4876
5735 42 4869 4871 4877
5736 42 4881 4883 4887
5737 42 4881 4883 4888
5738 42 4881 4883 4889
5739 42 4893 4895 4899
5740 42 4893 4895 4900
5741 42 4893 4895 4901
5742 42 4905 4907 4911
5743 42 4905 4907 4912
5744 42 4905 4907 4913
5745 42 4917 4919 4923
5746 42 4917 4919 4924
5747 42 4917 4919 4925
5748 42 4929 4931 4935
5749 42 4929 4931 4936
5750 42 4929 4931 4937
5751 42 4941 4943 4947
5752 42 4941 4943 4948
5753 42 4941 4943 4949
5754 42 4953 4955 4959
5755 42 4953 4955 4960
5756 42 4953 4955 4961
5757 42 4965 4967 4971
5758 42 4965 4967 4972
5759 42 4965 4967 4973
5760 42 4977 4979 4983
5761 42 4977 4979 4984
5762 42 4977 4979 4985
5763 42 4989 4991 4995
5764 42 4989 4991 4996
5765 42 4989 4991 4997
5766 42 5001 5003 5007
5767 42 5001 5003 5008
5768 42 5001 5003 5009
5769 42 5013 5015 5019
5770 42 5013 5015 5020
5771 42 5013 5015 5021
5772 42 5025 5027 5031
5773 42 5025 5027 5032
5774 42 5025 5027 5033
5775 42 5037 5039 5043
5776 42 5037 5039 5044
5777 42 5037 5039 5045
5778 42 5049 5051 5055
5779 42 5049 5051 5056
5780 42 5049 5051 5057
5781 42 5061 5063 5067
5782 42 5061 5063 5068
5783 42 5061 5063 5069
5784 42 5073 5075 5079
5785 42 5073 5075 5080
5786 42 5073 5075 5081
5787 42 5085 5087 5091
5788 42 5085 5087 5092
5789 42 5085 5087 5093
5790 42 5097 5099 5103
5791 42 5097 5099 5104
5792 42 5097 5099 5105
5793 42 5109 5111 5115
5794 42 5109 5111 5116
5795 42 5109 5111 5117
5796 42 5121 5123 5127
5797 42 5121 5123 5128
5798 42 5121 5123 5129
5799 42 5133 5135 5139
5800 42 5133 5135 5140
5801 42 5133 5135 5141
5802 42 5145 5147 5151
5803 42 5145 5147 5152
5804 42 5145 5147 5153
5805 42 5157 5159 5163
5806 42 5157 5159 5164
5807 42 5157 5159 5165
5808 42 5169 5171 5175
5809 42 5169 5171 5176
5810 42 5169 5171 5177
5811 42 5181 5183 5187
5812 42 5181 5183 5188
5813 42 5181 5183 5189
5814 42 5193 5195 5199
5815 42 5193 5195 5200
5816 42 5193 5195 5201
5817 42 5205 5207 5211
5818 42 5205 5207 5212
5819 42 5205 5207 5213
5820 42 5217 5219 5223
5821 42 5217 5219 5224
5822 42 5217 5219 5225
5823 42 5229 5231 5235
5824 42 5229 5231 5236
5825 42 5229 5231 5237
5826 42 5241 5243 5247
5827 42 5241 5243 5248
5828 42 5241 5243 5249
5829 42 5253 5255 5259
5830 42 5253 5255 5260
5831 42 5253 5255 5261
5832 42 5265 5267 5271
5833 42 5265 5267 5272
5834 42 5265 5267 5273
5835 42 5277 5279 5283
5836 42 5277 5279 5284
5837 42 5277 5279 5285
5838 42 5289 5291 5295
5839 42 5289 5291 5296
5840 42 5289 5291 5297
5841 42 5301 5303 5307
5842 42 5301 5303 5308
5843 42 5301 5303 5309
5844 42 5313 5315 5319
5845 42 5313 5315 5320
5846 42 5313 5315 5321
5847 42 5325 5327 5331
5848 42 5325 5327 5332
5849 42 5325 5327 5333
5850 42 5337 5339 5343
5851 42 5337 5339 5344
5852 42 5337 5339 5345
5853 42 5349 5351 5355
5854 42 5349 5351 5356
5855 42 5349 5351 5357
5856 42 5361 5363 5367
5857 42 5361 5363 5368
5858 42 5361 5363 5369
5859 42 5373 5375 5379
5860 42 5373 5375 5380
5861 42 5373 5375 5381
5862 42 5385 5387 5391
5863 42 5385 5387 5392
5864 42 5385 5387 5393
5865 42 5397 5399 5403
5866 42 5397 5399 5404
5867 42 5397 5399 5405
5868 42 5409 5411 5416
5869 42 5409 5411 5417
5870 42 5409 5411 5418
5871 42 5422 5424 5429
5872 42 5422 5424 5430
5873 42 5422 5424 5431
5874 42 5435 5437 5441
5875 42 5435 5437 5442
5876 42 5435 5437 5443
5877 42 5447 5449 5453
5878 42 5447 5449 5454
5879 42 5447 5449 5455
5880 42 5459 5461 5465
5881 42 5459 5461 5466
5882 42 5459 5461 5467
5883 42 5471 5473 5477
5884 42 5471 5473 5478
5885 42 5471 5473 5479
5886 42 5483 5485 5489
5887 42 5483 5485 5490
5888 42 5483 5485 5491
5889 42 5495 5497 5501
5890 42 5495 5497 5502
5891 42 5495 5497 5503
5892 42 5507 5509 5513
5893 42 5507 5509 5514
5894 42 5507 5509 5515
5895 42 5519 5521 5525
5896 42 5519 5521 5526
5897 42 5519 5521 5527
5898 42 5531 5533 5537
5899 42 5531 5533 5538
5900 42 5531 5533 5539
5901 42 5543 5545 5549
5902 42 5543 5545 5550
5903 42 5543 5545 5551
5904 42 5555 5557 5561
5905 42 5555 5557 5562
5906 42 5555 5557 5563
5907 42 5567 5569 5573
5908 42 5567 5569 5574
5909 42 5567 5569 5575
5910 42 5579 5581 5585
5911 42 5579 5581 5586
5912 42 5579 5581 5587
5913 42 5591 5593 5597
5914 42 5591 5593 5598
5915 42 5591 5593 5599
5916 42 5603 5605 5609
5917 42 5603 5605 5610
5918 42 5603 5605 5611
5919 42 5615 5617 5621
5920 42 5615 5617 5622
5921 42 5615 5617 5623
5922 42 5627 5629 5633
5923 42 5627 5629 5634
5924 42 5627 5629 5635
5925 42 5639 5641 5645
5926 42 5639 5641 5646
5927 42 5639 5641 5647
5928 42 5651 5653 5657
5929 42 5651 5653 5658
5930 42 5651 5653 5659
5931 42 5663 5665 5669
5932 42 5663 5665 5670
5933 42 5663 5665 5671
5934 42 5675 5677 5681
5935 42 5675 5677 5682
5936 42 5675 5677 5683
5937 42 5687 5689 5693
5938 42 5687 5689 5694
5939 42 5687 5689 5695
5940 42 5699 5701 5705
5941 42 5699 5701 5706
5942 42 5699 5701 5707
5943 42 5711 5713 5717
5944 42 5711 5713 5718
5945 42 5711 5713 5719
5946 42 5723 5725 5729
5947 42 5723 5725 5730
5948 42 5723 5725 5731
5949 42 5735 5737 5741
5950 42 5735 5737 5742
5951 42 5735 5737 5743
5952 42 5747 5749 5753
5953 42 5747 5749 5754
5954 42 5747 5749 5755
5955 42 5759 5761 5765
5956 42 5759 5761 5766
5957 42 5759 5761 5767
5958 42 5771 5773 5777
5959 42 5771 5773 5778
5960 42 5771 5773 5779
5961 42 5783 5785 5789
5962 42 5783 5785 5790
5963 42 5783 5785 5791
5964 42 5795 5797 5801
5965 42 5795 5797 5802
5966 42 5795 5797 5803
5967 42 5807 5809 5813
5968 42 5807 5809 5814
5969 42 5807 5809 5815
5970 42 5819 5821 5825
5971 42 5819 5821 5826
5972 42 5819 5821 5827
5973 42 5831 5833 5837
5974 42 5831 5833 5838
5975 42 5831 5833 5839
5976 42 5843 5845 5849
5977 42 5843 5845 5850
5978 42 5843 5845 5851
5979 42 5855 5857 5861
5980 42 5855 5857 5862
5981 42 5855 5857 5863
5982 42 5867 5869 5873
5983 42 5867 5869 5874
5984 42 5867 5869 5875
5985 42 5879 5881 5885
5986 42 5879 5881 5886
5987 42 5879 5881 5887
5988 42 5891 5893 5897
5989 42 5891 5893 5898
5990 42 5891 5893 5899
5991 42 5903 5905 5909
5992 42 5903 5905 5910
5993 42 5903 5905 5911
5994 42 5915 5917 5921
5995 42 5915 5917 5922
5996 42 5915 5917 5923
5997 42 5927 5929 5933
5998 42 5927 5929 5934
5999 42 5927 5929 5935
6000 42 5939 5941 5945
6001 42 5939 5941 5946
6002 42 5939 5941 5947
6003 42 5951 5953 5957
6004 42 5951 5953 5958
6005 42 5951 5953 5959
6006 42 5963 5965 5969
6007 42 5963 5965 5970
6008 42 5963 5965 5971
6009 42 5975 5977 5981
6010 42 5975 5977 5982
6011 42 5975 5977 5983
6012 42 5987 5989 5993
6013 42 5987 5989 5994
6014 42 5987 5989 5995
6015 42 5999 6001 6005
6016 42 5999 6001 6006
6017 42 5999 6001 6007
6018 42 6011 6013 6018
6019 42 6011 6013 6019
6020 42 6011 6013 6020
6021 55 592 591 598
6022 55 592 591 599
6023 55 1194 1193 1200
6024 55 1194 1193 1201
6025 55 1796 1795 1802
6026 55 1796 1795 1803
6027 55 2398 2397 2404
6028 55 2398 2397 2405
6029 55 3000 2999 3006
6030 55 3000 2999 3007
6031 55 3602 3601 3608
6032 55 3602 3601 3609
6033 55 4204 4203 4210
6034 55 4204 4203 4211
6035 55 4806 4805 4812
6036 55 4806 4805 4813
6037 55 5408 5407 5414
6038 55 5408 5407 5415
6039 55 6010 6009 6016
6040 55 6010 6009 6017
6041 57 3 2 10
6042 57 16 15 22
6043 57 28 27 34
6044 57 40 39 46
6045 57 52 51 58
6046 57 64 63 70
6047 57 76 75 82
6048 57 88 87 94
6049 57 100 99 106
6050 57 112 111 118
6051 57 124 123 130
6052 57 136 135 142
6053 57 148 147 154
6054 57 160 159 166
6055 57 172 171 178
6056 57 184 183 190
6057 57 196 195 202
6058 57 208 207 214
6059 57 220 219 226
6060 57 232 231 238
6061 57 244 243 250
6062 57 256 255 262
6063 57 268 267 274
6064 57 280 279 286
6065 57 292 291 298
6066 57 304 303 310
6067 57 316 315 322
6068 57 328 327 334
6069 57 340 339 346
6070 57 352 351 358
6071 57 364 363 370
6072 57 376 375 382
6073 57 388 387 394
6074 57 400 399 406
6075 57 412 411 418
6076 57 424 423 430
6077 57 436 435 442
6078 57 448 447 454
6079 57 460 459 466
6080 57 472 471 478
6081 57 484 483 490
6082 57 496 495 502
6083 57 508 507 514
6084 57 520 519 526
6085 57 532 531 538
6086 57 544 543 550
6087 57 556 555 562
6088 57 568 567 574
6089 57 580 579 586
6090 57 605 604 612
6091 57 618 617 624
6092 57 630 629 636
6093 57 642 641 648
6094 57 654 653 660
6095 57 666 665 672
6096 57 678 677 684
6097 57 690 689 696
6098 57 702 701 708
6099 57 714 713 720
6100 57 726 725 732
6101 57 738 737 744
6102 57 750 749 756
6103 57 762 761 768
6104 57 774 773 780
6105 57 786 785 792
6106 57 798 797 804
6107 57 810 809 816
6108 57 822 821 828
6109 57 834 833 840
6110 57 846 845 852
6111 57 858 857 864
6112 57 870 869 876
6113 57 882 881 888
6114 57 894 893 900
6115 57 906 905 912
6116 57 918 917 924
6117 57 930 929 936
6118 57 942 941 948
6119 57 954 953 960
6120 57 966 965 972
6121 57 978 977 984
6122 57 990 989 996
6123 57 1002 1001 1008
6124 57 1014 1013 1020
6125 57 1026 1025 1032
6126 57 1038 1037 1044
6127 57 1050 1049 1056
6128 57 1062 1061 1068
6129 57 1074 1073 1080
6130 57 1086 1085 1092
6131 57 1098 1097 1104
6132 57 1110 1109 1116
6133 57 1122 1121 1128
6134 57 1134 1133 1140
6135 57 1146 1145 1152
6136 57 1158 1157 1164
6137 57 1170 1169 1176
6138 57 1182 1181 1188
6139 57 1207 1206 1214
6140 57 1220 1219 1226
6141 57 1232 1231 1238
6142 57 1244 1243 1250
6143 57 1256 1255 1262
6144 57 1268 1267 1274
6145 57 1280 1279 1286
6146 57 1292 1291 1298
6147 57 1304 1303 1310
6148 57 1316 1315 1322
6149 57 1328 1327 1334
6150 57 1340 1339 1346
6151 57 1352 1351 1358
6152 57 1364 1363 1370
6153 57 1376 1375 1382
6154 57 1388 1387 1394
6155 57 1400 1399 1406
6156 57 1412 1411 1418
6157 57 1424 1423 1430
6158 57 1436 1435 1442
6159 57 1448 1447 1454
6160 57 1460 1459 1466
6161 57 1472 1471 1478
6162 57 1484 1483 1490
6163 57 1496 1495 1502
6164 57 1508 1507 1514
6165 57 1520 1519 1526
6166 57 1532 1531 1538
6167 57 1544 1543 1550
6168 57 1556 1555 1562
6169 57 1568 1567 1574
6170 57 1580 1579 1586
6171 57 1592 1591 1598
6172 57 1604 1603 1610
6173 57 1616 1615 1622
6174 57 1628 1627 1634
6175 57 1640 1639 1646
6176 57 1652 1651 1658
6177 57 1664 1663 1670
6178 57 1676 1675 1682
6179 57 1688 1687 1694
6180 57 1700 1699 1706
6181 57 1712 1711 1718
6182 57 1724 1723 1730
6183 57 1736 1735 1742
6184 57 1748 1747 1754
6185 57 1760 1759 1766
6186 57 1772 1771 1778
6187 57 1784 1783 1790
6188 57 1809 1808 1816
6189 57 1822 1821 1828
6190 57 1834 1833 1840
6191 57 1846 1845 1852
6192 57 1858 1857 1864
6193 57 1870 1869 1876
6194 57 1882 1881 1888
6195 57 1894 1893 1900
6196 57 1906 1905 1912
6197 57 1918 1917 1924
6198 57 1930 1929 1936
6199 57 1942 1941 1948
6200 57 1954 1953 1960
6201 57 1966 1965 1972
6202 57 1978 1977 1984
6203 57 1990 1989 1996
6204 57 2002 2001 2008
6205 57 2014 2013 2020
6206 57 2026 2025 2032
6207 57 2038 2037 2044
6208 57 2050 2049 2056
6209 57 2062 2061 2068
6210 57 2074 2073 2080
6211 57 2086 2085 2092
6212 57 2098 2097 2104
6213 57 2110 2109 2116
6214 57 2122 2121 2128
6215 57 2134 2133 2140
6216 57 2146 2145 2152
6217 57 2158 2157 2164
6218 57 2170 2169 2176
6219 57 2182 2181 2188
6220 57 2194 2193 2200
6221 57 2206 2205 2212
6222 57 2218 2217 2224
6223 57 2230 2229 2236
6224 57 2242 2241 2248
6225 57 2254 2253 2260
6226 57 2266 2265 2272
6227 57 2278 2277 2284
6228 57 2290 2289 2296
6229 57 2302 2301 2308
6230 57 2314 2313 2320
6231 57 2326 2325 2332
6232 57 2338 2337 2344
6233 57 2350 2349 2356
6234 57 2362 2361 2368
6235 57 2374 2373 2380
6236 57 2386 2385 2392
6237 57 2411 2410 2418
6238 57 2424 2423 2430
6239 57 2436 2435 2442
6240 57 2448 2447 2454
6241 57 2460 2459 2466
6242 57 2472 2471 2478
6243 57 2484 2483 2490
6244 57 2496 2495 2502
6245 57 2508 2507 2514
6246 57 2520 2519 2526
6247 57 2532 2531 2538
6248 57 2544 2543 2550
6249 57 2556 2555 2562
6250 57 2568 2567 2574
6251 57 2580 2579 2586
6252 57 2592 2591 2598
6253 57 2604 2603 2610
6254 57 2616 2615 2622
6255 57 2628 2627 2634
6256 57 2640 2639 2646
6257 57 2652 2651 2658
6258 57 2664 2663 2670
6259 57 2676 2675 2682
6260 57 2688 2687 2694
6261 57 2700 2699 2706
6262 57 2712 2711 2718
6263 57 2724 2723 2730
6264 57 2736 2735 2742
6265 57 2748 2747 2754
6266 57 2760 2759 2766
6267 57 2772 2771 2778
6268 57 2784 2783 2790
6269 57 2796 2795 2802
6270 57 2808 2807 2814
6271 57 2820 2819 2826
6272 57 2832 2831 2838
6273 57 2844 2843 2850
6274 57 2856 2855 2862
6275 57 2868 2867 2874
6276 57 2880 2879 2886
6277 57 2892 2891 2898
6278 57 2904 2903 2910
6279 57 2916 2915 2922
6280 57 2928 2927 2934
6281 57 2940 2939 2946
6282 57 2952 2951 2958
6283 57 2964 2963 2970
6284 57 2976 2975 2982
6285 57 2988 2987 2994
6286 57 3013 3012 3020
6287 57 3026 3025 3032
6288 57 3038 3037 3044
6289 57 3050 3049 3056
6290 57 3062 3061 3068
6291 57 3074 3073 3080
6292 57 3086 3085 3092
6293 57 3098 3097 3104
6294 57 3110 3109 3116
6295 57 3122 3121 3128
6296 57 3134 3133 3140
6297 57 3146 3145 3152
6298 57 3158 3157 3164
6299 57 3170 3169 3176
6300 57 3182 3181 3188
6301 57 3194 3193 3200
6302 57 3206 3205 3212
6303 57 3218 3217 3224
6304 57 3230 3229 3236
6305 57 3242 3241 3248
6306 57 3254 3253 3260
6307 57 3266 3265 3272
6308 57 3278 3277 3284
6309 57 3290 3289 3296
6310 57 3302 3301 3308
6311 57 3314 3313 3320
6312 57 3326 3325 3332
6313 57 3338 3337 3344
6314 57 3350 3349 3356
6315 57 3362 3361 3368
6316 57 3374 3373 3380
6317 57 3386 3385 3392
6318 57 3398 3397 3404
6319 57 3410 3409 3416
6320 57 3422 3421 3428
6321 57 3434 3433 3440
6322 57 3446 3445 3452
6323 57 3458 3457 3464
6324 57 3470 3469 3476
6325 57 3482 3481 3488
6326 57 3494 3493 3500
6327 57 3506 3505 3512
6328 57 3518 3517 3524
6329 57 3530 3529 3536
6330 57 3542 3541 3548
6331 57 3554 3553 3560
6332 57 3566 3565 3572
6333 57 3578 3577 3584
6334 57 3590 3589 3596
6335 57 3615 3614 3622
6336 57 3628 3627 3634
6337 57 3640 3639 3646
6338 57 3652 3651 3658
6339 57 3664 3663 3670
6340 57 3676 3675 3682
6341 57 3688 3687 3694
6342 57 3700 3699 3706
6343 57 3712 3711 3718
6344 57 3724 3723 3730
6345 57 3736 3735 3742
6346 57 3748 3747 3754
6347 57 3760 3759 3766
6348 57 3772 3771 3778
6349 57 3784 3783 3790
6350 57 3796 3795 3802
6351 57 3808 3807 3814
6352 57 3820 3819 3826
6353 57 3832 3831 3838
6354 57 3844 3843 3850
6355 57 3856 3855 3862
6356 57 3868 3867 3874
6357 57 3880 3879 3886
6358 57 3892 3891 3898
6359 57 3904 3903 3910
6360 57 3916 3915 3922
6361 57 3928 3927 3934
6362 57 3940 3939 3946
6363 57 3952 3951 3958
6364 57 3964 3963 3970
6365 57 3976 3975 3982
6366 57 3988 3987 3994
6367 57 4000 3999 4006
6368 57 4012 4011 4018
6369 57 4024 4023 4030
6370 57 4036 4035 4042
6371 57 4048 4047 4054
6372 57 4060 4059 4066
6373 57 4072 4071 4078
6374 57 4084 4083 4090
6375 57 4096 4095 4102
6376 57 4108 4107 4114
6377 57 4120 4119 4126
6378 57 4132 4131 4138
6379 57 4144 4143 4150
6380 57 4156 4155 4162
6381 57 4168 4167 4174
6382 57 4180 4179 4186
6383 57 4192 4191 4198
6384 57 4217 4216 4224
6385 57 4230 4229 4236
6386 57 4242 4241 4248
6387 57 4254 4253 4260
6388 57 4266 4265 4272
6389 57 4278 4277 4284
6390 57 4290 4289 4296
6391 57 4302 4301 4308
6392 57 4314 4313 4320
6393 57 4326 4325 4332
6394 57 4338 4337 4344
6395 57 4350 4349 4356
6396 57 4362 4361 4368
6397 57 4374 4373 4380
6398 57 4386 4385 4392
6399 57 4398 4397 4404
6400 57 4410 4409 4416
6401 57 4422 4421 4428
6402 57 4434 4433 4440
6403 57 4446 4445 4452
6404 57 4458 4457 4464
6405 57 4470 4469 4476
6406 57 4482 4481 4488
6407 57 4494 4493 4500
6408 57 4506 4505 4512
6409 57 4518 4517 4524
6410 57 4530 4529 4536
6411 57 4542 4541 4548
6412 57 4554 4553 4560
6413 57 4566 4565 4572
6414 57 4578 4577 4584
6415 57 4590 4589 4596
6416 57 4602 4601 4608
6417 57 4614 4613 4620
6418 57 4626 4625 4632
6419 57 4638 4637 4644
6420 57 4650 4649 4656
6421 57 4662 4661 4668
6422 57 4674 4673 4680
6423 57 4686 4685 4692
6424 57 4698 4697 4704
6425 57 4710 4709 4716
6426 57 4722 4721 4728
6427 57 4734 4733 4740
6428 57 4746 4745 4752
6429 57 4758 4757 4764
6430 57 4770 4769 4776
6431 57 4782 4781 4788
6432 57 4794 4793 4800
6433 57 4819 4818 4826
6434 57 4832 4831 4838
6435 57 4844 4843 4850
6436 57 4856 4855 4862
6437 57 4868 4867 4874
6438 57 4880 4879 4886
6439 57 4892 4891 4898
6440 57 4904 4903 4910
6441 57 4916 4915 4922
6442 57 4928 4927 4934
6443 57 4940 4939 4946
6444 57 4952 4951 4958
6445 57 4964 4963 4970
6446 57 4976 4975 4982
6447 57 4988 4987 4994
6448 57 5000 4999 5006
6449 57 5012 5011 5018
6450 57 5024 5023 5030
6451 57 5036 5035 5042
6452 57 5048 5047 5054
6453 57 5060 5059 5066
6454 57 5072 5071 5078
6455 57 5084 5083 5090
6456 57 5096 5095 5102
6457 57 5108 5107 5114
6458 57 5120 5119 5126
6459 57 5132 5131 5138
6460 57 5144 5143 5150
6461 57 5156 5155 5162
6462 57 5168 5167 5174
6463 57 5180 5179 5186
6464 57 5192 5191 5198
6465 57 5204 5203 5210
6466 57 5216 5215 5222
6467 57 5228 5227 5234
6468 57 5240 5239 5246
6469 57 5252 5251 5258
6470 57 5264 5263 5270
6471 57 5276 5275 5282
6472 57 5288 5287 5294
6473 57 5300 5299 5306
6474 57 5312 5311 5318
6475 57 5324 5323 5330
6476 57 5336 5335 5342
6477 57 5348 5347 5354
6478 57 5360 5359 5366
6479 57 5372 5371 5378
6480 57 5384 5383 5390
6481 57 5396 5395 5402
6482 57 5421 5420 5428
6483 57 5434 5433 5440
6484 57 5446 5445 5452
6485 57 5458 5457 5464
6486 57 5470 5469 5476
6487 57 5482 5481 5488
6488 57 5494 5493 5500
6489 57 5506 5505 5512
6490 57 5518 5517 5524
6491 57 5530 5529 5536
6492 57 5542 5541 5548
6493 57 5554 5553 5560
6494 57 5566 5565 5572
6495 57 5578 5577 5584
6496 57 5590 5589 5596
6497 57 5602 5601 5608
6498 57 5614 5613 5620
6499 57 5626 5625 5632
6500 57 5638 5637 5644
6501 57 5650 5649 5656
6502 57 5662 5661 5668
6503 57 5674 5673 5680
6504 57 5686 5685 5692
6505 57 5698 5697 5704
6506 57 5710 5709 5716
6507 57 5722 5721 5728
6508 57 5734 5733 5740
6509 57 5746 5745 5752
6510 57 5758 5757 5764
6511 57 5770 5769 5776
6512 57 5782 5781 5788
6513 57 5794 5793 5800
6514 57 5806 5805 5812
6515 57 5818 5817 5824
6516 57 5830 5829 5836
6517 57 5842 5841 5848
6518 57 5854 5853 5860
6519 57 5866 5865 5872
6520 57 5878 5877 5884
6521 57 5890 5889 5896
6522 57 5902 5901 5908
6523 57 5914 5913 5920
6524 57 5926 5925 5932
6525 57 5938 5937 5944
6526 57 5950 5949 5956
6527 57 5962 5961 5968
6528 57 5974 5973 5980
6529 57 5986 5985 5992
6530 57 5998 5997 6004
6531 65 1 2 10
6532 65 603 604 612
6533 65 1205 1206 1214
6534 65 1807 1808 1816
6535 65 2409 2410 2418
6536 65 3011 3012 3020
6537 65 3613 3614 3622
6538 65 4215 4216 4224
6539 65 4817 4818 4826
6540 65 5419 5420 5428
6541 71 590 591 598
6542 71 590 591 599
6543 71 1192 1193 1200
6544 71 1192 1193 1201
6545 71 1794 1795 1802
6546 71 1794 1795 1803
6547 71 2396 2397 2404
6548 71 2396 2397 2405
6549 71 2998 2999 3006
6550 71 2998 2999 3007
6551 71 3600 3601 3608
6552 71 3600 3601 3609
6553 71 4202 4203 4210
6554 71 4202 4203 4211
6555 71 4804 4805 4812
6556 71 4804 4805 4813
6557 71 5406 5407 5414
6558 71 5406 5407 5415
6559 71 6008 6009 6016
6560 71 6008 6009 6017
6561 73 14 15 22
6562 73 10 2 14
6563 73 26 27 34
6564 73 22 15 26
6565 73 38 39 46
6566 73 34 27 38
6567 73 50 51 58
6568 73 46 39 50
6569 73 62 63 70
6570 73 58 51 62
6571 73 74 75 82
6572 73 70 63 74
6573 73 86 87 94
6574 73 82 75 86
6575 73 98 99 106
6576 73 94 87 98
6577 73 110 111 118
6578 73 106 99 110
6579 73 122 123 130
6580 73 118 111 122
6581 73 134 135 142
6582 73 130 123 134
6583 73 146 147 154
6584 73 142 135 146
6585 73 158 159 166
6586 73 154 147 158
6587 73 170 171 178
6588 73 166 159 170
6589 73 182 183 190
6590 73 178 171 182
6591 73 194 195 202
6592 73 190 183 194
6593 73 206 207 214
6594 73 202 195 206
6595 73 218 219 226
6596 73 214 207 218
6597 73 230 231 238
6598 73 226 219 230
6599 73 242 243 250
6600 73 238 231 242
6601 73 254 255 262
6602 73 250 243 254
6603 73 266 267 274
6604 73 262 255 266
6605 73 278 279 286
6606 73 274 267 278
6607 73 290 291 298
6608 73 286 279 290
6609 73 302 303 310
6610 73 298 291 302
6611 73 314 315 322
6612 73 310 303 314
6613 73 326 327 334
6614 73 322 315 326
6615 73 338 339 346
6616 73 334 327 338
6617 73 350 351 358
6618 73 346 339 350
6619 73 362 363 370
6620 73 358 351 362
6621 73 374 375 382
6622 73 370 363 374
6623 73 386 387 394
6624 73 382 375 386
6625 73 398 399 406
6626 73 394 387 398
6627 73 410 411 418
6628 73 406 399 410
6629 73 422 423 430
6630 73 418 411 422
6631 73 434 435 442
6632 73 430 423 434
6633 73 446 447 454
6634 73 442 435 446
6635 73 458 459 466
6636 73 454 447 458
6637 73 470 471 478
6638 73 466 459 470
6639 73 482 483 490
6640 73 478 471 482
6641 73 494 495 502
6642 73 490 483 494
6643 73 506 507 514
6644 73 502 495 506
6645 73 518 519 526
6646 73 514 507 518
6647 73 530 531 538
6648 73 526 519 530
6649 73 542 543 550
6650 73 538 531 542
6651 73 554 555 562
6652 73 550 543 554
6653 73 566 567 574
6654 73 562 555 566
6655 73 578 579 586
6656 73 574 567 578
6657 73 586 579 590
6658 73 616 617 624
6659 73 612 604 616
6660 73 628 629 636
6661 73 624 617 628
6662 73 640 641 648
6663 73 636 629 640
6664 73 652 653 660
6665 73 648 641 652
6666 73 664 665 672
6667 73 660 653 664
6668 73 676 677 684
6669 73 672 665 676
6670 73 688 689 696
6671 73 684 677 688
6672 73 700 701 708
6673 73 696 689 700
6674 73 712 713 720
6675 73 708 701 712
6676 73 724 725 732
6677 73 720 713 724
6678 73 736 737 744
6679 73 732 725 736
6680 73 748 749 756
6681 73 744 737 748
6682 73 760 761 768
6683 73 756 749 760
6684 73 772 773 780
6685 73 768 761 772
6686 73 784 785 792
6687 73 780 773 784
6688 73 796 797 804
6689 73 792 785 796
6690 73 808 809 816
6691 73 804 797 808
6692 73 820 821 828
6693 73 816 809 820
6694 73 832 833 840
6695 73 828 821 832
6696 73 844 845 852
6697 73 840 833 844
6698 73 856 857 864
6699 73 852 845 856
6700 73 868 869 876
6701 73 864 857 868
6702 73 880 881 888
6703 73 876 869 880
6704 73 892 893 900
6705 73 888 881 892
6706 73 904 905 912
6707 73 900 893 904
6708 73 916 917 924
6709 73 912 905 916
6710 73 928 929 936
6711 73 924 917 928
6712 73 940 941 948
6713 73 936 929 940
6714 73 952 953 960
6715 73 948 941 952
6716 73 964 965 972
6717 73 960 953 964
6718 73 976 977 984
6719 73 972 965 976
6720 73 988 989 996
6721 73 984 977 988
6722 73 1000 1001 1008
6723 73 996 989 1000
6724 73 1012 1013 1020
6725 73 1008 1001 1012
6726 73 1024 1025 1032
6727 73 1020 1013 1024
6728 73 1036 1037 1044
6729 73 1032 1025 1036
6730 73 1048 1049 1056
6731 73 1044 1037 1048
6732 73 1060 1061 1068
6733 73 1056 1049 1060
6734 73 1072 1073 1080
6735 73 1068 1061 1072
6736 73 1084 1085 1092
6737 73 1080 1073 1084
6738 73 1096 1097 1104
6739 73 1092 1085 1096
6740 73 1108 1109 1116
6741 73 1104 1097 1108
6742 73 1120 1121 1128
6743 73 1116 1109 1120
6744 73 1132 1133 1140
6745 73 1128 1121 1132
6746 73 1144 1145 1152
6747 73 1140 1133 1144
6748 73 1156 1157 1164
6749 73 1152 1145 1156
6750 73 1168 1169 1176
6751 73 1164 1157 1168
6752 73 1180 1181 1188
6753 73 1176 1169 1180
6754 73 1188 1181 1192
6755 73 1218 1219 1226
6756 73 1214 1206 1218
6757 73 1230 1231 1238
6758 73 1226 1219 1230
6759 73 1242 1243 1250
6760 73 1238 1231 1242
6761 73 1254 1255 1262
6762 73 1250 1243 1254
6763 73 1266 1267 1274
6764 73 1262 1255 1266
6765 73 1278 1279 1286
6766 73 1274 1267 1278
6767 73 1290 1291 1298
6768 73 1286 1279 1290
6769 73 1302 1303 1310
6770 73 1298 1291 1302
6771 73 1314 1315 1322
6772 73 1310 1303 1314
6773 73 1326 1327 1334
6774 73 1322 1315 1326
6775 73 1338 1339 1346
6776 73 1334 1327 1338
6777 73 1350 1351 1358
6778 73 1346 1339 1350
6779 73 1362 1363 1370
6780 73 1358 1351 1362
6781 73 1374 1375 1382
6782 73 1370 1363 1374
6783 73 1386 1387 1394
6784 73 1382 1375 1386
6785 73 1398 1399 1406
6786 73 1394 1387 1398
6787 73 1410 1411 1418
6788 73 1406 1399 1410
6789 73 1422 1423 1430
6790 73 1418 1411 1422
6791 73 1434 1435 1442
6792 73 1430 1423 1434
6793 73 1446 1447 1454
6794 73 1442 1435 1446
6795 73 1458 1459 1466
6796 73 1454 1447 1458
6797 73 1470 1471 1478
6798 73 1466 1459 1470
6799 73 1482 1483 1490
6800 73 1478 1471 1482
6801 73 1494 1495 1502
6802 73 1490 1483 1494
6803 73 1506 1507 1514
6804 73 1502 1495 1506
6805 73 1518 1519 1526
6806 73 1514 1507 1518
6807 73 1530 1531 1538
6808 73 1526 1519 1530
6809 73 1542 1543 1550
6810 73 1538 1531 1542
6811 73 1554 1555 1562
6812 73 1550 1543 1554
6813 73 1566 1567 1574
6814 73 1562 1555 1566
6815 73 1578 1579 1586
6816 73 1574 1567 1578
6817 73 1590 1591 1598
6818 73 1586 1579 1590
6819 73 1602 1603 1610
6820 73 1598 1591 1602
6821 73 1614 1615 1622
6822 73 1610 1603 1614
6823 73 1626 1627 1634
6824 73 1622 1615 1626
6825 73 1638 1639 1646
6826 73 1634 1627 1638
6827 73 1650 1651 1658
6828 73 1646 1639 1650
6829 73 1662 1663 1670
6830 73 1658 1651 1662
6831 73 1674 1675 1682
6832 73 1670 1663 1674
6833 73 1686 1687 1694
6834 73 1682 1675 1686
6835 73 1698 1699 1706
6836 73 1694 1687 1698
6837 73 1710 1711 1718
6838 73 1706 1699 1710
6839 73 1722 1723 1730
6840 73 1718 1711 1722
6841 73 1734 1735 1742
6842 73 1730 1723 1734
6843 73 1746 1747 1754
6844 73 1742 1735 1746
6845 73 1758 1759 1766
6846 73 1754 1747 1758
6847 73 1770 1771 1778
6848 73 1766 1759 1770
6849 73 1782 1783 1790
6850 73 1778 1771 1782
6851 73 1790 1783 1794
6852 73 1820 1821 1828
6853 73 1816 1808 1820
6854 73 1832 1833 1840
6855 73 1828 1821 1832
6856 73 1844 1845 1852
6857 73 1840 1833 1844
6858 73 1856 1857 1864
6859 73 1852 1845 1856
6860 73 1868 1869 1876
6861 73 1864 1857 1868
6862 73 1880 1881 1888
6863 73 1876 1869 1880
6864 73 1892 1893 1900
6865 73 1888 1881 1892
6866 73 1904 1905 1912
6867 73 1900 1893 1904
6868 73 1916 1917 1924
6869 73 1912 1905 1916
6870 73 1928 1929 1936
6871 73 1924 1917 1928
6872 73 1940 1941 1948
6873 73 1936 1929 1940
6874 73 1952 1953 1960
6875 73 1948 1941 1952
6876 73 1964 1965 1972
6877 73 1960 1953 1964
6878 73 1976 1977 1984
6879 73 1972 1965 1976
6880 73 1988 1989 1996
6881 73 1984 1977 1988
6882 73 2000 2001 2008
6883 73 1996 1989 2000
6884 73 2012 2013 2020
6885 73 2008 2001 2012
6886 73 2024 2025 2032
6887 73 2020 2013 2024
6888 73 2036 2037 2044
6889 73 2032 2025 2036
6890 73 2048 2049 2056
6891 73 2044 2037 2048
6892 73 2060 2061 2068
6893 73 2056 2049 2060
6894 73 2072 2073 2080
6895 73 2068 2061 2072
6896 73 2084 2085 2092
6897 73 2080 2073 2084
6898 73 2096 2097 2104
6899 73 2092 2085 2096
6900 73 2108 2109 2116
6901 73 2104 2097 2108
6902 73 2120 2121 2128
6903 73 2116 2109 2120
6904 73 2132 2133 2140
6905 73 2128 2121 2132
6906 73 2144 2145 2152
6907 73 2140 2133 2144
6908 73 2156 2157 2164
6909 73 2152 2145 2156
6910 73 2168 2169 2176
6911 73 2164 2157 2168
6912 73 2180 2181 2188
6913 73 2176 2169 2180
6914 73 2192 2193 2200
6915 73 2188 2181 2192
6916 73 2204 2205 2212
6917 73 2200 2193 2204
6918 73 2216 2217 2224
6919 73 2212 2205 2216
6920 73 2228 2229 2236
6921 73 2224 2217 2228
6922 73 2240 2241 2248
6923 73 2236 2229 2240
6924 73 2252 2253 2260
6925 73 2248 2241 2252
6926 73 2264 2265 2272
6927 73 2260 2253 2264
6928 73 2276 2277 2284
6929 73 2272 2265 2276
6930 73 2288 2289 2296
6931 73 2284 2277 2288
6932 73 2300 2301 2308
6933 73 2296 2289 2300
6934 73 2312 2313 2320
6935 73 2308 2301 2312
6936 73 2324 2325 2332
6937 73 2320 2313 2324
6938 73 2336 2337 2344
6939 73 2332 2325 2336
6940 73 2348 2349 2356
6941 73 2344 2337 2348
6942 73 2360 2361 2368
6943 73 2356 2349 2360
6944 73 2372 2373 2380
6945 73 2368 2361 2372
6946 73 2384 2385 2392
6947 73 2380 2373 2384
6948 73 2392 2385 2396
6949 73 2422 2423 2430
6950 73 2418 2410 2422
6951 73 2434 2435 2442
6952 73 2430 2423 2434
6953 73 2446 2447 2454
6954 73 2442 2435 2446
6955 73 2458 2459 2466
6956 73 2454 2447 2458
6957 73 2470 2471 2478
6958 73 2466 2459 2470
6959 73 2482 2483 2490
6960 73 2478 2471 2482
6961 73 2494 2495 2502
6962 73 2490 2483 2494
6963 73 2506 2507 2514
6964 73 2502 2495 2506
6965 73 2518 2519 2526
6966 73 2514 2507 2518
6967 73 2530 2531 2538
6968 73 2526 2519 2530
6969 73 2542 2543 2550
6970 73 2538 2531 2542
6971 73 2554 2555 2562
6972 73 2550 2543 2554
6973 73 2566 2567 2574
6974 73 2562 2555 2566
6975 73 2578 2579 2586
6976 73 2574 2567 2578
6977 73 2590 2591 2598
6978 73 2586 2579 2590
6979 73 2602 2603 2610
6980 73 2598 2591 2602
6981 73 2614 2615 2622
6982 73 2610 2603 2614
6983 73 2626 2627 2634
6984 73 2622 2615 2626
6985 73 2638 2639 2646
6986 73 2634 2627 2638
6987 73 2650 2651 2658
6988 73 2646 2639 2650
6989 73 2662 2663 2670
6990 73 2658 2651 2662
6991 73 2674 2675 2682
6992 73 2670 2663 2674
6993 73 2686 2687 2694
6994 73 2682 2675 2686
6995 73 2698 2699 2706
6996 73 2694 2687 2698
6997 73 2710 2711 2718
6998 73 2706 2699 2710
6999 73 2722 2723 2730
7000 73 2718 2711 2722
7001 73 2734 2735 2742
7002 73 2730 2723 2734
7003 73 2746 2747 2754
7004 73 2742 2735 2746
7005 73 2758 2759 2766
7006 73 2754 2747 2758
7007 73 2770 2771 2778
7008 73 2766 2759 2770
7009 73 2782 2783 2790
7010 73 2778 2771 2782
7011 73 2794 2795 2802
7012 73 2790 2783 2794
7013 73 2806 2807 2814
7014 73 2802 2795 2806
7015 73 2818 2819 2826
7016 73 2814 2807 2818
7017 73 2830 2831 2838
7018 73 2826 2819 2830
7019 73 2842 2843 2850
7020 73 2838 2831 2842
7021 73 2854 2855 2862
7022 73 2850 2843 2854
7023 73 2866 2867 2874
7024 73 2862 2855 2866
7025 73 2878 2879 2886
7026 73 2874 2867 2878
7027 73 2890 2891 2898
7028 73 2886 2879 2890
7029 73 2902 2903 2910
7030 73 2898 2891 2902
7031 73 2914 2915 2922
7032 73 2910 2903 2914
7033 73 2926 2927 2934
7034 73 2922 2915 2926
7035 73 2938 2939 2946
7036 73 2934 2927 2938
7037 73 2950 2951 2958
7038 73 2946 2939 2950
7039 73 2962 2963 2970
7040 73 2958 2951 2962
7041 73 2974 2975 2982
7042 73 2970 2963 2974
7043 73 2986 2987 2994
7044 73 2982 2975 2986
7045 73 2994 2987 2998
7046 73 3024 3025 3032
7047 73 3020 3012 3024
7048 73 3036 3037 3044
7049 73 3032 3025 3036
7050 73 3048 3049 3056
7051 73 3044 3037 3048
7052 73 3060 3061 3068
7053 73 3056 3049 3060
7054 73 3072 3073 3080
7055 73 3068 3061 3072
7056 73 3084 3085 3092
7057 73 3080 3073 3084
7058 73 3096 3097 3104
7059 73 3092 3085 3096
7060 73 3108 3109 3116
7061 73 3104 3097 3108
7062 73 3120 3121 3128
7063 73 3116 3109 3120
7064 73 3132 3133 3140
7065 73 3128 3121 3132
7066 73 3144 3145 3152
7067 73 3140 3133 3144
7068 73 3156 3157 3164
7069 73 3152 3145 3156
7070 73 3168 3169 3176
7071 73 3164 3157 3168
7072 73 3180 3181 3188
7073 73 3176 3169 3180
7074 73 3192 3193 3200
7075 73 3188 3181 3192
7076 73 3204 3205 3212
7077 73 3200 3193 3204
7078 73 3216 3217 3224
7079 73 3212 3205 3216
7080 73 3228 3229 3236
7081 73 3224 3217 3228
7082 73 3240 3241 3248
7083 73 3236 3229 3240
7084 73 3252 3253 3260
7085 73 3248 3241 3252
7086 73 3264 3265 3272
7087 73 3260 3253 3264
7088 73 3276 3277 3284
7089 73 3272 3265 3276
7090 73 3288 3289 3296
7091 73 3284 3277 3288
7092 73 3300 3301 3308
7093 73 3296 3289 3300
7094 73 3312 3313 3320
7095 73 3308 3301 3312
7096 73 3324 3325 3332
7097 73 3320 3313 3324
7098 73 3336 3337 3344
7099 73 3332 3325 3336
7100 73 3348 3349 3356
7101 73 3344 3337 3348
7102 73 3360 3361 3368
7103 73 3356 3349 3360
7104 73 3372 3373 3380
7105 73 3368 3361 3372
7106 73 3384 3385 3392
7107 73 3380 3373 3384
7108 73 3396 3397 3404
7109 73 3392 3385 3396
7110 73 3408 3409 3416
7111 73 3404 3397 3408
7112 73 3420 3421 3428
7113 73 3416 3409 3420
7114 73 3432 3433 3440
7115 73 3428 3421 3432
7116 73 3444 3445 3452
7117 73 3440 3433 3444
7118 73 3456 3457 3464
7119 73 3452 3445 3456
7120 73 3468 3469 3476
7121 73 3464 3457 3468
7122 73 3480 3481 3488
7123 73 3476 3469 3480
7124 73 3492 3493 3500
7125 73 3488 3481 3492
7126 73 3504 3505 3512
7127 73 3500 3493 3504
7128 73 3516 3517 3524
7129 73 3512 3505 3516
7130 73 3528 3529 3536
7131 73 3524 3517 3528
7132 73 3540 3541 3548
7133 73 3536 3529 3540
7134 73 3552 3553 3560
7135 73 3548 3541 3552
7136 73 3564 3565 3572
7137 73 3560 3553 3564
7138 73 3576 3577 3584
7139 73 3572 3565 3576
7140 73 3588 3589 3596
7141 73 3584 3577 3588
7142 73 3596 3589 3600
7143 73 3626 3627 3634
7144 73 3622 3614 3626
7145 73 3638 3639 3646
7146 73 3634 3627 3638
7147 73 3650 3651 3658
7148 73 3646 3639 3650
7149 73 3662 3663 3670
7150 73 3658 3651 3662
7151 73 3674 3675 3682
7152 73 3670 3663 3674
7153 73 3686 3687 3694
7154 73 3682 3675 3686
7155 73 3698 3699 3706
7156 73 3694 3687 3698
7157 73 3710 3711 3718
7158 73 3706 3699 3710
7159 73 3722 3723 3730
7160 73 3718 3711 3722
7161 73 3734 3735 3742
7162 73 3730 3723 3734
7163 73 3746 3747 3754
7164 73 3742 3735 3746
7165 73 3758 3759 3766
7166 73 3754 3747 3758
7167 73 3770 3771 3778
7168 73 3766 3759 3770
7169 73 3782 3783 3790
7170 73 3778 3771 3782
7171 73 3794 3795 3802
7172 73 3790 3783 3794
7173 73 3806 3807 3814
7174 73 3802 3795 3806
7175 73 3818 3819 3826
7176 73 3814 3807 3818
7177 73 3830 3831 3838
7178 73 3826 3819 3830
7179 73 3842 3843 3850
7180 73 3838 3831 3842
7181 73 3854 3855 3862
7182 73 3850 3843 3854
7183 73 3866 3867 3874
7184 73 3862 3855 3866
7185 73 3878 3879 3886
7186 73 3874 3867 3878
7187 73 3890 3891 3898
7188 73 3886 3879 3890
7189 73 3902 3903 3910
7190 73 3898 3891 3902
7191 73 3914 3915 3922
7192 73 3910 3903 3914
7193 73 3926 3927 3934
7194 73 3922 3915 3926
7195 73 3938 3939 3946
7196 73 3934 3927 3938
7197 73 3950 3951 3958
7198 73 3946 3939 3950
7199 73 3962 3963 3970
7200 73 3958 3951 3962
7201 73 3974 3975 3982
7202 73 3970 3963 3974
7203 73 3986 3987 3994
7204 73 3982 3975 3986
7205 73 3998 3999 4006
7206 73 3994 3987 3998
7207 73 4010 4011 4018
7208 73 4006 3999 4010
7209 73 4022 4023 4030
7210 73 4018 4011 4022
7211 73 4034 4035 4042
7212 73 4030 4023 4034
7213 73 4046 4047 4054
7214 73 4042 4035 4046
7215 73 4058 4059 4066
7216 73 4054 4047 4058
7217 73 4070 4071 4078
7218 73 4066 4059 4070
7219 73 4082 4083 4090
7220 73 4078 4071 4082
7221 73 4094 4095 4102
7222 73 4090 4083 4094
7223 73 4106 4107 4114
7224 73 4102 4095 4106
7225 73 4118 4119 4126
7226 73 4114 4107 4118
7227 73 4130 4131 4138
7228 73 4126 4119 4130
7229 73 4142 4143 4150
7230 73 4138 4131 4142
7231 73 4154 4155 4162
7232 73 4150 4143 4154
7233 73 4166 4167 4174
7234 73 4162 4155 4166
7235 73 4178 4179 4186
7236 73 4174 4167 4178
7237 73 4190 4191 4198
7238 73 4186 4179 4190
7239 73 4198 4191 4202
7240 73 4228 4229 4236
7241 73 4224 4216 4228
7242 73 4240 4241 4248
7243 73 4236 4229 4240
7244 73 4252 4253 4260
7245 73 4248 4241 4252
7246 73 4264 4265 4272
7247 73 4260 4253 4264
7248 73 4276 4277 4284
7249 73 4272 4265 4276
7250 73 4288 4289 4296
7251 73 4284 4277 4288
7252 73 4300 4301 4308
7253 73 4296 4289 4300
7254 73 4312 4313 4320
7255 73 4308 4301 4312
7256 73 4324 4325 4332
7257 73 4320 4313 4324
7258 73 4336 4337 4344
7259 73 4332 4325 4336
7260 73 4348 4349 4356
7261 73 4344 4337 4348
7262 73 4360 4361 4368
7263 73 4356 4349 4360
7264 73 4372 4373 4380
7265 73 4368 4361 4372
7266 73 4384 4385 4392
7267 73 4380 4373 4384
7268 73 4396 4397 4404
7269 73 4392 4385 4396
7270 73 4408 4409 4416
7271 73 4404 4397 4408
7272 73 4420 4421 4428
7273 73 4416 4409 4420
7274 73 4432 4433 4440
7275 73 4428 4421 4432
7276 73 4444 4445 4452
7277 73 4440 4433 4444
7278 73 4456 4457 4464
7279 73 4452 4445 4456
7280 73 4468 4469 4476
7281 73 4464 4457 4468
7282 73 4480 4481 4488
7283 73 4476 4469 4480
7284 73 4492 4493 4500
7285 73 4488 4481 4492
7286 73 4504 4505 4512
7287 73 4500 4493 4504
7288 73 4516 4517 4524
7289 73 4512 4505 4516
7290 73 4528 4529 4536
7291 73 4524 4517 4528
7292 73 4540 4541 4548
7293 73 4536 4529 4540
7294 73 4552 4553 4560
7295 73 4548 4541 4552
7296 73 4564 4565 4572
7297 73 4560 4553 4564
7298 73 4576 4577 4584
7299 73 4572 4565 4576
7300 73 4588 4589 4596
7301 73 4584 4577 4588
7302 73 4600 4601 4608
7303 73 4596 4589 4600
7304 73 4612 4613 4620
7305 73 4608 4601 4612
7306 73 4624 4625 4632
7307 73 4620 4613 4624
7308 73 4636 4637 4644
7309 73 4632 4625 4636
7310 73 4648 4649 4656
7311 73 4644 4637 4648
7312 73 4660 4661 4668
7313 73 4656 4649 4660
7314 73 4672 4673 4680
7315 73 4668 4661 4672
7316 73 4684 4685 4692
7317 73 4680 4673 4684
7318 73 4696 4697 4704
7319 73 4692 4685 4696
7320 73 4708 4709 4716
7321 73 4704 4697 4708
7322 73 4720 4721 4728
7323 73 4716 4709 4720
7324 73 4732 4733 4740
7325 73 4728 4721 4732
7326 73 4744 4745 4752
7327 73 4740 4733 4744
7328 73 4756 4757 4764
7329 73 4752 4745 4756
7330 73 4768 4769 4776
7331 73 4764 4757 4768
7332 73 4780 4781 4788
7333 73 4776 4769 4780
7334 73 4792 4793 4800
7335 73 4788 4781 4792
7336 73 4800 4793 4804
7337 73 4830 4831 4838
7338 73 4826 4818 4830
7339 73 4842 4843 4850
7340 73 4838 4831 4842
7341 73 4854 4855 4862
7342 73 4850 4843 4854
7343 73 4866 4867 4874
7344 73 4862 4855 4866
7345 73 4878 4879 4886
7346 73 4874 4867 4878
7347 73 4890 4891 4898
7348 73 4886 4879 4890
7349 73 4902 4903 4910
7350 73 4898 4891 4902
7351 73 4914 4915 4922
7352 73 4910 4903 4914
7353 73 4926 4927 4934
7354 73 4922 4915 4926
7355 73 4938 4939 4946
7356 73 4934 4927 4938
7357 73 4950 4951 4958
7358 73 4946 4939 4950
7359 73 4962 4963 4970
7360 73 4958 4951 4962
7361 73 4974 4975 4982
7362 73 4970 4963 4974
7363 73 4986 4987 4994
7364 73 4982 4975 4986
7365 73 4998 4999 5006
7366 73 4994 4987 4998
7367 73 5010 5011 5018
7368 73 5006 4999 5010
7369 73 5022 5023 5030
7370 73 5018 5011 5022
7371 73 5034 5035 5042
7372 73 5030 5023 5034
7373 73 5046 5047 5054
7374 73 5042 5035 5046
7375 73 5058 5059 5066
7376 73 5054 5047 5058
7377 73 5070 5071 5078
7378 73 5066 5059 5070
7379 73 5082 5083 5090
7380 73 5078 5071 5082
7381 73 5094 5095 5102
7382 73 5090 5083 5094
7383 73 5106 5107 5114
7384 73 5102 5095 5106
7385 73 5118 5119 5126
7386 73 5114 5107 5118
7387 73 5130 5131 5138
7388 73 5126 5119 5130
7389 73 5142 5143 5150
7390 73 5138 5131 5142
7391 73 5154 5155 5162
7392 73 5150 5143 5154
7393 73 5166 5167 5174
7394 73 5162 5155 5166
7395 73 5178 5179 5186
7396 73 5174 5167 5178
7397 73 5190 5191 5198
7398 73 5186 5179 5190
7399 73 5202 5203 5210
7400 73 5198 5191 5202
7401 73 5214 5215 5222
7402 73 5210 5203 5214
7403 73 5226 5227 5234
7404 73 5222 5215 5226
7405 73 5238 5239 5246
7406 73 5234 5227 5238
7407 73 5250 5251 5258
7408 73 5246 5239 5250
7409 73 5262 5263 5270
7410 73 5258 5251 5262
7411 73 5274 5275 5282
7412 73 5270 5263 5274
7413 73 5286 5287 5294
7414 73 5282 5275 5286
7415 73 5298 5299 5306
7416 73 5294 5287 5298
7417 73 5310 5311 5318
7418 73 5306 5299 5310
7419 73 5322 5323 5330
7420 73 5318 5311 5322
7421 73 5334 5335 5342
7422 73 5330 5323 5334
7423 73 5346 5347 5354
7424 73 5342 5335 5346
7425 73 5358 5359 5366
7426 73 5354 5347 5358
7427 73 5370 5371 5378
7428 73 5366 5359 5370
7429 73 5382 5383 5390
7430 73 5378 5371 5382
7431 73 5394 5395 5402
7432 73 5390 5383 5394
7433 73 5402 5395 5406
7434 73 5432 5433 5440
7435 73 5428 5420 5432
7436 73 5444 5445 5452
7437 73 5440 5433 5444
7438 73 5456 5457 5464
7439 73 5452 5445 5456
7440 73 5468 5469 5476
7441 73 5464 5457 5468
7442 73 5480 5481 5488
7443 73 5476 5469 5480
7444 73 5492 5493 5500
7445 73 5488 5481 5492
7446 73 5504 5505 5512
7447 73 5500 5493 5504
7448 73 5516 5517 5524
7449 73 5512 5505 5516
7450 73 5528 5529 5536
7451 73 5524 5517 5528
7452 73 5540 5541 5548
7453 73 5536 5529 5540
7454 73 5552 5553 5560
7455 73 5548 5541 5552
7456 73 5564 5565 5572
7457 73 5560 5553 5564
7458 73 5576 5577 5584
7459 73 5572 5565 5576
7460 73 5588 5589 5596
7461 73 5584 5577 5588
7462 73 5600 5601 5608
7463 73 5596 5589 5600
7464 73 5612 5613 5620
7465 73 5608 5601 5612
7466 73 5624 5625 5632
7467 73 5620 5613 5624
7468 73 5636 5637 5644
7469 73 5632 5625 5636
7470 73 5648 5649 5656
7471 73 5644 5637 5648
7472 73 5660 5661 5668
7473 73 5656 5649 5660
7474 73 5672 5673 5680
7475 73 5668 5661 5672
7476 73 5684 5685 5692
7477 73 5680 5673 5684
7478 73 5696 5697 5704
7479 73 5692 5685 5696
7480 73 5708 5709 5716
7481 73 5704 5697 5708
7482 73 5720 5721 5728
7483 73 5716 5709 5720
7484 73 5732 5733 5740
7485 73 5728 5721 5732
7486 73 5744 5745 5752
7487 73 5740 5733 5744
7488 73 5756 5757 5764
7489 73 5752 5745 5756
7490 73 5768 5769 5776
7491 73 5764 5757 5768
7492 73 5780 5781 5788
7493 73 5776 5769 5780
7494 73 5792 5793 5800
7495 73 5788 5781 5792
7496 73 5804 5805 5812
7497 73 5800 5793 5804
7498 73 5816 5817 5824
7499 73 5812 5805 5816
7500 73 5828 5829 5836
7501 73 5824 5817 5828
7502 73 5840 5841 5848
7503 73 5836 5829 5840
7504 73 5852 5853 5860
7505 73 5848 5841 5852
7506 73 5864 5865 5872
7507 73 5860 5853 5864
7508 73 5876 5877 5884
7509 73 5872 5865 5876
7510 73 5888 5889 5896
7511 73 5884 5877 5888
7512 73 5900 5901 5908
7513 73 5896 5889 5900
7514 73 5912 5913 5920
7515 73 5908 5901 5912
7516 73 5924 5925 5932
7517 73 5920 5913 5924
7518 73 5936 5937 5944
7519 73 5932 5925 5936
7520 73 5948 5949 5956
7521 73 5944 5937 5948
7522 73 5960 5961 5968
7523 73 5956 5949 5960
7524 73 5972 5973 5980
7525 73 5968 5961 5972
7526 73 5984 5985 5992
7527 73 5980 5973 5984
7528 73 5996 5997 6004
7529 73 5992 5985 5996
7530 73 6004 5997 6008
7531 76 591 590 596
7532 76 591 590 597
7533 76 1193 1192 1198
7534 76 1193 1192 1199
7535 76 1795 1794 1800
7536 76 1795 1794 1801
7537 76 2397 2396 2402
7538 76 2397 2396 2403
7539 76 2999 2998 3004
7540 76 2999 2998 3005
7541 76 3601 3600 3606
7542 76 3601 3600 3607
7543 76 4203 4202 4208
7544 76 4203 4202 4209
7545 76 4805 4804 4810
7546 76 4805 4804 4811
7547 76 5407 5406 5412
7548 76 5407 5406 5413
7549 76 6009 6008 6014
7550 76 6009 6008 6015
7551 82 2 1 7
7552 82 2 1 8
7553 82 2 1 9
7554 82 604 603 609
7555 82 604 603 610
7556 82 604 603 611
7557 82 1206 1205 1211
7558 82 1206 1205 1212
7559 82 1206 1205 1213
7560 82 1808 1807 1813
7561 82 1808 1807 1814
7562 82 1808 1807 1815
7563 82 2410 2409 2415
7564 82 2410 2409 2416
7565 82 2410 2409 2417
7566 82 3012 3011 3017
7567 82 3012 3011 3018
7568 82 3012 3011 3019
7569 82 3614 3613 3619
7570 82 3614 3613 3620
7571 82 3614 3613 3621
7572 82 4216 4215 4221
7573 82 4216 4215 4222
7574 82 4216 4215 4223
7575 82 4818 4817 4823
7576 82 4818 4817 4824
7577 82 4818 4817 4825
7578 82 5420 5419 5425
7579 82 5420 5419 5426
7580 82 5420 5419 5427
7581 84 2 14 20
7582 84 2 14 21
7583 84 15 14 20
7584 84 15 14 21
7585 84 15 26 32
7586 84 15 26 33
7587 84 27 26 32
7588 84 27 26 33
7589 84 27 38 44
7590 84 27 38 45
7591 84 39 38 44
7592 84 39 38 45
7593 84 39 50 56
7594 84 39 50 57
7595 84 51 50 56
7596 84 51 50 57
7597 84 51 62 68
7598 84 51 62 69
7599 84 63 62 68
7600 84 63 62 69
7601 84 63 74 80
7602 84 63 74 81
7603 84 75 74 80
7604 84 75 74 81
7605 84 75 86 92
7606 84 75 86 93
7607 84 87 86 92
7608 84 87 86 93
7609 84 87 98 104
7610 84 87 98 105
7611 84 99 98 104
7612 84 99 98 105
7613 84 99 110 116
7614 84 99 110 117
7615 84 111 110 116
7616 84 111 110 117
7617 84 111 122 128
7618 84 111 122 129
7619 84 123 122 128
7620 84 123 122 129
7621 84 123 134 140
7622 84 123 134 141
7623 84 135 134 140
7624 84 135 134 141
7625 84 135 146 152
7626 84 135 146 153
7627 84 147 146 152
7628 84 147 146 153
7629 84 147 158 164
7630 84 147 158 165
7631 84 159 158 164
7632 84 159 158 165
7633 84 159 170 176
7634 84 159 170 177
7635 84 171 170 176
7636 84 171 170 177
7637 84 171 182 188
7638 84 171 182 189
7639 84 183 182 188
7640 84 183 182 189
7641 84 183 194 200
7642 84 183 194 201
7643 84 195 194 200
7644 84 195 194 201
7645 84 195 206 212
7646 84 195 206 213
7647 84 207 206 212
7648 84 207 206 213
7649 84 207 218 224
7650 84 207 218 225
7651 84 219 218 224
7652 84 219 218 225
7653 84 219 230 236
7654 84 219 230 237
7655 84 231 230 236
7656 84 231 230 237
7657 84 231 242 248
7658 84 231 242 249
7659 84 243 242 248
7660 84 243 242 249
7661 84 243 254 260
7662 84 243 254 261
7663 84 255 254 260
7664 84 255 254 261
7665 84 255 266 272
7666 84 255 266 273
7667 84 267 266 272
7668 84 267 266 273
7669 84 267 278 284
7670 84 267 278 285
7671 84 279 278 284
7672 84 279 278 285
7673 84 279 290 296
7674 84 279 290 297
7675 84 291 290 296
7676 84 291 290 297
7677 84 291 302 308
7678 84 291 302 309
7679 84 303 302 308
7680 84 303 302 309
7681 84 303 314 320
7682 84 303 314 321
7683 84 315 314 320
7684 84 315 314 321
7685 84 315 326 332
7686 84 315 326 333
7687 84 327 326 332
7688 84 327 326 333
7689 84 327 338 344
7690 84 327 338 345
7691 84 339 338 344
7692 84 339 338 345
7693 84 339 350 356
7694 84 339 350 357
7695 84 351 350 356
7696 84 351 350 357
7697 84 351 362 368
7698 84 351 362 369
7699 84 363 362 368
7700 84 363 362 369
7701 84 363 374 380
7702 84 363 374 381
7703 84 375 374 380
7704 84 375 374 381
7705 84 375 386 392
7706 84 375 386 393
7707 84 387 386 392
7708 84 387 386 393
7709 84 387 398 404
7710 84 387 398 405
7711 84 399 398 404
7712 84 399 398 405
7713 84 399 410 416
7714 84 399 410 417
7715 84 411 410 416
7716 84 411 410 417
7717 84 411 422 428
7718 84 411 422 429
7719 84 423 422 428
7720 84 423 422 429
7721 84 423 434 440
7722 84 423 434 441
7723 84 435 434 440
7724 84 435 434 441
7725 84 435 446 452
7726 84 435 446 453
7727 84 447 446 452
7728 84 447 446 453
7729 84 447 458 464
7730 84 447 458 465
7731 84 459 458 464
7732 84 459 458 465
7733 84 459 470 476
7734 84 459 470 477
7735 84 471 470 476
7736 84 471 470 477
7737 84 471 482 488
7738 84 471 482 489
7739 84 483 482 488
7740 84 483 482 489
7741 84 483 494 500
7742 84 483 494 501
7743 84 495 494 500
7744 84 495 494 501
7745 84 495 506 512
7746 84 495 506 513
7747 84 507 506 512
7748 84 507 506 513
7749 84 507 518 524
7750 84 507 518 525
7751 84 519 518 524
7752 84 519 518 525
7753 84 519 530 536
7754 84 519 530 537
7755 84 531 530 536
7756 84 531 530 537
7757 84 531 542 548
7758 84 531 542 549
7759 84 543 542 548
7760 84 543 542 549
7761 84 543 554 560
7762 84 543 554 561
7763 84 555 554 560
7764 84 555 554 561
7765 84 555 566 572
7766 84 555 566 573
7767 84 567 566 572
7768 84 567 566 573
7769 84 567 578 584
7770 84 567 578 585
7771 84 579 578 584
7772 84 579 578 585
7773 84 579 590 596
7774 84 579 590 597
7775 84 604 616 622
7776 84 604 616 623
7777 84 617 616 622
7778 84 617 616 623
7779 84 617 628 634
7780 84 617 628 635
7781 84 629 628 634
7782 84 629 628 635
7783 84 629 640 646
7784 84 629 640 647
7785 84 641 640 646
7786 84 641 640 647
7787 84 641 652 658
7788 84 641 652 659
7789 84 653 652 658
7790 84 653 652 659
7791 84 653 664 670
7792 84 653 664 671
7793 84 665 664 670
7794 84 665 664 671
7795 84 665 676 682
7796 84 665 676 683
7797 84 677 676 682
7798 84 677 676 683
7799 84 677 688 694
7800 84 677 688 695
7801 84 689 688 694
7802 84 689 688 695
7803 84 689 700 706
7804 84 689 700 707
7805 84 701 700 706
7806 84 701 700 707
7807 84 701 712 718
7808 84 701 712 719
7809 84 713 712 718
7810 84 713 712 719
7811 84 713 724 730
7812 84 713 724 731
7813 84 725 724 730
7814 84 725 724 731
7815 84 725 736 742
7816 84 725 736 743
7817 84 737 736 742
7818 84 737 736 743
7819 84 737 748 754
7820 84 737 748 755
7821 84 749 748 754
7822 84 749 748 755
7823 84 749 760 766
7824 84 749 760 767
7825 84 761 760 766
7826 84 761 760 767
7827 84 761 772 778
7828 84 761 772 779
7829 84 773 772 778
7830 84 773 772 779
7831 84 773 784 790
7832 84 773 784 791
7833 84 785 784 790
7834 84 785 784 791
7835 84 785 796 802
7836 84 785 796 803
7837 84 797 796 802
7838 84 797 796 803
7839 84 797 808 814
7840 84 797 808 815
7841 84 809 808 814
7842 84 809 808 815
7843 84 809 820 826
7844 84 809 820 827
7845 84 821 820 826
7846 84 821 820 827
7847 84 821 832 838
7848 84 821 832 839
7849 84 833 832 838
7850 84 833 832 839
7851 84 833 844 850
7852 84 833 844 851
7853 84 845 844 850
7854 84 845 844 851
7855 84 845 856 862
7856 84 845 856 863
7857 84 857 856 862
7858 84 857 856 863
7859 84 857 868 874
7860 84 857 868 875
7861 84 869 868 874
7862 84 869 868 875
7863 84 869 880 886
7864 84 869 880 887
7865 84 881 880 886
7866 84 881 880 887
7867 84 881 892 898
7868 84 881 892 899
7869 84 893 892 898
7870 84 893 892 899
7871 84 893 904 910
7872 84 893 904 911
7873 84 905 904 910
7874 84 905 904 911
7875 84 905 916 922
7876 84 905 916 923
7877 84 917 916 922
7878 84 917 916 923
7879 84 917 928 934
7880 84 917 928 935
7881 84 929 928 934
7882 84 929 928 935
7883 84 929 940 946
7884 84 929 940 947
7885 84 941 940 946
7886 84 941 940 947
7887 84 941 952 958
7888 84 941 952 959
7889 84 953 952 958
7890 84 953 952 959
7891 84 953 964 970
7892 84 953 964 971
7893 84 965 964 970
7894 84 965 964 971
7895 84 965 976 982
7896 84 965 976 983
7897 84 977 976 982
7898 84 977 976 983
7899 84 977 988 994
7900 84 977 988 995
7901 84 989 988 994
7902 84 989 988 995
7903 84 989 1000 1006
7904 84 989 1000 1007
7905 84 1001 1000 1006
7906 84 1001 1000 1007
7907 84 1001 1012 1018
7908 84 1001 1012 1019
7909 84 1013 1012 1018
7910 84 1013 1012 1019
7911 84 1013 1024 1030
7912 84 1013 1024 1031
7913 84 1025 1024 1030
7914 84 1025 1024 1031
7915 84 1025 1036 1042
7916 84 1025 1036 1043
7917 84 1037 1036 1042
7918 84 1037 1036 1043
7919 84 1037 1048 1054
7920 84 1037 1048 1055
7921 84 1049 1048 1054
7922 84 1049 1048 1055
7923 84 1049 1060 1066
7924 84 1049 1060 1067
7925 84 1061 1060 1066
7926 84 1061 1060 1067
7927 84 1061 1072 1078
7928 84 1061 1072 1079
7929 84 1073 1072 1078
7930 84 1073 1072 1079
7931 84 1073 1084 1090
7932 84 1073 1084 1091
7933 84 1085 1084 1090
7934 84 1085 1084 1091
7935 84 1085 1096 1102
7936 84 1085 1096 1103
7937 84 1097 1096 1102
7938 84 1097 1096 1103
7939 84 1097 1108 1114
7940 84 1097 1108 1115
7941 84 1109 1108 1114
7942 84 1109 1108 1115
7943 84 1109 1120 1126
7944 84 1109 1120 1127
7945 84 1121 1120 1126
7946 84 1121 1120 1127
7947 84 1121 1132 1138
7948 84 1121 1132 1139
7949 84 1133 1132 1138
7950 84 1133 1132 1139
7951 84 1133 1144 1150
7952 84 1133 1144 1151
7953 84 1145 1144 1150
7954 84 1145 1144 1151
7955 84 1145 1156 1162
7956 84 1145 1156 1163
7957 84 1157 1156 1162
7958 84 1157 1156 1163
7959 84 1157 1168 1174
7960 84 1157 1168 1175
7961 84 1169 1168 1174
7962 84 1169 1168 1175
7963 84 1169 1180 1186
7964 84 1169 1180 1187
7965 84 1181 1180 1186
7966 84 1181 1180 1187
7967 84 1181 1192 1198
7968 84 1181 1192 1199
7969 84 1206 1218 1224
7970 84 1206 1218 1225
7971 84 1219 1218 1224
7972 84 1219 1218 1225
7973 84 1219 1230 1236
7974 84 1219 1230 1237
7975 84 1231 1230 1236
7976 84 1231 1230 1237
7977 84 1231 1242 1248
7978 84 1231 1242 1249
7979 84 1243 1242 1248
7980 84 1243 1242 1249
7981 84 1243 1254 1260
7982 84 1243 1254 1261
7983 84 1255 1254 1260
7984 84 1255 1254 1261
7985 84 1255 1266 1272
7986 84 1255 1266 1273
7987 84 1267 1266 1272
7988 84 1267 1266 1273
7989 84 1267 1278 1284
7990 84 1267 1278 1285
7991 84 1279 1278 1284
7992 84 1279 1278 1285
7993 84 1279 1290 1296
7994 84 1279 1290 1297
7995 84 1291 1290 1296
7996 84 1291 1290 1297
7997 84 1291 1302 1308
7998 84 1291 1302 1309
7999 84 1303 1302 1308
8000 84 1303 1302 1309
8001 84 1303 1314 1320
8002 84 1303 1314 1321
8003 84 1315 1314 1320
8004 84 1315 1314 1321
8005 84 1315 1326 1332
8006 84 1315 1326 1333
8007 84 1327 1326 1332
8008 84 1327 1326 1333
8009 84 1327 1338 1344
8010 84 1327 1338 1345
8011 84 1339 1338 1344
8012 84 1339 1338 1345
8013 84 1339 1350 1356
8014 84 1339 1350 1357
8015 84 1351 1350 1356
8016 84 1351 1350 1357
8017 84 1351 1362 1368
8018 84 1351 1362 1369
8019 84 1363 1362 1368
8020 84 1363 1362 1369
8021 84 1363 1374 1380
8022 84 1363 1374 1381
8023 84 1375 1374 1380
8024 84 1375 1374 1381
8025 84 1375 1386 1392
8026 84 1375 1386 1393
8027 84 1387 1386 1392
8028 84 1387 1386 1393
8029 84 1387 1398 1404
8030 84 1387 1398 1405
8031 84 1399 1398 1404
8032 84 1399 1398 1405
8033 84 1399 1410 1416
8034 84 1399 1410 1417
8035 84 1411 1410 1416
8036 84 1411 1410 1417
8037 84 1411 1422 1428
8038 84 1411 1422 1429
8039 84 1423 1422 1428
8040 84 1423 1422 1429
8041 84 1423 1434 1440
8042 84 1423 1434 1441
8043 84 1435 1434 1440
8044 84 1435 1434 1441
8045 84 1435 1446 1452
8046 84 1435 1446 1453
8047 84 1447 1446 1452
8048 84 1447 1446 1453
8049 84 1447 1458 1464
8050 84 1447 1458 1465
8051 84 1459 1458 1464
8052 84 1459 1458 1465
8053 84 1459 1470 1476
8054 84 1459 1470 1477
8055 84 1471 1470 1476
8056 84 1471 1470 1477
8057 84 1471 1482 1488
8058 84 1471 1482 1489
8059 84 1483 1482 1488
8060 84 1483 1482 1489
8061 84 1483 1494 1500
8062 84 1483 1494 1501
8063 84 1495 1494 1500
8064 84 1495 1494 1501
8065 84 1495 1506 1512
8066 84 1495 1506 1513
8067 84 1507 1506 1512
8068 84 1507 1506 1513
8069 84 1507 1518 1524
8070 84 1507 1518 1525
8071 84 1519 1518 1524
8072 84 1519 1518 1525
8073 84 1519 1530 1536
8074 84 1519 1530 1537
8075 84 1531 1530 1536
8076 84 1531 1530 1537
8077 84 1531 1542 1548
8078 84 1531 1542 1549
8079 84 1543 1542 1548
8080 84 1543 1542 1549
8081 84 1543 1554 1560
8082 84 1543 1554 1561
8083 84 1555 1554 1560
8084 84 1555 1554 1561
8085 84 1555 1566 1572
8086 84 1555 1566 1573
8087 84 1567 1566 1572
8088 84 1567 1566 1573
8089 84 1567 1578 1584
8090 84 1567 1578 1585
8091 84 1579 1578 1584
8092 84 1579 1578 1585
8093 84 1579 1590 1596
8094 84 1579 1590 1597
8095 84 1591 1590 1596
8096 84 1591 1590 1597
8097 84 1591 1602 1608
8098 84 1591 1602 1609
8099 84 1603 1602 1608
8100 84 1603 1602 1609
8101 84 1603 1614 1620
8102 84 1603 1614 1621
8103 84 1615 1614 1620
8104 84 1615 1614 1621
8105 84 1615 1626 1632
8106 84 1615 1626 1633
8107 84 1627 1626 1632
8108 84 1627 1626 1633
8109 84 1627 1638 1644
8110 84 1627 1638 1645
8111 84 1639 1638 1644
8112 84 1639 1638 1645
8113 84 1639 1650 1656
8114 84 1639 1650 1657
8115 84 1651 1650 1656
8116 84 1651 1650 1657
8117 84 1651 1662 1668
8118 84 1651 1662 1669
8119 84 1663 1662 1668
8120 84 1663 1662 1669
8121 84 1663 1674 1680
8122 84 1663 1674 1681
8123 84 1675 1674 1680
8124 84 1675 1674 1681
8125 84 1675 1686 1692
8126 84 1675 1686 1693
8127 84 1687 1686 1692
8128 84 1687 1686 1693
8129 84 1687 1698 1704
8130 84 1687 1698 1705
8131 84 1699 1698 1704
8132 84 1699 1698 1705
8133 84 1699 1710 1716
8134 84 1699 1710 1717
8135 84 1711 1710 1716
8136 84 1711 1710 1717
8137 84 1711 1722 1728
8138 84 1711 1722 1729
8139 84 1723 1722 1728
8140 84 1723 1722 1729
8141 84 1723 1734 1740
8142 84 1723 1734 1741
8143 84 1735 1734 1740
8144 84 1735 1734 1741
8145 84 1735 1746 1752
8146 84 1735 1746 1753
8147 84 1747 1746 1752
8148 84 1747 1746 1753
8149 84 1747 1758 1764
8150 84 1747 1758 1765
8151 84 1759 1758 1764
8152 84 1759 1758 1765
8153 84 1759 1770 1776
8154 84 1759 1770 1777
8155 84 1771 1770 1776
8156 84 1771 1770 1777
8157 84 1771 1782 1788
8158 84 1771 1782 1789
8159 84 1783 1782 1788
8160 84 1783 1782 1789
8161 84 1783 1794 1800
8162 84 1783 1794 1801
8163 84 1808 1820 1826
8164 84 1808 1820 1827
8165 84 1821 1820 1826
8166 84 1821 1820 1827
8167 84 1821 1832 1838
8168 84 1821 1832 1839
8169 84 1833 1832 1838
8170 84 1833 1832 1839
8171 84 1833 1844 1850
8172 84 1833 1844 1851
8173 84 1845 1844 1850
8174 84 1845 1844 1851
8175 84 1845 1856 1862
8176 84 1845 1856 1863
8177 84 1857 1856 1862
8178 84 1857 1856 1863
8179 84 1857 1868 1874
8180 84 1857 1868 1875
8181 84 1869 1868 1874
8182 84 1869 1868 1875
8183 84 1869 1880 1886
8184 84 1869 1880 1887
8185 84 1881 1880 1886
8186 84 1881 1880 1887
8187 84 1881 1892 1898
8188 84 1881 1892 1899
8189 84 1893 1892 1898
8190 84 1893 1892 1899
8191 84 1893 1904 1910
8192 84 1893 1904 1911
8193 84 1905 1904 1910
8194 84 1905 1904 1911
8195 84 1905 1916 1922
8196 84 1905 1916 1923
8197 84 1917 1916 1922
8198 84 1917 1916 1923
8199 84 1917 1928 1934
8200 84 1917 1928 1935
8201 84 1929 1928 1934
8202 84 1929 1928 1935
8203 84 1929 1940 1946
8204 84 1929 1940 1947
8205 84 1941 1940 1946
8206 84 1941 1940 1947
8207 84 1941 1952 1958
8208 84 1941 1952 1959
8209 84 1953 1952 1958
8210 84 1953 1952 1959
8211 84 1953 1964 1970
8212 84 1953 1964 1971
8213 84 1965 1964 1970
8214 84 1965 1964 1971
8215 84 1965 1976 1982
8216 84 1965 1976 1983
8217 84 1977 1976 1982
8218 84 1977 1976 1983
8219 84 1977 1988 1994
8220 84 1977 1988 1995
8221 84 1989 1988 1994
8222 84 1989 1988 1995
8223 84 1989 2000 2006
8224 84 1989 2000 2007
8225 84 2001 2000 2006
8226 84 2001 2000 2007
8227 84 2001 2012 2018
8228 84 2001 2012 2019
8229 84 2013 2012 2018
8230 84 2013 2012 2019
8231 84 2013 2024 2030
8232 84 2013 2024 2031
8233 84 2025 2024 2030
8234 84 2025 2024 2031
8235 84 2025 2036 2042
8236 84 2025 2036 2043
8237 84 2037 2036 2042
8238 84 2037 2036 2043
8239 84 2037 2048 2054
8240 84 2037 2048 2055
8241 84 2049 2048 2054
8242 84 2049 2048 2055
8243 84 2049 2060 2066
8244 84 2049 2060 2067
8245 84 2061 2060 2066
8246 84 2061 2060 2067
8247 84 2061 2072 2078
8248 84 2061 2072 2079
8249 84 2073 2072 2078
8250 84 2073 2072 2079
8251 84 2073 2084 2090
8252 84 2073 2084 2091
8253 84 2085 2084 2090
8254 84 2085 2084 2091
8255 84 2085 2096 2102
8256 84 2085 2096 2103
8257 84 2097 2096 2102
8258 84 2097 2096 2103
8259 84 2097 2108 2114
8260 84 2097 2108 2115
8261 84 2109 2108 2114
8262 84 2109 2108 2115
8263 84 2109 2120 2126
8264 84 2109 2120 2127
8265 84 2121 2120 2126
8266 84 2121 2120 2127
8267 84 2121 2132 2138
8268 84 2121 2132 2139
8269 84 2133 2132 2138
8270 84 2133 2132 2139
8271 84 2133 2144 2150
8272 84 2133 2144 2151
8273 84 2145 2144 2150
8274 84 2145 2144 2151
8275 84 2145 2156 2162
8276 84 2145 2156 2163
8277 84 2157 2156 2162
8278 84 2157 2156 2163
8279 84 2157 2168 2174
8280 84 2157 2168 2175
8281 84 2169 2168 2174
8282 84 2169 2168 2175
8283 84 2169 2180 2186
8284 84 2169 2180 2187
8285 84 2181 2180 2186
8286 84 2181 2180 2187
8287 84 2181 2192 2198
8288 84 2181 2192 2199
8289 84 2193 2192 2198
8290 84 2193 2192 2199
8291 84 2193 2204 2210
8292 84 2193 2204 2211
8293 84 2205 2204 2210
8294 84 2205 2204 2211
8295 84 2205 2216 2222
8296 84 2205 2216 2223
8297 84 2217 2216 2222
8298 84 2217 2216 2223
8299 84 2217 2228 2234
8300 84 2217 2228 2235
8301 84 2229 2228 2234
8302 84 2229 2228 2235
8303 84 2229 2240 2246
8304 84 2229 2240 2247
8305 84 2241 2240 2246
8306 84 2241 2240 2247
8307 84 2241 2252 2258
8308 84 2241 2252 2259
8309 84 2253 2252 2258
8310 84 2253 2252 2259
8311 84 2253 2264 2270
8312 84 2253 2264 2271
8313 84 2265 2264 2270
8314 84 2265 2264 2271
8315 84 2265 2276 2282
8316 84 2265 2276 2283
8317 84 2277 2276 2282
8318 84 2277 2276 2283
8319 84 2277 2288 2294
8320 84 2277 2288 2295
8321 84 2289 2288 2294
8322 84 2289 2288 2295
8323 84 2289 2300 2306
8324 84 2289 2300 2307
8325 84 2301 2300 2306
8326 84 2301 2300 2307
8327 84 2301 2312 2318
8328 84 2301 2312 2319
8329 84 2313 2312 2318
8330 84 2313 2312 2319
8331 84 2313 2324 2330
8332 84 2313 2324 2331
8333 84 2325 2324 2330
8334 84 2325 2324 2331
8335 84 2325 2336 2342
8336 84 2325 2336 2343
8337 84 2337 2336 2342
8338 84 2337 2336 2343
8339 84 2337 2348 2354
8340 84 2337 2348 2355
8341 84 2349 2348 2354
8342 84 2349 2348 2355
8343 84 2349 2360 2366
8344 84 2349 2360 2367
8345 84 2361 2360 2366
8346 84 2361 2360 2367
8347 84 2361 2372 2378
8348 84 2361 2372 2379
8349 84 2373 2372 2378
8350 84 2373 2372 2379
8351 84 2373 2384 2390
8352 84 2373 2384 2391
8353 84 2385 2384 2390
8354 84 2385 2384 2391
8355 84 2385 2396 2402
8356 84 2385 2396 2403
8357 84 2410 2422 2428
8358 84 2410 2422 2429
8359 84 2423 2422 2428
8360 84 2423 2422 2429
8361 84 2423 2434 2440
8362 84 2423 2434 2441
8363 84 2435 2434 2440
8364 84 2435 2434 2441
8365 84 2435 2446 2452
8366 84 2435 2446 2453
8367 84 2447 2446 2452
8368 84 2447 2446 2453
8369 84 2447 2458 2464
8370 84 2447 2458 2465
8371 84 2459 2458 2464
8372 84 2459 2458 2465
8373 84 2459 2470 2476
8374 84 2459 2470 2477
8375 84 2471 2470 2476
8376 84 2471 2470 2477
8377 84 2471 2482 2488
8378 84 2471 2482 2489
8379 84 2483 2482 2488
8380 84 2483 2482 2489
8381 84 2483 2494 2500
8382 84 2483 2494 2501
8383 84 2495 2494 2500
8384 84 2495 2494 2501
8385 84 2495 2506 2512
8386 84 2495 2506 2513
8387 84 2507 2506 2512
8388 84 2507 2506 2513
8389 84 2507 2518 2524
8390 84 2507 2518 2525
8391 84 2519 2518 2524
8392 84 2519 2518 2525
8393 84 2519 2530 2536
8394 84 2519 2530 2537
8395 84 2531 2530 2536
8396 84 2531 2530 2537
8397 84 2531 2542 2548
8398 84 2531 2542 2549
8399 84 2543 2542 2548
8400 84 2543 2542 2549
8401 84 2543 2554 2560
8402 84 2543 2554 2561
8403 84 2555 2554 2560
8404 84 2555 2554 2561
8405 84 2555 2566 2572
8406 84 2555 2566 2573
8407 84 2567 2566 2572
8408 84 2567 2566 2573
8409 84 2567 2578 2584
8410 84 2567 2578 2585
8411 84 2579 2578 2584
8412 84 2579 2578 2585
8413 84 2579 2590 2596
8414 84 2579 2590 2597
8415 84 2591 2590 2596
8416 84 2591 2590 2597
8417 84 2591 2602 2608
8418 84 2591 2602 2609
8419 84 2603 2602 2608
8420 84 2603 2602 2609
8421 84 2603 2614 2620
8422 84 2603 2614 2621
8423 84 2615 2614 2620
8424 84 2615 2614 2621
8425 84 2615 2626 2632
8426 84 2615 2626 2633
8427 84 2627 2626 2632
8428 84 2627 2626 2633
8429 84 2627 2638 2644
8430 84 2627 2638 2645
8431 84 2639 2638 2644
8432 84 2639 2638 2645
8433 84 2639 2650 2656
8434 84 2639 2650 2657
8435 84 2651 2650 2656
8436 84 2651 2650 2657
8437 84 2651 2662 2668
8438 84 2651 2662 2669
8439 84 2663 2662 2668
8440 84 2663 2662 2669
8441 84 2663 2674 2680
8442 84 2663 2674 2681
8443 84 2675 2674 2680
8444 84 2675 2674 2681
8445 84 2675 2686 2692
8446 84 2675 2686 2693
8447 84 2687 2686 2692
8448 84 2687 2686 2693
8449 84 2687 2698 2704
8450 84 2687 2698 2705
8451 84 2699 2698 2704
8452 84 2699 2698 2705
8453 84 2699 2710 2716
8454 84 2699 2710 2717
8455 84 2711 2710 2716
8456 84 2711 2710 2717
8457 84 2711 2722 2728
8458 84 2711 2722 2729
8459 84 2723 2722 2728
8460 84 2723 2722 2729
8461 84 2723 2734 2740
8462 84 2723 2734 2741
8463 84 2735 2734 2740
8464 84 2735 2734 2741
8465 84 2735 2746 2752
8466 84 2735 2746 2753
8467 84 2747 2746 2752
8468 84 2747 2746 2753
8469 84 2747 2758 2764
8470 84 2747 2758 2765
8471 84 2759 2758 2764
8472 84 2759 2758 2765
8473 84 2759 2770 2776
8474 84 2759 2770 2777
8475 84 2771 2770 2776
8476 84 2771 2770 2777
8477 84 2771 2782 2788
8478 84 2771 2782 2789
8479 84 2783 2782 2788
8480 84 2783 2782 2789
8481 84 2783 2794 2800
8482 84 2783 2794 2801
8483 84 2795 2794 2800
8484 84 2795 2794 2801
8485 84 2795 2806 2812
8486 84 2795 2806 2813
8487 84 2807 2806 2812
8488 84 2807 2806 2813
8489 84 2807 2818 2824
8490 84 2807 2818 2825
8491 84 2819 2818 2824
8492 84 2819 2818 2825
8493 84 2819 2830 2836
8494 84 2819 2830 2837
8495 84 2831 2830 2836
8496 84 2831 2830 2837
8497 84 2831 2842 2848
8498 84 2831 2842 2849
8499 84 2843 2842 2848
8500 84 2843 2842 2849
8501 84 2843 2854 2860
8502 84 2843 2854 2861
8503 84 2855 2854 2860
8504 84 2855 2854 2861
8505 84 2855 2866 2872
8506 84 2855 2866 2873
8507 84 2867 2866 2872
8508 84 2867 2866 2873
8509 84 2867 2878 2884
8510 84 2867 2878 2885
8511 84 2879 2878 2884
8512 84 2879 2878 2885
8513 84 2879 2890 2896
8514 84 2879 2890 2897
8515 84 2891 2890 2896
8516 84 2891 2890 2897
8517 84 2891 2902 2908
8518 84 2891 2902 2909
8519 84 2903 2902 2908
8520 84 2903 2902 2909
8521 84 2903 2914 2920
8522 84 2903 2914 2921
8523 84 2915 2914 2920
8524 84 2915 2914 2921
8525 84 2915 2926 2932
8526 84 2915 2926 2933
8527 84 2927 2926 2932
8528 84 2927 2926 2933
8529 84 2927 2938 2944
8530 84 2927 2938 2945
8531 84 2939 2938 2944
8532 84 2939 2938 2945
8533 84 2939 2950 2956
8534 84 2939 2950 2957
8535 84 2951 2950 2956
8536 84 2951 2950 2957
8537 84 2951 2962 2968
8538 84 2951 2962 2969
8539 84 2963 2962 2968
8540 84 2963 2962 2969
8541 84 2963 2974 2980
8542 84 2963 2974 2981
8543 84 2975 2974 2980
8544 84 2975 2974 2981
8545 84 2975 2986 2992
8546 84 2975 2986 2993
8547 84 2987 2986 2992
8548 84 2987 2986 2993
8549 84 2987 2998 3004
8550 84 2987 2998 3005
8551 84 3012 3024 3030
8552 84 3012 3024 3031
8553 84 3025 3024 3030
8554 84 3025 3024 3031
8555 84 3025 3036 3042
8556 84 3025 3036 3043
8557 84 3037 3036 3042
8558 84 3037 3036 3043
8559 84 3037 3048 3054
8560 84 3037 3048 3055
8561 84 3049 3048 3054
8562 84 3049 3048 3055
8563 84 3049 3060 3066
8564 84 3049 3060 3067
8565 84 3061 3060 3066
8566 84 3061 3060 3067
8567 84 3061 3072 3078
8568 84 3061 3072 3079
8569 84 3073 3072 3078
8570 84 3073 3072 3079
8571 84 3073 3084 3090
8572 84 3073 3084 3091
8573 84 3085 3084 3090
8574 84 3085 3084 3091
8575 84 3085 3096 3102
8576 84 3085 3096 3103
8577 84 3097 3096 3102
8578 84 3097 3096 3103
8579 84 3097 3108 3114
8580 84 3097 3108 3115
8581 84 3109 3108 3114
8582 84 3109 3108 3115
8583 84 3109 3120 3126
8584 84 3109 3120 3127
8585 84 3121 3120 3126
8586 84 3121 3120 3127
8587 84 3121 3132 3138
8588 84 3121 3132 3139
8589 84 3133 3132 3138
8590 84 3133 3132 3139
8591 84 3133 3144 3150
8592 84 3133 3144 3151
8593 84 3145 3144 3150
8594 84 3145 3144 3151
8595 84 3145 3156 3162
8596 84 3145 3156 3163
8597 84 3157 3156 3162
8598 84 3157 3156 3163
8599 84 3157 3168 3174
8600 84 3157 3168 3175
8601 84 3169 3168 3174
8602 84 3169 3168 3175
8603 84 3169 3180 3186
8604 84 3169 3180 3187
8605 84 3181 3180 3186
8606 84 3181 3180 3187
8607 84 3181 3192 3198
8608 84 3181 3192 3199
8609 84 3193 3192 3198
8610 84 3193 3192 3199
8611 84 3193 3204 3210
8612 84 3193 3204 3211
8613 84 3205 3204 3210
8614 84 3205 3204 3211
8615 84 3205 3216 3222
8616 84 3205 3216 3223
8617 84 3217 3216 3222
8618 84 3217 3216 3223
8619 84 3217 3228 3234
8620 84 3217 3228 3235
8621 84 3229 3228 3234
8622 84 3229 3228 3235
8623 84 3229 3240 3246
8624 84 3229 3240 3247
8625 84 3241 3240 3246
8626 84 3241 3240 3247
8627 84 3241 3252 3258
8628 84 3241 3252 3259
8629 84 3253 3252 3258
8630 84 3253 3252 3259
8631 84 3253 3264 3270
8632 84 3253 3264 3271
8633 84 3265 3264 3270
8634 84 3265 3264 3271
8635 84 3265 3276 3282
8636 84 3265 3276 3283
8637 84 3277 3276 3282
8638 84 3277 3276 3283
8639 84 3277 3288 3294
8640 84 3277 3288 3295
8641 84 3289 3288 3294
8642 84 3289 3288 3295
8643 84 3289 3300 3306
8644 84 3289 3300 3307
8645 84 3301 3300 3306
8646 84 3301 3300 3307
8647 84 3301 3312 3318
8648 84 3301 3312 3319
8649 84 3313 3312 3318
8650 84 3313 3312 3319
8651 84 3313 3324 3330
8652 84 3313 3324 3331
8653 84 3325 3324 3330
8654 84 3325 3324 3331
8655 84 3325 3336 3342
8656 84 3325 3336 3343
8657 84 3337 3336 3342
8658 84 3337 3336 3343
8659 84 3337 3348 3354
8660 84 3337 3348 3355
8661 84 3349 3348 3354
8662 84 3349 3348 3355
8663 84 3349 3360 3366
8664 84 3349 3360 3367
8665 84 3361 3360 3366
8666 84 3361 3360 3367
8667 84 3361 3372 3378
8668 84 3361 3372 3379
8669 84 3373 3372 3378
8670 84 3373 3372 3379
8671 84 3373 3384 3390
8672 84 3373 3384 3391
8673 84 3385 3384 3390
8674 84 3385 3384 3391
8675 84 3385 3396 3402
8676 84 3385 3396 3403
8677 84 3397 3396 3402
8678 84 3397 3396 3403
8679 84 3397 3408 3414
8680 84 3397 3408 3415
8681 84 3409 3408 3414
8682 84 3409 3408 3415
8683 84 3409 3420 3426
8684 84 3409 3420 3427
8685 84 3421 3420 3426
8686 84 3421 3420 3427
8687 84 3421 3432 3438
8688 84 3421 3432 3439
8689 84 3433 3432 3438
8690 84 3433 3432 3439
8691 84 3433 3444 3450
8692 84 3433 3444 3451
8693 84 3445 3444 3450
8694 84 3445 3444 3451
8695 84 3445 3456 3462
8696 84 3445 3456 3463
8697 84 3457 3456 3462
8698 84 3457 3456 3463
8699 84 3457 3468 3474
8700 84 3457 3468 3475
8701 84 3469 3468 3474
8702 84 3469 3468 3475
8703 84 3469 3480 3486
8704 84 3469 3480 3487
8705 84 3481 3480 3486
8706 84 3481 3480 3487
8707 84 3481 3492 3498
8708 84 3481 3492 3499
8709 84 3493 3492 3498
8710 84 3493 3492 3499
8711 84 3493 3504 3510
8712 84 3493 3504 3511
8713 84 3505 3504 3510
8714 84 3505 3504 3511
8715 84 3505 3516 3522
8716 84 3505 3516 3523
8717 84 3517 3516 3522
8718 84 3517 3516 3523
8719 84 3517 3528 3534
8720 84 3517 3528 3535
8721 84 3529 3528 3534
8722 84 3529 3528 3535
8723 84 3529 3540 3546
8724 84 3529 3540 3547
8725 84 3541 3540 3546
8726 84 3541 3540 3547
8727 84 3541 3552 3558
8728 84 3541 3552 3559
8729 84 3553 3552 3558
8730 84 3553 3552 3559
8731 84 3553 3564 3570
8732 84 3553 3564 3571
8733 84 3565 3564 3570
8734 84 3565 3564 3571
8735 84 3565 3576 3582
8736 84 3565 3576 3583
8737 84 3577 3576 3582
8738 84 3577 3576 3583
8739 84 3577 3588 3594
8740 84 3577 3588 3595
8741 84 3589 3588 3594
8742 84 3589 3588 3595
8743 84 3589 3600 3606
8744 84 3589 3600 3607
8745 84 3614 3626 3632
8746 84 3614 3626 3633
8747 84 3627 3626 3632
8748 84 3627 3626 3633
8749 84 3627 3638 3644
8750 84 3627 3638 3645
8751 84 3639 3638 3644
8752 84 3639 3638 3645
8753 84 3639 3650 3656
8754 84 3639 3650 3657
8755 84 3651 3650 3656
8756 84 3651 3650 3657
8757 84 3651 3662 3668
8758 84 3651 3662 3669
8759 84 3663 3662 3668
8760 84 3663 3662 3669
8761 84 3663 3674 3680
8762 84 3663 3674 3681
8763 84 3675 3674 3680
8764 84 3675 3674 3681
8765 84 3675 3686 3692
8766 84 3675 3686 3693
8767 84 3687 3686 3692
8768 84 3687 3686 3693
8769 84 3687 3698 3704
8770 84 3687 3698 3705
8771 84 3699 3698 3704
8772 84 3699 3698 3705
8773 84 3699 3710 3716
8774 84 3699 3710 3717
8775 84 3711 3710 3716
8776 84 3711 3710 3717
8777 84 3711 3722 3728
8778 84 3711 3722 3729
8779 84 3723 3722 3728
8780 84 3723 3722 3729
8781 84 3723 3734 3740
8782 84 3723 3734 3741
8783 84 3735 3734 3740
8784 84 3735 3734 3741
8785 84 3735 3746 3752
8786 84 3735 3746 3753
8787 84 3747 3746 3752
8788 84 3747 3746 3753
8789 84 3747 3758 3764
8790 84 3747 3758 3765
8791 84 3759 3758 3764
8792 84 3759 3758 3765
8793 84 3759 3770 3776
8794 84 3759 3770 3777
8795 84 3771 3770 3776
8796 84 3771 3770 3777
8797 84 3771 3782 3788
8798 84 3771 3782 3789
8799 84 3783 3782 3788
8800 84 3783 3782 3789
8801 84 3783 3794 3800
8802 84 3783 3794 3801
8803 84 3795 3794 3800
8804 84 3795 3794 3801
8805 84 3795 3806 3812
8806 84 3795 3806 3813
8807 84 3807 3806 3812
8808 84 3807 3806 3813
8809 84 3807 3818 3824
8810 84 3807 3818 3825
8811 84 3819 3818 3824
8812 84 3819 3818 3825
8813 84 3819 3830 3836
8814 84 3819 3830 3837
8815 84 3831 3830 3836
8816 84 3831 3830 3837
8817 84 3831 3842 3848
8818 84 3831 3842 3849
8819 84 3843 3842 3848
8820 84 3843 3842 3849
8821 84 3843 3854 3860
8822 84 3843 3854 3861
8823 84 3855 3854 3860
8824 84 3855 3854 3861
8825 84 3855 3866 3872
8826 84 3855 3866 3873
8827 84 3867 3866 3872
8828 84 3867 3866 3873
8829 84 3867 3878 3884
8830 84 3867 3878 3885
8831 84 3879 3878 3884
8832 84 3879 3878 3885
8833 84 3879 3890 3896
8834 84 3879 3890 3897
8835 84 3891 3890 3896
8836 84 3891 3890 3897
8837 84 3891 3902 3908
8838 84 3891 3902 3909
8839 84 3903 3902 3908
8840 84 3903 3902 3909
8841 84 3903 3914 3920
8842 84 3903 3914 3921
8843 84 3915 3914 3920
8844 84 3915 3914 3921
8845 84 3915 3926 3932
8846 84 3915 3926 3933
8847 84 3927 3926 3932
8848 84 3927 3926 3933
8849 84 3927 3938 3944
8850 84 3927 3938 3945
8851 84 3939 3938 3944
8852 84 3939 3938 3945
8853 84 3939 3950 3956
8854 84 3939 3950 3957
8855 84 3951 3950 3956
8856 84 3951 3950 3957
8857 84 3951 3962 3968
8858 84 3951 3962 3969
8859 84 3963 3962 3968
8860 84 3963 3962 3969
8861 84 3963 3974 3980
8862 84 3963 3974 3981
8863 84 3975 3974 3980
8864 84 3975 3974 3981
8865 84 3975 3986 3992
8866 84 3975 3986 3993
8867 84 3987 3986 3992
8868 84 3987 3986 3993
8869 84 3987 3998 4004
8870 84 3987 3998 4005
8871 84 3999 3998 4004
8872 84 3999 3998 4005
8873 84 3999 4010 4016
8874 84 3999 4010 4017
8875 84 4011 4010 4016
8876 84 4011 4010 4017
8877 84 4011 4022 4028
8878 84 4011 4022 4029
8879 84 4023 4022 4028
8880 84 4023 4022 4029
8881 84 4023 4034 4040
8882 84 4023 4034 4041
8883 84 4035 4034 4040
8884 84 4035 4034 4041
8885 84 4035 4046 4052
8886 84 4035 4046 4053
8887 84 4047 4046 4052
8888 84 4047 4046 4053
8889 84 4047 4058 4064
8890 84 4047 4058 4065
8891 84 4059 4058 4064
8892 84 4059 4058 4065
8893 84 4059 4070 4076
8894 84 4059 4070 4077
8895 84 4071 4070 4076
8896 84 4071 4070 4077
8897 84 4071 4082 4088
8898 84 4071 4082 4089
8899 84 4083 4082 4088
8900 84 4083 4082 4089
8901 84 4083 4094 4100
8902 84 4083 4094 4101
8903 84 4095 4094 4100
8904 84 4095 4094 4101
8905 84 4095 4106 4112
8906 84 4095 4106 4113
8907 84 4107 4106 4112
8908 84 4107 4106 4113
8909 84 4107 4118 4124
8910 84 4107 4118 4125
8911 84 4119 4118 4124
8912 84 4119 4118 4125
8913 84 4119 4130 4136
8914 84 4119 4130 4137
8915 84 4131 4130 4136
8916 84 4131 4130 4137
8917 84 4131 4142 4148
8918 84 4131 4142 4149
8919 84 4143 4142 4148
8920 84 4143 4142 4149
8921 84 4143 4154 4160
8922 84 4143 4154 4161
8923 84 4155 4154 4160
8924 84 4155 4154 4161
8925 84 4155 4166 4172
8926 84 4155 4166 4173
8927 84 4167 4166 4172
8928 84 4167 4166 4173
8929 84 4167 4178 4184
8930 84 4167 4178 4185
8931 84 4179 4178 4184
8932 84 4179 4178 4185
8933 84 4179 4190 4196
8934 84 4179 4190 4197
8935 84 4191 4190 4196
8936 84 4191 4190 4197
8937 84 4191 4202 4208
8938 84 4191 4202 4209
8939 84 4216 4228 4234
8940 84 4216 4228 4235
8941 84 4229 4228 4234
8942 84 4229 4228 4235
8943 84 4229 4240 4246
8944 84 4229 4240 4247
8945 84 4241 4240 4246
8946 84 4241 4240 4247
8947 84 4241 4252 4258
8948 84 4241 4252 4259
8949 84 4253 4252 4258
8950 84 4253 4252 4259
8951 84 4253 4264 4270
8952 84 4253 4264 4271
8953 84 4265 4264 4270
8954 84 4265 4264 4271
8955 84 4265 4276 4282
8956 84 4265 4276 4283
8957 84 4277 4276 4282
8958 84 4277 4276 4283
8959 84 4277 4288 4294
8960 84 4277 4288 4295
8961 84 4289 4288 4294
8962 84 4289 4288 4295
8963 84 4289 4300 4306
8964 84 4289 4300 4307
8965 84 4301 4300 4306
8966 84 4301 4300 4307
8967 84 4301 4312 4318
8968 84 4301 4312 4319
8969 84 4313 4312 4318
8970 84 4313 4312 4319
8971 84 4313 4324 4330
8972 84 4313 4324 4331
8973 84 4325 4324 4330
8974 84 4325 4324 4331
8975 84 4325 4336 4342
8976 84 4325 4336 4343
8977 84 4337 4336 4342
8978 84 4337 4336 4343
8979 84 4337 4348 4354
8980 84 4337 4348 4355
8981 84 4349 4348 4354
8982 84 4349 4348 4355
8983 84 4349 4360 4366
8984 84 4349 4360 4367
8985 84 4361 4360 4366
8986 84 4361 4360 4367
8987 84 4361 4372 4378
8988 84 4361 4372 4379
8989 84 4373 4372 4378
8990 84 4373 4372 4379
8991 84 4373 4384 4390
8992 84 4373 4384 4391
8993 84 4385 4384 4390
8994 84 4385 4384 4391
8995 84 4385 4396 4402
8996 84 4385 4396 4403
8997 84 4397 4396 4402
8998 84 4397 4396 4403
8999 84 4397 4408 4414
9000 84 4397 4408 4415
9001 84 4409 4408 4414
9002 84 4409 4408 4415
9003 84 4409 4420 4426
9004 84 4409 4420 4427
9005 84 4421 4420 4426
9006 84 4421 4420 4427
9007 84 4421 4432 4438
9008 84 4421 4432 4439
9009 84 4433 4432 4438
9010 84 4433 4432 4439
9011 84 4433 4444 4450
9012 84 4433 4444 4451
9013 84 4445 4444 4450
9014 84 4445 4444 4451
9015 84 4445 4456 4462
9016 84 4445 4456 4463
9017 84 4457 4456 4462
9018 84 4457 4456 4463
9019 84 4457 4468 4474
9020 84 4457 4468 4475
9021 84 4469 4468 4474
9022 84 4469 4468 4475
9023 84 4469 4480 4486
9024 84 4469 4480 4487
9025 84 4481 4480 4486
9026 84 4481 4480 4487
9027 84 4481 4492 4498
9028 84 4481 4492 4499
9029 84 4493 4492 4498
9030 84 4493 4492 4499
9031 84 4493 4504 4510
9032 84 4493 4504 4511
9033 84 4505 4504 4510
9034 84 4505 4504 4511
9035 84 4505 4516 4522
9036 84 4505 4516 4523
9037 84 4517 4516 4522
9038 84 4517 4516 4523
9039 84 4517 4528 4534
9040 84 4517 4528 4535
9041 84 4529 4528 4534
9042 84 4529 4528 4535
9043 84 4529 4540 4546
9044 84 4529 4540 4547
9045 84 4541 4540 4546
9046 84 4541 4540 4547
9047 84 4541 4552 4558
9048 84 4541 4552 4559
9049 84 4553 4552 4558
9050 84 4553 4552 4559
9051 84 4553 4564 4570
9052 84 4553 4564 4571
9053 84 4565 4564 4570
9054 84 4565 4564 4571
9055 84 4565 4576 4582
9056 84 4565 4576 4583
9057 84 4577 4576 4582
9058 84 4577 4576 4583
9059 84 4577 4588 4594
9060 84 4577 4588 4595
9061 84 4589 4588 4594
9062 84 4589 4588 4595
9063 84 4589 4600 4606
9064 84 4589 4600 4607
9065 84 4601 4600 4606
9066 84 4601 4600 4607
9067 84 4601 4612 4618
9068 84 4601 4612 4619
9069 84 4613 4612 4618
9070 84 4613 4612 4619
9071 84 4613 4624 4630
9072 84 4613 4624 4631
9073 84 4625 4624 4630
9074 84 4625 4624 4631
9075 84 4625 4636 4642
9076 84 4625 4636 4643
9077 84 4637 4636 4642
9078 84 4637 4636 4643
9079 84 4637 4648 4654
9080 84 4637 4648 4655
9081 84 4649 4648 4654
9082 84 4649 4648 4655
9083 84 4649 4660 4666
9084 84 4649 4660 4667
9085 84 4661 4660 4666
9086 84 4661 4660 4667
9087 84 4661 4672 4678
9088 84 4661 4672 4679
9089 84 4673 4672 4678
9090 84 4673 4672 4679
9091 84 4673 4684 4690
9092 84 4673 4684 4691
9093 84 4685 4684 4690
9094 84 4685 4684 4691
9095 84 4685 4696 4702
9096 84 4685 4696 4703
9097 84 4697 4696 4702
9098 84 4697 4696 4703
9099 84 4697 4708 4714
9100 84 4697 4708 4715
9101 84 4709 4708 4714
9102 84 4709 4708 4715
9103 84 4709 4720 4726
9104 84 4709 4720 4727
9105 84 4721 4720 4726
9106 84 4721 4720 4727
9107 84 4721 4732 4738
9108 84 4721 4732 4739
9109 84 4733 4732 4738
9110 84 4733 4732 4739
9111 84 4733 4744 4750
9112 84 4733 4744 4751
9113 84 4745 4744 4750
9114 84 4745 4744 4751
9115 84 4745 4756 4762
9116 84 4745 4756 4763
9117 84 4757 4756 4762
9118 84 4757 4756 4763
9119 84 4757 4768 4774
9120 84 4757 4768 4775
9121 84 4769 4768 4774
9122 84 4769 4768 4775
9123 84 4769 4780 4786
9124 84 4769 4780 4787
9125 84 4781 4780 4786
9126 84 4781 4780 4787
9127 84 4781 4792 4798
9128 84 4781 4792 4799
9129 84 4793 4792 4798
9130 84 4793 4792 4799
9131 84 4793 4804 4810
9132 84 4793 4804 4811
9133 84 4818 4830 4836
9134 84 4818 4830 4837
9135 84 4831 4830 4836
9136 84 4831 4830 4837
9137 84 4831 4842 4848
9138 84 4831 4842 4849
9139 84 4843 4842 4848
9140 84 4843 4842 4849
9141 84 4843 4854 4860
9142 84 4843 4854 4861
9143 84 4855 4854 4860
9144 84 4855 4854 4861
9145 84 4855 4866 4872
9146 84 4855 4866 4873
9147 84 4867 4866 4872
9148 84 4867 4866 4873
9149 84 4867 4878 4884
9150 84 4867 4878 4885
9151 84 4879 4878 4884
9152 84 4879 4878 4885
9153 84 4879 4890 4896
9154 84 4879 4890 4897
9155 84 4891 4890 4896
9156 84 4891 4890 4897
9157 84 4891 4902 4908
9158 84 4891 4902 4909
9159 84 4903 4902 4908
9160 84 4903 4902 4909
9161 84 4903 4914 4920
9162 84 4903 4914 4921
9163 84 4915 4914 4920
9164 84 4915 4914 4921
9165 84 4915 4926 4932
9166 84 4915 4926 4933
9167 84 4927 4926 4932
9168 84 4927 4926 4933
9169 84 4927 4938 4944
9170 84 4927 4938 4945
9171 84 4939 4938 4944
9172 84 4939 4938 4945
9173 84 4939 4950 4956
9174 84 4939 4950 4957
9175 84 4951 4950 4956
9176 84 4951 4950 4957
9177 84 4951 4962 4968
9178 84 4951 4962 4969
9179 84 4963 4962 4968
9180 84 4963 4962 4969
9181 84 4963 4974 4980
9182 84 4963 4974 4981
9183 84 4975 4974 4980
9184 84 4975 4974 4981
9185 84 4975 4986 4992
9186 84 4975 4986 4993
9187 84 4987 4986 4992
9188 84 4987 4986 4993
9189 84 4987 4998 5004
9190 84 4987 4998 5005
9191 84 4999 4998 5004
9192 84 4999 4998 5005
9193 84 4999 5010 5016
9194 84 4999 5010 5017
9195 84 5011 5010 5016
9196 84 5011 5010 5017
9197 84 5011 5022 5028
9198 84 5011 5022 5029
9199 84 5023 5022 5028
9200 84 5023 5022 5029
9201 84 5023 5034 5040
9202 84 5023 5034 5041
9203 84 5035 5034 5040
9204 84 5035 5034 5041
9205 84 5035 5046 5052
9206 84 5035 5046 5053
9207 84 5047 5046 5052
9208 84 5047 5046 5053
9209 84 5047 5058 5064
9210 84 5047 5058 5065
9211 84 5059 5058 5064
9212 84 5059 5058 5065
9213 84 5059 5070 5076
9214 84 5059 5070 5077
9215 84 5071 5070 5076
9216 84 5071 5070 5077
9217 84 5071 5082 5088
9218 84 5071 5082 5089
9219 84 5083 5082 5088
9220 84 5083 5082 5089
9221 84 5083 5094 5100
9222 84 5083 5094 5101
9223 84 5095 5094 5100
9224 84 5095 5094 5101
9225 84 5095 5106 5112
9226 84 5095 5106 5113
9227 84 5107 5106 5112
9228 84 5107 5106 5113
9229 84 5107 5118 5124
9230 84 5107 5118 5125
9231 84 5119 5118 5124
9232 84 5119 5118 5125
9233 84 5119 5130 5136
9234 84 5119 5130 5137
9235 84 5131 5130 5136
9236 84 5131 5130 5137
9237 84 5131 5142 5148
9238 84 5131 5142 5149
9239 84 5143 5142 5148
9240 84 5143 5142 5149
9241 84 5143 5154 5160
9242 84 5143 5154 5161
9243 84 5155 5154 5160
9244 84 5155 5154 5161
9245 84 5155 5166 5172
9246 84 5155 5166 5173
9247 84 5167 5166 5172
9248 84 5167 5166 5173
9249 84 5167 5178 5184
9250 84 5167 5178 5185
9251 84 5179 5178 5184
9252 84 5179 5178 5185
9253 84 5179 5190 5196
9254 84 5179 5190 5197
9255 84 5191 5190 5196
9256 84 5191 5190 5197
9257 84 5191 5202 5208
9258 84 5191 5202 5209
9259 84 5203 5202 5208
9260 84 5203 5202 5209
9261 84 5203 5214 5220
9262 84 5203 5214 5221
9263 84 5215 5214 5220
9264 84 5215 5214 5221
9265 84 5215 5226 5232
9266 84 5215 5226 5233
9267 84 5227 5226 5232
9268 84 5227 5226 5233
9269 84 5227 5238 5244
9270 84 5227 5238 5245
9271 84 5239 5238 5244
9272 84 5239 5238 5245
9273 84 5239 5250 5256
9274 84 5239 5250 5257
9275 84 5251 5250 5256
9276 84 5251 5250 5257
9277 84 5251 5262 5268
9278 84 5251 5262 5269
9279 84 5263 5262 5268
9280 84 5263 5262 5269
9281 84 5263 5274 5280
9282 84 5263 5274 5281
9283 84 5275 5274 5280
9284 84 5275 5274 5281
9285 84 5275 5286 5292
9286 84 5275 5286 5293
9287 84 5287 5286 5292
9288 84 5287 5286 5293
9289 84 5287 5298 5304
9290 84 5287 5298 5305
9291 84 5299 5298 5304
9292 84 5299 5298 5305
9293 84 5299 5310 5316
9294 84 5299 5310 5317
9295 84 5311 5310 5316
9296 84 5311 5310 5317
9297 84 5311 5322 5328
9298 84 5311 5322 5329
9299 84 5323 5322 5328
9300 84 5323 5322 5329
9301 84 5323 5334 5340
9302 84 5323 5334 5341
9303 84 5335 5334 5340
9304 84 5335 5334 5341
9305 84 5335 5346 5352
9306 84 5335 5346 5353
9307 84 5347 5346 5352
9308 84 5347 5346 5353
9309 84 5347 5358 5364
9310 84 5347 5358 5365
9311 84 5359 5358 5364
9312 84 5359 5358 5365
9313 84 5359 5370 5376
9314 84 5359 5370 5377
9315 84 5371 5370 5376
9316 84 5371 5370 5377
9317 84 5371 5382 5388
9318 84 5371 5382 5389
9319 84 5383 5382 5388
9320 84 5383 5382 5389
9321 84 5383 5394 5400
9322 84 5383 5394 5401
9323 84 5395 5394 5400
9324 84 5395 5394 5401
9325 84 5395 5406 5412
9326 84 5395 5406 5413
9327 84 5420 5432 5438
9328 84 5420 5432 5439
9329 84 5433 5432 5438
9330 84 5433 5432 5439
9331 84 5433 5444 5450
9332 84 5433 5444 5451
9333 84 5445 5444 5450
9334 84 5445 5444 5451
9335 84 5445 5456 5462
9336 84 5445 5456 5463
9337 84 5457 5456 5462
9338 84 5457 5456 5463
9339 84 5457 5468 5474
9340 84 5457 5468 5475
9341 84 5469 5468 5474
9342 84 5469 5468 5475
9343 84 5469 5480 5486
9344 84 5469 5480 5487
9345 84 5481 5480 5486
9346 84 5481 5480 5487
9347 84 5481 5492 5498
9348 84 5481 5492 5499
9349 84 5493 5492 5498
9350 84 5493 5492 5499
9351 84 5493 5504 5510
9352 84 5493 5504 5511
9353 84 5505 5504 5510
9354 84 5505 5504 5511
9355 84 5505 5516 5522
9356 84 5505 5516 5523
9357 84 5517 5516 5522
9358 84 5517 5516 5523
9359 84 5517 5528 5534
9360 84 5517 5528 5535
9361 84 5529 5528 5534
9362 84 5529 5528 5535
9363 84 5529 5540 5546
9364 84 5529 5540 5547
9365 84 5541 5540 5546
9366 84 5541 5540 5547
9367 84 5541 5552 5558
9368 84 5541 5552 5559
9369 84 5553 5552 5558
9370 84 5553 5552 5559
9371 84 5553 5564 5570
9372 84 5553 5564 5571
9373 84 5565 5564 5570
9374 84 5565 5564 5571
9375 84 5565 5576 5582
9376 84 5565 5576 5583
9377 84 5577 5576 5582
9378 84 5577 5576 5583
9379 84 5577 5588 5594
9380 84 5577 5588 5595
9381 84 5589 5588 5594
9382 84 5589 5588 5595
9383 84 5589 5600 5606
9384 84 5589 5600 5607
9385 84 5601 5600 5606
9386 84 5601 5600 5607
9387 84 5601 5612 5618
9388 84 5601 5612 5619
9389 84 5613 5612 5618
9390 84 5613 5612 5619
9391 84 5613 5624 5630
9392 84 5613 5624 5631
9393 84 5625 5624 5630
9394 84 5625 5624 5631
9395 84 5625 5636 5642
9396 84 5625 5636 5643
9397 84 5637 5636 5642
9398 84 5637 5636 5643
9399 84 5637 5648 5654
9400 84 5637 5648 5655
9401 84 5649 5648 5654
9402 84 5649 5648 5655
9403 84 5649 5660 5666
9404 84 5649 5660 5667
9405 84 5661 5660 5666
9406 84 5661 5660 5667
9407 84 5661 5672 5678
9408 84 5661 5672 5679
9409 84 5673 5672 5678
9410 84 5673 5672 5679
9411 84 5673 5684 5690
9412 84 5673 5684 5691
9413 84 5685 5684 5690
9414 84 5685 5684 5691
9415 84 5685 5696 5702
9416 84 5685 5696 5703
9417 84 5697 5696 5702
9418 84 5697 5696 5703
9419 84 5697 5708 5714
9420 84 5697 5708 5715
9421 84 5709 5708 5714
9422 84 5709 5708 5715
9423 84 5709 5720 5726
9424 84 5709 5720 5727
9425 84 5721 5720 5726
9426 84 5721 5720 5727
9427 84 5721 5732 5738
9428 84 5721 5732 5739
9429 84 5733 5732 5738
9430 84 5733 5732 5739
9431 84 5733 5744 5750
9432 84 5733 5744 5751
9433 84 5745 5744 5750
9434 84 5745 5744 5751
9435 84 5745 5756 5762
9436 84 5745 5756 5763
9437 84 5757 5756 5762
9438 84 5757 5756 5763
9439 84 5757 5768 5774
9440 84 5757 5768 5775
9441 84 5769 5768 5774
9442 84 5769 5768 5775
9443 84 5769 5780 5786
9444 84 5769 5780 5787
9445 84 5781 5780 5786
9446 84 5781 5780 5787
9447 84 5781 5792 5798
9448 84 5781 5792 5799
9449 84 5793 5792 5798
9450 84 5793 5792 5799
9451 84 5793 5804 5810
9452 84 5793 5804 5811
9453 84 5805 5804 5810
9454 84 5805 5804 5811
9455 84 5805 5816 5822
9456 84 5805 5816 5823
9457 84 5817 5816 5822
9458 84 5817 5816 5823
9459 84 5817 5828 5834
9460 84 5817 5828 5835
9461 84 5829 5828 5834
9462 84 5829 5828 5835
9463 84 5829 5840 5846
9464 84 5829 5840 5847
9465 84 5841 5840 5846
9466 84 5841 5840 5847
9467 84 5841 5852 5858
9468 84 5841 5852 5859
9469 84 5853 5852 5858
9470 84 5853 5852 5859
9471 84 5853 5864 5870
9472 84 5853 5864 5871
9473 84 5865 5864 5870
9474 84 5865 5864 5871
9475 84 5865 5876 5882
9476 84 5865 5876 5883
9477 84 5877 5876 5882
9478 84 5877 5876 5883
9479 84 5877 5888 5894
9480 84 5877 5888 5895
9481 84 5889 5888 5894
9482 84 5889 5888 5895
9483 84 5889 5900 5906
9484 84 5889 5900 5907
9485 84 5901 5900 5906
9486 84 5901 5900 5907
9487 84 5901 5912 5918
9488 84 5901 5912 5919
9489 84 5913 5912 5918
9490 84 5913 5912 5919
9491 84 5913 5924 5930
9492 84 5913 5924 5931
9493 84 5925 5924 5930
9494 84 5925 5924 5931
9495 84 5925 5936 5942
9496 84 5925 5936 5943
9497 84 5937 5936 5942
9498 84 5937 5936 5943
9499 84 5937 5948 5954
9500 84 5937 5948 5955
9501 84 5949 5948 5954
9502 84 5949 5948 5955
9503 84 5949 5960 5966
9504 84 5949 5960 5967
9505 84 5961 5960 5966
9506 84 5961 5960 5967
9507 84 5961 5972 5978
9508 84 5961 5972 5979
9509 84 5973 5972 5978
9510 84 5973 5972 5979
9511 84 5973 5984 5990
9512 84 5973 5984 5991
9513 84 5985 5984 5990
9514 84 5985 5984 5991
9515 84 5985 5996 6002
9516 84 5985 5996 6003
9517 84 5997 5996 6002
9518 84 5997 5996 6003
9519 84 5997 6008 6014
9520 84 5997 6008 6015
9521 92 591 592 593
9522 92 1193 1194 1195
9523 92 1795 1796 1797
9524 92 2397 2398 2399
9525 92 2999 3000 3001
9526 92 3601 3602 3603
9527 92 4203 4204 4205
9528 92 4805 4806 4807
9529 92 5407 5408 5409
9530 92 6009 6010 6011
9531 93 2 3 4
9532 93 15 16 17
9533 93 27 28 29
9534 93 39 40 41
9535 93 51 52 53
9536 93 63 64 65
9537 93 75 76 77
9538 93 87 88 89
9539 93 99 100 101
9540 93 111 112 113
9541 93 123 124 125
9542 93 135 136 137
9543 93 147 148 149
9544 93 159 160 161
9545 93 171 172 173
9546 93 183 184 185
9547 93 195 196 197
9548 93 207 208 209
9549 93 219 220 221
9550 93 231 232 233
9551 93 243 244 245
9552 93 255 256 257
9553 93 267 268 269
9554 93 279 280 281
9555 93 291 292 293
9556 93 303 304 305
9557 93 315 316 317
9558 93 327 328 329
9559 93 339 340 341
9560 93 351 352 353
9561 93 363 364 365
9562 93 375 376 377
9563 93 387 388 389
9564 93 399 400 401
9565 93 411 412 413
9566 93 423 424 425
9567 93 435 436 437
9568 93 447 448 449
9569 93 459 460 461
9570 93 471 472 473
9571 93 483 484 485
9572 93 495 496 497
9573 93 507 508 509
9574 93 519 520 521
9575 93 531 532 533
9576 93 543 544 545
9577 93 555 556 557
9578 93 567 568 569
9579 93 579 580 581
9580 93 604 605 606
9581 93 617 618 619
9582 93 629 630 631
9583 93 641 642 643
9584 93 653 654 655
9585 93 665 666 667
9586 93 677 678 679
9587 93 689 690 691
9588 93 701 702 703
9589 93 713 714 715
9590 93 725 726 727
9591 93 737 738 739
9592 93 749 750 751
9593 93 761 762 763
9594 93 773 774 775
9595 93 785 786 787
9596 93 797 798 799
9597 93 809 810 811
9598 93 821 822 823
9599 93 833 834 835
9600 93 845 846 847
9601 93 857 858 859
9602 93 869 870 871
9603 93 881 882 883
9604 93 893 894 895
9605 93 905 906 907
9606 93 917 918 919
9607 93 929 930 931
9608 93 941 942 943
9609 93 953 954 955
9610 93 965 966 967
9611 93 977 978 979
9612 93 989 990 991
9613 93 1001 1002 1003
9614 93 1013 1014 1015
9615 93 1025 1026 1027
9616 93 1037 1038 1039
9617 93 1049 1050 1051
9618 93 1061 1062 1063
9619 93 1073 1074 1075
9620 93 1085 1086 1087
9621 93 1097 1098 1099
9622 93 1109 1110 1111
9623 93 1121 1122 1123
9624 93 1133 1134 1135
9625 93 1145 1146 1147
9626 93 1157 1158 1159
9627 93 1169 1170 1171
9628 93 1181 1182 1183
9629 93 1206 1207 1208
9630 93 1219 1220 1221
9631 93 1231 1232 1233
9632 93 1243 1244 1245
9633 93 1255 1256 1257
9634 93 1267 1268 1269
9635 93 1279 1280 1281
9636 93 1291 1292 1293
9637 93 1303 1304 1305
9638 93 1315 1316 1317
9639 93 1327 1328 1329
9640 93 1339 1340 1341
9641 93 1351 1352 1353
9642 93 1363 1364 1365
9643 93 1375 1376 1377
9644 93 1387 1388 1389
9645 93 1399 1400 1401
9646 93 1411 1412 1413
9647 93 1423 1424 1425
9648 93 1435 1436 1437
9649 93 1447 1448 1449
9650 93 1459 1460 1461
9651 93 1471 1472 1473
9652 93 1483 1484 1485
9653 93 1495 1496 1497
9654 93 1507 1508 1509
9655 93 1519 1520 1521
9656 93 1531 1532 1533
9657 93 1543 1544 1545
9658 93 1555 1556 1557
9659 93 1567 1568 1569
9660 93 1579 1580 1581
9661 93 1591 1592 1593
9662 93 1603 1604 1605
9663 93 1615 1616 1617
9664 93 1627 1628 1629
9665 93 1639 1640 1641
9666 93 1651 1652 1653
9667 93 1663 1664 1665
9668 93 1675 1676 1677
9669 93 1687 1688 1689
9670 93 1699 1700 1701
9671 93 1711 1712 1713
9672 93 1723 1724 1725
9673 93 1735 1736 1737
9674 93 1747 1748 1749
9675 93 1759 1760 1761
9676 93 1771 1772 1773
9677 93 1783 1784 1785
9678 93 1808 1809 1810
9679 93 1821 1822 1823
9680 93 1833 1834 1835
9681 93 1845 1846 1847
9682 93 1857 1858 1859
9683 93 1869 1870 1871
9684 93 1881 1882 1883
9685 93 1893 1894 1895
9686 93 1905 1906 1907
9687 93 1917 1918 1919
9688 93 1929 1930 1931
9689 93 1941 1942 1943
9690 93 1953 1954 1955
9691 93 1965 1966 1967
9692 93 1977 1978 1979
9693 93 1989 1990 1991
9694 93 2001 2002 2003
9695 93 2013 2014 2015
9696 93 2025 2026 2027
9697 93 2037 2038 2039
9698 93 2049 2050 2051
9699 93 2061 2062 2063
9700 93 2073 2074 2075
9701 93 2085 2086 2087
9702 93 2097 2098 2099
9703 93 2109 2110 2111
9704 93 2121 2122 2123
9705 93 2133 2134 2135
9706 93 2145 2146 2147
9707 93 2157 2158 2159
9708 93 2169 2170 2171
9709 93 2181 2182 2183
9710 93 2193 2194 2195
9711 93 2205 2206 2207
9712 93 2217 2218 2219
9713 93 2229 2230 2231
9714 93 2241 2242 2243
9715 93 2253 2254 2255
9716 93 2265 2266 2267
9717 93 2277 2278 2279
9718 93 2289 2290 2291
9719 93 2301 2302 2303
9720 93 2313 2314 2315
9721 93 2325 2326 2327
9722 93 2337 2338 2339
9723 93 2349 2350 2351
9724 93 2361 2362 2363
9725 93 2373 2374 2375
9726 93 2385 2386 2387
9727 93 2410 2411 2412
9728 93 2423 2424 2425
9729 93 2435 2436 2437
9730 93 2447 2448 2449
9731 93 2459 2460 2461
9732 93 2471 2472 2473
9733 93 2483 2484 2485
9734 93 2495 2496 2497
9735 93 2507 2508 2509
9736 93 2519 2520 2521
9737 93 2531 2532 2533
9738 93 2543 2544 2545
9739 93 2555 2556 2557
9740 93 2567 2568 2569
9741 93 2579 2580 2581
9742 93 2591 2592 2593
9743 93 2603 2604 2605
9744 93 2615 2616 2617
9745 93 2627 2628 2629
9746 93 2639 2640 2641
9747 93 2651 2652 2653
9748 93 2663 2664 2665
9749 93 2675 2676 2677
9750 93 2687 2688 2689
9751 93 2699 2700 2701
9752 93 2711 2712 2713
9753 93 2723 2724 2725
9754 93 2735 2736 2737
9755 93 2747 2748 2749
9756 93 2759 2760 2761
9757 93 2771 2772 2773
9758 93 2783 2784 2785
9759 93 2795 2796 2797
9760 93 2807 2808 2809
9761 93 2819 2820 2821
9762 93 2831 2832 2833
9763 93 2843 2844 2845
9764 93 2855 2856 2857
9765 93 2867 2868 2869
9766 93 2879 2880 2881
9767 93 2891 2892 2893
9768 93 2903 2904 2905
9769 93 2915 2916 2917
9770 93 2927 2928 2929
9771 93 2939 2940 2941
9772 93 2951 2952 2953
9773 93 2963 2964 2965
9774 93 2975 2976 2977
9775 93 2987 2988 2989
9776 93 3012 3013 3014
9777 93 3025 3026 3027
9778 93 3037 3038 3039
9779 93 3049 3050 3051
9780 93 3061 3062 3063
9781 93 3073 3074 3075
9782 93 3085 3086 3087
9783 93 3097 3098 3099
9784 93 3109 3110 3111
9785 93 3121 3122 3123
9786 93 3133 3134 3135
9787 93 3145 3146 3147
9788 93 3157 3158 3159
9789 93 3169 3170 3171
9790 93 3181 3182 3183
9791 93 3193 3194 3195
9792 93 3205 3206 3207
9793 93 3217 3218 3219
9794 93 3229 3230 3231
9795 93 3241 3242 3243
9796 93 3253 3254 3255
9797 93 3265 3266 3267
9798 93 3277 3278 3279
9799 93 3289 3290 3291
9800 93 3301 3302 3303
9801 93 3313 3314 3315
9802 93 3325 3326 3327
9803 93 3337 3338 3339
9804 93 3349 3350 3351
9805 93 3361 3362 3363
9806 93 3373 3374 3375
9807 93 3385 3386 3387
9808 93 3397 3398 3399
9809 93 3409 3410 3411
9810 93 3421 3422 3423
9811 93 3433 3434 3435
9812 93 3445 3446 3447
9813 93 3457 3458 3459
9814 93 3469 3470 3471
9815 93 3481 3482 3483
9816 93 3493 3494 3495
9817 93 3505 3506 3507
9818 93 3517 3518 3519
9819 93 3529 3530 3531
9820 93 3541 3542 3543
9821 93 3553 3554 3555
9822 93 3565 3566 3567
9823 93 3577 3578 3579
9824 93 3589 3590 3591
9825 93 3614 3615 3616
9826 93 3627 3628 3629
9827 93 3639 3640 3641
9828 93 3651 3652 3653
9829 93 3663 3664 3665
9830 93 3675 3676 3677
9831 93 3687 3688 3689
9832 93 3699 3700 3701
9833 93 3711 3712 3713
9834 93 3723 3724 3725
9835 93 3735 3736 3737
9836 93 3747 3748 3749
9837 93 3759 3760 3761
9838 93 3771 3772 3773
9839 93 3783 3784 3785
9840 93 3795 3796 3797
9841 93 3807 3808 3809
9842 93 3819 3820 3821
9843 93 3831 3832 3833
9844 93 3843 3844 3845
9845 93 3855 3856 3857
9846 93 3867 3868 3869
9847 93 3879 3880 3881
9848 93 3891 3892 3893
9849 93 3903 3904 3905
9850 93 3915 3916 3917
9851 93 3927 3928 3929
9852 93 3939 3940 3941
9853 93 3951 3952 3953
9854 93 3963 3964 3965
9855 93 3975 3976 3977
9856 93 3987 3988 3989
9857 93 3999 4000 4001
9858 93 4011 4012 4013
9859 93 4023 4024 4025
9860 93 4035 4036 4037
9861 93 4047 4048 4049
9862 93 4059 4060 4061
9863 93 4071 4072 4073
9864 93 4083 4084 4085
9865 93 4095 4096 4097
9866 93 4107 4108 4109
9867 93 4119 4120 4121
9868 93 4131 4132 4133
9869 93 4143 4144 4145
9870 93 4155 4156 4157
9871 93 4167 4168 4169
9872 93 4179 4180 4181
9873 93 4191 4192 4193
9874 93 4216 4217 4218
9875 93 4229 4230 4231
9876 93 4241 4242 4243
9877 93 4253 4254 4255
9878 93 4265 4266 4267
9879 93 4277 4278 4279
9880 93 4289 4290 4291
9881 93 4301 4302 4303
9882 93 4313 4314 4315
9883 93 4325 4326 4327
9884 93 4337 4338 4339
9885 93 4349 4350 4351
9886 93 4361 4362 4363
9887 93 4373 4374 4375
9888 93 4385 4386 4387
9889 93 4397 4398 4399
9890 93 4409 4410 4411
9891 93 4421 4422 4423
9892 93 4433 4434 4435
9893 93 4445 4446 4447
9894 93 4457 4458 4459
9895 93 4469 4470 4471
9896 93 4481 4482 4483
9897 93 4493 4494 4495
9898 93 4505 4506 4507
9899 93 4517 4518 4519
9900 93 4529 4530 4531
9901 93 4541 4542 4543
9902 93 4553 4554 4555
9903 93 4565 4566 4567
9904 93 4577 4578 4579
9905 93 4589 4590 4591
9906 93 4601 4602 4603
9907 93 4613 4614 4615
9908 93 4625 4626 4627
9909 93 4637 4638 4639
9910 93 4649 4650 4651
9911 93 4661 4662 4663
9912 93 4673 4674 4675
9913 93 4685 4686 4687
9914 93 4697 4698 4699
9915 93 4709 4710 4711
9916 93 4721 4722 4723
9917 93 4733 4734 4735
9918 93 4745 4746 4747
9919 93 4757 4758 4759
9920 93 4769 4770 4771
9921 93 4781 4782 4783
9922 93 4793 4794 4795
9923 93 4818 4819 4820
9924 93 4831 4832 4833
9925 93 4843 4844 4845
9926 93 4855 4856 4857
9927 93 4867 4868 4869
9928 93 4879 4880 4881
9929 93 4891 4892 4893
9930 93 4903 4904 4905
9931 93 4915 4916 4917
9932 93 4927 4928 4929
9933 93 4939 4940 4941
9934 93 4951 4952 4953
9935 93 4963 4964 4965
9936 93 4975 4976 4977
9937 93 4987 4988 4989
9938 93 4999 5000 5001
9939 93 5011 5012 5013
9940 93 5023 5024 5025
9941 93 5035 5036 5037
9942 93 5047 5048 5049
9943 93 5059 5060 5061
9944 93 5071 5072 5073
9945 93 5083 5084 5085
9946 93 5095 5096 5097
9947 93 5107 5108 5109
9948 93 5119 5120 5121
9949 93 5131 5132 5133
9950 93 5143 5144 5145
9951 93 5155 5156 5157
9952 93 5167 5168 5169
9953 93 5179 5180 5181
9954 93 5191 5192 5193
9955 93 5203 5204 5205
9956 93 5215 5216 5217
9957 93 5227 5228 5229
9958 93 5239 5240 5241
9959 93 5251 5252 5253
9960 93 5263 5264 5265
9961 93 5275 5276 5277
9962 93 5287 5288 5289
9963 93 5299 5300 5301
9964 93 5311 5312 5313
9965 93 5323 5324 5325
9966 93 5335 5336 5337
9967 93 5347 5348 5349
9968 93 5359 5360 5361
9969 93 5371 5372 5373
9970 93 5383 5384 5385
9971 93 5395 5396 5397
9972 93 5420 5421 5422
9973 93 5433 5434 5435
9974 93 5445 5446 5447
9975 93 5457 5458 5459
9976 93 5469 5470 5471
9977 93 5481 5482 5483
9978 93 5493 5494 5495
9979 93 5505 5506 5507
9980 93 5517 5518 5519
9981 93 5529 5530 5531
9982 93 5541 5542 5543
9983 93 5553 5554 5555
9984 93 5565 5566 5567
9985 93 5577 5578 5579
9986 93 5589 5590 5591
9987 93 5601 5602 5603
9988 93 5613 5614 5615
9989 93 5625 5626 5627
9990 93 5637 5638 5639
9991 93 5649 5650 5651
9992 93 5661 5662 5663
9993 93 5673 5674 5675
9994 93 5685 5686 5687
9995 93 5697 5698 5699
9996 93 5709 5710 5711
9997 93 5721 5722 5723
9998 93 5733 5734 5735
9999 93 5745 5746 5747
10000 93 5757 5758 5759
10001 93 5769 5770 5771
10002 93 5781 5782 5783
10003 93 5793 5794 5795
10004 93 5805 5806 5807
10005 93 5817 5818 5819
10006 93 5829 5830 5831
10007 93 5841 5842 5843
10008 93 5853 5854 5855
10009 93 5865 5866 5867
10010 93 5877 5878 5879
10011 93 5889 5890 5891
10012 93 5901 5902 5903
10013 93 5913 5914 5915
10014 93 5925 5926 5927
10015 93 5937 5938 5939
10016 93 5949 5950 5951
10017 93 5961 5962 5963
10018 93 5973 5974 5975
10019 93 5985 5986 5987
10020 93 5997 5998 5999
