1 1 1 -0.1800 -0.763 0.0 0.0
2 1 9 0.2200 0.763 0.0 0.0
3 1 6 -0.3300 1.206 -0.493 1.254
4 1 4 0.5100 2.595 -0.561 1.426
5 1 5 -0.4300 3.385 -0.204 0.517
6 1 1 -0.1800 3.173 -1.064 2.705
7 1 3 0.0600 -1.129 -1.023 0.168
8 1 3 0.0600 -1.139 0.372 -0.973
9 1 3 0.0600 -1.073 0.65 0.832
10 1 7 0.0300 1.173 1.0 -0.146
11 1 3 0.0600 2.365 -1.452 3.336
12 1 3 0.0600 3.791 -0.284 3.204
13 1 3 0.0600 3.887 -1.875 2.397
14 1 2 -0.1200 2.772 0.0 0.0
15 1 9 0.2200 4.279999999999999 0.0 0.0
16 1 6 -0.3300 4.82 -0.49000000000000005 -1.196
17 1 4 0.5100 4.5809999999999995 0.08299999999999985 -2.426
18 1 5 -0.4300 3.8449999999999998 1.1069999999999998 -2.552
19 1 1 -0.1800 5.202 -0.5150000000000002 -3.63
20 1 3 0.0600 2.346 0.10999999999999995 -1.019
21 1 3 0.0600 2.3499999999999996 0.666 0.748
22 1 7 0.0300 4.68 -0.588 0.851
23 1 3 0.0600 4.574999999999999 -0.4570000000000003 -4.521
24 1 3 0.0600 5.521 -1.5610000000000002 -3.418
25 1 3 0.0600 6.144 0.025999999999999763 -3.859
26 1 2 -0.1200 6.279999999999999 0.0 0.0
27 1 9 0.2200 7.788 0.0 0.0
28 1 6 -0.3300 8.328 -1.196 -0.49
29 1 4 0.5100 8.089 -2.426 0.083
30 1 5 -0.4300 7.353 -2.552 1.107
31 1 1 -0.1800 8.709999999999999 -3.63 -0.515
32 1 3 0.0600 5.854 -1.019 0.11
33 1 3 0.0600 5.858 0.748 0.666
34 1 7 0.0300 8.187999999999999 0.851 -0.588
35 1 3 0.0600 8.083 -4.521 -0.457
36 1 3 0.0600 9.029 -3.418 -1.561
37 1 3 0.0600 9.652 -3.859 0.026
38 1 2 -0.1200 9.788 0.0 0.0
39 1 9 0.2200 11.296 0.0 0.0
40 1 6 -0.3300 11.836 -0.49000000000000005 -1.196
41 1 4 0.5100 11.597 0.08299999999999985 -2.426
42 1 5 -0.4300 10.861 1.1069999999999998 -2.552
43 1 1 -0.1800 12.218 -0.5150000000000002 -3.63
44 1 3 0.0600 9.362 0.10999999999999995 -1.019
45 1 3 0.0600 9.366 0.666 0.748
46 1 7 0.0300 11.696 -0.588 0.851
47 1 3 0.0600 11.591 -0.4570000000000003 -4.521
48 1 3 0.0600 12.536999999999999 -1.5610000000000002 -3.418
49 1 3 0.0600 13.16 0.025999999999999763 -3.859
50 1 2 -0.1200 13.296000000000001 0.0 0.0
51 1 9 0.2200 14.804 0.0 0.0
52 1 6 -0.3300 15.344000000000001 -1.196 0.49
53 1 4 0.5100 15.105 -2.426 -0.083
54 1 5 -0.4300 14.369000000000002 -2.552 -1.107
55 1 1 -0.1800 15.726 -3.63 0.515
56 1 3 0.0600 12.870000000000001 -1.019 -0.11
57 1 3 0.0600 12.874 0.748 -0.666
58 1 7 0.0300 15.204 0.851 0.588
59 1 3 0.0600 15.099 -4.521 0.457
60 1 3 0.0600 16.045 -3.418 1.561
61 1 3 0.0600 16.668 -3.859 -0.026
62 1 2 -0.1200 16.804 0.0 0.0
63 1 9 0.2200 18.312 0.0 0.0
64 1 6 -0.3300 18.852 -0.49000000000000005 -1.196
65 1 4 0.5100 18.613 0.08299999999999985 -2.426
66 1 5 -0.4300 17.877 1.1069999999999998 -2.552
67 1 1 -0.1800 19.233999999999998 -0.5150000000000002 -3.63
68 1 3 0.0600 16.378 0.10999999999999995 -1.019
69 1 3 0.0600 16.382 0.666 0.748
70 1 7 0.0300 18.712 -0.588 0.851
71 1 3 0.0600 18.607 -0.4570000000000003 -4.521
72 1 3 0.0600 19.553 -1.5610000000000002 -3.418
73 1 3 0.0600 20.176 0.025999999999999763 -3.859
74 1 2 -0.1200 20.311999999999998 0.0 0.0
75 1 9 0.2200 21.82 0.0 0.0
76 1 6 -0.3300 22.36 -1.196 -0.49
77 1 4 0.5100 22.121 -2.426 0.083
78 1 5 -0.4300 21.384999999999998 -2.552 1.107
79 1 1 -0.1800 22.741999999999997 -3.63 -0.515
80 1 3 0.0600 19.886 -1.019 0.11
81 1 3 0.0600 19.89 0.748 0.666
82 1 7 0.0300 22.22 0.851 -0.588
83 1 3 0.0600 22.115 -4.521 -0.457
84 1 3 0.0600 23.061 -3.418 -1.561
85 1 3 0.0600 23.683999999999997 -3.859 0.026
86 1 2 -0.1200 23.82 0.0 0.0
87 1 9 0.2200 25.328000000000003 0.0 0.0
88 1 6 -0.3300 25.868000000000002 -0.49000000000000005 -1.196
89 1 4 0.5100 25.629 0.08299999999999985 -2.426
90 1 5 -0.4300 24.893 1.1069999999999998 -2.552
91 1 1 -0.1800 26.25 -0.5150000000000002 -3.63
92 1 3 0.0600 23.394000000000002 0.10999999999999995 -1.019
93 1 3 0.0600 23.398000000000003 0.666 0.748
94 1 7 0.0300 25.728 -0.588 0.851
95 1 3 0.0600 25.623 -0.4570000000000003 -4.521
96 1 3 0.0600 26.569000000000003 -1.5610000000000002 -3.418
97 1 3 0.0600 27.192 0.025999999999999763 -3.859
98 1 2 -0.1200 27.328 0.0 0.0
99 1 9 0.2200 28.836000000000002 0.0 0.0
100 1 6 -0.3300 29.376 -1.196 -0.49
101 1 4 0.5100 29.137 -2.426 0.083
102 1 5 -0.4300 28.401 -2.552 1.107
103 1 1 -0.1800 29.758 -3.63 -0.515
104 1 3 0.0600 26.902 -1.019 0.11
105 1 3 0.0600 26.906000000000002 0.748 0.666
106 1 7 0.0300 29.236 0.851 -0.588
107 1 3 0.0600 29.131 -4.521 -0.457
108 1 3 0.0600 30.077 -3.418 -1.561
109 1 3 0.0600 30.7 -3.859 0.026
110 1 2 -0.1200 30.836 0.0 0.0
111 1 9 0.2200 32.344 0.0 0.0
112 1 6 -0.3300 32.884 -0.49000000000000005 -1.196
113 1 4 0.5100 32.645 0.08299999999999985 -2.426
114 1 5 -0.4300 31.909 1.1069999999999998 -2.552
115 1 1 -0.1800 33.266 -0.5150000000000002 -3.63
116 1 3 0.0600 30.41 0.10999999999999995 -1.019
117 1 3 0.0600 30.414 0.666 0.748
118 1 7 0.0300 32.744 -0.588 0.851
119 1 3 0.0600 32.639 -0.4570000000000003 -4.521
120 1 3 0.0600 33.585 -1.5610000000000002 -3.418
121 1 3 0.0600 34.208 0.025999999999999763 -3.859
122 1 2 -0.1200 34.344 0.0 0.0
123 1 9 0.2200 35.852 0.0 0.0
124 1 6 -0.3300 36.391999999999996 -1.196 -0.49
125 1 4 0.5100 36.153 -2.426 0.083
126 1 5 -0.4300 35.417 -2.552 1.107
127 1 1 -0.1800 36.774 -3.63 -0.515
128 1 3 0.0600 33.918 -1.019 0.11
129 1 3 0.0600 33.922 0.748 0.666
130 1 7 0.0300 36.251999999999995 0.851 -0.588
131 1 3 0.0600 36.147 -4.521 -0.457
132 1 3 0.0600 37.092999999999996 -3.418 -1.561
133 1 3 0.0600 37.716 -3.859 0.026
134 1 2 -0.1200 37.852000000000004 0.0 0.0
135 1 9 0.2200 39.36 0.0 0.0
136 1 6 -0.3300 39.9 0.48999999999999994 -1.196
137 1 4 0.5100 39.661 -0.08300000000000016 -2.426
138 1 5 -0.4300 38.925000000000004 -1.1070000000000002 -2.552
139 1 1 -0.1800 40.282000000000004 0.5149999999999998 -3.63
140 1 3 0.0600 37.426 -0.11000000000000006 -1.019
141 1 3 0.0600 37.43 -0.666 0.748
142 1 7 0.0300 39.760000000000005 0.588 0.851
143 1 3 0.0600 39.655 0.45699999999999974 -4.521
144 1 3 0.0600 40.601 1.5609999999999997 -3.418
145 1 3 0.0600 41.224000000000004 -0.026000000000000235 -3.859
146 1 2 -0.1200 41.36 0.0 0.0
147 1 9 0.2200 42.867999999999995 0.0 0.0
148 1 6 -0.3300 43.407999999999994 -1.196 0.49
149 1 4 0.5100 43.169 -2.426 -0.083
150 1 5 -0.4300 42.433 -2.552 -1.107
151 1 1 -0.1800 43.79 -3.63 0.515
152 1 3 0.0600 40.934 -1.019 -0.11
153 1 3 0.0600 40.937999999999995 0.748 -0.666
154 1 7 0.0300 43.268 0.851 0.588
155 1 3 0.0600 43.163 -4.521 0.457
156 1 3 0.0600 44.108999999999995 -3.418 1.561
157 1 3 0.0600 44.732 -3.859 -0.026
158 1 2 -0.1200 44.868 0.0 0.0
159 1 9 0.2200 46.376 0.0 0.0
160 1 6 -0.3300 46.916 0.48999999999999994 -1.196
161 1 4 0.5100 46.677 -0.08300000000000016 -2.426
162 1 5 -0.4300 45.941 -1.1070000000000002 -2.552
163 1 1 -0.1800 47.298 0.5149999999999998 -3.63
164 1 3 0.0600 44.442 -0.11000000000000006 -1.019
165 1 3 0.0600 44.446 -0.666 0.748
166 1 7 0.0300 46.775999999999996 0.588 0.851
167 1 3 0.0600 46.671 0.45699999999999974 -4.521
168 1 3 0.0600 47.617 1.5609999999999997 -3.418
169 1 3 0.0600 48.24 -0.026000000000000235 -3.859
170 1 2 -0.1200 48.376000000000005 0.0 0.0
171 1 9 0.2200 49.884 0.0 0.0
172 1 6 -0.3300 50.424 -1.196 -0.49
173 1 4 0.5100 50.185 -2.426 0.083
174 1 5 -0.4300 49.449000000000005 -2.552 1.107
175 1 1 -0.1800 50.806000000000004 -3.63 -0.515
176 1 3 0.0600 47.95 -1.019 0.11
177 1 3 0.0600 47.954 0.748 0.666
178 1 7 0.0300 50.284000000000006 0.851 -0.588
179 1 3 0.0600 50.179 -4.521 -0.457
180 1 3 0.0600 51.125 -3.418 -1.561
181 1 3 0.0600 51.748000000000005 -3.859 0.026
182 1 2 -0.1200 51.884 0.0 0.0
183 1 9 0.2200 53.391999999999996 0.0 0.0
184 1 6 -0.3300 53.931999999999995 -0.49000000000000005 -1.196
185 1 4 0.5100 53.693 0.08299999999999985 -2.426
186 1 5 -0.4300 52.957 1.1069999999999998 -2.552
187 1 1 -0.1800 54.314 -0.5150000000000002 -3.63
188 1 3 0.0600 51.458 0.10999999999999995 -1.019
189 1 3 0.0600 51.461999999999996 0.666 0.748
190 1 7 0.0300 53.792 -0.588 0.851
191 1 3 0.0600 53.687 -0.4570000000000003 -4.521
192 1 3 0.0600 54.632999999999996 -1.5610000000000002 -3.418
193 1 3 0.0600 55.256 0.025999999999999763 -3.859
194 1 2 -0.1200 55.392 0.0 0.0
195 1 9 0.2200 56.9 0.0 0.0
196 1 6 -0.3300 57.44 -1.196 0.49
197 1 4 0.5100 57.201 -2.426 -0.083
198 1 5 -0.4300 56.465 -2.552 -1.107
199 1 1 -0.1800 57.822 -3.63 0.515
200 1 3 0.0600 54.966 -1.019 -0.11
201 1 3 0.0600 54.97 0.748 -0.666
202 1 7 0.0300 57.3 0.851 0.588
203 1 3 0.0600 57.195 -4.521 0.457
204 1 3 0.0600 58.141 -3.418 1.561
205 1 3 0.0600 58.764 -3.859 -0.026
206 1 2 -0.1200 58.900000000000006 0.0 0.0
207 1 9 0.2200 60.408 0.0 0.0
208 1 6 -0.3300 60.948 -0.49000000000000005 -1.196
209 1 4 0.5100 60.709 0.08299999999999985 -2.426
210 1 5 -0.4300 59.973000000000006 1.1069999999999998 -2.552
211 1 1 -0.1800 61.330000000000005 -0.5150000000000002 -3.63
212 1 3 0.0600 58.474000000000004 0.10999999999999995 -1.019
213 1 3 0.0600 58.478 0.666 0.748
214 1 7 0.0300 60.80800000000001 -0.588 0.851
215 1 3 0.0600 60.703 -0.4570000000000003 -4.521
216 1 3 0.0600 61.649 -1.5610000000000002 -3.418
217 1 3 0.0600 62.272000000000006 0.025999999999999763 -3.859
218 1 2 -0.1200 62.408 0.0 0.0
219 1 9 0.2200 63.916 0.0 0.0
220 1 6 -0.3300 64.456 -1.196 0.49
221 1 4 0.5100 64.217 -2.426 -0.083
222 1 5 -0.4300 63.481 -2.552 -1.107
223 1 1 -0.1800 64.838 -3.63 0.515
224 1 3 0.0600 61.982 -1.019 -0.11
225 1 3 0.0600 61.986 0.748 -0.666
226 1 7 0.0300 64.316 0.851 0.588
227 1 3 0.0600 64.211 -4.521 0.457
228 1 3 0.0600 65.157 -3.418 1.561
229 1 3 0.0600 65.78 -3.859 -0.026
230 1 2 -0.1200 65.916 0.0 0.0
231 1 9 0.2200 67.424 0.0 0.0
232 1 6 -0.3300 67.964 -0.49000000000000005 -1.196
233 1 4 0.5100 67.72500000000001 0.08299999999999985 -2.426
234 1 5 -0.4300 66.989 1.1069999999999998 -2.552
235 1 1 -0.1800 68.346 -0.5150000000000002 -3.63
236 1 3 0.0600 65.49 0.10999999999999995 -1.019
237 1 3 0.0600 65.494 0.666 0.748
238 1 7 0.0300 67.824 -0.588 0.851
239 1 3 0.0600 67.71900000000001 -0.4570000000000003 -4.521
240 1 3 0.0600 68.665 -1.5610000000000002 -3.418
241 1 3 0.0600 69.288 0.025999999999999763 -3.859
242 1 2 -0.1200 69.42399999999999 0.0 0.0
243 1 9 0.2200 70.932 0.0 0.0
244 1 6 -0.3300 71.472 -1.196 0.49
245 1 4 0.5100 71.233 -2.426 -0.083
246 1 5 -0.4300 70.497 -2.552 -1.107
247 1 1 -0.1800 71.854 -3.63 0.515
248 1 3 0.0600 68.99799999999999 -1.019 -0.11
249 1 3 0.0600 69.002 0.748 -0.666
250 1 7 0.0300 71.332 0.851 0.588
251 1 3 0.0600 71.227 -4.521 0.457
252 1 3 0.0600 72.173 -3.418 1.561
253 1 3 0.0600 72.79599999999999 -3.859 -0.026
254 1 2 -0.1200 72.932 0.0 0.0
255 1 9 0.2200 74.44000000000001 0.0 0.0
256 1 6 -0.3300 74.98 0.48999999999999994 -1.196
257 1 4 0.5100 74.74100000000001 -0.08300000000000016 -2.426
258 1 5 -0.4300 74.00500000000001 -1.1070000000000002 -2.552
259 1 1 -0.1800 75.36200000000001 0.5149999999999998 -3.63
260 1 3 0.0600 72.506 -0.11000000000000006 -1.019
261 1 3 0.0600 72.51 -0.666 0.748
262 1 7 0.0300 74.84 0.588 0.851
263 1 3 0.0600 74.73500000000001 0.45699999999999974 -4.521
264 1 3 0.0600 75.68100000000001 1.5609999999999997 -3.418
265 1 3 0.0600 76.304 -0.026000000000000235 -3.859
266 1 2 -0.1200 76.44 0.0 0.0
267 1 9 0.2200 77.94800000000001 0.0 0.0
268 1 6 -0.3300 78.488 -1.196 -0.49
269 1 4 0.5100 78.24900000000001 -2.426 0.083
270 1 5 -0.4300 77.513 -2.552 1.107
271 1 1 -0.1800 78.87 -3.63 -0.515
272 1 3 0.0600 76.014 -1.019 0.11
273 1 3 0.0600 76.018 0.748 0.666
274 1 7 0.0300 78.348 0.851 -0.588
275 1 3 0.0600 78.24300000000001 -4.521 -0.457
276 1 3 0.0600 79.18900000000001 -3.418 -1.561
277 1 3 0.0600 79.812 -3.859 0.026
278 1 2 -0.1200 79.948 0.0 0.0
279 1 9 0.2200 81.456 0.0 0.0
280 1 6 -0.3300 81.996 0.48999999999999994 -1.196
281 1 4 0.5100 81.757 -0.08300000000000016 -2.426
282 1 5 -0.4300 81.021 -1.1070000000000002 -2.552
283 1 1 -0.1800 82.378 0.5149999999999998 -3.63
284 1 3 0.0600 79.52199999999999 -0.11000000000000006 -1.019
285 1 3 0.0600 79.526 -0.666 0.748
286 1 7 0.0300 81.856 0.588 0.851
287 1 3 0.0600 81.751 0.45699999999999974 -4.521
288 1 3 0.0600 82.697 1.5609999999999997 -3.418
289 1 3 0.0600 83.32 -0.026000000000000235 -3.859
290 1 2 -0.1200 83.45599999999999 0.0 0.0
291 1 9 0.2200 84.964 0.0 0.0
292 1 6 -0.3300 85.50399999999999 -1.196 -0.49
293 1 4 0.5100 85.265 -2.426 0.083
294 1 5 -0.4300 84.529 -2.552 1.107
295 1 1 -0.1800 85.886 -3.63 -0.515
296 1 3 0.0600 83.02999999999999 -1.019 0.11
297 1 3 0.0600 83.03399999999999 0.748 0.666
298 1 7 0.0300 85.36399999999999 0.851 -0.588
299 1 3 0.0600 85.259 -4.521 -0.457
300 1 3 0.0600 86.205 -3.418 -1.561
301 1 3 0.0600 86.82799999999999 -3.859 0.026
302 1 2 -0.1200 86.964 0.0 0.0
303 1 9 0.2200 88.47200000000001 0.0 0.0
304 1 6 -0.3300 89.012 0.48999999999999994 -1.196
305 1 4 0.5100 88.77300000000001 -0.08300000000000016 -2.426
306 1 5 -0.4300 88.037 -1.1070000000000002 -2.552
307 1 1 -0.1800 89.394 0.5149999999999998 -3.63
308 1 3 0.0600 86.538 -0.11000000000000006 -1.019
309 1 3 0.0600 86.542 -0.666 0.748
310 1 7 0.0300 88.872 0.588 0.851
311 1 3 0.0600 88.76700000000001 0.45699999999999974 -4.521
312 1 3 0.0600 89.71300000000001 1.5609999999999997 -3.418
313 1 3 0.0600 90.336 -0.026000000000000235 -3.859
314 1 2 -0.1200 90.472 0.0 0.0
315 1 9 0.2200 91.98 0.0 0.0
316 1 6 -0.3300 92.52 -1.196 -0.49
317 1 4 0.5100 92.281 -2.426 0.083
318 1 5 -0.4300 91.545 -2.552 1.107
319 1 1 -0.1800 92.902 -3.63 -0.515
320 1 3 0.0600 90.04599999999999 -1.019 0.11
321 1 3 0.0600 90.05 0.748 0.666
322 1 7 0.0300 92.38 0.851 -0.588
323 1 3 0.0600 92.275 -4.521 -0.457
324 1 3 0.0600 93.221 -3.418 -1.561
325 1 3 0.0600 93.844 -3.859 0.026
326 1 2 -0.1200 93.97999999999999 0.0 0.0
327 1 9 0.2200 95.488 0.0 0.0
328 1 6 -0.3300 96.02799999999999 -0.49000000000000005 -1.196
329 1 4 0.5100 95.789 0.08299999999999985 -2.426
330 1 5 -0.4300 95.053 1.1069999999999998 -2.552
331 1 1 -0.1800 96.41 -0.5150000000000002 -3.63
332 1 3 0.0600 93.55399999999999 0.10999999999999995 -1.019
333 1 3 0.0600 93.55799999999999 0.666 0.748
334 1 7 0.0300 95.88799999999999 -0.588 0.851
335 1 3 0.0600 95.783 -0.4570000000000003 -4.521
336 1 3 0.0600 96.729 -1.5610000000000002 -3.418
337 1 3 0.0600 97.35199999999999 0.025999999999999763 -3.859
338 1 2 -0.1200 97.488 0.0 0.0
339 1 9 0.2200 98.99600000000001 0.0 0.0
340 1 6 -0.3300 99.536 -1.196 -0.49
341 1 4 0.5100 99.29700000000001 -2.426 0.083
342 1 5 -0.4300 98.561 -2.552 1.107
343 1 1 -0.1800 99.918 -3.63 -0.515
344 1 3 0.0600 97.062 -1.019 0.11
345 1 3 0.0600 97.066 0.748 0.666
346 1 7 0.0300 99.396 0.851 -0.588
347 1 3 0.0600 99.29100000000001 -4.521 -0.457
348 1 3 0.0600 100.23700000000001 -3.418 -1.561
349 1 3 0.0600 100.86 -3.859 0.026
350 1 2 -0.1200 100.996 0.0 0.0
351 1 9 0.2200 102.504 0.0 0.0
352 1 6 -0.3300 103.044 -0.49000000000000005 -1.196
353 1 4 0.5100 102.805 0.08299999999999985 -2.426
354 1 5 -0.4300 102.069 1.1069999999999998 -2.552
355 1 1 -0.1800 103.426 -0.5150000000000002 -3.63
356 1 3 0.0600 100.57 0.10999999999999995 -1.019
357 1 3 0.0600 100.574 0.666 0.748
358 1 7 0.0300 102.904 -0.588 0.851
359 1 3 0.0600 102.799 -0.4570000000000003 -4.521
360 1 3 0.0600 103.745 -1.5610000000000002 -3.418
361 1 3 0.0600 104.368 0.025999999999999763 -3.859
362 1 2 -0.1200 104.50399999999999 0.0 0.0
363 1 9 0.2200 106.012 0.0 0.0
364 1 6 -0.3300 106.55199999999999 -1.196 0.49
365 1 4 0.5100 106.313 -2.426 -0.083
366 1 5 -0.4300 105.577 -2.552 -1.107
367 1 1 -0.1800 106.934 -3.63 0.515
368 1 3 0.0600 104.07799999999999 -1.019 -0.11
369 1 3 0.0600 104.082 0.748 -0.666
370 1 7 0.0300 106.41199999999999 0.851 0.588
371 1 3 0.0600 106.307 -4.521 0.457
372 1 3 0.0600 107.253 -3.418 1.561
373 1 3 0.0600 107.87599999999999 -3.859 -0.026
374 1 2 -0.1200 108.012 0.0 0.0
375 1 9 0.2200 109.52000000000001 0.0 0.0
376 1 6 -0.3300 110.06 0.48999999999999994 -1.196
377 1 4 0.5100 109.82100000000001 -0.08300000000000016 -2.426
378 1 5 -0.4300 109.08500000000001 -1.1070000000000002 -2.552
379 1 1 -0.1800 110.44200000000001 0.5149999999999998 -3.63
380 1 3 0.0600 107.586 -0.11000000000000006 -1.019
381 1 3 0.0600 107.59 -0.666 0.748
382 1 7 0.0300 109.92 0.588 0.851
383 1 3 0.0600 109.81500000000001 0.45699999999999974 -4.521
384 1 3 0.0600 110.76100000000001 1.5609999999999997 -3.418
385 1 3 0.0600 111.384 -0.026000000000000235 -3.859
386 1 2 -0.1200 111.52 0.0 0.0
387 1 9 0.2200 113.028 0.0 0.0
388 1 6 -0.3300 113.568 -1.196 -0.49
389 1 4 0.5100 113.32900000000001 -2.426 0.083
390 1 5 -0.4300 112.593 -2.552 1.107
391 1 1 -0.1800 113.95 -3.63 -0.515
392 1 3 0.0600 111.094 -1.019 0.11
393 1 3 0.0600 111.098 0.748 0.666
394 1 7 0.0300 113.428 0.851 -0.588
395 1 3 0.0600 113.32300000000001 -4.521 -0.457
396 1 3 0.0600 114.269 -3.418 -1.561
397 1 3 0.0600 114.892 -3.859 0.026
398 1 2 -0.1200 115.02799999999999 0.0 0.0
399 1 9 0.2200 116.536 0.0 0.0
400 1 6 -0.3300 117.076 0.48999999999999994 -1.196
401 1 4 0.5100 116.837 -0.08300000000000016 -2.426
402 1 5 -0.4300 116.101 -1.1070000000000002 -2.552
403 1 1 -0.1800 117.458 0.5149999999999998 -3.63
404 1 3 0.0600 114.60199999999999 -0.11000000000000006 -1.019
405 1 3 0.0600 114.606 -0.666 0.748
406 1 7 0.0300 116.93599999999999 0.588 0.851
407 1 3 0.0600 116.831 0.45699999999999974 -4.521
408 1 3 0.0600 117.777 1.5609999999999997 -3.418
409 1 3 0.0600 118.39999999999999 -0.026000000000000235 -3.859
410 1 2 -0.1200 118.536 0.0 0.0
411 1 9 0.2200 120.04400000000001 0.0 0.0
412 1 6 -0.3300 120.584 -1.196 -0.49
413 1 4 0.5100 120.34500000000001 -2.426 0.083
414 1 5 -0.4300 119.60900000000001 -2.552 1.107
415 1 1 -0.1800 120.96600000000001 -3.63 -0.515
416 1 3 0.0600 118.11 -1.019 0.11
417 1 3 0.0600 118.114 0.748 0.666
418 1 7 0.0300 120.444 0.851 -0.588
419 1 3 0.0600 120.33900000000001 -4.521 -0.457
420 1 3 0.0600 121.28500000000001 -3.418 -1.561
421 1 3 0.0600 121.908 -3.859 0.026
422 1 2 -0.1200 122.044 0.0 0.0
423 1 9 0.2200 123.552 0.0 0.0
424 1 6 -0.3300 124.092 -0.49000000000000005 -1.196
425 1 4 0.5100 123.85300000000001 0.08299999999999985 -2.426
426 1 5 -0.4300 123.117 1.1069999999999998 -2.552
427 1 1 -0.1800 124.474 -0.5150000000000002 -3.63
428 1 3 0.0600 121.618 0.10999999999999995 -1.019
429 1 3 0.0600 121.622 0.666 0.748
430 1 7 0.0300 123.952 -0.588 0.851
431 1 3 0.0600 123.84700000000001 -0.4570000000000003 -4.521
432 1 3 0.0600 124.793 -1.5610000000000002 -3.418
433 1 3 0.0600 125.416 0.025999999999999763 -3.859
434 1 2 -0.1200 125.55199999999999 0.0 0.0
435 1 9 0.2200 127.06 0.0 0.0
436 1 6 -0.3300 127.6 -1.196 -0.49
437 1 4 0.5100 127.361 -2.426 0.083
438 1 5 -0.4300 126.625 -2.552 1.107
439 1 1 -0.1800 127.982 -3.63 -0.515
440 1 3 0.0600 125.12599999999999 -1.019 0.11
441 1 3 0.0600 125.13 0.748 0.666
442 1 7 0.0300 127.46 0.851 -0.588
443 1 3 0.0600 127.355 -4.521 -0.457
444 1 3 0.0600 128.301 -3.418 -1.561
445 1 3 0.0600 128.924 -3.859 0.026
446 1 2 -0.1200 129.06 0.0 0.0
447 1 9 0.2200 130.56799999999998 0.0 0.0
448 1 6 -0.3300 131.108 0.48999999999999994 -1.196
449 1 4 0.5100 130.869 -0.08300000000000016 -2.426
450 1 5 -0.4300 130.13299999999998 -1.1070000000000002 -2.552
451 1 1 -0.1800 131.48999999999998 0.5149999999999998 -3.63
452 1 3 0.0600 128.634 -0.11000000000000006 -1.019
453 1 3 0.0600 128.638 -0.666 0.748
454 1 7 0.0300 130.968 0.588 0.851
455 1 3 0.0600 130.863 0.45699999999999974 -4.521
456 1 3 0.0600 131.809 1.5609999999999997 -3.418
457 1 3 0.0600 132.432 -0.026000000000000235 -3.859
458 1 2 -0.1200 132.568 0.0 0.0
459 1 9 0.2200 134.076 0.0 0.0
460 1 6 -0.3300 134.616 -1.196 0.49
461 1 4 0.5100 134.377 -2.426 -0.083
462 1 5 -0.4300 133.641 -2.552 -1.107
463 1 1 -0.1800 134.998 -3.63 0.515
464 1 3 0.0600 132.142 -1.019 -0.11
465 1 3 0.0600 132.14600000000002 0.748 -0.666
466 1 7 0.0300 134.476 0.851 0.588
467 1 3 0.0600 134.371 -4.521 0.457
468 1 3 0.0600 135.317 -3.418 1.561
469 1 3 0.0600 135.94 -3.859 -0.026
470 1 2 -0.1200 136.07600000000002 0.0 0.0
471 1 9 0.2200 137.584 0.0 0.0
472 1 6 -0.3300 138.12400000000002 0.48999999999999994 -1.196
473 1 4 0.5100 137.88500000000002 -0.08300000000000016 -2.426
474 1 5 -0.4300 137.149 -1.1070000000000002 -2.552
475 1 1 -0.1800 138.506 0.5149999999999998 -3.63
476 1 3 0.0600 135.65 -0.11000000000000006 -1.019
477 1 3 0.0600 135.65400000000002 -0.666 0.748
478 1 7 0.0300 137.984 0.588 0.851
479 1 3 0.0600 137.87900000000002 0.45699999999999974 -4.521
480 1 3 0.0600 138.82500000000002 1.5609999999999997 -3.418
481 1 3 0.0600 139.448 -0.026000000000000235 -3.859
482 1 2 -0.1200 139.584 0.0 0.0
483 1 9 0.2200 141.09199999999998 0.0 0.0
484 1 6 -0.3300 141.632 -1.196 -0.49
485 1 4 0.5100 141.393 -2.426 0.083
486 1 5 -0.4300 140.65699999999998 -2.552 1.107
487 1 1 -0.1800 142.01399999999998 -3.63 -0.515
488 1 3 0.0600 139.158 -1.019 0.11
489 1 3 0.0600 139.162 0.748 0.666
490 1 7 0.0300 141.492 0.851 -0.588
491 1 3 0.0600 141.387 -4.521 -0.457
492 1 3 0.0600 142.333 -3.418 -1.561
493 1 3 0.0600 142.956 -3.859 0.026
494 1 2 -0.1200 143.092 0.0 0.0
495 1 9 0.2200 144.6 0.0 0.0
496 1 6 -0.3300 145.14000000000001 0.48999999999999994 -1.196
497 1 4 0.5100 144.901 -0.08300000000000016 -2.426
498 1 5 -0.4300 144.165 -1.1070000000000002 -2.552
499 1 1 -0.1800 145.522 0.5149999999999998 -3.63
500 1 3 0.0600 142.666 -0.11000000000000006 -1.019
501 1 3 0.0600 142.67000000000002 -0.666 0.748
502 1 7 0.0300 145.0 0.588 0.851
503 1 3 0.0600 144.895 0.45699999999999974 -4.521
504 1 3 0.0600 145.841 1.5609999999999997 -3.418
505 1 3 0.0600 146.464 -0.026000000000000235 -3.859
506 1 2 -0.1200 146.60000000000002 0.0 0.0
507 1 9 0.2200 148.108 0.0 0.0
508 1 6 -0.3300 148.64800000000002 -1.196 0.49
509 1 4 0.5100 148.40900000000002 -2.426 -0.083
510 1 5 -0.4300 147.673 -2.552 -1.107
511 1 1 -0.1800 149.03 -3.63 0.515
512 1 3 0.0600 146.174 -1.019 -0.11
513 1 3 0.0600 146.17800000000003 0.748 -0.666
514 1 7 0.0300 148.508 0.851 0.588
515 1 3 0.0600 148.40300000000002 -4.521 0.457
516 1 3 0.0600 149.34900000000002 -3.418 1.561
517 1 3 0.0600 149.972 -3.859 -0.026
518 1 2 -0.1200 150.108 0.0 0.0
519 1 9 0.2200 151.61599999999999 0.0 0.0
520 1 6 -0.3300 152.156 -0.49000000000000005 -1.196
521 1 4 0.5100 151.917 0.08299999999999985 -2.426
522 1 5 -0.4300 151.18099999999998 1.1069999999999998 -2.552
523 1 1 -0.1800 152.53799999999998 -0.5150000000000002 -3.63
524 1 3 0.0600 149.682 0.10999999999999995 -1.019
525 1 3 0.0600 149.686 0.666 0.748
526 1 7 0.0300 152.016 -0.588 0.851
527 1 3 0.0600 151.911 -0.4570000000000003 -4.521
528 1 3 0.0600 152.857 -1.5610000000000002 -3.418
529 1 3 0.0600 153.48 0.025999999999999763 -3.859
530 1 2 -0.1200 153.616 0.0 0.0
531 1 9 0.2200 155.124 0.0 0.0
532 1 6 -0.3300 155.66400000000002 -1.196 0.49
533 1 4 0.5100 155.425 -2.426 -0.083
534 1 5 -0.4300 154.689 -2.552 -1.107
535 1 1 -0.1800 156.046 -3.63 0.515
536 1 3 0.0600 153.19 -1.019 -0.11
537 1 3 0.0600 153.19400000000002 0.748 -0.666
538 1 7 0.0300 155.524 0.851 0.588
539 1 3 0.0600 155.419 -4.521 0.457
540 1 3 0.0600 156.365 -3.418 1.561
541 1 3 0.0600 156.988 -3.859 -0.026
542 1 2 -0.1200 157.124 0.0 0.0
543 1 9 0.2200 158.63199999999998 0.0 0.0
544 1 6 -0.3300 159.172 -0.49000000000000005 -1.196
545 1 4 0.5100 158.933 0.08299999999999985 -2.426
546 1 5 -0.4300 158.19699999999997 1.1069999999999998 -2.552
547 1 1 -0.1800 159.55399999999997 -0.5150000000000002 -3.63
548 1 3 0.0600 156.69799999999998 0.10999999999999995 -1.019
549 1 3 0.0600 156.702 0.666 0.748
550 1 7 0.0300 159.03199999999998 -0.588 0.851
551 1 3 0.0600 158.927 -0.4570000000000003 -4.521
552 1 3 0.0600 159.873 -1.5610000000000002 -3.418
553 1 3 0.0600 160.49599999999998 0.025999999999999763 -3.859
554 1 2 -0.1200 160.632 0.0 0.0
555 1 9 0.2200 162.14 0.0 0.0
556 1 6 -0.3300 162.68 -1.196 -0.49
557 1 4 0.5100 162.441 -2.426 0.083
558 1 5 -0.4300 161.70499999999998 -2.552 1.107
559 1 1 -0.1800 163.06199999999998 -3.63 -0.515
560 1 3 0.0600 160.206 -1.019 0.11
561 1 3 0.0600 160.21 0.748 0.666
562 1 7 0.0300 162.54 0.851 -0.588
563 1 3 0.0600 162.435 -4.521 -0.457
564 1 3 0.0600 163.381 -3.418 -1.561
565 1 3 0.0600 164.004 -3.859 0.026
566 1 2 -0.1200 164.14000000000001 0.0 0.0
567 1 9 0.2200 165.648 0.0 0.0
568 1 6 -0.3300 166.18800000000002 -0.49000000000000005 -1.196
569 1 4 0.5100 165.949 0.08299999999999985 -2.426
570 1 5 -0.4300 165.213 1.1069999999999998 -2.552
571 1 1 -0.1800 166.57 -0.5150000000000002 -3.63
572 1 3 0.0600 163.714 0.10999999999999995 -1.019
573 1 3 0.0600 163.71800000000002 0.666 0.748
574 1 7 0.0300 166.048 -0.588 0.851
575 1 3 0.0600 165.943 -0.4570000000000003 -4.521
576 1 3 0.0600 166.889 -1.5610000000000002 -3.418
577 1 3 0.0600 167.512 0.025999999999999763 -3.859
578 1 2 -0.1200 167.648 0.0 0.0
579 1 9 0.2200 169.15599999999998 0.0 0.0
580 1 6 -0.3300 169.696 -1.196 -0.49
581 1 4 0.5100 169.457 -2.426 0.083
582 1 5 -0.4300 168.72099999999998 -2.552 1.107
583 1 1 -0.1800 170.07799999999997 -3.63 -0.515
584 1 3 0.0600 167.22199999999998 -1.019 0.11
585 1 3 0.0600 167.226 0.748 0.666
586 1 7 0.0300 169.55599999999998 0.851 -0.588
587 1 3 0.0600 169.451 -4.521 -0.457
588 1 3 0.0600 170.397 -3.418 -1.561
589 1 3 0.0600 171.01999999999998 -3.859 0.026
590 1 2 -0.1200 169.43 0.0 0.0
591 1 8 0.1900 170.003 0.48700000000000004 1.269
592 1 6 -0.3300 171.335 0.8970000000000001 1.192
593 1 4 0.5100 172.383 0.06400000000000006 0.807
594 1 5 -0.4300 172.147 -1.143 0.5040000000000001
595 1 1 -0.1800 173.79 0.577 0.748
596 1 3 0.0600 169.243 -1.049 -0.11599999999999994
597 1 3 0.0600 169.179 0.709 -0.759
598 1 7 0.0300 169.404 1.377 1.587
599 1 7 0.0300 169.864 -0.2569999999999999 2.079
600 1 3 0.0600 174.263 0.5530000000000002 1.738
601 1 3 0.0600 173.767 1.652 0.4329999999999999
602 1 3 0.0600 174.39 0.0 0.0
603 2 1 -0.1800 179.9411 0.0 0.0
604 2 9 0.2200 181.46710000000002 0.0 0.0
605 2 6 -0.3300 181.9101 -0.493 -1.254
606 2 4 0.5100 183.2991 -0.561 -1.426
607 2 5 -0.4300 184.0891 -0.204 -0.517
608 2 1 -0.1800 183.8771 -1.064 -2.705
609 2 3 0.0600 179.57510000000002 -1.023 -0.168
610 2 3 0.0600 179.5651 0.372 0.973
611 2 3 0.0600 179.6311 0.65 -0.832
612 2 7 0.0300 181.8771 1.0 0.146
613 2 3 0.0600 183.06910000000002 -1.452 -3.336
614 2 3 0.0600 184.4951 -0.284 -3.204
615 2 3 0.0600 184.5911 -1.875 -2.397
616 2 2 -0.1200 183.47610000000003 0.0 0.0
617 2 9 0.2200 184.9841 0.0 0.0
618 2 6 -0.3300 185.52410000000003 -0.49000000000000005 -1.196
619 2 4 0.5100 185.28510000000003 0.08299999999999985 -2.426
620 2 5 -0.4300 184.5491 1.1069999999999998 -2.552
621 2 1 -0.1800 185.9061 -0.5150000000000002 -3.63
622 2 3 0.0600 183.05010000000001 0.10999999999999995 -1.019
623 2 3 0.0600 183.05410000000003 0.666 0.748
624 2 7 0.0300 185.38410000000002 -0.588 0.851
625 2 3 0.0600 185.27910000000003 -0.4570000000000003 -4.521
626 2 3 0.0600 186.22510000000003 -1.5610000000000002 -3.418
627 2 3 0.0600 186.84810000000002 0.025999999999999763 -3.859
628 2 2 -0.1200 186.9841 0.0 0.0
629 2 9 0.2200 188.4921 0.0 0.0
630 2 6 -0.3300 189.0321 -1.196 0.49
631 2 4 0.5100 188.7931 -2.426 -0.083
632 2 5 -0.4300 188.0571 -2.552 -1.107
633 2 1 -0.1800 189.4141 -3.63 0.515
634 2 3 0.0600 186.5581 -1.019 -0.11
635 2 3 0.0600 186.56210000000002 0.748 -0.666
636 2 7 0.0300 188.8921 0.851 0.588
637 2 3 0.0600 188.7871 -4.521 0.457
638 2 3 0.0600 189.7331 -3.418 1.561
639 2 3 0.0600 190.3561 -3.859 -0.026
640 2 2 -0.1200 190.49210000000002 0.0 0.0
641 2 9 0.2200 192.0001 0.0 0.0
642 2 6 -0.3300 192.54010000000002 -0.49000000000000005 -1.196
643 2 4 0.5100 192.30110000000002 0.08299999999999985 -2.426
644 2 5 -0.4300 191.5651 1.1069999999999998 -2.552
645 2 1 -0.1800 192.9221 -0.5150000000000002 -3.63
646 2 3 0.0600 190.0661 0.10999999999999995 -1.019
647 2 3 0.0600 190.07010000000002 0.666 0.748
648 2 7 0.0300 192.4001 -0.588 0.851
649 2 3 0.0600 192.29510000000002 -0.4570000000000003 -4.521
650 2 3 0.0600 193.24110000000002 -1.5610000000000002 -3.418
651 2 3 0.0600 193.8641 0.025999999999999763 -3.859
652 2 2 -0.1200 194.00010000000003 0.0 0.0
653 2 9 0.2200 195.5081 0.0 0.0
654 2 6 -0.3300 196.04810000000003 -1.196 -0.49
655 2 4 0.5100 195.80910000000003 -2.426 0.083
656 2 5 -0.4300 195.0731 -2.552 1.107
657 2 1 -0.1800 196.4301 -3.63 -0.515
658 2 3 0.0600 193.57410000000002 -1.019 0.11
659 2 3 0.0600 193.57810000000003 0.748 0.666
660 2 7 0.0300 195.90810000000002 0.851 -0.588
661 2 3 0.0600 195.80310000000003 -4.521 -0.457
662 2 3 0.0600 196.74910000000003 -3.418 -1.561
663 2 3 0.0600 197.37210000000002 -3.859 0.026
664 2 2 -0.1200 197.5081 0.0 0.0
665 2 9 0.2200 199.0161 0.0 0.0
666 2 6 -0.3300 199.55610000000001 -0.49000000000000005 -1.196
667 2 4 0.5100 199.3171 0.08299999999999985 -2.426
668 2 5 -0.4300 198.5811 1.1069999999999998 -2.552
669 2 1 -0.1800 199.9381 -0.5150000000000002 -3.63
670 2 3 0.0600 197.0821 0.10999999999999995 -1.019
671 2 3 0.0600 197.08610000000002 0.666 0.748
672 2 7 0.0300 199.4161 -0.588 0.851
673 2 3 0.0600 199.3111 -0.4570000000000003 -4.521
674 2 3 0.0600 200.2571 -1.5610000000000002 -3.418
675 2 3 0.0600 200.8801 0.025999999999999763 -3.859
676 2 2 -0.1200 201.01610000000002 0.0 0.0
677 2 9 0.2200 202.5241 0.0 0.0
678 2 6 -0.3300 203.06410000000002 -1.196 -0.49
679 2 4 0.5100 202.82510000000002 -2.426 0.083
680 2 5 -0.4300 202.0891 -2.552 1.107
681 2 1 -0.1800 203.4461 -3.63 -0.515
682 2 3 0.0600 200.5901 -1.019 0.11
683 2 3 0.0600 200.59410000000003 0.748 0.666
684 2 7 0.0300 202.9241 0.851 -0.588
685 2 3 0.0600 202.81910000000002 -4.521 -0.457
686 2 3 0.0600 203.76510000000002 -3.418 -1.561
687 2 3 0.0600 204.3881 -3.859 0.026
688 2 2 -0.1200 204.52410000000003 0.0 0.0
689 2 9 0.2200 206.0321 0.0 0.0
690 2 6 -0.3300 206.57210000000003 -0.49000000000000005 -1.196
691 2 4 0.5100 206.33310000000003 0.08299999999999985 -2.426
692 2 5 -0.4300 205.5971 1.1069999999999998 -2.552
693 2 1 -0.1800 206.9541 -0.5150000000000002 -3.63
694 2 3 0.0600 204.09810000000002 0.10999999999999995 -1.019
695 2 3 0.0600 204.10210000000004 0.666 0.748
696 2 7 0.0300 206.43210000000002 -0.588 0.851
697 2 3 0.0600 206.32710000000003 -0.4570000000000003 -4.521
698 2 3 0.0600 207.27310000000003 -1.5610000000000002 -3.418
699 2 3 0.0600 207.89610000000002 0.025999999999999763 -3.859
700 2 2 -0.1200 208.0321 0.0 0.0
701 2 9 0.2200 209.5401 0.0 0.0
702 2 6 -0.3300 210.08010000000002 -1.196 -0.49
703 2 4 0.5100 209.8411 -2.426 0.083
704 2 5 -0.4300 209.1051 -2.552 1.107
705 2 1 -0.1800 210.4621 -3.63 -0.515
706 2 3 0.0600 207.6061 -1.019 0.11
707 2 3 0.0600 207.61010000000002 0.748 0.666
708 2 7 0.0300 209.9401 0.851 -0.588
709 2 3 0.0600 209.8351 -4.521 -0.457
710 2 3 0.0600 210.7811 -3.418 -1.561
711 2 3 0.0600 211.4041 -3.859 0.026
712 2 2 -0.1200 211.54010000000002 0.0 0.0
713 2 9 0.2200 213.0481 0.0 0.0
714 2 6 -0.3300 213.58810000000003 0.48999999999999994 -1.196
715 2 4 0.5100 213.34910000000002 -0.08300000000000016 -2.426
716 2 5 -0.4300 212.6131 -1.1070000000000002 -2.552
717 2 1 -0.1800 213.9701 0.5149999999999998 -3.63
718 2 3 0.0600 211.1141 -0.11000000000000006 -1.019
719 2 3 0.0600 211.11810000000003 -0.666 0.748
720 2 7 0.0300 213.4481 0.588 0.851
721 2 3 0.0600 213.34310000000002 0.45699999999999974 -4.521
722 2 3 0.0600 214.28910000000002 1.5609999999999997 -3.418
723 2 3 0.0600 214.9121 -0.026000000000000235 -3.859
724 2 2 -0.1200 215.0481 0.0 0.0
725 2 9 0.2200 216.5561 0.0 0.0
726 2 6 -0.3300 217.0961 -1.196 0.49
727 2 4 0.5100 216.8571 -2.426 -0.083
728 2 5 -0.4300 216.12109999999998 -2.552 -1.107
729 2 1 -0.1800 217.47809999999998 -3.63 0.515
730 2 3 0.0600 214.6221 -1.019 -0.11
731 2 3 0.0600 214.6261 0.748 -0.666
732 2 7 0.0300 216.9561 0.851 0.588
733 2 3 0.0600 216.8511 -4.521 0.457
734 2 3 0.0600 217.7971 -3.418 1.561
735 2 3 0.0600 218.4201 -3.859 -0.026
736 2 2 -0.1200 218.55610000000001 0.0 0.0
737 2 9 0.2200 220.0641 0.0 0.0
738 2 6 -0.3300 220.60410000000002 0.48999999999999994 -1.196
739 2 4 0.5100 220.3651 -0.08300000000000016 -2.426
740 2 5 -0.4300 219.6291 -1.1070000000000002 -2.552
741 2 1 -0.1800 220.9861 0.5149999999999998 -3.63
742 2 3 0.0600 218.1301 -0.11000000000000006 -1.019
743 2 3 0.0600 218.13410000000002 -0.666 0.748
744 2 7 0.0300 220.4641 0.588 0.851
745 2 3 0.0600 220.3591 0.45699999999999974 -4.521
746 2 3 0.0600 221.3051 1.5609999999999997 -3.418
747 2 3 0.0600 221.9281 -0.026000000000000235 -3.859
748 2 2 -0.1200 222.06410000000002 0.0 0.0
749 2 9 0.2200 223.5721 0.0 0.0
750 2 6 -0.3300 224.11210000000003 -1.196 0.49
751 2 4 0.5100 223.87310000000002 -2.426 -0.083
752 2 5 -0.4300 223.1371 -2.552 -1.107
753 2 1 -0.1800 224.4941 -3.63 0.515
754 2 3 0.0600 221.6381 -1.019 -0.11
755 2 3 0.0600 221.64210000000003 0.748 -0.666
756 2 7 0.0300 223.9721 0.851 0.588
757 2 3 0.0600 223.86710000000002 -4.521 0.457
758 2 3 0.0600 224.81310000000002 -3.418 1.561
759 2 3 0.0600 225.4361 -3.859 -0.026
760 2 2 -0.1200 225.5721 0.0 0.0
761 2 9 0.2200 227.0801 0.0 0.0
762 2 6 -0.3300 227.6201 0.48999999999999994 -1.196
763 2 4 0.5100 227.3811 -0.08300000000000016 -2.426
764 2 5 -0.4300 226.64509999999999 -1.1070000000000002 -2.552
765 2 1 -0.1800 228.00209999999998 0.5149999999999998 -3.63
766 2 3 0.0600 225.1461 -0.11000000000000006 -1.019
767 2 3 0.0600 225.1501 -0.666 0.748
768 2 7 0.0300 227.4801 0.588 0.851
769 2 3 0.0600 227.3751 0.45699999999999974 -4.521
770 2 3 0.0600 228.3211 1.5609999999999997 -3.418
771 2 3 0.0600 228.9441 -0.026000000000000235 -3.859
772 2 2 -0.1200 229.08010000000002 0.0 0.0
773 2 9 0.2200 230.5881 0.0 0.0
774 2 6 -0.3300 231.12810000000002 -1.196 0.49
775 2 4 0.5100 230.8891 -2.426 -0.083
776 2 5 -0.4300 230.1531 -2.552 -1.107
777 2 1 -0.1800 231.5101 -3.63 0.515
778 2 3 0.0600 228.6541 -1.019 -0.11
779 2 3 0.0600 228.65810000000002 0.748 -0.666
780 2 7 0.0300 230.9881 0.851 0.588
781 2 3 0.0600 230.8831 -4.521 0.457
782 2 3 0.0600 231.8291 -3.418 1.561
783 2 3 0.0600 232.4521 -3.859 -0.026
784 2 2 -0.1200 232.58810000000003 0.0 0.0
785 2 9 0.2200 234.0961 0.0 0.0
786 2 6 -0.3300 234.63610000000003 0.48999999999999994 -1.196
787 2 4 0.5100 234.39710000000002 -0.08300000000000016 -2.426
788 2 5 -0.4300 233.6611 -1.1070000000000002 -2.552
789 2 1 -0.1800 235.0181 0.5149999999999998 -3.63
790 2 3 0.0600 232.1621 -0.11000000000000006 -1.019
791 2 3 0.0600 232.16610000000003 -0.666 0.748
792 2 7 0.0300 234.4961 0.588 0.851
793 2 3 0.0600 234.39110000000002 0.45699999999999974 -4.521
794 2 3 0.0600 235.33710000000002 1.5609999999999997 -3.418
795 2 3 0.0600 235.9601 -0.026000000000000235 -3.859
796 2 2 -0.1200 236.0961 0.0 0.0
797 2 9 0.2200 237.6041 0.0 0.0
798 2 6 -0.3300 238.1441 -1.196 -0.49
799 2 4 0.5100 237.9051 -2.426 0.083
800 2 5 -0.4300 237.1691 -2.552 1.107
801 2 1 -0.1800 238.52609999999999 -3.63 -0.515
802 2 3 0.0600 235.6701 -1.019 0.11
803 2 3 0.0600 235.6741 0.748 0.666
804 2 7 0.0300 238.0041 0.851 -0.588
805 2 3 0.0600 237.8991 -4.521 -0.457
806 2 3 0.0600 238.8451 -3.418 -1.561
807 2 3 0.0600 239.4681 -3.859 0.026
808 2 2 -0.1200 239.60410000000002 0.0 0.0
809 2 9 0.2200 241.1121 0.0 0.0
810 2 6 -0.3300 241.65210000000002 -0.49000000000000005 -1.196
811 2 4 0.5100 241.41310000000001 0.08299999999999985 -2.426
812 2 5 -0.4300 240.6771 1.1069999999999998 -2.552
813 2 1 -0.1800 242.0341 -0.5150000000000002 -3.63
814 2 3 0.0600 239.1781 0.10999999999999995 -1.019
815 2 3 0.0600 239.18210000000002 0.666 0.748
816 2 7 0.0300 241.5121 -0.588 0.851
817 2 3 0.0600 241.4071 -0.4570000000000003 -4.521
818 2 3 0.0600 242.3531 -1.5610000000000002 -3.418
819 2 3 0.0600 242.9761 0.025999999999999763 -3.859
820 2 2 -0.1200 243.11210000000003 0.0 0.0
821 2 9 0.2200 244.6201 0.0 0.0
822 2 6 -0.3300 245.16010000000003 -1.196 0.49
823 2 4 0.5100 244.92110000000002 -2.426 -0.083
824 2 5 -0.4300 244.1851 -2.552 -1.107
825 2 1 -0.1800 245.5421 -3.63 0.515
826 2 3 0.0600 242.6861 -1.019 -0.11
827 2 3 0.0600 242.69010000000003 0.748 -0.666
828 2 7 0.0300 245.0201 0.851 0.588
829 2 3 0.0600 244.91510000000002 -4.521 0.457
830 2 3 0.0600 245.86110000000002 -3.418 1.561
831 2 3 0.0600 246.4841 -3.859 -0.026
832 2 2 -0.1200 246.6201 0.0 0.0
833 2 9 0.2200 248.1281 0.0 0.0
834 2 6 -0.3300 248.6681 -0.49000000000000005 -1.196
835 2 4 0.5100 248.4291 0.08299999999999985 -2.426
836 2 5 -0.4300 247.6931 1.1069999999999998 -2.552
837 2 1 -0.1800 249.0501 -0.5150000000000002 -3.63
838 2 3 0.0600 246.1941 0.10999999999999995 -1.019
839 2 3 0.0600 246.1981 0.666 0.748
840 2 7 0.0300 248.5281 -0.588 0.851
841 2 3 0.0600 248.4231 -0.4570000000000003 -4.521
842 2 3 0.0600 249.3691 -1.5610000000000002 -3.418
843 2 3 0.0600 249.9921 0.025999999999999763 -3.859
844 2 2 -0.1200 250.12810000000002 0.0 0.0
845 2 9 0.2200 251.6361 0.0 0.0
846 2 6 -0.3300 252.17610000000002 -1.196 -0.49
847 2 4 0.5100 251.93710000000002 -2.426 0.083
848 2 5 -0.4300 251.2011 -2.552 1.107
849 2 1 -0.1800 252.5581 -3.63 -0.515
850 2 3 0.0600 249.7021 -1.019 0.11
851 2 3 0.0600 249.70610000000002 0.748 0.666
852 2 7 0.0300 252.0361 0.851 -0.588
853 2 3 0.0600 251.93110000000001 -4.521 -0.457
854 2 3 0.0600 252.8771 -3.418 -1.561
855 2 3 0.0600 253.5001 -3.859 0.026
856 2 2 -0.1200 253.63610000000003 0.0 0.0
857 2 9 0.2200 255.1441 0.0 0.0
858 2 6 -0.3300 255.68410000000003 0.48999999999999994 -1.196
859 2 4 0.5100 255.44510000000002 -0.08300000000000016 -2.426
860 2 5 -0.4300 254.7091 -1.1070000000000002 -2.552
861 2 1 -0.1800 256.0661 0.5149999999999998 -3.63
862 2 3 0.0600 253.2101 -0.11000000000000006 -1.019
863 2 3 0.0600 253.21410000000003 -0.666 0.748
864 2 7 0.0300 255.54410000000001 0.588 0.851
865 2 3 0.0600 255.43910000000002 0.45699999999999974 -4.521
866 2 3 0.0600 256.3851 1.5609999999999997 -3.418
867 2 3 0.0600 257.0081 -0.026000000000000235 -3.859
868 2 2 -0.1200 257.1441 0.0 0.0
869 2 9 0.2200 258.6521 0.0 0.0
870 2 6 -0.3300 259.1921 -1.196 -0.49
871 2 4 0.5100 258.9531 -2.426 0.083
872 2 5 -0.4300 258.2171 -2.552 1.107
873 2 1 -0.1800 259.5741 -3.63 -0.515
874 2 3 0.0600 256.7181 -1.019 0.11
875 2 3 0.0600 256.7221 0.748 0.666
876 2 7 0.0300 259.0521 0.851 -0.588
877 2 3 0.0600 258.9471 -4.521 -0.457
878 2 3 0.0600 259.8931 -3.418 -1.561
879 2 3 0.0600 260.5161 -3.859 0.026
880 2 2 -0.1200 260.6521 0.0 0.0
881 2 9 0.2200 262.16010000000006 0.0 0.0
882 2 6 -0.3300 262.7001 -0.49000000000000005 -1.196
883 2 4 0.5100 262.46110000000004 0.08299999999999985 -2.426
884 2 5 -0.4300 261.72510000000005 1.1069999999999998 -2.552
885 2 1 -0.1800 263.0821 -0.5150000000000002 -3.63
886 2 3 0.0600 260.22610000000003 0.10999999999999995 -1.019
887 2 3 0.0600 260.23010000000005 0.666 0.748
888 2 7 0.0300 262.56010000000003 -0.588 0.851
889 2 3 0.0600 262.4551 -0.4570000000000003 -4.521
890 2 3 0.0600 263.40110000000004 -1.5610000000000002 -3.418
891 2 3 0.0600 264.02410000000003 0.025999999999999763 -3.859
892 2 2 -0.1200 264.1601 0.0 0.0
893 2 9 0.2200 265.66810000000004 0.0 0.0
894 2 6 -0.3300 266.2081 -1.196 -0.49
895 2 4 0.5100 265.9691 -2.426 0.083
896 2 5 -0.4300 265.23310000000004 -2.552 1.107
897 2 1 -0.1800 266.5901 -3.63 -0.515
898 2 3 0.0600 263.7341 -1.019 0.11
899 2 3 0.0600 263.73810000000003 0.748 0.666
900 2 7 0.0300 266.0681 0.851 -0.588
901 2 3 0.0600 265.9631 -4.521 -0.457
902 2 3 0.0600 266.9091 -3.418 -1.561
903 2 3 0.0600 267.5321 -3.859 0.026
904 2 2 -0.1200 267.6681 0.0 0.0
905 2 9 0.2200 269.1761 0.0 0.0
906 2 6 -0.3300 269.7161 0.48999999999999994 -1.196
907 2 4 0.5100 269.4771 -0.08300000000000016 -2.426
908 2 5 -0.4300 268.7411 -1.1070000000000002 -2.552
909 2 1 -0.1800 270.0981 0.5149999999999998 -3.63
910 2 3 0.0600 267.2421 -0.11000000000000006 -1.019
911 2 3 0.0600 267.2461 -0.666 0.748
912 2 7 0.0300 269.5761 0.588 0.851
913 2 3 0.0600 269.4711 0.45699999999999974 -4.521
914 2 3 0.0600 270.4171 1.5609999999999997 -3.418
915 2 3 0.0600 271.0401 -0.026000000000000235 -3.859
916 2 2 -0.1200 271.1761 0.0 0.0
917 2 9 0.2200 272.68410000000006 0.0 0.0
918 2 6 -0.3300 273.2241 -1.196 -0.49
919 2 4 0.5100 272.98510000000005 -2.426 0.083
920 2 5 -0.4300 272.24910000000006 -2.552 1.107
921 2 1 -0.1800 273.6061 -3.63 -0.515
922 2 3 0.0600 270.75010000000003 -1.019 0.11
923 2 3 0.0600 270.75410000000005 0.748 0.666
924 2 7 0.0300 273.08410000000003 0.851 -0.588
925 2 3 0.0600 272.9791 -4.521 -0.457
926 2 3 0.0600 273.92510000000004 -3.418 -1.561
927 2 3 0.0600 274.54810000000003 -3.859 0.026
928 2 2 -0.1200 274.6841 0.0 0.0
929 2 9 0.2200 276.19210000000004 0.0 0.0
930 2 6 -0.3300 276.7321 0.48999999999999994 -1.196
931 2 4 0.5100 276.4931 -0.08300000000000016 -2.426
932 2 5 -0.4300 275.75710000000004 -1.1070000000000002 -2.552
933 2 1 -0.1800 277.1141 0.5149999999999998 -3.63
934 2 3 0.0600 274.2581 -0.11000000000000006 -1.019
935 2 3 0.0600 274.26210000000003 -0.666 0.748
936 2 7 0.0300 276.5921 0.588 0.851
937 2 3 0.0600 276.4871 0.45699999999999974 -4.521
938 2 3 0.0600 277.4331 1.5609999999999997 -3.418
939 2 3 0.0600 278.0561 -0.026000000000000235 -3.859
940 2 2 -0.1200 278.1921 0.0 0.0
941 2 9 0.2200 279.7001 0.0 0.0
942 2 6 -0.3300 280.2401 -1.196 -0.49
943 2 4 0.5100 280.0011 -2.426 0.083
944 2 5 -0.4300 279.2651 -2.552 1.107
945 2 1 -0.1800 280.6221 -3.63 -0.515
946 2 3 0.0600 277.7661 -1.019 0.11
947 2 3 0.0600 277.7701 0.748 0.666
948 2 7 0.0300 280.1001 0.851 -0.588
949 2 3 0.0600 279.9951 -4.521 -0.457
950 2 3 0.0600 280.9411 -3.418 -1.561
951 2 3 0.0600 281.5641 -3.859 0.026
952 2 2 -0.1200 281.7001 0.0 0.0
953 2 9 0.2200 283.20810000000006 0.0 0.0
954 2 6 -0.3300 283.7481 0.48999999999999994 -1.196
955 2 4 0.5100 283.50910000000005 -0.08300000000000016 -2.426
956 2 5 -0.4300 282.77310000000006 -1.1070000000000002 -2.552
957 2 1 -0.1800 284.1301 0.5149999999999998 -3.63
958 2 3 0.0600 281.27410000000003 -0.11000000000000006 -1.019
959 2 3 0.0600 281.27810000000005 -0.666 0.748
960 2 7 0.0300 283.60810000000004 0.588 0.851
961 2 3 0.0600 283.5031 0.45699999999999974 -4.521
962 2 3 0.0600 284.44910000000004 1.5609999999999997 -3.418
963 2 3 0.0600 285.07210000000003 -0.026000000000000235 -3.859
964 2 2 -0.1200 285.2081 0.0 0.0
965 2 9 0.2200 286.71610000000004 0.0 0.0
966 2 6 -0.3300 287.2561 -1.196 -0.49
967 2 4 0.5100 287.0171 -2.426 0.083
968 2 5 -0.4300 286.28110000000004 -2.552 1.107
969 2 1 -0.1800 287.6381 -3.63 -0.515
970 2 3 0.0600 284.7821 -1.019 0.11
971 2 3 0.0600 284.78610000000003 0.748 0.666
972 2 7 0.0300 287.1161 0.851 -0.588
973 2 3 0.0600 287.0111 -4.521 -0.457
974 2 3 0.0600 287.9571 -3.418 -1.561
975 2 3 0.0600 288.5801 -3.859 0.026
976 2 2 -0.1200 288.7161 0.0 0.0
977 2 9 0.2200 290.2241 0.0 0.0
978 2 6 -0.3300 290.7641 0.48999999999999994 -1.196
979 2 4 0.5100 290.5251 -0.08300000000000016 -2.426
980 2 5 -0.4300 289.7891 -1.1070000000000002 -2.552
981 2 1 -0.1800 291.1461 0.5149999999999998 -3.63
982 2 3 0.0600 288.2901 -0.11000000000000006 -1.019
983 2 3 0.0600 288.2941 -0.666 0.748
984 2 7 0.0300 290.6241 0.588 0.851
985 2 3 0.0600 290.5191 0.45699999999999974 -4.521
986 2 3 0.0600 291.4651 1.5609999999999997 -3.418
987 2 3 0.0600 292.0881 -0.026000000000000235 -3.859
988 2 2 -0.1200 292.2241 0.0 0.0
989 2 9 0.2200 293.73210000000006 0.0 0.0
990 2 6 -0.3300 294.2721 -1.196 -0.49
991 2 4 0.5100 294.03310000000005 -2.426 0.083
992 2 5 -0.4300 293.29710000000006 -2.552 1.107
993 2 1 -0.1800 294.6541 -3.63 -0.515
994 2 3 0.0600 291.79810000000003 -1.019 0.11
995 2 3 0.0600 291.80210000000005 0.748 0.666
996 2 7 0.0300 294.13210000000004 0.851 -0.588
997 2 3 0.0600 294.0271 -4.521 -0.457
998 2 3 0.0600 294.97310000000004 -3.418 -1.561
999 2 3 0.0600 295.59610000000004 -3.859 0.026
1000 2 2 -0.1200 295.7321 0.0 0.0
1001 2 9 0.2200 297.24010000000004 0.0 0.0
1002 2 6 -0.3300 297.7801 0.48999999999999994 -1.196
1003 2 4 0.5100 297.54110000000003 -0.08300000000000016 -2.426
1004 2 5 -0.4300 296.80510000000004 -1.1070000000000002 -2.552
1005 2 1 -0.1800 298.1621 0.5149999999999998 -3.63
1006 2 3 0.0600 295.3061 -0.11000000000000006 -1.019
1007 2 3 0.0600 295.31010000000003 -0.666 0.748
1008 2 7 0.0300 297.6401 0.588 0.851
1009 2 3 0.0600 297.5351 0.45699999999999974 -4.521
1010 2 3 0.0600 298.4811 1.5609999999999997 -3.418
1011 2 3 0.0600 299.1041 -0.026000000000000235 -3.859
1012 2 2 -0.1200 299.2401 0.0 0.0
1013 2 9 0.2200 300.7481 0.0 0.0
1014 2 6 -0.3300 301.2881 -1.196 -0.49
1015 2 4 0.5100 301.0491 -2.426 0.083
1016 2 5 -0.4300 300.3131 -2.552 1.107
1017 2 1 -0.1800 301.6701 -3.63 -0.515
1018 2 3 0.0600 298.8141 -1.019 0.11
1019 2 3 0.0600 298.8181 0.748 0.666
1020 2 7 0.0300 301.1481 0.851 -0.588
1021 2 3 0.0600 301.0431 -4.521 -0.457
1022 2 3 0.0600 301.9891 -3.418 -1.561
1023 2 3 0.0600 302.6121 -3.859 0.026
1024 2 2 -0.1200 302.7481 0.0 0.0
1025 2 9 0.2200 304.25610000000006 0.0 0.0
1026 2 6 -0.3300 304.7961 -0.49000000000000005 -1.196
1027 2 4 0.5100 304.55710000000005 0.08299999999999985 -2.426
1028 2 5 -0.4300 303.82110000000006 1.1069999999999998 -2.552
1029 2 1 -0.1800 305.17810000000003 -0.5150000000000002 -3.63
1030 2 3 0.0600 302.32210000000003 0.10999999999999995 -1.019
1031 2 3 0.0600 302.32610000000005 0.666 0.748
1032 2 7 0.0300 304.65610000000004 -0.588 0.851
1033 2 3 0.0600 304.5511 -0.4570000000000003 -4.521
1034 2 3 0.0600 305.49710000000005 -1.5610000000000002 -3.418
1035 2 3 0.0600 306.12010000000004 0.025999999999999763 -3.859
1036 2 2 -0.1200 306.2561 0.0 0.0
1037 2 9 0.2200 307.76410000000004 0.0 0.0
1038 2 6 -0.3300 308.3041 -1.196 0.49
1039 2 4 0.5100 308.06510000000003 -2.426 -0.083
1040 2 5 -0.4300 307.32910000000004 -2.552 -1.107
1041 2 1 -0.1800 308.6861 -3.63 0.515
1042 2 3 0.0600 305.8301 -1.019 -0.11
1043 2 3 0.0600 305.83410000000003 0.748 -0.666
1044 2 7 0.0300 308.1641 0.851 0.588
1045 2 3 0.0600 308.0591 -4.521 0.457
1046 2 3 0.0600 309.0051 -3.418 1.561
1047 2 3 0.0600 309.6281 -3.859 -0.026
1048 2 2 -0.1200 309.7641 0.0 0.0
1049 2 9 0.2200 311.2721 0.0 0.0
1050 2 6 -0.3300 311.8121 0.48999999999999994 -1.196
1051 2 4 0.5100 311.5731 -0.08300000000000016 -2.426
1052 2 5 -0.4300 310.8371 -1.1070000000000002 -2.552
1053 2 1 -0.1800 312.1941 0.5149999999999998 -3.63
1054 2 3 0.0600 309.3381 -0.11000000000000006 -1.019
1055 2 3 0.0600 309.3421 -0.666 0.748
1056 2 7 0.0300 311.6721 0.588 0.851
1057 2 3 0.0600 311.5671 0.45699999999999974 -4.521
1058 2 3 0.0600 312.5131 1.5609999999999997 -3.418
1059 2 3 0.0600 313.1361 -0.026000000000000235 -3.859
1060 2 2 -0.1200 313.2721 0.0 0.0
1061 2 9 0.2200 314.78010000000006 0.0 0.0
1062 2 6 -0.3300 315.3201 -1.196 0.49
1063 2 4 0.5100 315.08110000000005 -2.426 -0.083
1064 2 5 -0.4300 314.34510000000006 -2.552 -1.107
1065 2 1 -0.1800 315.70210000000003 -3.63 0.515
1066 2 3 0.0600 312.84610000000004 -1.019 -0.11
1067 2 3 0.0600 312.85010000000005 0.748 -0.666
1068 2 7 0.0300 315.18010000000004 0.851 0.588
1069 2 3 0.0600 315.0751 -4.521 0.457
1070 2 3 0.0600 316.02110000000005 -3.418 1.561
1071 2 3 0.0600 316.64410000000004 -3.859 -0.026
1072 2 2 -0.1200 316.7801 0.0 0.0
1073 2 9 0.2200 318.28810000000004 0.0 0.0
1074 2 6 -0.3300 318.8281 -0.49000000000000005 -1.196
1075 2 4 0.5100 318.58910000000003 0.08299999999999985 -2.426
1076 2 5 -0.4300 317.85310000000004 1.1069999999999998 -2.552
1077 2 1 -0.1800 319.2101 -0.5150000000000002 -3.63
1078 2 3 0.0600 316.3541 0.10999999999999995 -1.019
1079 2 3 0.0600 316.35810000000004 0.666 0.748
1080 2 7 0.0300 318.6881 -0.588 0.851
1081 2 3 0.0600 318.5831 -0.4570000000000003 -4.521
1082 2 3 0.0600 319.5291 -1.5610000000000002 -3.418
1083 2 3 0.0600 320.1521 0.025999999999999763 -3.859
1084 2 2 -0.1200 320.2881 0.0 0.0
1085 2 9 0.2200 321.7961 0.0 0.0
1086 2 6 -0.3300 322.3361 -1.196 -0.49
1087 2 4 0.5100 322.0971 -2.426 0.083
1088 2 5 -0.4300 321.3611 -2.552 1.107
1089 2 1 -0.1800 322.7181 -3.63 -0.515
1090 2 3 0.0600 319.8621 -1.019 0.11
1091 2 3 0.0600 319.8661 0.748 0.666
1092 2 7 0.0300 322.1961 0.851 -0.588
1093 2 3 0.0600 322.0911 -4.521 -0.457
1094 2 3 0.0600 323.0371 -3.418 -1.561
1095 2 3 0.0600 323.6601 -3.859 0.026
1096 2 2 -0.1200 323.7961 0.0 0.0
1097 2 9 0.2200 325.30410000000006 0.0 0.0
1098 2 6 -0.3300 325.8441 -0.49000000000000005 -1.196
1099 2 4 0.5100 325.60510000000005 0.08299999999999985 -2.426
1100 2 5 -0.4300 324.86910000000006 1.1069999999999998 -2.552
1101 2 1 -0.1800 326.22610000000003 -0.5150000000000002 -3.63
1102 2 3 0.0600 323.37010000000004 0.10999999999999995 -1.019
1103 2 3 0.0600 323.37410000000006 0.666 0.748
1104 2 7 0.0300 325.70410000000004 -0.588 0.851
1105 2 3 0.0600 325.5991 -0.4570000000000003 -4.521
1106 2 3 0.0600 326.54510000000005 -1.5610000000000002 -3.418
1107 2 3 0.0600 327.16810000000004 0.025999999999999763 -3.859
1108 2 2 -0.1200 327.3041 0.0 0.0
1109 2 9 0.2200 328.81210000000004 0.0 0.0
1110 2 6 -0.3300 329.3521 -1.196 0.49
1111 2 4 0.5100 329.11310000000003 -2.426 -0.083
1112 2 5 -0.4300 328.37710000000004 -2.552 -1.107
1113 2 1 -0.1800 329.7341 -3.63 0.515
1114 2 3 0.0600 326.8781 -1.019 -0.11
1115 2 3 0.0600 326.88210000000004 0.748 -0.666
1116 2 7 0.0300 329.2121 0.851 0.588
1117 2 3 0.0600 329.1071 -4.521 0.457
1118 2 3 0.0600 330.05310000000003 -3.418 1.561
1119 2 3 0.0600 330.6761 -3.859 -0.026
1120 2 2 -0.1200 330.8121 0.0 0.0
1121 2 9 0.2200 332.3201 0.0 0.0
1122 2 6 -0.3300 332.8601 0.48999999999999994 -1.196
1123 2 4 0.5100 332.6211 -0.08300000000000016 -2.426
1124 2 5 -0.4300 331.8851 -1.1070000000000002 -2.552
1125 2 1 -0.1800 333.2421 0.5149999999999998 -3.63
1126 2 3 0.0600 330.3861 -0.11000000000000006 -1.019
1127 2 3 0.0600 330.3901 -0.666 0.748
1128 2 7 0.0300 332.7201 0.588 0.851
1129 2 3 0.0600 332.6151 0.45699999999999974 -4.521
1130 2 3 0.0600 333.5611 1.5609999999999997 -3.418
1131 2 3 0.0600 334.1841 -0.026000000000000235 -3.859
1132 2 2 -0.1200 334.3201 0.0 0.0
1133 2 9 0.2200 335.82810000000006 0.0 0.0
1134 2 6 -0.3300 336.3681 -1.196 0.49
1135 2 4 0.5100 336.12910000000005 -2.426 -0.083
1136 2 5 -0.4300 335.39310000000006 -2.552 -1.107
1137 2 1 -0.1800 336.75010000000003 -3.63 0.515
1138 2 3 0.0600 333.89410000000004 -1.019 -0.11
1139 2 3 0.0600 333.89810000000006 0.748 -0.666
1140 2 7 0.0300 336.22810000000004 0.851 0.588
1141 2 3 0.0600 336.1231 -4.521 0.457
1142 2 3 0.0600 337.06910000000005 -3.418 1.561
1143 2 3 0.0600 337.69210000000004 -3.859 -0.026
1144 2 2 -0.1200 337.82809999999995 0.0 0.0
1145 2 9 0.2200 339.3361 0.0 0.0
1146 2 6 -0.3300 339.87609999999995 0.48999999999999994 -1.196
1147 2 4 0.5100 339.6371 -0.08300000000000016 -2.426
1148 2 5 -0.4300 338.9011 -1.1070000000000002 -2.552
1149 2 1 -0.1800 340.25809999999996 0.5149999999999998 -3.63
1150 2 3 0.0600 337.40209999999996 -0.11000000000000006 -1.019
1151 2 3 0.0600 337.4061 -0.666 0.748
1152 2 7 0.0300 339.73609999999996 0.588 0.851
1153 2 3 0.0600 339.63109999999995 0.45699999999999974 -4.521
1154 2 3 0.0600 340.5771 1.5609999999999997 -3.418
1155 2 3 0.0600 341.20009999999996 -0.026000000000000235 -3.859
1156 2 2 -0.1200 341.3361 0.0 0.0
1157 2 9 0.2200 342.8441 0.0 0.0
1158 2 6 -0.3300 343.3841 -1.196 -0.49
1159 2 4 0.5100 343.1451 -2.426 0.083
1160 2 5 -0.4300 342.4091 -2.552 1.107
1161 2 1 -0.1800 343.7661 -3.63 -0.515
1162 2 3 0.0600 340.9101 -1.019 0.11
1163 2 3 0.0600 340.9141 0.748 0.666
1164 2 7 0.0300 343.2441 0.851 -0.588
1165 2 3 0.0600 343.1391 -4.521 -0.457
1166 2 3 0.0600 344.0851 -3.418 -1.561
1167 2 3 0.0600 344.7081 -3.859 0.026
1168 2 2 -0.1200 344.8441 0.0 0.0
1169 2 9 0.2200 346.35210000000006 0.0 0.0
1170 2 6 -0.3300 346.8921 0.48999999999999994 -1.196
1171 2 4 0.5100 346.65310000000005 -0.08300000000000016 -2.426
1172 2 5 -0.4300 345.91710000000006 -1.1070000000000002 -2.552
1173 2 1 -0.1800 347.27410000000003 0.5149999999999998 -3.63
1174 2 3 0.0600 344.41810000000004 -0.11000000000000006 -1.019
1175 2 3 0.0600 344.42210000000006 -0.666 0.748
1176 2 7 0.0300 346.75210000000004 0.588 0.851
1177 2 3 0.0600 346.6471 0.45699999999999974 -4.521
1178 2 3 0.0600 347.59310000000005 1.5609999999999997 -3.418
1179 2 3 0.0600 348.21610000000004 -0.026000000000000235 -3.859
1180 2 2 -0.1200 348.35209999999995 0.0 0.0
1181 2 9 0.2200 349.8601 0.0 0.0
1182 2 6 -0.3300 350.40009999999995 -1.196 -0.49
1183 2 4 0.5100 350.1611 -2.426 0.083
1184 2 5 -0.4300 349.4251 -2.552 1.107
1185 2 1 -0.1800 350.78209999999996 -3.63 -0.515
1186 2 3 0.0600 347.92609999999996 -1.019 0.11
1187 2 3 0.0600 347.9301 0.748 0.666
1188 2 7 0.0300 350.26009999999997 0.851 -0.588
1189 2 3 0.0600 350.15509999999995 -4.521 -0.457
1190 2 3 0.0600 351.1011 -3.418 -1.561
1191 2 3 0.0600 351.72409999999996 -3.859 0.026
1192 2 2 -0.1200 350.1341 0.0 0.0
1193 2 8 0.1900 350.7071 0.48700000000000004 1.269
1194 2 6 -0.3300 352.0391 0.8970000000000001 1.192
1195 2 4 0.5100 353.0871 0.06400000000000006 0.807
1196 2 5 -0.4300 352.85110000000003 -1.143 0.5040000000000001
1197 2 1 -0.1800 354.4941 0.577 0.748
1198 2 3 0.0600 349.94710000000003 -1.049 -0.11599999999999994
1199 2 3 0.0600 349.8831 0.709 -0.759
1200 2 7 0.0300 350.10810000000004 1.377 1.587
1201 2 7 0.0300 350.5681 -0.2569999999999999 2.079
1202 2 3 0.0600 354.9671 0.5530000000000002 1.738
1203 2 3 0.0600 354.47110000000004 1.652 0.4329999999999999
1204 2 3 0.0600 355.0941 0.0 0.0
1205 3 1 -0.1800 360.64520000000005 0.0 0.0
1206 3 9 0.2200 362.1712 0.0 0.0
1207 3 6 -0.3300 362.61420000000004 -0.493 1.254
1208 3 4 0.5100 364.00320000000005 -0.561 1.426
1209 3 5 -0.4300 364.7932 -0.204 0.517
1210 3 1 -0.1800 364.5812 -1.064 2.705
1211 3 3 0.0600 360.2792 -1.023 0.168
1212 3 3 0.0600 360.2692 0.372 -0.973
1213 3 3 0.0600 360.33520000000004 0.65 0.832
1214 3 7 0.0300 362.5812 1.0 -0.146
1215 3 3 0.0600 363.77320000000003 -1.452 3.336
1216 3 3 0.0600 365.1992 -0.284 3.204
1217 3 3 0.0600 365.2952 -1.875 2.397
1218 3 2 -0.1200 364.1802 0.0 0.0
1219 3 9 0.2200 365.68820000000005 0.0 0.0
1220 3 6 -0.3300 366.2282 -0.49000000000000005 -1.196
1221 3 4 0.5100 365.98920000000004 0.08299999999999985 -2.426
1222 3 5 -0.4300 365.25320000000005 1.1069999999999998 -2.552
1223 3 1 -0.1800 366.6102 -0.5150000000000002 -3.63
1224 3 3 0.0600 363.7542 0.10999999999999995 -1.019
1225 3 3 0.0600 363.75820000000004 0.666 0.748
1226 3 7 0.0300 366.08820000000003 -0.588 0.851
1227 3 3 0.0600 365.9832 -0.4570000000000003 -4.521
1228 3 3 0.0600 366.92920000000004 -1.5610000000000002 -3.418
1229 3 3 0.0600 367.5522 0.025999999999999763 -3.859
1230 3 2 -0.1200 367.6882 0.0 0.0
1231 3 9 0.2200 369.19620000000003 0.0 0.0
1232 3 6 -0.3300 369.7362 -1.196 0.49
1233 3 4 0.5100 369.4972 -2.426 -0.083
1234 3 5 -0.4300 368.76120000000003 -2.552 -1.107
1235 3 1 -0.1800 370.1182 -3.63 0.515
1236 3 3 0.0600 367.2622 -1.019 -0.11
1237 3 3 0.0600 367.2662 0.748 -0.666
1238 3 7 0.0300 369.5962 0.851 0.588
1239 3 3 0.0600 369.4912 -4.521 0.457
1240 3 3 0.0600 370.4372 -3.418 1.561
1241 3 3 0.0600 371.0602 -3.859 -0.026
1242 3 2 -0.1200 371.1962 0.0 0.0
1243 3 9 0.2200 372.7042 0.0 0.0
1244 3 6 -0.3300 373.2442 0.48999999999999994 -1.196
1245 3 4 0.5100 373.0052 -0.08300000000000016 -2.426
1246 3 5 -0.4300 372.2692 -1.1070000000000002 -2.552
1247 3 1 -0.1800 373.6262 0.5149999999999998 -3.63
1248 3 3 0.0600 370.7702 -0.11000000000000006 -1.019
1249 3 3 0.0600 370.7742 -0.666 0.748
1250 3 7 0.0300 373.1042 0.588 0.851
1251 3 3 0.0600 372.9992 0.45699999999999974 -4.521
1252 3 3 0.0600 373.9452 1.5609999999999997 -3.418
1253 3 3 0.0600 374.5682 -0.026000000000000235 -3.859
1254 3 2 -0.1200 374.7042 0.0 0.0
1255 3 9 0.2200 376.21220000000005 0.0 0.0
1256 3 6 -0.3300 376.7522 -1.196 0.49
1257 3 4 0.5100 376.51320000000004 -2.426 -0.083
1258 3 5 -0.4300 375.77720000000005 -2.552 -1.107
1259 3 1 -0.1800 377.1342 -3.63 0.515
1260 3 3 0.0600 374.2782 -1.019 -0.11
1261 3 3 0.0600 374.28220000000005 0.748 -0.666
1262 3 7 0.0300 376.61220000000003 0.851 0.588
1263 3 3 0.0600 376.5072 -4.521 0.457
1264 3 3 0.0600 377.45320000000004 -3.418 1.561
1265 3 3 0.0600 378.07620000000003 -3.859 -0.026
1266 3 2 -0.1200 378.2122 0.0 0.0
1267 3 9 0.2200 379.72020000000003 0.0 0.0
1268 3 6 -0.3300 380.2602 0.48999999999999994 -1.196
1269 3 4 0.5100 380.0212 -0.08300000000000016 -2.426
1270 3 5 -0.4300 379.28520000000003 -1.1070000000000002 -2.552
1271 3 1 -0.1800 380.6422 0.5149999999999998 -3.63
1272 3 3 0.0600 377.7862 -0.11000000000000006 -1.019
1273 3 3 0.0600 377.7902 -0.666 0.748
1274 3 7 0.0300 380.1202 0.588 0.851
1275 3 3 0.0600 380.0152 0.45699999999999974 -4.521
1276 3 3 0.0600 380.9612 1.5609999999999997 -3.418
1277 3 3 0.0600 381.5842 -0.026000000000000235 -3.859
1278 3 2 -0.1200 381.7202 0.0 0.0
1279 3 9 0.2200 383.2282 0.0 0.0
1280 3 6 -0.3300 383.7682 -1.196 0.49
1281 3 4 0.5100 383.5292 -2.426 -0.083
1282 3 5 -0.4300 382.7932 -2.552 -1.107
1283 3 1 -0.1800 384.1502 -3.63 0.515
1284 3 3 0.0600 381.2942 -1.019 -0.11
1285 3 3 0.0600 381.2982 0.748 -0.666
1286 3 7 0.0300 383.6282 0.851 0.588
1287 3 3 0.0600 383.5232 -4.521 0.457
1288 3 3 0.0600 384.4692 -3.418 1.561
1289 3 3 0.0600 385.0922 -3.859 -0.026
1290 3 2 -0.1200 385.2282 0.0 0.0
1291 3 9 0.2200 386.73620000000005 0.0 0.0
1292 3 6 -0.3300 387.2762 -0.49000000000000005 -1.196
1293 3 4 0.5100 387.03720000000004 0.08299999999999985 -2.426
1294 3 5 -0.4300 386.30120000000005 1.1069999999999998 -2.552
1295 3 1 -0.1800 387.6582 -0.5150000000000002 -3.63
1296 3 3 0.0600 384.8022 0.10999999999999995 -1.019
1297 3 3 0.0600 384.80620000000005 0.666 0.748
1298 3 7 0.0300 387.13620000000003 -0.588 0.851
1299 3 3 0.0600 387.0312 -0.4570000000000003 -4.521
1300 3 3 0.0600 387.97720000000004 -1.5610000000000002 -3.418
1301 3 3 0.0600 388.60020000000003 0.025999999999999763 -3.859
1302 3 2 -0.1200 388.7362 0.0 0.0
1303 3 9 0.2200 390.24420000000003 0.0 0.0
1304 3 6 -0.3300 390.7842 -1.196 0.49
1305 3 4 0.5100 390.5452 -2.426 -0.083
1306 3 5 -0.4300 389.80920000000003 -2.552 -1.107
1307 3 1 -0.1800 391.1662 -3.63 0.515
1308 3 3 0.0600 388.3102 -1.019 -0.11
1309 3 3 0.0600 388.3142 0.748 -0.666
1310 3 7 0.0300 390.6442 0.851 0.588
1311 3 3 0.0600 390.5392 -4.521 0.457
1312 3 3 0.0600 391.4852 -3.418 1.561
1313 3 3 0.0600 392.1082 -3.859 -0.026
1314 3 2 -0.1200 392.2442 0.0 0.0
1315 3 9 0.2200 393.7522 0.0 0.0
1316 3 6 -0.3300 394.2922 0.48999999999999994 -1.196
1317 3 4 0.5100 394.0532 -0.08300000000000016 -2.426
1318 3 5 -0.4300 393.3172 -1.1070000000000002 -2.552
1319 3 1 -0.1800 394.6742 0.5149999999999998 -3.63
1320 3 3 0.0600 391.8182 -0.11000000000000006 -1.019
1321 3 3 0.0600 391.8222 -0.666 0.748
1322 3 7 0.0300 394.1522 0.588 0.851
1323 3 3 0.0600 394.0472 0.45699999999999974 -4.521
1324 3 3 0.0600 394.9932 1.5609999999999997 -3.418
1325 3 3 0.0600 395.6162 -0.026000000000000235 -3.859
1326 3 2 -0.1200 395.7522 0.0 0.0
1327 3 9 0.2200 397.26020000000005 0.0 0.0
1328 3 6 -0.3300 397.8002 -1.196 -0.49
1329 3 4 0.5100 397.56120000000004 -2.426 0.083
1330 3 5 -0.4300 396.82520000000005 -2.552 1.107
1331 3 1 -0.1800 398.1822 -3.63 -0.515
1332 3 3 0.0600 395.32620000000003 -1.019 0.11
1333 3 3 0.0600 395.33020000000005 0.748 0.666
1334 3 7 0.0300 397.66020000000003 0.851 -0.588
1335 3 3 0.0600 397.5552 -4.521 -0.457
1336 3 3 0.0600 398.50120000000004 -3.418 -1.561
1337 3 3 0.0600 399.12420000000003 -3.859 0.026
1338 3 2 -0.1200 399.2602 0.0 0.0
1339 3 9 0.2200 400.76820000000004 0.0 0.0
1340 3 6 -0.3300 401.3082 0.48999999999999994 -1.196
1341 3 4 0.5100 401.0692 -0.08300000000000016 -2.426
1342 3 5 -0.4300 400.33320000000003 -1.1070000000000002 -2.552
1343 3 1 -0.1800 401.6902 0.5149999999999998 -3.63
1344 3 3 0.0600 398.8342 -0.11000000000000006 -1.019
1345 3 3 0.0600 398.83820000000003 -0.666 0.748
1346 3 7 0.0300 401.1682 0.588 0.851
1347 3 3 0.0600 401.0632 0.45699999999999974 -4.521
1348 3 3 0.0600 402.0092 1.5609999999999997 -3.418
1349 3 3 0.0600 402.6322 -0.026000000000000235 -3.859
1350 3 2 -0.1200 402.7682 0.0 0.0
1351 3 9 0.2200 404.2762 0.0 0.0
1352 3 6 -0.3300 404.8162 -1.196 0.49
1353 3 4 0.5100 404.5772 -2.426 -0.083
1354 3 5 -0.4300 403.8412 -2.552 -1.107
1355 3 1 -0.1800 405.1982 -3.63 0.515
1356 3 3 0.0600 402.3422 -1.019 -0.11
1357 3 3 0.0600 402.3462 0.748 -0.666
1358 3 7 0.0300 404.6762 0.851 0.588
1359 3 3 0.0600 404.5712 -4.521 0.457
1360 3 3 0.0600 405.5172 -3.418 1.561
1361 3 3 0.0600 406.1402 -3.859 -0.026
1362 3 2 -0.1200 406.2762 0.0 0.0
1363 3 9 0.2200 407.78420000000006 0.0 0.0
1364 3 6 -0.3300 408.3242 0.48999999999999994 -1.196
1365 3 4 0.5100 408.08520000000004 -0.08300000000000016 -2.426
1366 3 5 -0.4300 407.34920000000005 -1.1070000000000002 -2.552
1367 3 1 -0.1800 408.7062 0.5149999999999998 -3.63
1368 3 3 0.0600 405.85020000000003 -0.11000000000000006 -1.019
1369 3 3 0.0600 405.85420000000005 -0.666 0.748
1370 3 7 0.0300 408.18420000000003 0.588 0.851
1371 3 3 0.0600 408.0792 0.45699999999999974 -4.521
1372 3 3 0.0600 409.02520000000004 1.5609999999999997 -3.418
1373 3 3 0.0600 409.64820000000003 -0.026000000000000235 -3.859
1374 3 2 -0.1200 409.7842 0.0 0.0
1375 3 9 0.2200 411.29220000000004 0.0 0.0
1376 3 6 -0.3300 411.8322 -1.196 -0.49
1377 3 4 0.5100 411.5932 -2.426 0.083
1378 3 5 -0.4300 410.85720000000003 -2.552 1.107
1379 3 1 -0.1800 412.2142 -3.63 -0.515
1380 3 3 0.0600 409.3582 -1.019 0.11
1381 3 3 0.0600 409.36220000000003 0.748 0.666
1382 3 7 0.0300 411.6922 0.851 -0.588
1383 3 3 0.0600 411.5872 -4.521 -0.457
1384 3 3 0.0600 412.5332 -3.418 -1.561
1385 3 3 0.0600 413.1562 -3.859 0.026
1386 3 2 -0.1200 413.2922 0.0 0.0
1387 3 9 0.2200 414.8002 0.0 0.0
1388 3 6 -0.3300 415.3402 0.48999999999999994 -1.196
1389 3 4 0.5100 415.1012 -0.08300000000000016 -2.426
1390 3 5 -0.4300 414.3652 -1.1070000000000002 -2.552
1391 3 1 -0.1800 415.7222 0.5149999999999998 -3.63
1392 3 3 0.0600 412.8662 -0.11000000000000006 -1.019
1393 3 3 0.0600 412.8702 -0.666 0.748
1394 3 7 0.0300 415.2002 0.588 0.851
1395 3 3 0.0600 415.0952 0.45699999999999974 -4.521
1396 3 3 0.0600 416.0412 1.5609999999999997 -3.418
1397 3 3 0.0600 416.6642 -0.026000000000000235 -3.859
1398 3 2 -0.1200 416.8002 0.0 0.0
1399 3 9 0.2200 418.30820000000006 0.0 0.0
1400 3 6 -0.3300 418.8482 -1.196 -0.49
1401 3 4 0.5100 418.60920000000004 -2.426 0.083
1402 3 5 -0.4300 417.87320000000005 -2.552 1.107
1403 3 1 -0.1800 419.2302 -3.63 -0.515
1404 3 3 0.0600 416.37420000000003 -1.019 0.11
1405 3 3 0.0600 416.37820000000005 0.748 0.666
1406 3 7 0.0300 418.70820000000003 0.851 -0.588
1407 3 3 0.0600 418.6032 -4.521 -0.457
1408 3 3 0.0600 419.54920000000004 -3.418 -1.561
1409 3 3 0.0600 420.17220000000003 -3.859 0.026
1410 3 2 -0.1200 420.3082 0.0 0.0
1411 3 9 0.2200 421.81620000000004 0.0 0.0
1412 3 6 -0.3300 422.3562 -0.49000000000000005 -1.196
1413 3 4 0.5100 422.1172 0.08299999999999985 -2.426
1414 3 5 -0.4300 421.38120000000004 1.1069999999999998 -2.552
1415 3 1 -0.1800 422.7382 -0.5150000000000002 -3.63
1416 3 3 0.0600 419.8822 0.10999999999999995 -1.019
1417 3 3 0.0600 419.88620000000003 0.666 0.748
1418 3 7 0.0300 422.2162 -0.588 0.851
1419 3 3 0.0600 422.1112 -0.4570000000000003 -4.521
1420 3 3 0.0600 423.0572 -1.5610000000000002 -3.418
1421 3 3 0.0600 423.6802 0.025999999999999763 -3.859
1422 3 2 -0.1200 423.8162 0.0 0.0
1423 3 9 0.2200 425.3242 0.0 0.0
1424 3 6 -0.3300 425.8642 -1.196 -0.49
1425 3 4 0.5100 425.6252 -2.426 0.083
1426 3 5 -0.4300 424.8892 -2.552 1.107
1427 3 1 -0.1800 426.2462 -3.63 -0.515
1428 3 3 0.0600 423.3902 -1.019 0.11
1429 3 3 0.0600 423.3942 0.748 0.666
1430 3 7 0.0300 425.7242 0.851 -0.588
1431 3 3 0.0600 425.6192 -4.521 -0.457
1432 3 3 0.0600 426.5652 -3.418 -1.561
1433 3 3 0.0600 427.1882 -3.859 0.026
1434 3 2 -0.1200 427.3242 0.0 0.0
1435 3 9 0.2200 428.83220000000006 0.0 0.0
1436 3 6 -0.3300 429.3722 -0.49000000000000005 -1.196
1437 3 4 0.5100 429.13320000000004 0.08299999999999985 -2.426
1438 3 5 -0.4300 428.39720000000005 1.1069999999999998 -2.552
1439 3 1 -0.1800 429.7542 -0.5150000000000002 -3.63
1440 3 3 0.0600 426.89820000000003 0.10999999999999995 -1.019
1441 3 3 0.0600 426.90220000000005 0.666 0.748
1442 3 7 0.0300 429.23220000000003 -0.588 0.851
1443 3 3 0.0600 429.1272 -0.4570000000000003 -4.521
1444 3 3 0.0600 430.07320000000004 -1.5610000000000002 -3.418
1445 3 3 0.0600 430.69620000000003 0.025999999999999763 -3.859
1446 3 2 -0.1200 430.8322 0.0 0.0
1447 3 9 0.2200 432.34020000000004 0.0 0.0
1448 3 6 -0.3300 432.8802 -1.196 -0.49
1449 3 4 0.5100 432.6412 -2.426 0.083
1450 3 5 -0.4300 431.90520000000004 -2.552 1.107
1451 3 1 -0.1800 433.2622 -3.63 -0.515
1452 3 3 0.0600 430.4062 -1.019 0.11
1453 3 3 0.0600 430.41020000000003 0.748 0.666
1454 3 7 0.0300 432.7402 0.851 -0.588
1455 3 3 0.0600 432.6352 -4.521 -0.457
1456 3 3 0.0600 433.5812 -3.418 -1.561
1457 3 3 0.0600 434.2042 -3.859 0.026
1458 3 2 -0.1200 434.3402 0.0 0.0
1459 3 9 0.2200 435.8482 0.0 0.0
1460 3 6 -0.3300 436.3882 0.48999999999999994 -1.196
1461 3 4 0.5100 436.1492 -0.08300000000000016 -2.426
1462 3 5 -0.4300 435.4132 -1.1070000000000002 -2.552
1463 3 1 -0.1800 436.7702 0.5149999999999998 -3.63
1464 3 3 0.0600 433.9142 -0.11000000000000006 -1.019
1465 3 3 0.0600 433.9182 -0.666 0.748
1466 3 7 0.0300 436.2482 0.588 0.851
1467 3 3 0.0600 436.1432 0.45699999999999974 -4.521
1468 3 3 0.0600 437.0892 1.5609999999999997 -3.418
1469 3 3 0.0600 437.7122 -0.026000000000000235 -3.859
1470 3 2 -0.1200 437.8482 0.0 0.0
1471 3 9 0.2200 439.35620000000006 0.0 0.0
1472 3 6 -0.3300 439.8962 -1.196 0.49
1473 3 4 0.5100 439.65720000000005 -2.426 -0.083
1474 3 5 -0.4300 438.92120000000006 -2.552 -1.107
1475 3 1 -0.1800 440.2782 -3.63 0.515
1476 3 3 0.0600 437.42220000000003 -1.019 -0.11
1477 3 3 0.0600 437.42620000000005 0.748 -0.666
1478 3 7 0.0300 439.75620000000004 0.851 0.588
1479 3 3 0.0600 439.6512 -4.521 0.457
1480 3 3 0.0600 440.59720000000004 -3.418 1.561
1481 3 3 0.0600 441.22020000000003 -3.859 -0.026
1482 3 2 -0.1200 441.3562 0.0 0.0
1483 3 9 0.2200 442.86420000000004 0.0 0.0
1484 3 6 -0.3300 443.4042 -0.49000000000000005 -1.196
1485 3 4 0.5100 443.1652 0.08299999999999985 -2.426
1486 3 5 -0.4300 442.42920000000004 1.1069999999999998 -2.552
1487 3 1 -0.1800 443.7862 -0.5150000000000002 -3.63
1488 3 3 0.0600 440.9302 0.10999999999999995 -1.019
1489 3 3 0.0600 440.93420000000003 0.666 0.748
1490 3 7 0.0300 443.2642 -0.588 0.851
1491 3 3 0.0600 443.1592 -0.4570000000000003 -4.521
1492 3 3 0.0600 444.1052 -1.5610000000000002 -3.418
1493 3 3 0.0600 444.7282 0.025999999999999763 -3.859
1494 3 2 -0.1200 444.8642 0.0 0.0
1495 3 9 0.2200 446.3722 0.0 0.0
1496 3 6 -0.3300 446.9122 -1.196 0.49
1497 3 4 0.5100 446.6732 -2.426 -0.083
1498 3 5 -0.4300 445.9372 -2.552 -1.107
1499 3 1 -0.1800 447.2942 -3.63 0.515
1500 3 3 0.0600 444.4382 -1.019 -0.11
1501 3 3 0.0600 444.4422 0.748 -0.666
1502 3 7 0.0300 446.7722 0.851 0.588
1503 3 3 0.0600 446.6672 -4.521 0.457
1504 3 3 0.0600 447.6132 -3.418 1.561
1505 3 3 0.0600 448.2362 -3.859 -0.026
1506 3 2 -0.1200 448.3722 0.0 0.0
1507 3 9 0.2200 449.88020000000006 0.0 0.0
1508 3 6 -0.3300 450.4202 0.48999999999999994 -1.196
1509 3 4 0.5100 450.18120000000005 -0.08300000000000016 -2.426
1510 3 5 -0.4300 449.44520000000006 -1.1070000000000002 -2.552
1511 3 1 -0.1800 450.8022 0.5149999999999998 -3.63
1512 3 3 0.0600 447.94620000000003 -0.11000000000000006 -1.019
1513 3 3 0.0600 447.95020000000005 -0.666 0.748
1514 3 7 0.0300 450.28020000000004 0.588 0.851
1515 3 3 0.0600 450.1752 0.45699999999999974 -4.521
1516 3 3 0.0600 451.12120000000004 1.5609999999999997 -3.418
1517 3 3 0.0600 451.74420000000003 -0.026000000000000235 -3.859
1518 3 2 -0.1200 451.8802 0.0 0.0
1519 3 9 0.2200 453.38820000000004 0.0 0.0
1520 3 6 -0.3300 453.9282 -1.196 0.49
1521 3 4 0.5100 453.6892 -2.426 -0.083
1522 3 5 -0.4300 452.95320000000004 -2.552 -1.107
1523 3 1 -0.1800 454.3102 -3.63 0.515
1524 3 3 0.0600 451.4542 -1.019 -0.11
1525 3 3 0.0600 451.45820000000003 0.748 -0.666
1526 3 7 0.0300 453.7882 0.851 0.588
1527 3 3 0.0600 453.6832 -4.521 0.457
1528 3 3 0.0600 454.6292 -3.418 1.561
1529 3 3 0.0600 455.2522 -3.859 -0.026
1530 3 2 -0.1200 455.3882 0.0 0.0
1531 3 9 0.2200 456.8962 0.0 0.0
1532 3 6 -0.3300 457.4362 -0.49000000000000005 -1.196
1533 3 4 0.5100 457.1972 0.08299999999999985 -2.426
1534 3 5 -0.4300 456.4612 1.1069999999999998 -2.552
1535 3 1 -0.1800 457.8182 -0.5150000000000002 -3.63
1536 3 3 0.0600 454.9622 0.10999999999999995 -1.019
1537 3 3 0.0600 454.9662 0.666 0.748
1538 3 7 0.0300 457.2962 -0.588 0.851
1539 3 3 0.0600 457.1912 -0.4570000000000003 -4.521
1540 3 3 0.0600 458.1372 -1.5610000000000002 -3.418
1541 3 3 0.0600 458.7602 0.025999999999999763 -3.859
1542 3 2 -0.1200 458.8962 0.0 0.0
1543 3 9 0.2200 460.40420000000006 0.0 0.0
1544 3 6 -0.3300 460.9442 -1.196 -0.49
1545 3 4 0.5100 460.70520000000005 -2.426 0.083
1546 3 5 -0.4300 459.96920000000006 -2.552 1.107
1547 3 1 -0.1800 461.32620000000003 -3.63 -0.515
1548 3 3 0.0600 458.47020000000003 -1.019 0.11
1549 3 3 0.0600 458.47420000000005 0.748 0.666
1550 3 7 0.0300 460.80420000000004 0.851 -0.588
1551 3 3 0.0600 460.6992 -4.521 -0.457
1552 3 3 0.0600 461.64520000000005 -3.418 -1.561
1553 3 3 0.0600 462.26820000000004 -3.859 0.026
1554 3 2 -0.1200 462.4042 0.0 0.0
1555 3 9 0.2200 463.91220000000004 0.0 0.0
1556 3 6 -0.3300 464.4522 -0.49000000000000005 -1.196
1557 3 4 0.5100 464.21320000000003 0.08299999999999985 -2.426
1558 3 5 -0.4300 463.47720000000004 1.1069999999999998 -2.552
1559 3 1 -0.1800 464.8342 -0.5150000000000002 -3.63
1560 3 3 0.0600 461.9782 0.10999999999999995 -1.019
1561 3 3 0.0600 461.98220000000003 0.666 0.748
1562 3 7 0.0300 464.3122 -0.588 0.851
1563 3 3 0.0600 464.2072 -0.4570000000000003 -4.521
1564 3 3 0.0600 465.1532 -1.5610000000000002 -3.418
1565 3 3 0.0600 465.7762 0.025999999999999763 -3.859
1566 3 2 -0.1200 465.9122 0.0 0.0
1567 3 9 0.2200 467.4202 0.0 0.0
1568 3 6 -0.3300 467.9602 -1.196 -0.49
1569 3 4 0.5100 467.7212 -2.426 0.083
1570 3 5 -0.4300 466.9852 -2.552 1.107
1571 3 1 -0.1800 468.3422 -3.63 -0.515
1572 3 3 0.0600 465.4862 -1.019 0.11
1573 3 3 0.0600 465.4902 0.748 0.666
1574 3 7 0.0300 467.8202 0.851 -0.588
1575 3 3 0.0600 467.7152 -4.521 -0.457
1576 3 3 0.0600 468.6612 -3.418 -1.561
1577 3 3 0.0600 469.2842 -3.859 0.026
1578 3 2 -0.1200 469.4202 0.0 0.0
1579 3 9 0.2200 470.92820000000006 0.0 0.0
1580 3 6 -0.3300 471.4682 -0.49000000000000005 -1.196
1581 3 4 0.5100 471.22920000000005 0.08299999999999985 -2.426
1582 3 5 -0.4300 470.49320000000006 1.1069999999999998 -2.552
1583 3 1 -0.1800 471.85020000000003 -0.5150000000000002 -3.63
1584 3 3 0.0600 468.99420000000003 0.10999999999999995 -1.019
1585 3 3 0.0600 468.99820000000005 0.666 0.748
1586 3 7 0.0300 471.32820000000004 -0.588 0.851
1587 3 3 0.0600 471.2232 -0.4570000000000003 -4.521
1588 3 3 0.0600 472.16920000000005 -1.5610000000000002 -3.418
1589 3 3 0.0600 472.79220000000004 0.025999999999999763 -3.859
1590 3 2 -0.1200 472.9282 0.0 0.0
1591 3 9 0.2200 474.43620000000004 0.0 0.0
1592 3 6 -0.3300 474.9762 -1.196 -0.49
1593 3 4 0.5100 474.73720000000003 -2.426 0.083
1594 3 5 -0.4300 474.00120000000004 -2.552 1.107
1595 3 1 -0.1800 475.3582 -3.63 -0.515
1596 3 3 0.0600 472.5022 -1.019 0.11
1597 3 3 0.0600 472.50620000000004 0.748 0.666
1598 3 7 0.0300 474.8362 0.851 -0.588
1599 3 3 0.0600 474.7312 -4.521 -0.457
1600 3 3 0.0600 475.6772 -3.418 -1.561
1601 3 3 0.0600 476.3002 -3.859 0.026
1602 3 2 -0.1200 476.4362 0.0 0.0
1603 3 9 0.2200 477.9442 0.0 0.0
1604 3 6 -0.3300 478.4842 -0.49000000000000005 -1.196
1605 3 4 0.5100 478.2452 0.08299999999999985 -2.426
1606 3 5 -0.4300 477.5092 1.1069999999999998 -2.552
1607 3 1 -0.1800 478.8662 -0.5150000000000002 -3.63
1608 3 3 0.0600 476.0102 0.10999999999999995 -1.019
1609 3 3 0.0600 476.0142 0.666 0.748
1610 3 7 0.0300 478.3442 -0.588 0.851
1611 3 3 0.0600 478.2392 -0.4570000000000003 -4.521
1612 3 3 0.0600 479.1852 -1.5610000000000002 -3.418
1613 3 3 0.0600 479.8082 0.025999999999999763 -3.859
1614 3 2 -0.1200 479.9442 0.0 0.0
1615 3 9 0.2200 481.45220000000006 0.0 0.0
1616 3 6 -0.3300 481.9922 -1.196 -0.49
1617 3 4 0.5100 481.75320000000005 -2.426 0.083
1618 3 5 -0.4300 481.01720000000006 -2.552 1.107
1619 3 1 -0.1800 482.37420000000003 -3.63 -0.515
1620 3 3 0.0600 479.51820000000004 -1.019 0.11
1621 3 3 0.0600 479.52220000000005 0.748 0.666
1622 3 7 0.0300 481.85220000000004 0.851 -0.588
1623 3 3 0.0600 481.7472 -4.521 -0.457
1624 3 3 0.0600 482.69320000000005 -3.418 -1.561
1625 3 3 0.0600 483.31620000000004 -3.859 0.026
1626 3 2 -0.1200 483.4522 0.0 0.0
1627 3 9 0.2200 484.96020000000004 0.0 0.0
1628 3 6 -0.3300 485.5002 0.48999999999999994 -1.196
1629 3 4 0.5100 485.26120000000003 -0.08300000000000016 -2.426
1630 3 5 -0.4300 484.52520000000004 -1.1070000000000002 -2.552
1631 3 1 -0.1800 485.8822 0.5149999999999998 -3.63
1632 3 3 0.0600 483.0262 -0.11000000000000006 -1.019
1633 3 3 0.0600 483.03020000000004 -0.666 0.748
1634 3 7 0.0300 485.3602 0.588 0.851
1635 3 3 0.0600 485.2552 0.45699999999999974 -4.521
1636 3 3 0.0600 486.20120000000003 1.5609999999999997 -3.418
1637 3 3 0.0600 486.8242 -0.026000000000000235 -3.859
1638 3 2 -0.1200 486.9602 0.0 0.0
1639 3 9 0.2200 488.4682 0.0 0.0
1640 3 6 -0.3300 489.0082 -1.196 0.49
1641 3 4 0.5100 488.7692 -2.426 -0.083
1642 3 5 -0.4300 488.0332 -2.552 -1.107
1643 3 1 -0.1800 489.3902 -3.63 0.515
1644 3 3 0.0600 486.5342 -1.019 -0.11
1645 3 3 0.0600 486.5382 0.748 -0.666
1646 3 7 0.0300 488.8682 0.851 0.588
1647 3 3 0.0600 488.7632 -4.521 0.457
1648 3 3 0.0600 489.7092 -3.418 1.561
1649 3 3 0.0600 490.3322 -3.859 -0.026
1650 3 2 -0.1200 490.4682 0.0 0.0
1651 3 9 0.2200 491.97620000000006 0.0 0.0
1652 3 6 -0.3300 492.5162 0.48999999999999994 -1.196
1653 3 4 0.5100 492.27720000000005 -0.08300000000000016 -2.426
1654 3 5 -0.4300 491.54120000000006 -1.1070000000000002 -2.552
1655 3 1 -0.1800 492.89820000000003 0.5149999999999998 -3.63
1656 3 3 0.0600 490.04220000000004 -0.11000000000000006 -1.019
1657 3 3 0.0600 490.04620000000006 -0.666 0.748
1658 3 7 0.0300 492.37620000000004 0.588 0.851
1659 3 3 0.0600 492.2712 0.45699999999999974 -4.521
1660 3 3 0.0600 493.21720000000005 1.5609999999999997 -3.418
1661 3 3 0.0600 493.84020000000004 -0.026000000000000235 -3.859
1662 3 2 -0.1200 493.9762 0.0 0.0
1663 3 9 0.2200 495.48420000000004 0.0 0.0
1664 3 6 -0.3300 496.0242 -1.196 0.49
1665 3 4 0.5100 495.78520000000003 -2.426 -0.083
1666 3 5 -0.4300 495.04920000000004 -2.552 -1.107
1667 3 1 -0.1800 496.4062 -3.63 0.515
1668 3 3 0.0600 493.5502 -1.019 -0.11
1669 3 3 0.0600 493.55420000000004 0.748 -0.666
1670 3 7 0.0300 495.8842 0.851 0.588
1671 3 3 0.0600 495.7792 -4.521 0.457
1672 3 3 0.0600 496.72520000000003 -3.418 1.561
1673 3 3 0.0600 497.3482 -3.859 -0.026
1674 3 2 -0.1200 497.4842 0.0 0.0
1675 3 9 0.2200 498.9922 0.0 0.0
1676 3 6 -0.3300 499.5322 0.48999999999999994 -1.196
1677 3 4 0.5100 499.2932 -0.08300000000000016 -2.426
1678 3 5 -0.4300 498.5572 -1.1070000000000002 -2.552
1679 3 1 -0.1800 499.9142 0.5149999999999998 -3.63
1680 3 3 0.0600 497.0582 -0.11000000000000006 -1.019
1681 3 3 0.0600 497.0622 -0.666 0.748
1682 3 7 0.0300 499.3922 0.588 0.851
1683 3 3 0.0600 499.2872 0.45699999999999974 -4.521
1684 3 3 0.0600 500.2332 1.5609999999999997 -3.418
1685 3 3 0.0600 500.8562 -0.026000000000000235 -3.859
1686 3 2 -0.1200 500.9922 0.0 0.0
1687 3 9 0.2200 502.50020000000006 0.0 0.0
1688 3 6 -0.3300 503.0402 -1.196 -0.49
1689 3 4 0.5100 502.80120000000005 -2.426 0.083
1690 3 5 -0.4300 502.06520000000006 -2.552 1.107
1691 3 1 -0.1800 503.42220000000003 -3.63 -0.515
1692 3 3 0.0600 500.56620000000004 -1.019 0.11
1693 3 3 0.0600 500.57020000000006 0.748 0.666
1694 3 7 0.0300 502.90020000000004 0.851 -0.588
1695 3 3 0.0600 502.7952 -4.521 -0.457
1696 3 3 0.0600 503.74120000000005 -3.418 -1.561
1697 3 3 0.0600 504.36420000000004 -3.859 0.026
1698 3 2 -0.1200 504.5002 0.0 0.0
1699 3 9 0.2200 506.00820000000004 0.0 0.0
1700 3 6 -0.3300 506.5482 0.48999999999999994 -1.196
1701 3 4 0.5100 506.30920000000003 -0.08300000000000016 -2.426
1702 3 5 -0.4300 505.57320000000004 -1.1070000000000002 -2.552
1703 3 1 -0.1800 506.9302 0.5149999999999998 -3.63
1704 3 3 0.0600 504.0742 -0.11000000000000006 -1.019
1705 3 3 0.0600 504.07820000000004 -0.666 0.748
1706 3 7 0.0300 506.4082 0.588 0.851
1707 3 3 0.0600 506.3032 0.45699999999999974 -4.521
1708 3 3 0.0600 507.24920000000003 1.5609999999999997 -3.418
1709 3 3 0.0600 507.8722 -0.026000000000000235 -3.859
1710 3 2 -0.1200 508.0082 0.0 0.0
1711 3 9 0.2200 509.5162 0.0 0.0
1712 3 6 -0.3300 510.0562 -1.196 -0.49
1713 3 4 0.5100 509.8172 -2.426 0.083
1714 3 5 -0.4300 509.0812 -2.552 1.107
1715 3 1 -0.1800 510.4382 -3.63 -0.515
1716 3 3 0.0600 507.5822 -1.019 0.11
1717 3 3 0.0600 507.5862 0.748 0.666
1718 3 7 0.0300 509.9162 0.851 -0.588
1719 3 3 0.0600 509.8112 -4.521 -0.457
1720 3 3 0.0600 510.7572 -3.418 -1.561
1721 3 3 0.0600 511.3802 -3.859 0.026
1722 3 2 -0.1200 511.5162 0.0 0.0
1723 3 9 0.2200 513.0242000000001 0.0 0.0
1724 3 6 -0.3300 513.5642 0.48999999999999994 -1.196
1725 3 4 0.5100 513.3252 -0.08300000000000016 -2.426
1726 3 5 -0.4300 512.5892 -1.1070000000000002 -2.552
1727 3 1 -0.1800 513.9462000000001 0.5149999999999998 -3.63
1728 3 3 0.0600 511.09020000000004 -0.11000000000000006 -1.019
1729 3 3 0.0600 511.09420000000006 -0.666 0.748
1730 3 7 0.0300 513.4242 0.588 0.851
1731 3 3 0.0600 513.3192 0.45699999999999974 -4.521
1732 3 3 0.0600 514.2652 1.5609999999999997 -3.418
1733 3 3 0.0600 514.8882000000001 -0.026000000000000235 -3.859
1734 3 2 -0.1200 515.0242 0.0 0.0
1735 3 9 0.2200 516.5322 0.0 0.0
1736 3 6 -0.3300 517.0722 -1.196 -0.49
1737 3 4 0.5100 516.8331999999999 -2.426 0.083
1738 3 5 -0.4300 516.0971999999999 -2.552 1.107
1739 3 1 -0.1800 517.4542 -3.63 -0.515
1740 3 3 0.0600 514.5982 -1.019 0.11
1741 3 3 0.0600 514.6021999999999 0.748 0.666
1742 3 7 0.0300 516.9322 0.851 -0.588
1743 3 3 0.0600 516.8272 -4.521 -0.457
1744 3 3 0.0600 517.7732 -3.418 -1.561
1745 3 3 0.0600 518.3962 -3.859 0.026
1746 3 2 -0.1200 518.5322 0.0 0.0
1747 3 9 0.2200 520.0402 0.0 0.0
1748 3 6 -0.3300 520.5802 -0.49000000000000005 -1.196
1749 3 4 0.5100 520.3412 0.08299999999999985 -2.426
1750 3 5 -0.4300 519.6052 1.1069999999999998 -2.552
1751 3 1 -0.1800 520.9622 -0.5150000000000002 -3.63
1752 3 3 0.0600 518.1062000000001 0.10999999999999995 -1.019
1753 3 3 0.0600 518.1102 0.666 0.748
1754 3 7 0.0300 520.4402 -0.588 0.851
1755 3 3 0.0600 520.3352 -0.4570000000000003 -4.521
1756 3 3 0.0600 521.2812 -1.5610000000000002 -3.418
1757 3 3 0.0600 521.9042000000001 0.025999999999999763 -3.859
1758 3 2 -0.1200 522.0402 0.0 0.0
1759 3 9 0.2200 523.5482000000001 0.0 0.0
1760 3 6 -0.3300 524.0882 -1.196 -0.49
1761 3 4 0.5100 523.8492 -2.426 0.083
1762 3 5 -0.4300 523.1132 -2.552 1.107
1763 3 1 -0.1800 524.4702000000001 -3.63 -0.515
1764 3 3 0.0600 521.6142000000001 -1.019 0.11
1765 3 3 0.0600 521.6182 0.748 0.666
1766 3 7 0.0300 523.9482 0.851 -0.588
1767 3 3 0.0600 523.8432 -4.521 -0.457
1768 3 3 0.0600 524.7892 -3.418 -1.561
1769 3 3 0.0600 525.4122000000001 -3.859 0.026
1770 3 2 -0.1200 525.5482000000001 0.0 0.0
1771 3 9 0.2200 527.0562000000001 0.0 0.0
1772 3 6 -0.3300 527.5962000000001 -0.49000000000000005 -1.196
1773 3 4 0.5100 527.3572 0.08299999999999985 -2.426
1774 3 5 -0.4300 526.6212 1.1069999999999998 -2.552
1775 3 1 -0.1800 527.9782000000001 -0.5150000000000002 -3.63
1776 3 3 0.0600 525.1222000000001 0.10999999999999995 -1.019
1777 3 3 0.0600 525.1262 0.666 0.748
1778 3 7 0.0300 527.4562000000001 -0.588 0.851
1779 3 3 0.0600 527.3512000000001 -0.4570000000000003 -4.521
1780 3 3 0.0600 528.2972000000001 -1.5610000000000002 -3.418
1781 3 3 0.0600 528.9202000000001 0.025999999999999763 -3.859
1782 3 2 -0.1200 529.0562 0.0 0.0
1783 3 9 0.2200 530.5642 0.0 0.0
1784 3 6 -0.3300 531.1042 -1.196 -0.49
1785 3 4 0.5100 530.8652 -2.426 0.083
1786 3 5 -0.4300 530.1292 -2.552 1.107
1787 3 1 -0.1800 531.4862 -3.63 -0.515
1788 3 3 0.0600 528.6302000000001 -1.019 0.11
1789 3 3 0.0600 528.6342 0.748 0.666
1790 3 7 0.0300 530.9642 0.851 -0.588
1791 3 3 0.0600 530.8592 -4.521 -0.457
1792 3 3 0.0600 531.8052 -3.418 -1.561
1793 3 3 0.0600 532.4282000000001 -3.859 0.026
1794 3 2 -0.1200 530.8382 0.0 0.0
1795 3 8 0.1900 531.4112 0.48700000000000004 1.269
1796 3 6 -0.3300 532.7432 0.8970000000000001 1.192
1797 3 4 0.5100 533.7912 0.06400000000000006 0.807
1798 3 5 -0.4300 533.5552 -1.143 0.5040000000000001
1799 3 1 -0.1800 535.1982 0.577 0.748
1800 3 3 0.0600 530.6512 -1.049 -0.11599999999999994
1801 3 3 0.0600 530.5872 0.709 -0.759
1802 3 7 0.0300 530.8122000000001 1.377 1.587
1803 3 7 0.0300 531.2722 -0.2569999999999999 2.079
1804 3 3 0.0600 535.6712 0.5530000000000002 1.738
1805 3 3 0.0600 535.1752 1.652 0.4329999999999999
1806 3 3 0.0600 535.7982000000001 0.0 0.0
1807 4 1 -0.1800 541.3494 0.0 0.0
1808 4 9 0.2200 542.8754 0.0 0.0
1809 4 6 -0.3300 543.3184 -0.493 1.254
1810 4 4 0.5100 544.7074 -0.561 1.426
1811 4 5 -0.4300 545.4974 -0.204 0.517
1812 4 1 -0.1800 545.2854 -1.064 2.705
1813 4 3 0.0600 540.9834 -1.023 0.168
1814 4 3 0.0600 540.9734 0.372 -0.973
1815 4 3 0.0600 541.0394 0.65 0.832
1816 4 7 0.0300 543.2854 1.0 -0.146
1817 4 3 0.0600 544.4774 -1.452 3.336
1818 4 3 0.0600 545.9034 -0.284 3.204
1819 4 3 0.0600 545.9993999999999 -1.875 2.397
1820 4 2 -0.1200 544.8843999999999 0.0 0.0
1821 4 9 0.2200 546.3924 0.0 0.0
1822 4 6 -0.3300 546.9323999999999 -0.49000000000000005 -1.196
1823 4 4 0.5100 546.6933999999999 0.08299999999999985 -2.426
1824 4 5 -0.4300 545.9573999999999 1.1069999999999998 -2.552
1825 4 1 -0.1800 547.3144 -0.5150000000000002 -3.63
1826 4 3 0.0600 544.4584 0.10999999999999995 -1.019
1827 4 3 0.0600 544.4623999999999 0.666 0.748
1828 4 7 0.0300 546.7923999999999 -0.588 0.851
1829 4 3 0.0600 546.6873999999999 -0.4570000000000003 -4.521
1830 4 3 0.0600 547.6333999999999 -1.5610000000000002 -3.418
1831 4 3 0.0600 548.2564 0.025999999999999763 -3.859
1832 4 2 -0.1200 548.3924 0.0 0.0
1833 4 9 0.2200 549.9004 0.0 0.0
1834 4 6 -0.3300 550.4404 -1.196 0.49
1835 4 4 0.5100 550.2013999999999 -2.426 -0.083
1836 4 5 -0.4300 549.4653999999999 -2.552 -1.107
1837 4 1 -0.1800 550.8224 -3.63 0.515
1838 4 3 0.0600 547.9664 -1.019 -0.11
1839 4 3 0.0600 547.9703999999999 0.748 -0.666
1840 4 7 0.0300 550.3004 0.851 0.588
1841 4 3 0.0600 550.1954 -4.521 0.457
1842 4 3 0.0600 551.1414 -3.418 1.561
1843 4 3 0.0600 551.7644 -3.859 -0.026
1844 4 2 -0.1200 551.9004 0.0 0.0
1845 4 9 0.2200 553.4084 0.0 0.0
1846 4 6 -0.3300 553.9484 0.48999999999999994 -1.196
1847 4 4 0.5100 553.7094 -0.08300000000000016 -2.426
1848 4 5 -0.4300 552.9734 -1.1070000000000002 -2.552
1849 4 1 -0.1800 554.3304 0.5149999999999998 -3.63
1850 4 3 0.0600 551.4744000000001 -0.11000000000000006 -1.019
1851 4 3 0.0600 551.4784 -0.666 0.748
1852 4 7 0.0300 553.8084 0.588 0.851
1853 4 3 0.0600 553.7034 0.45699999999999974 -4.521
1854 4 3 0.0600 554.6494 1.5609999999999997 -3.418
1855 4 3 0.0600 555.2724000000001 -0.026000000000000235 -3.859
1856 4 2 -0.1200 555.4083999999999 0.0 0.0
1857 4 9 0.2200 556.9164 0.0 0.0
1858 4 6 -0.3300 557.4563999999999 -1.196 -0.49
1859 4 4 0.5100 557.2173999999999 -2.426 0.083
1860 4 5 -0.4300 556.4813999999999 -2.552 1.107
1861 4 1 -0.1800 557.8384 -3.63 -0.515
1862 4 3 0.0600 554.9824 -1.019 0.11
1863 4 3 0.0600 554.9863999999999 0.748 0.666
1864 4 7 0.0300 557.3163999999999 0.851 -0.588
1865 4 3 0.0600 557.2113999999999 -4.521 -0.457
1866 4 3 0.0600 558.1573999999999 -3.418 -1.561
1867 4 3 0.0600 558.7804 -3.859 0.026
1868 4 2 -0.1200 558.9164 0.0 0.0
1869 4 9 0.2200 560.4244 0.0 0.0
1870 4 6 -0.3300 560.9644 0.48999999999999994 -1.196
1871 4 4 0.5100 560.7253999999999 -0.08300000000000016 -2.426
1872 4 5 -0.4300 559.9893999999999 -1.1070000000000002 -2.552
1873 4 1 -0.1800 561.3464 0.5149999999999998 -3.63
1874 4 3 0.0600 558.4904 -0.11000000000000006 -1.019
1875 4 3 0.0600 558.4943999999999 -0.666 0.748
1876 4 7 0.0300 560.8244 0.588 0.851
1877 4 3 0.0600 560.7194 0.45699999999999974 -4.521
1878 4 3 0.0600 561.6654 1.5609999999999997 -3.418
1879 4 3 0.0600 562.2884 -0.026000000000000235 -3.859
1880 4 2 -0.1200 562.4244 0.0 0.0
1881 4 9 0.2200 563.9324 0.0 0.0
1882 4 6 -0.3300 564.4724 -1.196 -0.49
1883 4 4 0.5100 564.2334 -2.426 0.083
1884 4 5 -0.4300 563.4974 -2.552 1.107
1885 4 1 -0.1800 564.8544 -3.63 -0.515
1886 4 3 0.0600 561.9984000000001 -1.019 0.11
1887 4 3 0.0600 562.0024 0.748 0.666
1888 4 7 0.0300 564.3324 0.851 -0.588
1889 4 3 0.0600 564.2274 -4.521 -0.457
1890 4 3 0.0600 565.1734 -3.418 -1.561
1891 4 3 0.0600 565.7964000000001 -3.859 0.026
1892 4 2 -0.1200 565.9323999999999 0.0 0.0
1893 4 9 0.2200 567.4404 0.0 0.0
1894 4 6 -0.3300 567.9803999999999 -0.49000000000000005 -1.196
1895 4 4 0.5100 567.7413999999999 0.08299999999999985 -2.426
1896 4 5 -0.4300 567.0053999999999 1.1069999999999998 -2.552
1897 4 1 -0.1800 568.3624 -0.5150000000000002 -3.63
1898 4 3 0.0600 565.5064 0.10999999999999995 -1.019
1899 4 3 0.0600 565.5103999999999 0.666 0.748
1900 4 7 0.0300 567.8403999999999 -0.588 0.851
1901 4 3 0.0600 567.7353999999999 -0.4570000000000003 -4.521
1902 4 3 0.0600 568.6813999999999 -1.5610000000000002 -3.418
1903 4 3 0.0600 569.3044 0.025999999999999763 -3.859
1904 4 2 -0.1200 569.4404 0.0 0.0
1905 4 9 0.2200 570.9484 0.0 0.0
1906 4 6 -0.3300 571.4884 -1.196 -0.49
1907 4 4 0.5100 571.2493999999999 -2.426 0.083
1908 4 5 -0.4300 570.5133999999999 -2.552 1.107
1909 4 1 -0.1800 571.8704 -3.63 -0.515
1910 4 3 0.0600 569.0144 -1.019 0.11
1911 4 3 0.0600 569.0183999999999 0.748 0.666
1912 4 7 0.0300 571.3484 0.851 -0.588
1913 4 3 0.0600 571.2434 -4.521 -0.457
1914 4 3 0.0600 572.1894 -3.418 -1.561
1915 4 3 0.0600 572.8124 -3.859 0.026
1916 4 2 -0.1200 572.9484 0.0 0.0
1917 4 9 0.2200 574.4564 0.0 0.0
1918 4 6 -0.3300 574.9964 0.48999999999999994 -1.196
1919 4 4 0.5100 574.7574 -0.08300000000000016 -2.426
1920 4 5 -0.4300 574.0214 -1.1070000000000002 -2.552
1921 4 1 -0.1800 575.3784 0.5149999999999998 -3.63
1922 4 3 0.0600 572.5224000000001 -0.11000000000000006 -1.019
1923 4 3 0.0600 572.5264 -0.666 0.748
1924 4 7 0.0300 574.8564 0.588 0.851
1925 4 3 0.0600 574.7514 0.45699999999999974 -4.521
1926 4 3 0.0600 575.6974 1.5609999999999997 -3.418
1927 4 3 0.0600 576.3204000000001 -0.026000000000000235 -3.859
1928 4 2 -0.1200 576.4563999999999 0.0 0.0
1929 4 9 0.2200 577.9644 0.0 0.0
1930 4 6 -0.3300 578.5043999999999 -1.196 -0.49
1931 4 4 0.5100 578.2653999999999 -2.426 0.083
1932 4 5 -0.4300 577.5293999999999 -2.552 1.107
1933 4 1 -0.1800 578.8864 -3.63 -0.515
1934 4 3 0.0600 576.0304 -1.019 0.11
1935 4 3 0.0600 576.0343999999999 0.748 0.666
1936 4 7 0.0300 578.3643999999999 0.851 -0.588
1937 4 3 0.0600 578.2593999999999 -4.521 -0.457
1938 4 3 0.0600 579.2053999999999 -3.418 -1.561
1939 4 3 0.0600 579.8284 -3.859 0.026
1940 4 2 -0.1200 579.9644 0.0 0.0
1941 4 9 0.2200 581.4724 0.0 0.0
1942 4 6 -0.3300 582.0124 0.48999999999999994 -1.196
1943 4 4 0.5100 581.7733999999999 -0.08300000000000016 -2.426
1944 4 5 -0.4300 581.0373999999999 -1.1070000000000002 -2.552
1945 4 1 -0.1800 582.3944 0.5149999999999998 -3.63
1946 4 3 0.0600 579.5384 -0.11000000000000006 -1.019
1947 4 3 0.0600 579.5423999999999 -0.666 0.748
1948 4 7 0.0300 581.8724 0.588 0.851
1949 4 3 0.0600 581.7674 0.45699999999999974 -4.521
1950 4 3 0.0600 582.7134 1.5609999999999997 -3.418
1951 4 3 0.0600 583.3364 -0.026000000000000235 -3.859
1952 4 2 -0.1200 583.4724 0.0 0.0
1953 4 9 0.2200 584.9804 0.0 0.0
1954 4 6 -0.3300 585.5204 -1.196 0.49
1955 4 4 0.5100 585.2814 -2.426 -0.083
1956 4 5 -0.4300 584.5454 -2.552 -1.107
1957 4 1 -0.1800 585.9024000000001 -3.63 0.515
1958 4 3 0.0600 583.0464000000001 -1.019 -0.11
1959 4 3 0.0600 583.0504 0.748 -0.666
1960 4 7 0.0300 585.3804 0.851 0.588
1961 4 3 0.0600 585.2754 -4.521 0.457
1962 4 3 0.0600 586.2214 -3.418 1.561
1963 4 3 0.0600 586.8444000000001 -3.859 -0.026
1964 4 2 -0.1200 586.9803999999999 0.0 0.0
1965 4 9 0.2200 588.4884 0.0 0.0
1966 4 6 -0.3300 589.0283999999999 -0.49000000000000005 -1.196
1967 4 4 0.5100 588.7893999999999 0.08299999999999985 -2.426
1968 4 5 -0.4300 588.0533999999999 1.1069999999999998 -2.552
1969 4 1 -0.1800 589.4104 -0.5150000000000002 -3.63
1970 4 3 0.0600 586.5544 0.10999999999999995 -1.019
1971 4 3 0.0600 586.5583999999999 0.666 0.748
1972 4 7 0.0300 588.8883999999999 -0.588 0.851
1973 4 3 0.0600 588.7833999999999 -0.4570000000000003 -4.521
1974 4 3 0.0600 589.7293999999999 -1.5610000000000002 -3.418
1975 4 3 0.0600 590.3524 0.025999999999999763 -3.859
1976 4 2 -0.1200 590.4884 0.0 0.0
1977 4 9 0.2200 591.9964 0.0 0.0
1978 4 6 -0.3300 592.5364 -1.196 0.49
1979 4 4 0.5100 592.2973999999999 -2.426 -0.083
1980 4 5 -0.4300 591.5613999999999 -2.552 -1.107
1981 4 1 -0.1800 592.9184 -3.63 0.515
1982 4 3 0.0600 590.0624 -1.019 -0.11
1983 4 3 0.0600 590.0663999999999 0.748 -0.666
1984 4 7 0.0300 592.3964 0.851 0.588
1985 4 3 0.0600 592.2914 -4.521 0.457
1986 4 3 0.0600 593.2374 -3.418 1.561
1987 4 3 0.0600 593.8604 -3.859 -0.026
1988 4 2 -0.1200 593.9964 0.0 0.0
1989 4 9 0.2200 595.5044 0.0 0.0
1990 4 6 -0.3300 596.0444 0.48999999999999994 -1.196
1991 4 4 0.5100 595.8054 -0.08300000000000016 -2.426
1992 4 5 -0.4300 595.0694 -1.1070000000000002 -2.552
1993 4 1 -0.1800 596.4264000000001 0.5149999999999998 -3.63
1994 4 3 0.0600 593.5704000000001 -0.11000000000000006 -1.019
1995 4 3 0.0600 593.5744 -0.666 0.748
1996 4 7 0.0300 595.9044 0.588 0.851
1997 4 3 0.0600 595.7994 0.45699999999999974 -4.521
1998 4 3 0.0600 596.7454 1.5609999999999997 -3.418
1999 4 3 0.0600 597.3684000000001 -0.026000000000000235 -3.859
2000 4 2 -0.1200 597.5043999999999 0.0 0.0
2001 4 9 0.2200 599.0124 0.0 0.0
2002 4 6 -0.3300 599.5523999999999 -1.196 0.49
2003 4 4 0.5100 599.3133999999999 -2.426 -0.083
2004 4 5 -0.4300 598.5773999999999 -2.552 -1.107
2005 4 1 -0.1800 599.9344 -3.63 0.515
2006 4 3 0.0600 597.0784 -1.019 -0.11
2007 4 3 0.0600 597.0823999999999 0.748 -0.666
2008 4 7 0.0300 599.4123999999999 0.851 0.588
2009 4 3 0.0600 599.3073999999999 -4.521 0.457
2010 4 3 0.0600 600.2533999999999 -3.418 1.561
2011 4 3 0.0600 600.8764 -3.859 -0.026
2012 4 2 -0.1200 601.0124 0.0 0.0
2013 4 9 0.2200 602.5204 0.0 0.0
2014 4 6 -0.3300 603.0604 -0.49000000000000005 -1.196
2015 4 4 0.5100 602.8213999999999 0.08299999999999985 -2.426
2016 4 5 -0.4300 602.0853999999999 1.1069999999999998 -2.552
2017 4 1 -0.1800 603.4424 -0.5150000000000002 -3.63
2018 4 3 0.0600 600.5864 0.10999999999999995 -1.019
2019 4 3 0.0600 600.5903999999999 0.666 0.748
2020 4 7 0.0300 602.9204 -0.588 0.851
2021 4 3 0.0600 602.8154 -0.4570000000000003 -4.521
2022 4 3 0.0600 603.7614 -1.5610000000000002 -3.418
2023 4 3 0.0600 604.3844 0.025999999999999763 -3.859
2024 4 2 -0.1200 604.5204 0.0 0.0
2025 4 9 0.2200 606.0284 0.0 0.0
2026 4 6 -0.3300 606.5684 -1.196 -0.49
2027 4 4 0.5100 606.3294 -2.426 0.083
2028 4 5 -0.4300 605.5934 -2.552 1.107
2029 4 1 -0.1800 606.9504000000001 -3.63 -0.515
2030 4 3 0.0600 604.0944000000001 -1.019 0.11
2031 4 3 0.0600 604.0984 0.748 0.666
2032 4 7 0.0300 606.4284 0.851 -0.588
2033 4 3 0.0600 606.3234 -4.521 -0.457
2034 4 3 0.0600 607.2694 -3.418 -1.561
2035 4 3 0.0600 607.8924000000001 -3.859 0.026
2036 4 2 -0.1200 608.0283999999999 0.0 0.0
2037 4 9 0.2200 609.5364 0.0 0.0
2038 4 6 -0.3300 610.0763999999999 0.48999999999999994 -1.196
2039 4 4 0.5100 609.8373999999999 -0.08300000000000016 -2.426
2040 4 5 -0.4300 609.1013999999999 -1.1070000000000002 -2.552
2041 4 1 -0.1800 610.4584 0.5149999999999998 -3.63
2042 4 3 0.0600 607.6024 -0.11000000000000006 -1.019
2043 4 3 0.0600 607.6063999999999 -0.666 0.748
2044 4 7 0.0300 609.9363999999999 0.588 0.851
2045 4 3 0.0600 609.8313999999999 0.45699999999999974 -4.521
2046 4 3 0.0600 610.7774 1.5609999999999997 -3.418
2047 4 3 0.0600 611.4004 -0.026000000000000235 -3.859
2048 4 2 -0.1200 611.5364 0.0 0.0
2049 4 9 0.2200 613.0444 0.0 0.0
2050 4 6 -0.3300 613.5844 -1.196 -0.49
2051 4 4 0.5100 613.3453999999999 -2.426 0.083
2052 4 5 -0.4300 612.6093999999999 -2.552 1.107
2053 4 1 -0.1800 613.9664 -3.63 -0.515
2054 4 3 0.0600 611.1104 -1.019 0.11
2055 4 3 0.0600 611.1143999999999 0.748 0.666
2056 4 7 0.0300 613.4444 0.851 -0.588
2057 4 3 0.0600 613.3394 -4.521 -0.457
2058 4 3 0.0600 614.2854 -3.418 -1.561
2059 4 3 0.0600 614.9084 -3.859 0.026
2060 4 2 -0.1200 615.0444 0.0 0.0
2061 4 9 0.2200 616.5524 0.0 0.0
2062 4 6 -0.3300 617.0924 -0.49000000000000005 -1.196
2063 4 4 0.5100 616.8534 0.08299999999999985 -2.426
2064 4 5 -0.4300 616.1174 1.1069999999999998 -2.552
2065 4 1 -0.1800 617.4744000000001 -0.5150000000000002 -3.63
2066 4 3 0.0600 614.6184000000001 0.10999999999999995 -1.019
2067 4 3 0.0600 614.6224 0.666 0.748
2068 4 7 0.0300 616.9524 -0.588 0.851
2069 4 3 0.0600 616.8474 -0.4570000000000003 -4.521
2070 4 3 0.0600 617.7934 -1.5610000000000002 -3.418
2071 4 3 0.0600 618.4164000000001 0.025999999999999763 -3.859
2072 4 2 -0.1200 618.5523999999999 0.0 0.0
2073 4 9 0.2200 620.0604 0.0 0.0
2074 4 6 -0.3300 620.6003999999999 -1.196 -0.49
2075 4 4 0.5100 620.3613999999999 -2.426 0.083
2076 4 5 -0.4300 619.6253999999999 -2.552 1.107
2077 4 1 -0.1800 620.9824 -3.63 -0.515
2078 4 3 0.0600 618.1264 -1.019 0.11
2079 4 3 0.0600 618.1303999999999 0.748 0.666
2080 4 7 0.0300 620.4603999999999 0.851 -0.588
2081 4 3 0.0600 620.3553999999999 -4.521 -0.457
2082 4 3 0.0600 621.3014 -3.418 -1.561
2083 4 3 0.0600 621.9244 -3.859 0.026
2084 4 2 -0.1200 622.0604 0.0 0.0
2085 4 9 0.2200 623.5684 0.0 0.0
2086 4 6 -0.3300 624.1084 0.48999999999999994 -1.196
2087 4 4 0.5100 623.8693999999999 -0.08300000000000016 -2.426
2088 4 5 -0.4300 623.1333999999999 -1.1070000000000002 -2.552
2089 4 1 -0.1800 624.4904 0.5149999999999998 -3.63
2090 4 3 0.0600 621.6344 -0.11000000000000006 -1.019
2091 4 3 0.0600 621.6383999999999 -0.666 0.748
2092 4 7 0.0300 623.9684 0.588 0.851
2093 4 3 0.0600 623.8634 0.45699999999999974 -4.521
2094 4 3 0.0600 624.8094 1.5609999999999997 -3.418
2095 4 3 0.0600 625.4324 -0.026000000000000235 -3.859
2096 4 2 -0.1200 625.5684 0.0 0.0
2097 4 9 0.2200 627.0764 0.0 0.0
2098 4 6 -0.3300 627.6164 -1.196 0.49
2099 4 4 0.5100 627.3774 -2.426 -0.083
2100 4 5 -0.4300 626.6414 -2.552 -1.107
2101 4 1 -0.1800 627.9984000000001 -3.63 0.515
2102 4 3 0.0600 625.1424000000001 -1.019 -0.11
2103 4 3 0.0600 625.1464 0.748 -0.666
2104 4 7 0.0300 627.4764 0.851 0.588
2105 4 3 0.0600 627.3714 -4.521 0.457
2106 4 3 0.0600 628.3174 -3.418 1.561
2107 4 3 0.0600 628.9404000000001 -3.859 -0.026
2108 4 2 -0.1200 629.0763999999999 0.0 0.0
2109 4 9 0.2200 630.5844 0.0 0.0
2110 4 6 -0.3300 631.1243999999999 0.48999999999999994 -1.196
2111 4 4 0.5100 630.8853999999999 -0.08300000000000016 -2.426
2112 4 5 -0.4300 630.1493999999999 -1.1070000000000002 -2.552
2113 4 1 -0.1800 631.5064 0.5149999999999998 -3.63
2114 4 3 0.0600 628.6504 -0.11000000000000006 -1.019
2115 4 3 0.0600 628.6543999999999 -0.666 0.748
2116 4 7 0.0300 630.9843999999999 0.588 0.851
2117 4 3 0.0600 630.8793999999999 0.45699999999999974 -4.521
2118 4 3 0.0600 631.8254 1.5609999999999997 -3.418
2119 4 3 0.0600 632.4484 -0.026000000000000235 -3.859
2120 4 2 -0.1200 632.5844 0.0 0.0
2121 4 9 0.2200 634.0924 0.0 0.0
2122 4 6 -0.3300 634.6324 -1.196 0.49
2123 4 4 0.5100 634.3933999999999 -2.426 -0.083
2124 4 5 -0.4300 633.6573999999999 -2.552 -1.107
2125 4 1 -0.1800 635.0144 -3.63 0.515
2126 4 3 0.0600 632.1584 -1.019 -0.11
2127 4 3 0.0600 632.1623999999999 0.748 -0.666
2128 4 7 0.0300 634.4924 0.851 0.588
2129 4 3 0.0600 634.3874 -4.521 0.457
2130 4 3 0.0600 635.3334 -3.418 1.561
2131 4 3 0.0600 635.9564 -3.859 -0.026
2132 4 2 -0.1200 636.0924 0.0 0.0
2133 4 9 0.2200 637.6004 0.0 0.0
2134 4 6 -0.3300 638.1404 0.48999999999999994 -1.196
2135 4 4 0.5100 637.9014 -0.08300000000000016 -2.426
2136 4 5 -0.4300 637.1654 -1.1070000000000002 -2.552
2137 4 1 -0.1800 638.5224000000001 0.5149999999999998 -3.63
2138 4 3 0.0600 635.6664000000001 -0.11000000000000006 -1.019
2139 4 3 0.0600 635.6704 -0.666 0.748
2140 4 7 0.0300 638.0004 0.588 0.851
2141 4 3 0.0600 637.8954 0.45699999999999974 -4.521
2142 4 3 0.0600 638.8414 1.5609999999999997 -3.418
2143 4 3 0.0600 639.4644000000001 -0.026000000000000235 -3.859
2144 4 2 -0.1200 639.6003999999999 0.0 0.0
2145 4 9 0.2200 641.1084 0.0 0.0
2146 4 6 -0.3300 641.6483999999999 -1.196 0.49
2147 4 4 0.5100 641.4093999999999 -2.426 -0.083
2148 4 5 -0.4300 640.6733999999999 -2.552 -1.107
2149 4 1 -0.1800 642.0304 -3.63 0.515
2150 4 3 0.0600 639.1744 -1.019 -0.11
2151 4 3 0.0600 639.1783999999999 0.748 -0.666
2152 4 7 0.0300 641.5083999999999 0.851 0.588
2153 4 3 0.0600 641.4033999999999 -4.521 0.457
2154 4 3 0.0600 642.3494 -3.418 1.561
2155 4 3 0.0600 642.9724 -3.859 -0.026
2156 4 2 -0.1200 643.1084 0.0 0.0
2157 4 9 0.2200 644.6164 0.0 0.0
2158 4 6 -0.3300 645.1564 0.48999999999999994 -1.196
2159 4 4 0.5100 644.9173999999999 -0.08300000000000016 -2.426
2160 4 5 -0.4300 644.1813999999999 -1.1070000000000002 -2.552
2161 4 1 -0.1800 645.5384 0.5149999999999998 -3.63
2162 4 3 0.0600 642.6824 -0.11000000000000006 -1.019
2163 4 3 0.0600 642.6863999999999 -0.666 0.748
2164 4 7 0.0300 645.0164 0.588 0.851
2165 4 3 0.0600 644.9114 0.45699999999999974 -4.521
2166 4 3 0.0600 645.8574 1.5609999999999997 -3.418
2167 4 3 0.0600 646.4804 -0.026000000000000235 -3.859
2168 4 2 -0.1200 646.6164 0.0 0.0
2169 4 9 0.2200 648.1244 0.0 0.0
2170 4 6 -0.3300 648.6644 -1.196 0.49
2171 4 4 0.5100 648.4254 -2.426 -0.083
2172 4 5 -0.4300 647.6894 -2.552 -1.107
2173 4 1 -0.1800 649.0464000000001 -3.63 0.515
2174 4 3 0.0600 646.1904000000001 -1.019 -0.11
2175 4 3 0.0600 646.1944 0.748 -0.666
2176 4 7 0.0300 648.5244 0.851 0.588
2177 4 3 0.0600 648.4194 -4.521 0.457
2178 4 3 0.0600 649.3654 -3.418 1.561
2179 4 3 0.0600 649.9884000000001 -3.859 -0.026
2180 4 2 -0.1200 650.1243999999999 0.0 0.0
2181 4 9 0.2200 651.6324 0.0 0.0
2182 4 6 -0.3300 652.1723999999999 0.48999999999999994 -1.196
2183 4 4 0.5100 651.9333999999999 -0.08300000000000016 -2.426
2184 4 5 -0.4300 651.1973999999999 -1.1070000000000002 -2.552
2185 4 1 -0.1800 652.5544 0.5149999999999998 -3.63
2186 4 3 0.0600 649.6984 -0.11000000000000006 -1.019
2187 4 3 0.0600 649.7023999999999 -0.666 0.748
2188 4 7 0.0300 652.0323999999999 0.588 0.851
2189 4 3 0.0600 651.9273999999999 0.45699999999999974 -4.521
2190 4 3 0.0600 652.8734 1.5609999999999997 -3.418
2191 4 3 0.0600 653.4964 -0.026000000000000235 -3.859
2192 4 2 -0.1200 653.6324 0.0 0.0
2193 4 9 0.2200 655.1404 0.0 0.0
2194 4 6 -0.3300 655.6804 -1.196 0.49
2195 4 4 0.5100 655.4413999999999 -2.426 -0.083
2196 4 5 -0.4300 654.7053999999999 -2.552 -1.107
2197 4 1 -0.1800 656.0624 -3.63 0.515
2198 4 3 0.0600 653.2064 -1.019 -0.11
2199 4 3 0.0600 653.2103999999999 0.748 -0.666
2200 4 7 0.0300 655.5404 0.851 0.588
2201 4 3 0.0600 655.4354 -4.521 0.457
2202 4 3 0.0600 656.3814 -3.418 1.561
2203 4 3 0.0600 657.0044 -3.859 -0.026
2204 4 2 -0.1200 657.1404 0.0 0.0
2205 4 9 0.2200 658.6484 0.0 0.0
2206 4 6 -0.3300 659.1884 0.48999999999999994 -1.196
2207 4 4 0.5100 658.9494 -0.08300000000000016 -2.426
2208 4 5 -0.4300 658.2134 -1.1070000000000002 -2.552
2209 4 1 -0.1800 659.5704000000001 0.5149999999999998 -3.63
2210 4 3 0.0600 656.7144000000001 -0.11000000000000006 -1.019
2211 4 3 0.0600 656.7184 -0.666 0.748
2212 4 7 0.0300 659.0484 0.588 0.851
2213 4 3 0.0600 658.9434 0.45699999999999974 -4.521
2214 4 3 0.0600 659.8894 1.5609999999999997 -3.418
2215 4 3 0.0600 660.5124000000001 -0.026000000000000235 -3.859
2216 4 2 -0.1200 660.6483999999999 0.0 0.0
2217 4 9 0.2200 662.1564 0.0 0.0
2218 4 6 -0.3300 662.6963999999999 -1.196 -0.49
2219 4 4 0.5100 662.4573999999999 -2.426 0.083
2220 4 5 -0.4300 661.7213999999999 -2.552 1.107
2221 4 1 -0.1800 663.0784 -3.63 -0.515
2222 4 3 0.0600 660.2224 -1.019 0.11
2223 4 3 0.0600 660.2263999999999 0.748 0.666
2224 4 7 0.0300 662.5563999999999 0.851 -0.588
2225 4 3 0.0600 662.4513999999999 -4.521 -0.457
2226 4 3 0.0600 663.3974 -3.418 -1.561
2227 4 3 0.0600 664.0204 -3.859 0.026
2228 4 2 -0.1200 664.1564 0.0 0.0
2229 4 9 0.2200 665.6644 0.0 0.0
2230 4 6 -0.3300 666.2044 -0.49000000000000005 -1.196
2231 4 4 0.5100 665.9653999999999 0.08299999999999985 -2.426
2232 4 5 -0.4300 665.2293999999999 1.1069999999999998 -2.552
2233 4 1 -0.1800 666.5864 -0.5150000000000002 -3.63
2234 4 3 0.0600 663.7304 0.10999999999999995 -1.019
2235 4 3 0.0600 663.7343999999999 0.666 0.748
2236 4 7 0.0300 666.0644 -0.588 0.851
2237 4 3 0.0600 665.9594 -0.4570000000000003 -4.521
2238 4 3 0.0600 666.9054 -1.5610000000000002 -3.418
2239 4 3 0.0600 667.5284 0.025999999999999763 -3.859
2240 4 2 -0.1200 667.6644 0.0 0.0
2241 4 9 0.2200 669.1724 0.0 0.0
2242 4 6 -0.3300 669.7124 -1.196 -0.49
2243 4 4 0.5100 669.4734 -2.426 0.083
2244 4 5 -0.4300 668.7374 -2.552 1.107
2245 4 1 -0.1800 670.0944000000001 -3.63 -0.515
2246 4 3 0.0600 667.2384000000001 -1.019 0.11
2247 4 3 0.0600 667.2424 0.748 0.666
2248 4 7 0.0300 669.5724 0.851 -0.588
2249 4 3 0.0600 669.4674 -4.521 -0.457
2250 4 3 0.0600 670.4134 -3.418 -1.561
2251 4 3 0.0600 671.0364000000001 -3.859 0.026
2252 4 2 -0.1200 671.1723999999999 0.0 0.0
2253 4 9 0.2200 672.6804 0.0 0.0
2254 4 6 -0.3300 673.2203999999999 0.48999999999999994 -1.196
2255 4 4 0.5100 672.9813999999999 -0.08300000000000016 -2.426
2256 4 5 -0.4300 672.2453999999999 -1.1070000000000002 -2.552
2257 4 1 -0.1800 673.6024 0.5149999999999998 -3.63
2258 4 3 0.0600 670.7464 -0.11000000000000006 -1.019
2259 4 3 0.0600 670.7503999999999 -0.666 0.748
2260 4 7 0.0300 673.0803999999999 0.588 0.851
2261 4 3 0.0600 672.9753999999999 0.45699999999999974 -4.521
2262 4 3 0.0600 673.9214 1.5609999999999997 -3.418
2263 4 3 0.0600 674.5444 -0.026000000000000235 -3.859
2264 4 2 -0.1200 674.6804 0.0 0.0
2265 4 9 0.2200 676.1884 0.0 0.0
2266 4 6 -0.3300 676.7284 -1.196 0.49
2267 4 4 0.5100 676.4893999999999 -2.426 -0.083
2268 4 5 -0.4300 675.7533999999999 -2.552 -1.107
2269 4 1 -0.1800 677.1104 -3.63 0.515
2270 4 3 0.0600 674.2544 -1.019 -0.11
2271 4 3 0.0600 674.2583999999999 0.748 -0.666
2272 4 7 0.0300 676.5884 0.851 0.588
2273 4 3 0.0600 676.4834 -4.521 0.457
2274 4 3 0.0600 677.4294 -3.418 1.561
2275 4 3 0.0600 678.0524 -3.859 -0.026
2276 4 2 -0.1200 678.1884 0.0 0.0
2277 4 9 0.2200 679.6964 0.0 0.0
2278 4 6 -0.3300 680.2364 0.48999999999999994 -1.196
2279 4 4 0.5100 679.9974 -0.08300000000000016 -2.426
2280 4 5 -0.4300 679.2614 -1.1070000000000002 -2.552
2281 4 1 -0.1800 680.6184000000001 0.5149999999999998 -3.63
2282 4 3 0.0600 677.7624000000001 -0.11000000000000006 -1.019
2283 4 3 0.0600 677.7664 -0.666 0.748
2284 4 7 0.0300 680.0964 0.588 0.851
2285 4 3 0.0600 679.9914 0.45699999999999974 -4.521
2286 4 3 0.0600 680.9374 1.5609999999999997 -3.418
2287 4 3 0.0600 681.5604000000001 -0.026000000000000235 -3.859
2288 4 2 -0.1200 681.6963999999999 0.0 0.0
2289 4 9 0.2200 683.2044 0.0 0.0
2290 4 6 -0.3300 683.7443999999999 -1.196 0.49
2291 4 4 0.5100 683.5053999999999 -2.426 -0.083
2292 4 5 -0.4300 682.7693999999999 -2.552 -1.107
2293 4 1 -0.1800 684.1264 -3.63 0.515
2294 4 3 0.0600 681.2704 -1.019 -0.11
2295 4 3 0.0600 681.2743999999999 0.748 -0.666
2296 4 7 0.0300 683.6043999999999 0.851 0.588
2297 4 3 0.0600 683.4993999999999 -4.521 0.457
2298 4 3 0.0600 684.4454 -3.418 1.561
2299 4 3 0.0600 685.0684 -3.859 -0.026
2300 4 2 -0.1200 685.2044 0.0 0.0
2301 4 9 0.2200 686.7124 0.0 0.0
2302 4 6 -0.3300 687.2524 0.48999999999999994 -1.196
2303 4 4 0.5100 687.0133999999999 -0.08300000000000016 -2.426
2304 4 5 -0.4300 686.2774 -1.1070000000000002 -2.552
2305 4 1 -0.1800 687.6344 0.5149999999999998 -3.63
2306 4 3 0.0600 684.7784 -0.11000000000000006 -1.019
2307 4 3 0.0600 684.7823999999999 -0.666 0.748
2308 4 7 0.0300 687.1124 0.588 0.851
2309 4 3 0.0600 687.0074 0.45699999999999974 -4.521
2310 4 3 0.0600 687.9534 1.5609999999999997 -3.418
2311 4 3 0.0600 688.5764 -0.026000000000000235 -3.859
2312 4 2 -0.1200 688.7124 0.0 0.0
2313 4 9 0.2200 690.2204 0.0 0.0
2314 4 6 -0.3300 690.7604 -1.196 -0.49
2315 4 4 0.5100 690.5214 -2.426 0.083
2316 4 5 -0.4300 689.7854 -2.552 1.107
2317 4 1 -0.1800 691.1424000000001 -3.63 -0.515
2318 4 3 0.0600 688.2864000000001 -1.019 0.11
2319 4 3 0.0600 688.2904 0.748 0.666
2320 4 7 0.0300 690.6204 0.851 -0.588
2321 4 3 0.0600 690.5154 -4.521 -0.457
2322 4 3 0.0600 691.4614 -3.418 -1.561
2323 4 3 0.0600 692.0844000000001 -3.859 0.026
2324 4 2 -0.1200 692.2203999999999 0.0 0.0
2325 4 9 0.2200 693.7284 0.0 0.0
2326 4 6 -0.3300 694.2683999999999 0.48999999999999994 -1.196
2327 4 4 0.5100 694.0293999999999 -0.08300000000000016 -2.426
2328 4 5 -0.4300 693.2933999999999 -1.1070000000000002 -2.552
2329 4 1 -0.1800 694.6504 0.5149999999999998 -3.63
2330 4 3 0.0600 691.7944 -0.11000000000000006 -1.019
2331 4 3 0.0600 691.7983999999999 -0.666 0.748
2332 4 7 0.0300 694.1283999999999 0.588 0.851
2333 4 3 0.0600 694.0233999999999 0.45699999999999974 -4.521
2334 4 3 0.0600 694.9694 1.5609999999999997 -3.418
2335 4 3 0.0600 695.5924 -0.026000000000000235 -3.859
2336 4 2 -0.1200 695.7284 0.0 0.0
2337 4 9 0.2200 697.2364 0.0 0.0
2338 4 6 -0.3300 697.7764 -1.196 0.49
2339 4 4 0.5100 697.5373999999999 -2.426 -0.083
2340 4 5 -0.4300 696.8014 -2.552 -1.107
2341 4 1 -0.1800 698.1584 -3.63 0.515
2342 4 3 0.0600 695.3024 -1.019 -0.11
2343 4 3 0.0600 695.3063999999999 0.748 -0.666
2344 4 7 0.0300 697.6364 0.851 0.588
2345 4 3 0.0600 697.5314 -4.521 0.457
2346 4 3 0.0600 698.4774 -3.418 1.561
2347 4 3 0.0600 699.1004 -3.859 -0.026
2348 4 2 -0.1200 699.2363999999999 0.0 0.0
2349 4 9 0.2200 700.7443999999999 0.0 0.0
2350 4 6 -0.3300 701.2843999999999 0.48999999999999994 -1.196
2351 4 4 0.5100 701.0453999999999 -0.08300000000000016 -2.426
2352 4 5 -0.4300 700.3093999999999 -1.1070000000000002 -2.552
2353 4 1 -0.1800 701.6664 0.5149999999999998 -3.63
2354 4 3 0.0600 698.8104 -0.11000000000000006 -1.019
2355 4 3 0.0600 698.8143999999999 -0.666 0.748
2356 4 7 0.0300 701.1443999999999 0.588 0.851
2357 4 3 0.0600 701.0393999999999 0.45699999999999974 -4.521
2358 4 3 0.0600 701.9853999999999 1.5609999999999997 -3.418
2359 4 3 0.0600 702.6084 -0.026000000000000235 -3.859
2360 4 2 -0.1200 702.7443999999999 0.0 0.0
2361 4 9 0.2200 704.2524 0.0 0.0
2362 4 6 -0.3300 704.7923999999999 -1.196 0.49
2363 4 4 0.5100 704.5533999999999 -2.426 -0.083
2364 4 5 -0.4300 703.8173999999999 -2.552 -1.107
2365 4 1 -0.1800 705.1744 -3.63 0.515
2366 4 3 0.0600 702.3184 -1.019 -0.11
2367 4 3 0.0600 702.3223999999999 0.748 -0.666
2368 4 7 0.0300 704.6524 0.851 0.588
2369 4 3 0.0600 704.5473999999999 -4.521 0.457
2370 4 3 0.0600 705.4934 -3.418 1.561
2371 4 3 0.0600 706.1164 -3.859 -0.026
2372 4 2 -0.1200 706.2524 0.0 0.0
2373 4 9 0.2200 707.7604 0.0 0.0
2374 4 6 -0.3300 708.3004 0.48999999999999994 -1.196
2375 4 4 0.5100 708.0613999999999 -0.08300000000000016 -2.426
2376 4 5 -0.4300 707.3254 -1.1070000000000002 -2.552
2377 4 1 -0.1800 708.6824 0.5149999999999998 -3.63
2378 4 3 0.0600 705.8264 -0.11000000000000006 -1.019
2379 4 3 0.0600 705.8303999999999 -0.666 0.748
2380 4 7 0.0300 708.1604 0.588 0.851
2381 4 3 0.0600 708.0554 0.45699999999999974 -4.521
2382 4 3 0.0600 709.0014 1.5609999999999997 -3.418
2383 4 3 0.0600 709.6244 -0.026000000000000235 -3.859
2384 4 2 -0.1200 709.7604 0.0 0.0
2385 4 9 0.2200 711.2684 0.0 0.0
2386 4 6 -0.3300 711.8084 -1.196 -0.49
2387 4 4 0.5100 711.5694 -2.426 0.083
2388 4 5 -0.4300 710.8334 -2.552 1.107
2389 4 1 -0.1800 712.1904000000001 -3.63 -0.515
2390 4 3 0.0600 709.3344000000001 -1.019 0.11
2391 4 3 0.0600 709.3384 0.748 0.666
2392 4 7 0.0300 711.6684 0.851 -0.588
2393 4 3 0.0600 711.5634 -4.521 -0.457
2394 4 3 0.0600 712.5094 -3.418 -1.561
2395 4 3 0.0600 713.1324000000001 -3.859 0.026
2396 4 2 -0.1200 711.5423999999999 0.0 0.0
2397 4 8 0.1900 712.1153999999999 -0.48699999999999993 1.269
2398 4 6 -0.3300 713.4473999999999 -0.8969999999999999 1.192
2399 4 4 0.5100 714.4953999999999 -0.06399999999999995 0.807
2400 4 5 -0.4300 714.2593999999999 1.143 0.5039999999999999
2401 4 1 -0.1800 715.9024 -0.577 0.748
2402 4 3 0.0600 711.3553999999999 1.049 -0.11600000000000008
2403 4 3 0.0600 711.2914 -0.709 -0.759
2404 4 7 0.0300 711.5164 -1.377 1.587
2405 4 7 0.0300 711.9763999999999 0.2570000000000001 2.079
2406 4 3 0.0600 716.3753999999999 -0.5529999999999999 1.738
2407 4 3 0.0600 715.8793999999999 -1.652 0.4330000000000001
2408 4 3 0.0600 716.5024 0.0 0.0
2409 5 1 -0.1800 -0.763 180.7041 0.0
2410 5 9 0.2200 0.763 180.7041 0.0
2411 5 6 -0.3300 1.206 180.21110000000002 -1.254
2412 5 4 0.5100 2.595 180.1431 -1.426
2413 5 5 -0.4300 3.385 180.5001 -0.517
2414 5 1 -0.1800 3.173 179.64010000000002 -2.705
2415 5 3 0.0600 -1.129 179.68110000000001 -0.168
2416 5 3 0.0600 -1.139 181.07610000000003 0.973
2417 5 3 0.0600 -1.073 181.35410000000002 -0.832
2418 5 7 0.0300 1.173 181.7041 0.146
2419 5 3 0.0600 2.365 179.2521 -3.336
2420 5 3 0.0600 3.791 180.42010000000002 -3.204
2421 5 3 0.0600 3.887 178.8291 -2.397
2422 5 2 -0.1200 2.772 180.7041 0.0
2423 5 9 0.2200 4.279999999999999 180.7041 0.0
2424 5 6 -0.3300 4.82 180.2141 -1.196
2425 5 4 0.5100 4.5809999999999995 180.7871 -2.426
2426 5 5 -0.4300 3.8449999999999998 181.8111 -2.552
2427 5 1 -0.1800 5.202 180.18910000000002 -3.63
2428 5 3 0.0600 2.346 180.81410000000002 -1.019
2429 5 3 0.0600 2.3499999999999996 181.3701 0.748
2430 5 7 0.0300 4.68 180.11610000000002 0.851
2431 5 3 0.0600 4.574999999999999 180.24710000000002 -4.521
2432 5 3 0.0600 5.521 179.1431 -3.418
2433 5 3 0.0600 6.144 180.73010000000002 -3.859
2434 5 2 -0.1200 6.279999999999999 180.7041 0.0
2435 5 9 0.2200 7.788 180.7041 0.0
2436 5 6 -0.3300 8.328 179.5081 -0.49
2437 5 4 0.5100 8.089 178.27810000000002 0.083
2438 5 5 -0.4300 7.353 178.15210000000002 1.107
2439 5 1 -0.1800 8.709999999999999 177.07410000000002 -0.515
2440 5 3 0.0600 5.854 179.6851 0.11
2441 5 3 0.0600 5.858 181.4521 0.666
2442 5 7 0.0300 8.187999999999999 181.5551 -0.588
2443 5 3 0.0600 8.083 176.18310000000002 -0.457
2444 5 3 0.0600 9.029 177.2861 -1.561
2445 5 3 0.0600 9.652 176.8451 0.026
2446 5 2 -0.1200 9.788 180.7041 0.0
2447 5 9 0.2200 11.296 180.7041 0.0
2448 5 6 -0.3300 11.836 180.2141 -1.196
2449 5 4 0.5100 11.597 180.7871 -2.426
2450 5 5 -0.4300 10.861 181.8111 -2.552
2451 5 1 -0.1800 12.218 180.18910000000002 -3.63
2452 5 3 0.0600 9.362 180.81410000000002 -1.019
2453 5 3 0.0600 9.366 181.3701 0.748
2454 5 7 0.0300 11.696 180.11610000000002 0.851
2455 5 3 0.0600 11.591 180.24710000000002 -4.521
2456 5 3 0.0600 12.536999999999999 179.1431 -3.418
2457 5 3 0.0600 13.16 180.73010000000002 -3.859
2458 5 2 -0.1200 13.296000000000001 180.7041 0.0
2459 5 9 0.2200 14.804 180.7041 0.0
2460 5 6 -0.3300 15.344000000000001 179.5081 -0.49
2461 5 4 0.5100 15.105 178.27810000000002 0.083
2462 5 5 -0.4300 14.369000000000002 178.15210000000002 1.107
2463 5 1 -0.1800 15.726 177.07410000000002 -0.515
2464 5 3 0.0600 12.870000000000001 179.6851 0.11
2465 5 3 0.0600 12.874 181.4521 0.666
2466 5 7 0.0300 15.204 181.5551 -0.588
2467 5 3 0.0600 15.099 176.18310000000002 -0.457
2468 5 3 0.0600 16.045 177.2861 -1.561
2469 5 3 0.0600 16.668 176.8451 0.026
2470 5 2 -0.1200 16.804 180.7041 0.0
2471 5 9 0.2200 18.312 180.7041 0.0
2472 5 6 -0.3300 18.852 181.19410000000002 -1.196
2473 5 4 0.5100 18.613 180.6211 -2.426
2474 5 5 -0.4300 17.877 179.5971 -2.552
2475 5 1 -0.1800 19.233999999999998 181.2191 -3.63
2476 5 3 0.0600 16.378 180.5941 -1.019
2477 5 3 0.0600 16.382 180.03810000000001 0.748
2478 5 7 0.0300 18.712 181.2921 0.851
2479 5 3 0.0600 18.607 181.1611 -4.521
2480 5 3 0.0600 19.553 182.26510000000002 -3.418
2481 5 3 0.0600 20.176 180.6781 -3.859
2482 5 2 -0.1200 20.311999999999998 180.7041 0.0
2483 5 9 0.2200 21.82 180.7041 0.0
2484 5 6 -0.3300 22.36 179.5081 0.49
2485 5 4 0.5100 22.121 178.27810000000002 -0.083
2486 5 5 -0.4300 21.384999999999998 178.15210000000002 -1.107
2487 5 1 -0.1800 22.741999999999997 177.07410000000002 0.515
2488 5 3 0.0600 19.886 179.6851 -0.11
2489 5 3 0.0600 19.89 181.4521 -0.666
2490 5 7 0.0300 22.22 181.5551 0.588
2491 5 3 0.0600 22.115 176.18310000000002 0.457
2492 5 3 0.0600 23.061 177.2861 1.561
2493 5 3 0.0600 23.683999999999997 176.8451 -0.026
2494 5 2 -0.1200 23.82 180.7041 0.0
2495 5 9 0.2200 25.328000000000003 180.7041 0.0
2496 5 6 -0.3300 25.868000000000002 180.2141 -1.196
2497 5 4 0.5100 25.629 180.7871 -2.426
2498 5 5 -0.4300 24.893 181.8111 -2.552
2499 5 1 -0.1800 26.25 180.18910000000002 -3.63
2500 5 3 0.0600 23.394000000000002 180.81410000000002 -1.019
2501 5 3 0.0600 23.398000000000003 181.3701 0.748
2502 5 7 0.0300 25.728 180.11610000000002 0.851
2503 5 3 0.0600 25.623 180.24710000000002 -4.521
2504 5 3 0.0600 26.569000000000003 179.1431 -3.418
2505 5 3 0.0600 27.192 180.73010000000002 -3.859
2506 5 2 -0.1200 27.328 180.7041 0.0
2507 5 9 0.2200 28.836000000000002 180.7041 0.0
2508 5 6 -0.3300 29.376 179.5081 -0.49
2509 5 4 0.5100 29.137 178.27810000000002 0.083
2510 5 5 -0.4300 28.401 178.15210000000002 1.107
2511 5 1 -0.1800 29.758 177.07410000000002 -0.515
2512 5 3 0.0600 26.902 179.6851 0.11
2513 5 3 0.0600 26.906000000000002 181.4521 0.666
2514 5 7 0.0300 29.236 181.5551 -0.588
2515 5 3 0.0600 29.131 176.18310000000002 -0.457
2516 5 3 0.0600 30.077 177.2861 -1.561
2517 5 3 0.0600 30.7 176.8451 0.026
2518 5 2 -0.1200 30.836 180.7041 0.0
2519 5 9 0.2200 32.344 180.7041 0.0
2520 5 6 -0.3300 32.884 180.2141 -1.196
2521 5 4 0.5100 32.645 180.7871 -2.426
2522 5 5 -0.4300 31.909 181.8111 -2.552
2523 5 1 -0.1800 33.266 180.18910000000002 -3.63
2524 5 3 0.0600 30.41 180.81410000000002 -1.019
2525 5 3 0.0600 30.414 181.3701 0.748
2526 5 7 0.0300 32.744 180.11610000000002 0.851
2527 5 3 0.0600 32.639 180.24710000000002 -4.521
2528 5 3 0.0600 33.585 179.1431 -3.418
2529 5 3 0.0600 34.208 180.73010000000002 -3.859
2530 5 2 -0.1200 34.344 180.7041 0.0
2531 5 9 0.2200 35.852 180.7041 0.0
2532 5 6 -0.3300 36.391999999999996 179.5081 -0.49
2533 5 4 0.5100 36.153 178.27810000000002 0.083
2534 5 5 -0.4300 35.417 178.15210000000002 1.107
2535 5 1 -0.1800 36.774 177.07410000000002 -0.515
2536 5 3 0.0600 33.918 179.6851 0.11
2537 5 3 0.0600 33.922 181.4521 0.666
2538 5 7 0.0300 36.251999999999995 181.5551 -0.588
2539 5 3 0.0600 36.147 176.18310000000002 -0.457
2540 5 3 0.0600 37.092999999999996 177.2861 -1.561
2541 5 3 0.0600 37.716 176.8451 0.026
2542 5 2 -0.1200 37.852000000000004 180.7041 0.0
2543 5 9 0.2200 39.36 180.7041 0.0
2544 5 6 -0.3300 39.9 181.19410000000002 -1.196
2545 5 4 0.5100 39.661 180.6211 -2.426
2546 5 5 -0.4300 38.925000000000004 179.5971 -2.552
2547 5 1 -0.1800 40.282000000000004 181.2191 -3.63
2548 5 3 0.0600 37.426 180.5941 -1.019
2549 5 3 0.0600 37.43 180.03810000000001 0.748
2550 5 7 0.0300 39.760000000000005 181.2921 0.851
2551 5 3 0.0600 39.655 181.1611 -4.521
2552 5 3 0.0600 40.601 182.26510000000002 -3.418
2553 5 3 0.0600 41.224000000000004 180.6781 -3.859
2554 5 2 -0.1200 41.36 180.7041 0.0
2555 5 9 0.2200 42.867999999999995 180.7041 0.0
2556 5 6 -0.3300 43.407999999999994 179.5081 0.49
2557 5 4 0.5100 43.169 178.27810000000002 -0.083
2558 5 5 -0.4300 42.433 178.15210000000002 -1.107
2559 5 1 -0.1800 43.79 177.07410000000002 0.515
2560 5 3 0.0600 40.934 179.6851 -0.11
2561 5 3 0.0600 40.937999999999995 181.4521 -0.666
2562 5 7 0.0300 43.268 181.5551 0.588
2563 5 3 0.0600 43.163 176.18310000000002 0.457
2564 5 3 0.0600 44.108999999999995 177.2861 1.561
2565 5 3 0.0600 44.732 176.8451 -0.026
2566 5 2 -0.1200 44.868 180.7041 0.0
2567 5 9 0.2200 46.376 180.7041 0.0
2568 5 6 -0.3300 46.916 181.19410000000002 -1.196
2569 5 4 0.5100 46.677 180.6211 -2.426
2570 5 5 -0.4300 45.941 179.5971 -2.552
2571 5 1 -0.1800 47.298 181.2191 -3.63
2572 5 3 0.0600 44.442 180.5941 -1.019
2573 5 3 0.0600 44.446 180.03810000000001 0.748
2574 5 7 0.0300 46.775999999999996 181.2921 0.851
2575 5 3 0.0600 46.671 181.1611 -4.521
2576 5 3 0.0600 47.617 182.26510000000002 -3.418
2577 5 3 0.0600 48.24 180.6781 -3.859
2578 5 2 -0.1200 48.376000000000005 180.7041 0.0
2579 5 9 0.2200 49.884 180.7041 0.0
2580 5 6 -0.3300 50.424 179.5081 0.49
2581 5 4 0.5100 50.185 178.27810000000002 -0.083
2582 5 5 -0.4300 49.449000000000005 178.15210000000002 -1.107
2583 5 1 -0.1800 50.806000000000004 177.07410000000002 0.515
2584 5 3 0.0600 47.95 179.6851 -0.11
2585 5 3 0.0600 47.954 181.4521 -0.666
2586 5 7 0.0300 50.284000000000006 181.5551 0.588
2587 5 3 0.0600 50.179 176.18310000000002 0.457
2588 5 3 0.0600 51.125 177.2861 1.561
2589 5 3 0.0600 51.748000000000005 176.8451 -0.026
2590 5 2 -0.1200 51.884 180.7041 0.0
2591 5 9 0.2200 53.391999999999996 180.7041 0.0
2592 5 6 -0.3300 53.931999999999995 181.19410000000002 -1.196
2593 5 4 0.5100 53.693 180.6211 -2.426
2594 5 5 -0.4300 52.957 179.5971 -2.552
2595 5 1 -0.1800 54.314 181.2191 -3.63
2596 5 3 0.0600 51.458 180.5941 -1.019
2597 5 3 0.0600 51.461999999999996 180.03810000000001 0.748
2598 5 7 0.0300 53.792 181.2921 0.851
2599 5 3 0.0600 53.687 181.1611 -4.521
2600 5 3 0.0600 54.632999999999996 182.26510000000002 -3.418
2601 5 3 0.0600 55.256 180.6781 -3.859
2602 5 2 -0.1200 55.392 180.7041 0.0
2603 5 9 0.2200 56.9 180.7041 0.0
2604 5 6 -0.3300 57.44 179.5081 -0.49
2605 5 4 0.5100 57.201 178.27810000000002 0.083
2606 5 5 -0.4300 56.465 178.15210000000002 1.107
2607 5 1 -0.1800 57.822 177.07410000000002 -0.515
2608 5 3 0.0600 54.966 179.6851 0.11
2609 5 3 0.0600 54.97 181.4521 0.666
2610 5 7 0.0300 57.3 181.5551 -0.588
2611 5 3 0.0600 57.195 176.18310000000002 -0.457
2612 5 3 0.0600 58.141 177.2861 -1.561
2613 5 3 0.0600 58.764 176.8451 0.026
2614 5 2 -0.1200 58.900000000000006 180.7041 0.0
2615 5 9 0.2200 60.408 180.7041 0.0
2616 5 6 -0.3300 60.948 180.2141 -1.196
2617 5 4 0.5100 60.709 180.7871 -2.426
2618 5 5 -0.4300 59.973000000000006 181.8111 -2.552
2619 5 1 -0.1800 61.330000000000005 180.18910000000002 -3.63
2620 5 3 0.0600 58.474000000000004 180.81410000000002 -1.019
2621 5 3 0.0600 58.478 181.3701 0.748
2622 5 7 0.0300 60.80800000000001 180.11610000000002 0.851
2623 5 3 0.0600 60.703 180.24710000000002 -4.521
2624 5 3 0.0600 61.649 179.1431 -3.418
2625 5 3 0.0600 62.272000000000006 180.73010000000002 -3.859
2626 5 2 -0.1200 62.408 180.7041 0.0
2627 5 9 0.2200 63.916 180.7041 0.0
2628 5 6 -0.3300 64.456 179.5081 -0.49
2629 5 4 0.5100 64.217 178.27810000000002 0.083
2630 5 5 -0.4300 63.481 178.15210000000002 1.107
2631 5 1 -0.1800 64.838 177.07410000000002 -0.515
2632 5 3 0.0600 61.982 179.6851 0.11
2633 5 3 0.0600 61.986 181.4521 0.666
2634 5 7 0.0300 64.316 181.5551 -0.588
2635 5 3 0.0600 64.211 176.18310000000002 -0.457
2636 5 3 0.0600 65.157 177.2861 -1.561
2637 5 3 0.0600 65.78 176.8451 0.026
2638 5 2 -0.1200 65.916 180.7041 0.0
2639 5 9 0.2200 67.424 180.7041 0.0
2640 5 6 -0.3300 67.964 181.19410000000002 -1.196
2641 5 4 0.5100 67.72500000000001 180.6211 -2.426
2642 5 5 -0.4300 66.989 179.5971 -2.552
2643 5 1 -0.1800 68.346 181.2191 -3.63
2644 5 3 0.0600 65.49 180.5941 -1.019
2645 5 3 0.0600 65.494 180.03810000000001 0.748
2646 5 7 0.0300 67.824 181.2921 0.851
2647 5 3 0.0600 67.71900000000001 181.1611 -4.521
2648 5 3 0.0600 68.665 182.26510000000002 -3.418
2649 5 3 0.0600 69.288 180.6781 -3.859
2650 5 2 -0.1200 69.42399999999999 180.7041 0.0
2651 5 9 0.2200 70.932 180.7041 0.0
2652 5 6 -0.3300 71.472 179.5081 -0.49
2653 5 4 0.5100 71.233 178.27810000000002 0.083
2654 5 5 -0.4300 70.497 178.15210000000002 1.107
2655 5 1 -0.1800 71.854 177.07410000000002 -0.515
2656 5 3 0.0600 68.99799999999999 179.6851 0.11
2657 5 3 0.0600 69.002 181.4521 0.666
2658 5 7 0.0300 71.332 181.5551 -0.588
2659 5 3 0.0600 71.227 176.18310000000002 -0.457
2660 5 3 0.0600 72.173 177.2861 -1.561
2661 5 3 0.0600 72.79599999999999 176.8451 0.026
2662 5 2 -0.1200 72.932 180.7041 0.0
2663 5 9 0.2200 74.44000000000001 180.7041 0.0
2664 5 6 -0.3300 74.98 180.2141 -1.196
2665 5 4 0.5100 74.74100000000001 180.7871 -2.426
2666 5 5 -0.4300 74.00500000000001 181.8111 -2.552
2667 5 1 -0.1800 75.36200000000001 180.18910000000002 -3.63
2668 5 3 0.0600 72.506 180.81410000000002 -1.019
2669 5 3 0.0600 72.51 181.3701 0.748
2670 5 7 0.0300 74.84 180.11610000000002 0.851
2671 5 3 0.0600 74.73500000000001 180.24710000000002 -4.521
2672 5 3 0.0600 75.68100000000001 179.1431 -3.418
2673 5 3 0.0600 76.304 180.73010000000002 -3.859
2674 5 2 -0.1200 76.44 180.7041 0.0
2675 5 9 0.2200 77.94800000000001 180.7041 0.0
2676 5 6 -0.3300 78.488 179.5081 0.49
2677 5 4 0.5100 78.24900000000001 178.27810000000002 -0.083
2678 5 5 -0.4300 77.513 178.15210000000002 -1.107
2679 5 1 -0.1800 78.87 177.07410000000002 0.515
2680 5 3 0.0600 76.014 179.6851 -0.11
2681 5 3 0.0600 76.018 181.4521 -0.666
2682 5 7 0.0300 78.348 181.5551 0.588
2683 5 3 0.0600 78.24300000000001 176.18310000000002 0.457
2684 5 3 0.0600 79.18900000000001 177.2861 1.561
2685 5 3 0.0600 79.812 176.8451 -0.026
2686 5 2 -0.1200 79.948 180.7041 0.0
2687 5 9 0.2200 81.456 180.7041 0.0
2688 5 6 -0.3300 81.996 180.2141 -1.196
2689 5 4 0.5100 81.757 180.7871 -2.426
2690 5 5 -0.4300 81.021 181.8111 -2.552
2691 5 1 -0.1800 82.378 180.18910000000002 -3.63
2692 5 3 0.0600 79.52199999999999 180.81410000000002 -1.019
2693 5 3 0.0600 79.526 181.3701 0.748
2694 5 7 0.0300 81.856 180.11610000000002 0.851
2695 5 3 0.0600 81.751 180.24710000000002 -4.521
2696 5 3 0.0600 82.697 179.1431 -3.418
2697 5 3 0.0600 83.32 180.73010000000002 -3.859
2698 5 2 -0.1200 83.45599999999999 180.7041 0.0
2699 5 9 0.2200 84.964 180.7041 0.0
2700 5 6 -0.3300 85.50399999999999 179.5081 0.49
2701 5 4 0.5100 85.265 178.27810000000002 -0.083
2702 5 5 -0.4300 84.529 178.15210000000002 -1.107
2703 5 1 -0.1800 85.886 177.07410000000002 0.515
2704 5 3 0.0600 83.02999999999999 179.6851 -0.11
2705 5 3 0.0600 83.03399999999999 181.4521 -0.666
2706 5 7 0.0300 85.36399999999999 181.5551 0.588
2707 5 3 0.0600 85.259 176.18310000000002 0.457
2708 5 3 0.0600 86.205 177.2861 1.561
2709 5 3 0.0600 86.82799999999999 176.8451 -0.026
2710 5 2 -0.1200 86.964 180.7041 0.0
2711 5 9 0.2200 88.47200000000001 180.7041 0.0
2712 5 6 -0.3300 89.012 180.2141 -1.196
2713 5 4 0.5100 88.77300000000001 180.7871 -2.426
2714 5 5 -0.4300 88.037 181.8111 -2.552
2715 5 1 -0.1800 89.394 180.18910000000002 -3.63
2716 5 3 0.0600 86.538 180.81410000000002 -1.019
2717 5 3 0.0600 86.542 181.3701 0.748
2718 5 7 0.0300 88.872 180.11610000000002 0.851
2719 5 3 0.0600 88.76700000000001 180.24710000000002 -4.521
2720 5 3 0.0600 89.71300000000001 179.1431 -3.418
2721 5 3 0.0600 90.336 180.73010000000002 -3.859
2722 5 2 -0.1200 90.472 180.7041 0.0
2723 5 9 0.2200 91.98 180.7041 0.0
2724 5 6 -0.3300 92.52 179.5081 -0.49
2725 5 4 0.5100 92.281 178.27810000000002 0.083
2726 5 5 -0.4300 91.545 178.15210000000002 1.107
2727 5 1 -0.1800 92.902 177.07410000000002 -0.515
2728 5 3 0.0600 90.04599999999999 179.6851 0.11
2729 5 3 0.0600 90.05 181.4521 0.666
2730 5 7 0.0300 92.38 181.5551 -0.588
2731 5 3 0.0600 92.275 176.18310000000002 -0.457
2732 5 3 0.0600 93.221 177.2861 -1.561
2733 5 3 0.0600 93.844 176.8451 0.026
2734 5 2 -0.1200 93.97999999999999 180.7041 0.0
2735 5 9 0.2200 95.488 180.7041 0.0
2736 5 6 -0.3300 96.02799999999999 180.2141 -1.196
2737 5 4 0.5100 95.789 180.7871 -2.426
2738 5 5 -0.4300 95.053 181.8111 -2.552
2739 5 1 -0.1800 96.41 180.18910000000002 -3.63
2740 5 3 0.0600 93.55399999999999 180.81410000000002 -1.019
2741 5 3 0.0600 93.55799999999999 181.3701 0.748
2742 5 7 0.0300 95.88799999999999 180.11610000000002 0.851
2743 5 3 0.0600 95.783 180.24710000000002 -4.521
2744 5 3 0.0600 96.729 179.1431 -3.418
2745 5 3 0.0600 97.35199999999999 180.73010000000002 -3.859
2746 5 2 -0.1200 97.488 180.7041 0.0
2747 5 9 0.2200 98.99600000000001 180.7041 0.0
2748 5 6 -0.3300 99.536 179.5081 -0.49
2749 5 4 0.5100 99.29700000000001 178.27810000000002 0.083
2750 5 5 -0.4300 98.561 178.15210000000002 1.107
2751 5 1 -0.1800 99.918 177.07410000000002 -0.515
2752 5 3 0.0600 97.062 179.6851 0.11
2753 5 3 0.0600 97.066 181.4521 0.666
2754 5 7 0.0300 99.396 181.5551 -0.588
2755 5 3 0.0600 99.29100000000001 176.18310000000002 -0.457
2756 5 3 0.0600 100.23700000000001 177.2861 -1.561
2757 5 3 0.0600 100.86 176.8451 0.026
2758 5 2 -0.1200 100.996 180.7041 0.0
2759 5 9 0.2200 102.504 180.7041 0.0
2760 5 6 -0.3300 103.044 181.19410000000002 -1.196
2761 5 4 0.5100 102.805 180.6211 -2.426
2762 5 5 -0.4300 102.069 179.5971 -2.552
2763 5 1 -0.1800 103.426 181.2191 -3.63
2764 5 3 0.0600 100.57 180.5941 -1.019
2765 5 3 0.0600 100.574 180.03810000000001 0.748
2766 5 7 0.0300 102.904 181.2921 0.851
2767 5 3 0.0600 102.799 181.1611 -4.521
2768 5 3 0.0600 103.745 182.26510000000002 -3.418
2769 5 3 0.0600 104.368 180.6781 -3.859
2770 5 2 -0.1200 104.50399999999999 180.7041 0.0
2771 5 9 0.2200 106.012 180.7041 0.0
2772 5 6 -0.3300 106.55199999999999 179.5081 -0.49
2773 5 4 0.5100 106.313 178.27810000000002 0.083
2774 5 5 -0.4300 105.577 178.15210000000002 1.107
2775 5 1 -0.1800 106.934 177.07410000000002 -0.515
2776 5 3 0.0600 104.07799999999999 179.6851 0.11
2777 5 3 0.0600 104.082 181.4521 0.666
2778 5 7 0.0300 106.41199999999999 181.5551 -0.588
2779 5 3 0.0600 106.307 176.18310000000002 -0.457
2780 5 3 0.0600 107.253 177.2861 -1.561
2781 5 3 0.0600 107.87599999999999 176.8451 0.026
2782 5 2 -0.1200 108.012 180.7041 0.0
2783 5 9 0.2200 109.52000000000001 180.7041 0.0
2784 5 6 -0.3300 110.06 181.19410000000002 -1.196
2785 5 4 0.5100 109.82100000000001 180.6211 -2.426
2786 5 5 -0.4300 109.08500000000001 179.5971 -2.552
2787 5 1 -0.1800 110.44200000000001 181.2191 -3.63
2788 5 3 0.0600 107.586 180.5941 -1.019
2789 5 3 0.0600 107.59 180.03810000000001 0.748
2790 5 7 0.0300 109.92 181.2921 0.851
2791 5 3 0.0600 109.81500000000001 181.1611 -4.521
2792 5 3 0.0600 110.76100000000001 182.26510000000002 -3.418
2793 5 3 0.0600 111.384 180.6781 -3.859
2794 5 2 -0.1200 111.52 180.7041 0.0
2795 5 9 0.2200 113.028 180.7041 0.0
2796 5 6 -0.3300 113.568 179.5081 -0.49
2797 5 4 0.5100 113.32900000000001 178.27810000000002 0.083
2798 5 5 -0.4300 112.593 178.15210000000002 1.107
2799 5 1 -0.1800 113.95 177.07410000000002 -0.515
2800 5 3 0.0600 111.094 179.6851 0.11
2801 5 3 0.0600 111.098 181.4521 0.666
2802 5 7 0.0300 113.428 181.5551 -0.588
2803 5 3 0.0600 113.32300000000001 176.18310000000002 -0.457
2804 5 3 0.0600 114.269 177.2861 -1.561
2805 5 3 0.0600 114.892 176.8451 0.026
2806 5 2 -0.1200 115.02799999999999 180.7041 0.0
2807 5 9 0.2200 116.536 180.7041 0.0
2808 5 6 -0.3300 117.076 181.19410000000002 -1.196
2809 5 4 0.5100 116.837 180.6211 -2.426
2810 5 5 -0.4300 116.101 179.5971 -2.552
2811 5 1 -0.1800 117.458 181.2191 -3.63
2812 5 3 0.0600 114.60199999999999 180.5941 -1.019
2813 5 3 0.0600 114.606 180.03810000000001 0.748
2814 5 7 0.0300 116.93599999999999 181.2921 0.851
2815 5 3 0.0600 116.831 181.1611 -4.521
2816 5 3 0.0600 117.777 182.26510000000002 -3.418
2817 5 3 0.0600 118.39999999999999 180.6781 -3.859
2818 5 2 -0.1200 118.536 180.7041 0.0
2819 5 9 0.2200 120.04400000000001 180.7041 0.0
2820 5 6 -0.3300 120.584 179.5081 -0.49
2821 5 4 0.5100 120.34500000000001 178.27810000000002 0.083
2822 5 5 -0.4300 119.60900000000001 178.15210000000002 1.107
2823 5 1 -0.1800 120.96600000000001 177.07410000000002 -0.515
2824 5 3 0.0600 118.11 179.6851 0.11
2825 5 3 0.0600 118.114 181.4521 0.666
2826 5 7 0.0300 120.444 181.5551 -0.588
2827 5 3 0.0600 120.33900000000001 176.18310000000002 -0.457
2828 5 3 0.0600 121.28500000000001 177.2861 -1.561
2829 5 3 0.0600 121.908 176.8451 0.026
2830 5 2 -0.1200 122.044 180.7041 0.0
2831 5 9 0.2200 123.552 180.7041 0.0
2832 5 6 -0.3300 124.092 180.2141 -1.196
2833 5 4 0.5100 123.85300000000001 180.7871 -2.426
2834 5 5 -0.4300 123.117 181.8111 -2.552
2835 5 1 -0.1800 124.474 180.18910000000002 -3.63
2836 5 3 0.0600 121.618 180.81410000000002 -1.019
2837 5 3 0.0600 121.622 181.3701 0.748
2838 5 7 0.0300 123.952 180.11610000000002 0.851
2839 5 3 0.0600 123.84700000000001 180.24710000000002 -4.521
2840 5 3 0.0600 124.793 179.1431 -3.418
2841 5 3 0.0600 125.416 180.73010000000002 -3.859
2842 5 2 -0.1200 125.55199999999999 180.7041 0.0
2843 5 9 0.2200 127.06 180.7041 0.0
2844 5 6 -0.3300 127.6 179.5081 0.49
2845 5 4 0.5100 127.361 178.27810000000002 -0.083
2846 5 5 -0.4300 126.625 178.15210000000002 -1.107
2847 5 1 -0.1800 127.982 177.07410000000002 0.515
2848 5 3 0.0600 125.12599999999999 179.6851 -0.11
2849 5 3 0.0600 125.13 181.4521 -0.666
2850 5 7 0.0300 127.46 181.5551 0.588
2851 5 3 0.0600 127.355 176.18310000000002 0.457
2852 5 3 0.0600 128.301 177.2861 1.561
2853 5 3 0.0600 128.924 176.8451 -0.026
2854 5 2 -0.1200 129.06 180.7041 0.0
2855 5 9 0.2200 130.56799999999998 180.7041 0.0
2856 5 6 -0.3300 131.108 181.19410000000002 -1.196
2857 5 4 0.5100 130.869 180.6211 -2.426
2858 5 5 -0.4300 130.13299999999998 179.5971 -2.552
2859 5 1 -0.1800 131.48999999999998 181.2191 -3.63
2860 5 3 0.0600 128.634 180.5941 -1.019
2861 5 3 0.0600 128.638 180.03810000000001 0.748
2862 5 7 0.0300 130.968 181.2921 0.851
2863 5 3 0.0600 130.863 181.1611 -4.521
2864 5 3 0.0600 131.809 182.26510000000002 -3.418
2865 5 3 0.0600 132.432 180.6781 -3.859
2866 5 2 -0.1200 132.568 180.7041 0.0
2867 5 9 0.2200 134.076 180.7041 0.0
2868 5 6 -0.3300 134.616 179.5081 -0.49
2869 5 4 0.5100 134.377 178.27810000000002 0.083
2870 5 5 -0.4300 133.641 178.15210000000002 1.107
2871 5 1 -0.1800 134.998 177.07410000000002 -0.515
2872 5 3 0.0600 132.142 179.6851 0.11
2873 5 3 0.0600 132.14600000000002 181.4521 0.666
2874 5 7 0.0300 134.476 181.5551 -0.588
2875 5 3 0.0600 134.371 176.18310000000002 -0.457
2876 5 3 0.0600 135.317 177.2861 -1.561
2877 5 3 0.0600 135.94 176.8451 0.026
2878 5 2 -0.1200 136.07600000000002 180.7041 0.0
2879 5 9 0.2200 137.584 180.7041 0.0
2880 5 6 -0.3300 138.12400000000002 181.19410000000002 -1.196
2881 5 4 0.5100 137.88500000000002 180.6211 -2.426
2882 5 5 -0.4300 137.149 179.5971 -2.552
2883 5 1 -0.1800 138.506 181.2191 -3.63
2884 5 3 0.0600 135.65 180.5941 -1.019
2885 5 3 0.0600 135.65400000000002 180.03810000000001 0.748
2886 5 7 0.0300 137.984 181.2921 0.851
2887 5 3 0.0600 137.87900000000002 181.1611 -4.521
2888 5 3 0.0600 138.82500000000002 182.26510000000002 -3.418
2889 5 3 0.0600 139.448 180.6781 -3.859
2890 5 2 -0.1200 139.584 180.7041 0.0
2891 5 9 0.2200 141.09199999999998 180.7041 0.0
2892 5 6 -0.3300 141.632 179.5081 -0.49
2893 5 4 0.5100 141.393 178.27810000000002 0.083
2894 5 5 -0.4300 140.65699999999998 178.15210000000002 1.107
2895 5 1 -0.1800 142.01399999999998 177.07410000000002 -0.515
2896 5 3 0.0600 139.158 179.6851 0.11
2897 5 3 0.0600 139.162 181.4521 0.666
2898 5 7 0.0300 141.492 181.5551 -0.588
2899 5 3 0.0600 141.387 176.18310000000002 -0.457
2900 5 3 0.0600 142.333 177.2861 -1.561
2901 5 3 0.0600 142.956 176.8451 0.026
2902 5 2 -0.1200 143.092 180.7041 0.0
2903 5 9 0.2200 144.6 180.7041 0.0
2904 5 6 -0.3300 145.14000000000001 181.19410000000002 -1.196
2905 5 4 0.5100 144.901 180.6211 -2.426
2906 5 5 -0.4300 144.165 179.5971 -2.552
2907 5 1 -0.1800 145.522 181.2191 -3.63
2908 5 3 0.0600 142.666 180.5941 -1.019
2909 5 3 0.0600 142.67000000000002 180.03810000000001 0.748
2910 5 7 0.0300 145.0 181.2921 0.851
2911 5 3 0.0600 144.895 181.1611 -4.521
2912 5 3 0.0600 145.841 182.26510000000002 -3.418
2913 5 3 0.0600 146.464 180.6781 -3.859
2914 5 2 -0.1200 146.60000000000002 180.7041 0.0
2915 5 9 0.2200 148.108 180.7041 0.0
2916 5 6 -0.3300 148.64800000000002 179.5081 0.49
2917 5 4 0.5100 148.40900000000002 178.27810000000002 -0.083
2918 5 5 -0.4300 147.673 178.15210000000002 -1.107
2919 5 1 -0.1800 149.03 177.07410000000002 0.515
2920 5 3 0.0600 146.174 179.6851 -0.11
2921 5 3 0.0600 146.17800000000003 181.4521 -0.666
2922 5 7 0.0300 148.508 181.5551 0.588
2923 5 3 0.0600 148.40300000000002 176.18310000000002 0.457
2924 5 3 0.0600 149.34900000000002 177.2861 1.561
2925 5 3 0.0600 149.972 176.8451 -0.026
2926 5 2 -0.1200 150.108 180.7041 0.0
2927 5 9 0.2200 151.61599999999999 180.7041 0.0
2928 5 6 -0.3300 152.156 180.2141 -1.196
2929 5 4 0.5100 151.917 180.7871 -2.426
2930 5 5 -0.4300 151.18099999999998 181.8111 -2.552
2931 5 1 -0.1800 152.53799999999998 180.18910000000002 -3.63
2932 5 3 0.0600 149.682 180.81410000000002 -1.019
2933 5 3 0.0600 149.686 181.3701 0.748
2934 5 7 0.0300 152.016 180.11610000000002 0.851
2935 5 3 0.0600 151.911 180.24710000000002 -4.521
2936 5 3 0.0600 152.857 179.1431 -3.418
2937 5 3 0.0600 153.48 180.73010000000002 -3.859
2938 5 2 -0.1200 153.616 180.7041 0.0
2939 5 9 0.2200 155.124 180.7041 0.0
2940 5 6 -0.3300 155.66400000000002 179.5081 -0.49
2941 5 4 0.5100 155.425 178.27810000000002 0.083
2942 5 5 -0.4300 154.689 178.15210000000002 1.107
2943 5 1 -0.1800 156.046 177.07410000000002 -0.515
2944 5 3 0.0600 153.19 179.6851 0.11
2945 5 3 0.0600 153.19400000000002 181.4521 0.666
2946 5 7 0.0300 155.524 181.5551 -0.588
2947 5 3 0.0600 155.419 176.18310000000002 -0.457
2948 5 3 0.0600 156.365 177.2861 -1.561
2949 5 3 0.0600 156.988 176.8451 0.026
2950 5 2 -0.1200 157.124 180.7041 0.0
2951 5 9 0.2200 158.63199999999998 180.7041 0.0
2952 5 6 -0.3300 159.172 181.19410000000002 -1.196
2953 5 4 0.5100 158.933 180.6211 -2.426
2954 5 5 -0.4300 158.19699999999997 179.5971 -2.552
2955 5 1 -0.1800 159.55399999999997 181.2191 -3.63
2956 5 3 0.0600 156.69799999999998 180.5941 -1.019
2957 5 3 0.0600 156.702 180.03810000000001 0.748
2958 5 7 0.0300 159.03199999999998 181.2921 0.851
2959 5 3 0.0600 158.927 181.1611 -4.521
2960 5 3 0.0600 159.873 182.26510000000002 -3.418
2961 5 3 0.0600 160.49599999999998 180.6781 -3.859
2962 5 2 -0.1200 160.632 180.7041 0.0
2963 5 9 0.2200 162.14 180.7041 0.0
2964 5 6 -0.3300 162.68 179.5081 0.49
2965 5 4 0.5100 162.441 178.27810000000002 -0.083
2966 5 5 -0.4300 161.70499999999998 178.15210000000002 -1.107
2967 5 1 -0.1800 163.06199999999998 177.07410000000002 0.515
2968 5 3 0.0600 160.206 179.6851 -0.11
2969 5 3 0.0600 160.21 181.4521 -0.666
2970 5 7 0.0300 162.54 181.5551 0.588
2971 5 3 0.0600 162.435 176.18310000000002 0.457
2972 5 3 0.0600 163.381 177.2861 1.561
2973 5 3 0.0600 164.004 176.8451 -0.026
2974 5 2 -0.1200 164.14000000000001 180.7041 0.0
2975 5 9 0.2200 165.648 180.7041 0.0
2976 5 6 -0.3300 166.18800000000002 180.2141 -1.196
2977 5 4 0.5100 165.949 180.7871 -2.426
2978 5 5 -0.4300 165.213 181.8111 -2.552
2979 5 1 -0.1800 166.57 180.18910000000002 -3.63
2980 5 3 0.0600 163.714 180.81410000000002 -1.019
2981 5 3 0.0600 163.71800000000002 181.3701 0.748
2982 5 7 0.0300 166.048 180.11610000000002 0.851
2983 5 3 0.0600 165.943 180.24710000000002 -4.521
2984 5 3 0.0600 166.889 179.1431 -3.418
2985 5 3 0.0600 167.512 180.73010000000002 -3.859
2986 5 2 -0.1200 167.648 180.7041 0.0
2987 5 9 0.2200 169.15599999999998 180.7041 0.0
2988 5 6 -0.3300 169.696 179.5081 0.49
2989 5 4 0.5100 169.457 178.27810000000002 -0.083
2990 5 5 -0.4300 168.72099999999998 178.15210000000002 -1.107
2991 5 1 -0.1800 170.07799999999997 177.07410000000002 0.515
2992 5 3 0.0600 167.22199999999998 179.6851 -0.11
2993 5 3 0.0600 167.226 181.4521 -0.666
2994 5 7 0.0300 169.55599999999998 181.5551 0.588
2995 5 3 0.0600 169.451 176.18310000000002 0.457
2996 5 3 0.0600 170.397 177.2861 1.561
2997 5 3 0.0600 171.01999999999998 176.8451 -0.026
2998 5 2 -0.1200 169.43 180.7041 0.0
2999 5 8 0.1900 170.003 181.1911 1.269
3000 5 6 -0.3300 171.335 181.6011 1.192
3001 5 4 0.5100 172.383 180.7681 0.807
3002 5 5 -0.4300 172.147 179.5611 0.5040000000000001
3003 5 1 -0.1800 173.79 181.2811 0.748
3004 5 3 0.0600 169.243 179.6551 -0.11599999999999994
3005 5 3 0.0600 169.179 181.41310000000001 -0.759
3006 5 7 0.0300 169.404 182.08110000000002 1.587
3007 5 7 0.0300 169.864 180.4471 2.079
3008 5 3 0.0600 174.263 181.2571 1.738
3009 5 3 0.0600 173.767 182.3561 0.4329999999999999
3010 5 3 0.0600 174.39 180.7041 0.0
3011 6 1 -0.1800 179.9411 180.7041 0.0
3012 6 9 0.2200 181.46710000000002 180.7041 0.0
3013 6 6 -0.3300 181.9101 180.21110000000002 1.254
3014 6 4 0.5100 183.2991 180.1431 1.426
3015 6 5 -0.4300 184.0891 180.5001 0.517
3016 6 1 -0.1800 183.8771 179.64010000000002 2.705
3017 6 3 0.0600 179.57510000000002 179.68110000000001 0.168
3018 6 3 0.0600 179.5651 181.07610000000003 -0.973
3019 6 3 0.0600 179.6311 181.35410000000002 0.832
3020 6 7 0.0300 181.8771 181.7041 -0.146
3021 6 3 0.0600 183.06910000000002 179.2521 3.336
3022 6 3 0.0600 184.4951 180.42010000000002 3.204
3023 6 3 0.0600 184.5911 178.8291 2.397
3024 6 2 -0.1200 183.47610000000003 180.7041 0.0
3025 6 9 0.2200 184.9841 180.7041 0.0
3026 6 6 -0.3300 185.52410000000003 181.19410000000002 -1.196
3027 6 4 0.5100 185.28510000000003 180.6211 -2.426
3028 6 5 -0.4300 184.5491 179.5971 -2.552
3029 6 1 -0.1800 185.9061 181.2191 -3.63
3030 6 3 0.0600 183.05010000000001 180.5941 -1.019
3031 6 3 0.0600 183.05410000000003 180.03810000000001 0.748
3032 6 7 0.0300 185.38410000000002 181.2921 0.851
3033 6 3 0.0600 185.27910000000003 181.1611 -4.521
3034 6 3 0.0600 186.22510000000003 182.26510000000002 -3.418
3035 6 3 0.0600 186.84810000000002 180.6781 -3.859
3036 6 2 -0.1200 186.9841 180.7041 0.0
3037 6 9 0.2200 188.4921 180.7041 0.0
3038 6 6 -0.3300 189.0321 179.5081 -0.49
3039 6 4 0.5100 188.7931 178.27810000000002 0.083
3040 6 5 -0.4300 188.0571 178.15210000000002 1.107
3041 6 1 -0.1800 189.4141 177.07410000000002 -0.515
3042 6 3 0.0600 186.5581 179.6851 0.11
3043 6 3 0.0600 186.56210000000002 181.4521 0.666
3044 6 7 0.0300 188.8921 181.5551 -0.588
3045 6 3 0.0600 188.7871 176.18310000000002 -0.457
3046 6 3 0.0600 189.7331 177.2861 -1.561
3047 6 3 0.0600 190.3561 176.8451 0.026
3048 6 2 -0.1200 190.49210000000002 180.7041 0.0
3049 6 9 0.2200 192.0001 180.7041 0.0
3050 6 6 -0.3300 192.54010000000002 181.19410000000002 -1.196
3051 6 4 0.5100 192.30110000000002 180.6211 -2.426
3052 6 5 -0.4300 191.5651 179.5971 -2.552
3053 6 1 -0.1800 192.9221 181.2191 -3.63
3054 6 3 0.0600 190.0661 180.5941 -1.019
3055 6 3 0.0600 190.07010000000002 180.03810000000001 0.748
3056 6 7 0.0300 192.4001 181.2921 0.851
3057 6 3 0.0600 192.29510000000002 181.1611 -4.521
3058 6 3 0.0600 193.24110000000002 182.26510000000002 -3.418
3059 6 3 0.0600 193.8641 180.6781 -3.859
3060 6 2 -0.1200 194.00010000000003 180.7041 0.0
3061 6 9 0.2200 195.5081 180.7041 0.0
3062 6 6 -0.3300 196.04810000000003 179.5081 0.49
3063 6 4 0.5100 195.80910000000003 178.27810000000002 -0.083
3064 6 5 -0.4300 195.0731 178.15210000000002 -1.107
3065 6 1 -0.1800 196.4301 177.07410000000002 0.515
3066 6 3 0.0600 193.57410000000002 179.6851 -0.11
3067 6 3 0.0600 193.57810000000003 181.4521 -0.666
3068 6 7 0.0300 195.90810000000002 181.5551 0.588
3069 6 3 0.0600 195.80310000000003 176.18310000000002 0.457
3070 6 3 0.0600 196.74910000000003 177.2861 1.561
3071 6 3 0.0600 197.37210000000002 176.8451 -0.026
3072 6 2 -0.1200 197.5081 180.7041 0.0
3073 6 9 0.2200 199.0161 180.7041 0.0
3074 6 6 -0.3300 199.55610000000001 180.2141 -1.196
3075 6 4 0.5100 199.3171 180.7871 -2.426
3076 6 5 -0.4300 198.5811 181.8111 -2.552
3077 6 1 -0.1800 199.9381 180.18910000000002 -3.63
3078 6 3 0.0600 197.0821 180.81410000000002 -1.019
3079 6 3 0.0600 197.08610000000002 181.3701 0.748
3080 6 7 0.0300 199.4161 180.11610000000002 0.851
3081 6 3 0.0600 199.3111 180.24710000000002 -4.521
3082 6 3 0.0600 200.2571 179.1431 -3.418
3083 6 3 0.0600 200.8801 180.73010000000002 -3.859
3084 6 2 -0.1200 201.01610000000002 180.7041 0.0
3085 6 9 0.2200 202.5241 180.7041 0.0
3086 6 6 -0.3300 203.06410000000002 179.5081 0.49
3087 6 4 0.5100 202.82510000000002 178.27810000000002 -0.083
3088 6 5 -0.4300 202.0891 178.15210000000002 -1.107
3089 6 1 -0.1800 203.4461 177.07410000000002 0.515
3090 6 3 0.0600 200.5901 179.6851 -0.11
3091 6 3 0.0600 200.59410000000003 181.4521 -0.666
3092 6 7 0.0300 202.9241 181.5551 0.588
3093 6 3 0.0600 202.81910000000002 176.18310000000002 0.457
3094 6 3 0.0600 203.76510000000002 177.2861 1.561
3095 6 3 0.0600 204.3881 176.8451 -0.026
3096 6 2 -0.1200 204.52410000000003 180.7041 0.0
3097 6 9 0.2200 206.0321 180.7041 0.0
3098 6 6 -0.3300 206.57210000000003 181.19410000000002 -1.196
3099 6 4 0.5100 206.33310000000003 180.6211 -2.426
3100 6 5 -0.4300 205.5971 179.5971 -2.552
3101 6 1 -0.1800 206.9541 181.2191 -3.63
3102 6 3 0.0600 204.09810000000002 180.5941 -1.019
3103 6 3 0.0600 204.10210000000004 180.03810000000001 0.748
3104 6 7 0.0300 206.43210000000002 181.2921 0.851
3105 6 3 0.0600 206.32710000000003 181.1611 -4.521
3106 6 3 0.0600 207.27310000000003 182.26510000000002 -3.418
3107 6 3 0.0600 207.89610000000002 180.6781 -3.859
3108 6 2 -0.1200 208.0321 180.7041 0.0
3109 6 9 0.2200 209.5401 180.7041 0.0
3110 6 6 -0.3300 210.08010000000002 179.5081 0.49
3111 6 4 0.5100 209.8411 178.27810000000002 -0.083
3112 6 5 -0.4300 209.1051 178.15210000000002 -1.107
3113 6 1 -0.1800 210.4621 177.07410000000002 0.515
3114 6 3 0.0600 207.6061 179.6851 -0.11
3115 6 3 0.0600 207.61010000000002 181.4521 -0.666
3116 6 7 0.0300 209.9401 181.5551 0.588
3117 6 3 0.0600 209.8351 176.18310000000002 0.457
3118 6 3 0.0600 210.7811 177.2861 1.561
3119 6 3 0.0600 211.4041 176.8451 -0.026
3120 6 2 -0.1200 211.54010000000002 180.7041 0.0
3121 6 9 0.2200 213.0481 180.7041 0.0
3122 6 6 -0.3300 213.58810000000003 180.2141 -1.196
3123 6 4 0.5100 213.34910000000002 180.7871 -2.426
3124 6 5 -0.4300 212.6131 181.8111 -2.552
3125 6 1 -0.1800 213.9701 180.18910000000002 -3.63
3126 6 3 0.0600 211.1141 180.81410000000002 -1.019
3127 6 3 0.0600 211.11810000000003 181.3701 0.748
3128 6 7 0.0300 213.4481 180.11610000000002 0.851
3129 6 3 0.0600 213.34310000000002 180.24710000000002 -4.521
3130 6 3 0.0600 214.28910000000002 179.1431 -3.418
3131 6 3 0.0600 214.9121 180.73010000000002 -3.859
3132 6 2 -0.1200 215.0481 180.7041 0.0
3133 6 9 0.2200 216.5561 180.7041 0.0
3134 6 6 -0.3300 217.0961 179.5081 0.49
3135 6 4 0.5100 216.8571 178.27810000000002 -0.083
3136 6 5 -0.4300 216.12109999999998 178.15210000000002 -1.107
3137 6 1 -0.1800 217.47809999999998 177.07410000000002 0.515
3138 6 3 0.0600 214.6221 179.6851 -0.11
3139 6 3 0.0600 214.6261 181.4521 -0.666
3140 6 7 0.0300 216.9561 181.5551 0.588
3141 6 3 0.0600 216.8511 176.18310000000002 0.457
3142 6 3 0.0600 217.7971 177.2861 1.561
3143 6 3 0.0600 218.4201 176.8451 -0.026
3144 6 2 -0.1200 218.55610000000001 180.7041 0.0
3145 6 9 0.2200 220.0641 180.7041 0.0
3146 6 6 -0.3300 220.60410000000002 180.2141 -1.196
3147 6 4 0.5100 220.3651 180.7871 -2.426
3148 6 5 -0.4300 219.6291 181.8111 -2.552
3149 6 1 -0.1800 220.9861 180.18910000000002 -3.63
3150 6 3 0.0600 218.1301 180.81410000000002 -1.019
3151 6 3 0.0600 218.13410000000002 181.3701 0.748
3152 6 7 0.0300 220.4641 180.11610000000002 0.851
3153 6 3 0.0600 220.3591 180.24710000000002 -4.521
3154 6 3 0.0600 221.3051 179.1431 -3.418
3155 6 3 0.0600 221.9281 180.73010000000002 -3.859
3156 6 2 -0.1200 222.06410000000002 180.7041 0.0
3157 6 9 0.2200 223.5721 180.7041 0.0
3158 6 6 -0.3300 224.11210000000003 179.5081 -0.49
3159 6 4 0.5100 223.87310000000002 178.27810000000002 0.083
3160 6 5 -0.4300 223.1371 178.15210000000002 1.107
3161 6 1 -0.1800 224.4941 177.07410000000002 -0.515
3162 6 3 0.0600 221.6381 179.6851 0.11
3163 6 3 0.0600 221.64210000000003 181.4521 0.666
3164 6 7 0.0300 223.9721 181.5551 -0.588
3165 6 3 0.0600 223.86710000000002 176.18310000000002 -0.457
3166 6 3 0.0600 224.81310000000002 177.2861 -1.561
3167 6 3 0.0600 225.4361 176.8451 0.026
3168 6 2 -0.1200 225.5721 180.7041 0.0
3169 6 9 0.2200 227.0801 180.7041 0.0
3170 6 6 -0.3300 227.6201 181.19410000000002 -1.196
3171 6 4 0.5100 227.3811 180.6211 -2.426
3172 6 5 -0.4300 226.64509999999999 179.5971 -2.552
3173 6 1 -0.1800 228.00209999999998 181.2191 -3.63
3174 6 3 0.0600 225.1461 180.5941 -1.019
3175 6 3 0.0600 225.1501 180.03810000000001 0.748
3176 6 7 0.0300 227.4801 181.2921 0.851
3177 6 3 0.0600 227.3751 181.1611 -4.521
3178 6 3 0.0600 228.3211 182.26510000000002 -3.418
3179 6 3 0.0600 228.9441 180.6781 -3.859
3180 6 2 -0.1200 229.08010000000002 180.7041 0.0
3181 6 9 0.2200 230.5881 180.7041 0.0
3182 6 6 -0.3300 231.12810000000002 179.5081 -0.49
3183 6 4 0.5100 230.8891 178.27810000000002 0.083
3184 6 5 -0.4300 230.1531 178.15210000000002 1.107
3185 6 1 -0.1800 231.5101 177.07410000000002 -0.515
3186 6 3 0.0600 228.6541 179.6851 0.11
3187 6 3 0.0600 228.65810000000002 181.4521 0.666
3188 6 7 0.0300 230.9881 181.5551 -0.588
3189 6 3 0.0600 230.8831 176.18310000000002 -0.457
3190 6 3 0.0600 231.8291 177.2861 -1.561
3191 6 3 0.0600 232.4521 176.8451 0.026
3192 6 2 -0.1200 232.58810000000003 180.7041 0.0
3193 6 9 0.2200 234.0961 180.7041 0.0
3194 6 6 -0.3300 234.63610000000003 181.19410000000002 -1.196
3195 6 4 0.5100 234.39710000000002 180.6211 -2.426
3196 6 5 -0.4300 233.6611 179.5971 -2.552
3197 6 1 -0.1800 235.0181 181.2191 -3.63
3198 6 3 0.0600 232.1621 180.5941 -1.019
3199 6 3 0.0600 232.16610000000003 180.03810000000001 0.748
3200 6 7 0.0300 234.4961 181.2921 0.851
3201 6 3 0.0600 234.39110000000002 181.1611 -4.521
3202 6 3 0.0600 235.33710000000002 182.26510000000002 -3.418
3203 6 3 0.0600 235.9601 180.6781 -3.859
3204 6 2 -0.1200 236.0961 180.7041 0.0
3205 6 9 0.2200 237.6041 180.7041 0.0
3206 6 6 -0.3300 238.1441 179.5081 -0.49
3207 6 4 0.5100 237.9051 178.27810000000002 0.083
3208 6 5 -0.4300 237.1691 178.15210000000002 1.107
3209 6 1 -0.1800 238.52609999999999 177.07410000000002 -0.515
3210 6 3 0.0600 235.6701 179.6851 0.11
3211 6 3 0.0600 235.6741 181.4521 0.666
3212 6 7 0.0300 238.0041 181.5551 -0.588
3213 6 3 0.0600 237.8991 176.18310000000002 -0.457
3214 6 3 0.0600 238.8451 177.2861 -1.561
3215 6 3 0.0600 239.4681 176.8451 0.026
3216 6 2 -0.1200 239.60410000000002 180.7041 0.0
3217 6 9 0.2200 241.1121 180.7041 0.0
3218 6 6 -0.3300 241.65210000000002 180.2141 -1.196
3219 6 4 0.5100 241.41310000000001 180.7871 -2.426
3220 6 5 -0.4300 240.6771 181.8111 -2.552
3221 6 1 -0.1800 242.0341 180.18910000000002 -3.63
3222 6 3 0.0600 239.1781 180.81410000000002 -1.019
3223 6 3 0.0600 239.18210000000002 181.3701 0.748
3224 6 7 0.0300 241.5121 180.11610000000002 0.851
3225 6 3 0.0600 241.4071 180.24710000000002 -4.521
3226 6 3 0.0600 242.3531 179.1431 -3.418
3227 6 3 0.0600 242.9761 180.73010000000002 -3.859
3228 6 2 -0.1200 243.11210000000003 180.7041 0.0
3229 6 9 0.2200 244.6201 180.7041 0.0
3230 6 6 -0.3300 245.16010000000003 179.5081 0.49
3231 6 4 0.5100 244.92110000000002 178.27810000000002 -0.083
3232 6 5 -0.4300 244.1851 178.15210000000002 -1.107
3233 6 1 -0.1800 245.5421 177.07410000000002 0.515
3234 6 3 0.0600 242.6861 179.6851 -0.11
3235 6 3 0.0600 242.69010000000003 181.4521 -0.666
3236 6 7 0.0300 245.0201 181.5551 0.588
3237 6 3 0.0600 244.91510000000002 176.18310000000002 0.457
3238 6 3 0.0600 245.86110000000002 177.2861 1.561
3239 6 3 0.0600 246.4841 176.8451 -0.026
3240 6 2 -0.1200 246.6201 180.7041 0.0
3241 6 9 0.2200 248.1281 180.7041 0.0
3242 6 6 -0.3300 248.6681 181.19410000000002 -1.196
3243 6 4 0.5100 248.4291 180.6211 -2.426
3244 6 5 -0.4300 247.6931 179.5971 -2.552
3245 6 1 -0.1800 249.0501 181.2191 -3.63
3246 6 3 0.0600 246.1941 180.5941 -1.019
3247 6 3 0.0600 246.1981 180.03810000000001 0.748
3248 6 7 0.0300 248.5281 181.2921 0.851
3249 6 3 0.0600 248.4231 181.1611 -4.521
3250 6 3 0.0600 249.3691 182.26510000000002 -3.418
3251 6 3 0.0600 249.9921 180.6781 -3.859
3252 6 2 -0.1200 250.12810000000002 180.7041 0.0
3253 6 9 0.2200 251.6361 180.7041 0.0
3254 6 6 -0.3300 252.17610000000002 179.5081 -0.49
3255 6 4 0.5100 251.93710000000002 178.27810000000002 0.083
3256 6 5 -0.4300 251.2011 178.15210000000002 1.107
3257 6 1 -0.1800 252.5581 177.07410000000002 -0.515
3258 6 3 0.0600 249.7021 179.6851 0.11
3259 6 3 0.0600 249.70610000000002 181.4521 0.666
3260 6 7 0.0300 252.0361 181.5551 -0.588
3261 6 3 0.0600 251.93110000000001 176.18310000000002 -0.457
3262 6 3 0.0600 252.8771 177.2861 -1.561
3263 6 3 0.0600 253.5001 176.8451 0.026
3264 6 2 -0.1200 253.63610000000003 180.7041 0.0
3265 6 9 0.2200 255.1441 180.7041 0.0
3266 6 6 -0.3300 255.68410000000003 181.19410000000002 -1.196
3267 6 4 0.5100 255.44510000000002 180.6211 -2.426
3268 6 5 -0.4300 254.7091 179.5971 -2.552
3269 6 1 -0.1800 256.0661 181.2191 -3.63
3270 6 3 0.0600 253.2101 180.5941 -1.019
3271 6 3 0.0600 253.21410000000003 180.03810000000001 0.748
3272 6 7 0.0300 255.54410000000001 181.2921 0.851
3273 6 3 0.0600 255.43910000000002 181.1611 -4.521
3274 6 3 0.0600 256.3851 182.26510000000002 -3.418
3275 6 3 0.0600 257.0081 180.6781 -3.859
3276 6 2 -0.1200 257.1441 180.7041 0.0
3277 6 9 0.2200 258.6521 180.7041 0.0
3278 6 6 -0.3300 259.1921 179.5081 -0.49
3279 6 4 0.5100 258.9531 178.27810000000002 0.083
3280 6 5 -0.4300 258.2171 178.15210000000002 1.107
3281 6 1 -0.1800 259.5741 177.07410000000002 -0.515
3282 6 3 0.0600 256.7181 179.6851 0.11
3283 6 3 0.0600 256.7221 181.4521 0.666
3284 6 7 0.0300 259.0521 181.5551 -0.588
3285 6 3 0.0600 258.9471 176.18310000000002 -0.457
3286 6 3 0.0600 259.8931 177.2861 -1.561
3287 6 3 0.0600 260.5161 176.8451 0.026
3288 6 2 -0.1200 260.6521 180.7041 0.0
3289 6 9 0.2200 262.16010000000006 180.7041 0.0
3290 6 6 -0.3300 262.7001 180.2141 -1.196
3291 6 4 0.5100 262.46110000000004 180.7871 -2.426
3292 6 5 -0.4300 261.72510000000005 181.8111 -2.552
3293 6 1 -0.1800 263.0821 180.18910000000002 -3.63
3294 6 3 0.0600 260.22610000000003 180.81410000000002 -1.019
3295 6 3 0.0600 260.23010000000005 181.3701 0.748
3296 6 7 0.0300 262.56010000000003 180.11610000000002 0.851
3297 6 3 0.0600 262.4551 180.24710000000002 -4.521
3298 6 3 0.0600 263.40110000000004 179.1431 -3.418
3299 6 3 0.0600 264.02410000000003 180.73010000000002 -3.859
3300 6 2 -0.1200 264.1601 180.7041 0.0
3301 6 9 0.2200 265.66810000000004 180.7041 0.0
3302 6 6 -0.3300 266.2081 179.5081 0.49
3303 6 4 0.5100 265.9691 178.27810000000002 -0.083
3304 6 5 -0.4300 265.23310000000004 178.15210000000002 -1.107
3305 6 1 -0.1800 266.5901 177.07410000000002 0.515
3306 6 3 0.0600 263.7341 179.6851 -0.11
3307 6 3 0.0600 263.73810000000003 181.4521 -0.666
3308 6 7 0.0300 266.0681 181.5551 0.588
3309 6 3 0.0600 265.9631 176.18310000000002 0.457
3310 6 3 0.0600 266.9091 177.2861 1.561
3311 6 3 0.0600 267.5321 176.8451 -0.026
3312 6 2 -0.1200 267.6681 180.7041 0.0
3313 6 9 0.2200 269.1761 180.7041 0.0
3314 6 6 -0.3300 269.7161 180.2141 -1.196
3315 6 4 0.5100 269.4771 180.7871 -2.426
3316 6 5 -0.4300 268.7411 181.8111 -2.552
3317 6 1 -0.1800 270.0981 180.18910000000002 -3.63
3318 6 3 0.0600 267.2421 180.81410000000002 -1.019
3319 6 3 0.0600 267.2461 181.3701 0.748
3320 6 7 0.0300 269.5761 180.11610000000002 0.851
3321 6 3 0.0600 269.4711 180.24710000000002 -4.521
3322 6 3 0.0600 270.4171 179.1431 -3.418
3323 6 3 0.0600 271.0401 180.73010000000002 -3.859
3324 6 2 -0.1200 271.1761 180.7041 0.0
3325 6 9 0.2200 272.68410000000006 180.7041 0.0
3326 6 6 -0.3300 273.2241 179.5081 -0.49
3327 6 4 0.5100 272.98510000000005 178.27810000000002 0.083
3328 6 5 -0.4300 272.24910000000006 178.15210000000002 1.107
3329 6 1 -0.1800 273.6061 177.07410000000002 -0.515
3330 6 3 0.0600 270.75010000000003 179.6851 0.11
3331 6 3 0.0600 270.75410000000005 181.4521 0.666
3332 6 7 0.0300 273.08410000000003 181.5551 -0.588
3333 6 3 0.0600 272.9791 176.18310000000002 -0.457
3334 6 3 0.0600 273.92510000000004 177.2861 -1.561
3335 6 3 0.0600 274.54810000000003 176.8451 0.026
3336 6 2 -0.1200 274.6841 180.7041 0.0
3337 6 9 0.2200 276.19210000000004 180.7041 0.0
3338 6 6 -0.3300 276.7321 180.2141 -1.196
3339 6 4 0.5100 276.4931 180.7871 -2.426
3340 6 5 -0.4300 275.75710000000004 181.8111 -2.552
3341 6 1 -0.1800 277.1141 180.18910000000002 -3.63
3342 6 3 0.0600 274.2581 180.81410000000002 -1.019
3343 6 3 0.0600 274.26210000000003 181.3701 0.748
3344 6 7 0.0300 276.5921 180.11610000000002 0.851
3345 6 3 0.0600 276.4871 180.24710000000002 -4.521
3346 6 3 0.0600 277.4331 179.1431 -3.418
3347 6 3 0.0600 278.0561 180.73010000000002 -3.859
3348 6 2 -0.1200 278.1921 180.7041 0.0
3349 6 9 0.2200 279.7001 180.7041 0.0
3350 6 6 -0.3300 280.2401 179.5081 -0.49
3351 6 4 0.5100 280.0011 178.27810000000002 0.083
3352 6 5 -0.4300 279.2651 178.15210000000002 1.107
3353 6 1 -0.1800 280.6221 177.07410000000002 -0.515
3354 6 3 0.0600 277.7661 179.6851 0.11
3355 6 3 0.0600 277.7701 181.4521 0.666
3356 6 7 0.0300 280.1001 181.5551 -0.588
3357 6 3 0.0600 279.9951 176.18310000000002 -0.457
3358 6 3 0.0600 280.9411 177.2861 -1.561
3359 6 3 0.0600 281.5641 176.8451 0.026
3360 6 2 -0.1200 281.7001 180.7041 0.0
3361 6 9 0.2200 283.20810000000006 180.7041 0.0
3362 6 6 -0.3300 283.7481 181.19410000000002 -1.196
3363 6 4 0.5100 283.50910000000005 180.6211 -2.426
3364 6 5 -0.4300 282.77310000000006 179.5971 -2.552
3365 6 1 -0.1800 284.1301 181.2191 -3.63
3366 6 3 0.0600 281.27410000000003 180.5941 -1.019
3367 6 3 0.0600 281.27810000000005 180.03810000000001 0.748
3368 6 7 0.0300 283.60810000000004 181.2921 0.851
3369 6 3 0.0600 283.5031 181.1611 -4.521
3370 6 3 0.0600 284.44910000000004 182.26510000000002 -3.418
3371 6 3 0.0600 285.07210000000003 180.6781 -3.859
3372 6 2 -0.1200 285.2081 180.7041 0.0
3373 6 9 0.2200 286.71610000000004 180.7041 0.0
3374 6 6 -0.3300 287.2561 179.5081 -0.49
3375 6 4 0.5100 287.0171 178.27810000000002 0.083
3376 6 5 -0.4300 286.28110000000004 178.15210000000002 1.107
3377 6 1 -0.1800 287.6381 177.07410000000002 -0.515
3378 6 3 0.0600 284.7821 179.6851 0.11
3379 6 3 0.0600 284.78610000000003 181.4521 0.666
3380 6 7 0.0300 287.1161 181.5551 -0.588
3381 6 3 0.0600 287.0111 176.18310000000002 -0.457
3382 6 3 0.0600 287.9571 177.2861 -1.561
3383 6 3 0.0600 288.5801 176.8451 0.026
3384 6 2 -0.1200 288.7161 180.7041 0.0
3385 6 9 0.2200 290.2241 180.7041 0.0
3386 6 6 -0.3300 290.7641 180.2141 -1.196
3387 6 4 0.5100 290.5251 180.7871 -2.426
3388 6 5 -0.4300 289.7891 181.8111 -2.552
3389 6 1 -0.1800 291.1461 180.18910000000002 -3.63
3390 6 3 0.0600 288.2901 180.81410000000002 -1.019
3391 6 3 0.0600 288.2941 181.3701 0.748
3392 6 7 0.0300 290.6241 180.11610000000002 0.851
3393 6 3 0.0600 290.5191 180.24710000000002 -4.521
3394 6 3 0.0600 291.4651 179.1431 -3.418
3395 6 3 0.0600 292.0881 180.73010000000002 -3.859
3396 6 2 -0.1200 292.2241 180.7041 0.0
3397 6 9 0.2200 293.73210000000006 180.7041 0.0
3398 6 6 -0.3300 294.2721 179.5081 -0.49
3399 6 4 0.5100 294.03310000000005 178.27810000000002 0.083
3400 6 5 -0.4300 293.29710000000006 178.15210000000002 1.107
3401 6 1 -0.1800 294.6541 177.07410000000002 -0.515
3402 6 3 0.0600 291.79810000000003 179.6851 0.11
3403 6 3 0.0600 291.80210000000005 181.4521 0.666
3404 6 7 0.0300 294.13210000000004 181.5551 -0.588
3405 6 3 0.0600 294.0271 176.18310000000002 -0.457
3406 6 3 0.0600 294.97310000000004 177.2861 -1.561
3407 6 3 0.0600 295.59610000000004 176.8451 0.026
3408 6 2 -0.1200 295.7321 180.7041 0.0
3409 6 9 0.2200 297.24010000000004 180.7041 0.0
3410 6 6 -0.3300 297.7801 180.2141 -1.196
3411 6 4 0.5100 297.54110000000003 180.7871 -2.426
3412 6 5 -0.4300 296.80510000000004 181.8111 -2.552
3413 6 1 -0.1800 298.1621 180.18910000000002 -3.63
3414 6 3 0.0600 295.3061 180.81410000000002 -1.019
3415 6 3 0.0600 295.31010000000003 181.3701 0.748
3416 6 7 0.0300 297.6401 180.11610000000002 0.851
3417 6 3 0.0600 297.5351 180.24710000000002 -4.521
3418 6 3 0.0600 298.4811 179.1431 -3.418
3419 6 3 0.0600 299.1041 180.73010000000002 -3.859
3420 6 2 -0.1200 299.2401 180.7041 0.0
3421 6 9 0.2200 300.7481 180.7041 0.0
3422 6 6 -0.3300 301.2881 179.5081 -0.49
3423 6 4 0.5100 301.0491 178.27810000000002 0.083
3424 6 5 -0.4300 300.3131 178.15210000000002 1.107
3425 6 1 -0.1800 301.6701 177.07410000000002 -0.515
3426 6 3 0.0600 298.8141 179.6851 0.11
3427 6 3 0.0600 298.8181 181.4521 0.666
3428 6 7 0.0300 301.1481 181.5551 -0.588
3429 6 3 0.0600 301.0431 176.18310000000002 -0.457
3430 6 3 0.0600 301.9891 177.2861 -1.561
3431 6 3 0.0600 302.6121 176.8451 0.026
3432 6 2 -0.1200 302.7481 180.7041 0.0
3433 6 9 0.2200 304.25610000000006 180.7041 0.0
3434 6 6 -0.3300 304.7961 181.19410000000002 -1.196
3435 6 4 0.5100 304.55710000000005 180.6211 -2.426
3436 6 5 -0.4300 303.82110000000006 179.5971 -2.552
3437 6 1 -0.1800 305.17810000000003 181.2191 -3.63
3438 6 3 0.0600 302.32210000000003 180.5941 -1.019
3439 6 3 0.0600 302.32610000000005 180.03810000000001 0.748
3440 6 7 0.0300 304.65610000000004 181.2921 0.851
3441 6 3 0.0600 304.5511 181.1611 -4.521
3442 6 3 0.0600 305.49710000000005 182.26510000000002 -3.418
3443 6 3 0.0600 306.12010000000004 180.6781 -3.859
3444 6 2 -0.1200 306.2561 180.7041 0.0
3445 6 9 0.2200 307.76410000000004 180.7041 0.0
3446 6 6 -0.3300 308.3041 179.5081 0.49
3447 6 4 0.5100 308.06510000000003 178.27810000000002 -0.083
3448 6 5 -0.4300 307.32910000000004 178.15210000000002 -1.107
3449 6 1 -0.1800 308.6861 177.07410000000002 0.515
3450 6 3 0.0600 305.8301 179.6851 -0.11
3451 6 3 0.0600 305.83410000000003 181.4521 -0.666
3452 6 7 0.0300 308.1641 181.5551 0.588
3453 6 3 0.0600 308.0591 176.18310000000002 0.457
3454 6 3 0.0600 309.0051 177.2861 1.561
3455 6 3 0.0600 309.6281 176.8451 -0.026
3456 6 2 -0.1200 309.7641 180.7041 0.0
3457 6 9 0.2200 311.2721 180.7041 0.0
3458 6 6 -0.3300 311.8121 181.19410000000002 -1.196
3459 6 4 0.5100 311.5731 180.6211 -2.426
3460 6 5 -0.4300 310.8371 179.5971 -2.552
3461 6 1 -0.1800 312.1941 181.2191 -3.63
3462 6 3 0.0600 309.3381 180.5941 -1.019
3463 6 3 0.0600 309.3421 180.03810000000001 0.748
3464 6 7 0.0300 311.6721 181.2921 0.851
3465 6 3 0.0600 311.5671 181.1611 -4.521
3466 6 3 0.0600 312.5131 182.26510000000002 -3.418
3467 6 3 0.0600 313.1361 180.6781 -3.859
3468 6 2 -0.1200 313.2721 180.7041 0.0
3469 6 9 0.2200 314.78010000000006 180.7041 0.0
3470 6 6 -0.3300 315.3201 179.5081 0.49
3471 6 4 0.5100 315.08110000000005 178.27810000000002 -0.083
3472 6 5 -0.4300 314.34510000000006 178.15210000000002 -1.107
3473 6 1 -0.1800 315.70210000000003 177.07410000000002 0.515
3474 6 3 0.0600 312.84610000000004 179.6851 -0.11
3475 6 3 0.0600 312.85010000000005 181.4521 -0.666
3476 6 7 0.0300 315.18010000000004 181.5551 0.588
3477 6 3 0.0600 315.0751 176.18310000000002 0.457
3478 6 3 0.0600 316.02110000000005 177.2861 1.561
3479 6 3 0.0600 316.64410000000004 176.8451 -0.026
3480 6 2 -0.1200 316.7801 180.7041 0.0
3481 6 9 0.2200 318.28810000000004 180.7041 0.0
3482 6 6 -0.3300 318.8281 180.2141 -1.196
3483 6 4 0.5100 318.58910000000003 180.7871 -2.426
3484 6 5 -0.4300 317.85310000000004 181.8111 -2.552
3485 6 1 -0.1800 319.2101 180.18910000000002 -3.63
3486 6 3 0.0600 316.3541 180.81410000000002 -1.019
3487 6 3 0.0600 316.35810000000004 181.3701 0.748
3488 6 7 0.0300 318.6881 180.11610000000002 0.851
3489 6 3 0.0600 318.5831 180.24710000000002 -4.521
3490 6 3 0.0600 319.5291 179.1431 -3.418
3491 6 3 0.0600 320.1521 180.73010000000002 -3.859
3492 6 2 -0.1200 320.2881 180.7041 0.0
3493 6 9 0.2200 321.7961 180.7041 0.0
3494 6 6 -0.3300 322.3361 179.5081 -0.49
3495 6 4 0.5100 322.0971 178.27810000000002 0.083
3496 6 5 -0.4300 321.3611 178.15210000000002 1.107
3497 6 1 -0.1800 322.7181 177.07410000000002 -0.515
3498 6 3 0.0600 319.8621 179.6851 0.11
3499 6 3 0.0600 319.8661 181.4521 0.666
3500 6 7 0.0300 322.1961 181.5551 -0.588
3501 6 3 0.0600 322.0911 176.18310000000002 -0.457
3502 6 3 0.0600 323.0371 177.2861 -1.561
3503 6 3 0.0600 323.6601 176.8451 0.026
3504 6 2 -0.1200 323.7961 180.7041 0.0
3505 6 9 0.2200 325.30410000000006 180.7041 0.0
3506 6 6 -0.3300 325.8441 180.2141 -1.196
3507 6 4 0.5100 325.60510000000005 180.7871 -2.426
3508 6 5 -0.4300 324.86910000000006 181.8111 -2.552
3509 6 1 -0.1800 326.22610000000003 180.18910000000002 -3.63
3510 6 3 0.0600 323.37010000000004 180.81410000000002 -1.019
3511 6 3 0.0600 323.37410000000006 181.3701 0.748
3512 6 7 0.0300 325.70410000000004 180.11610000000002 0.851
3513 6 3 0.0600 325.5991 180.24710000000002 -4.521
3514 6 3 0.0600 326.54510000000005 179.1431 -3.418
3515 6 3 0.0600 327.16810000000004 180.73010000000002 -3.859
3516 6 2 -0.1200 327.3041 180.7041 0.0
3517 6 9 0.2200 328.81210000000004 180.7041 0.0
3518 6 6 -0.3300 329.3521 179.5081 -0.49
3519 6 4 0.5100 329.11310000000003 178.27810000000002 0.083
3520 6 5 -0.4300 328.37710000000004 178.15210000000002 1.107
3521 6 1 -0.1800 329.7341 177.07410000000002 -0.515
3522 6 3 0.0600 326.8781 179.6851 0.11
3523 6 3 0.0600 326.88210000000004 181.4521 0.666
3524 6 7 0.0300 329.2121 181.5551 -0.588
3525 6 3 0.0600 329.1071 176.18310000000002 -0.457
3526 6 3 0.0600 330.05310000000003 177.2861 -1.561
3527 6 3 0.0600 330.6761 176.8451 0.026
3528 6 2 -0.1200 330.8121 180.7041 0.0
3529 6 9 0.2200 332.3201 180.7041 0.0
3530 6 6 -0.3300 332.8601 180.2141 -1.196
3531 6 4 0.5100 332.6211 180.7871 -2.426
3532 6 5 -0.4300 331.8851 181.8111 -2.552
3533 6 1 -0.1800 333.2421 180.18910000000002 -3.63
3534 6 3 0.0600 330.3861 180.81410000000002 -1.019
3535 6 3 0.0600 330.3901 181.3701 0.748
3536 6 7 0.0300 332.7201 180.11610000000002 0.851
3537 6 3 0.0600 332.6151 180.24710000000002 -4.521
3538 6 3 0.0600 333.5611 179.1431 -3.418
3539 6 3 0.0600 334.1841 180.73010000000002 -3.859
3540 6 2 -0.1200 334.3201 180.7041 0.0
3541 6 9 0.2200 335.82810000000006 180.7041 0.0
3542 6 6 -0.3300 336.3681 179.5081 0.49
3543 6 4 0.5100 336.12910000000005 178.27810000000002 -0.083
3544 6 5 -0.4300 335.39310000000006 178.15210000000002 -1.107
3545 6 1 -0.1800 336.75010000000003 177.07410000000002 0.515
3546 6 3 0.0600 333.89410000000004 179.6851 -0.11
3547 6 3 0.0600 333.89810000000006 181.4521 -0.666
3548 6 7 0.0300 336.22810000000004 181.5551 0.588
3549 6 3 0.0600 336.1231 176.18310000000002 0.457
3550 6 3 0.0600 337.06910000000005 177.2861 1.561
3551 6 3 0.0600 337.69210000000004 176.8451 -0.026
3552 6 2 -0.1200 337.82809999999995 180.7041 0.0
3553 6 9 0.2200 339.3361 180.7041 0.0
3554 6 6 -0.3300 339.87609999999995 180.2141 -1.196
3555 6 4 0.5100 339.6371 180.7871 -2.426
3556 6 5 -0.4300 338.9011 181.8111 -2.552
3557 6 1 -0.1800 340.25809999999996 180.18910000000002 -3.63
3558 6 3 0.0600 337.40209999999996 180.81410000000002 -1.019
3559 6 3 0.0600 337.4061 181.3701 0.748
3560 6 7 0.0300 339.73609999999996 180.11610000000002 0.851
3561 6 3 0.0600 339.63109999999995 180.24710000000002 -4.521
3562 6 3 0.0600 340.5771 179.1431 -3.418
3563 6 3 0.0600 341.20009999999996 180.73010000000002 -3.859
3564 6 2 -0.1200 341.3361 180.7041 0.0
3565 6 9 0.2200 342.8441 180.7041 0.0
3566 6 6 -0.3300 343.3841 179.5081 0.49
3567 6 4 0.5100 343.1451 178.27810000000002 -0.083
3568 6 5 -0.4300 342.4091 178.15210000000002 -1.107
3569 6 1 -0.1800 343.7661 177.07410000000002 0.515
3570 6 3 0.0600 340.9101 179.6851 -0.11
3571 6 3 0.0600 340.9141 181.4521 -0.666
3572 6 7 0.0300 343.2441 181.5551 0.588
3573 6 3 0.0600 343.1391 176.18310000000002 0.457
3574 6 3 0.0600 344.0851 177.2861 1.561
3575 6 3 0.0600 344.7081 176.8451 -0.026
3576 6 2 -0.1200 344.8441 180.7041 0.0
3577 6 9 0.2200 346.35210000000006 180.7041 0.0
3578 6 6 -0.3300 346.8921 181.19410000000002 -1.196
3579 6 4 0.5100 346.65310000000005 180.6211 -2.426
3580 6 5 -0.4300 345.91710000000006 179.5971 -2.552
3581 6 1 -0.1800 347.27410000000003 181.2191 -3.63
3582 6 3 0.0600 344.41810000000004 180.5941 -1.019
3583 6 3 0.0600 344.42210000000006 180.03810000000001 0.748
3584 6 7 0.0300 346.75210000000004 181.2921 0.851
3585 6 3 0.0600 346.6471 181.1611 -4.521
3586 6 3 0.0600 347.59310000000005 182.26510000000002 -3.418
3587 6 3 0.0600 348.21610000000004 180.6781 -3.859
3588 6 2 -0.1200 348.35209999999995 180.7041 0.0
3589 6 9 0.2200 349.8601 180.7041 0.0
3590 6 6 -0.3300 350.40009999999995 179.5081 -0.49
3591 6 4 0.5100 350.1611 178.27810000000002 0.083
3592 6 5 -0.4300 349.4251 178.15210000000002 1.107
3593 6 1 -0.1800 350.78209999999996 177.07410000000002 -0.515
3594 6 3 0.0600 347.92609999999996 179.6851 0.11
3595 6 3 0.0600 347.9301 181.4521 0.666
3596 6 7 0.0300 350.26009999999997 181.5551 -0.588
3597 6 3 0.0600 350.15509999999995 176.18310000000002 -0.457
3598 6 3 0.0600 351.1011 177.2861 -1.561
3599 6 3 0.0600 351.72409999999996 176.8451 0.026
3600 6 2 -0.1200 350.1341 180.7041 0.0
3601 6 8 0.1900 350.7071 180.21710000000002 1.269
3602 6 6 -0.3300 352.0391 179.80710000000002 1.192
3603 6 4 0.5100 353.0871 180.64010000000002 0.807
3604 6 5 -0.4300 352.85110000000003 181.8471 0.5039999999999999
3605 6 1 -0.1800 354.4941 180.1271 0.748
3606 6 3 0.0600 349.94710000000003 181.75310000000002 -0.11600000000000008
3607 6 3 0.0600 349.8831 179.9951 -0.759
3608 6 7 0.0300 350.10810000000004 179.3271 1.587
3609 6 7 0.0300 350.5681 180.96110000000002 2.079
3610 6 3 0.0600 354.9671 180.1511 1.738
3611 6 3 0.0600 354.47110000000004 179.05210000000002 0.4330000000000001
3612 6 3 0.0600 355.0941 180.7041 0.0
3613 7 1 -0.1800 360.64520000000005 180.7041 0.0
3614 7 9 0.2200 362.1712 180.7041 0.0
3615 7 6 -0.3300 362.61420000000004 180.21110000000002 -1.254
3616 7 4 0.5100 364.00320000000005 180.1431 -1.426
3617 7 5 -0.4300 364.7932 180.5001 -0.517
3618 7 1 -0.1800 364.5812 179.64010000000002 -2.705
3619 7 3 0.0600 360.2792 179.68110000000001 -0.168
3620 7 3 0.0600 360.2692 181.07610000000003 0.973
3621 7 3 0.0600 360.33520000000004 181.35410000000002 -0.832
3622 7 7 0.0300 362.5812 181.7041 0.146
3623 7 3 0.0600 363.77320000000003 179.2521 -3.336
3624 7 3 0.0600 365.1992 180.42010000000002 -3.204
3625 7 3 0.0600 365.2952 178.8291 -2.397
3626 7 2 -0.1200 364.1802 180.7041 0.0
3627 7 9 0.2200 365.68820000000005 180.7041 0.0
3628 7 6 -0.3300 366.2282 181.19410000000002 -1.196
3629 7 4 0.5100 365.98920000000004 180.6211 -2.426
3630 7 5 -0.4300 365.25320000000005 179.5971 -2.552
3631 7 1 -0.1800 366.6102 181.2191 -3.63
3632 7 3 0.0600 363.7542 180.5941 -1.019
3633 7 3 0.0600 363.75820000000004 180.03810000000001 0.748
3634 7 7 0.0300 366.08820000000003 181.2921 0.851
3635 7 3 0.0600 365.9832 181.1611 -4.521
3636 7 3 0.0600 366.92920000000004 182.26510000000002 -3.418
3637 7 3 0.0600 367.5522 180.6781 -3.859
3638 7 2 -0.1200 367.6882 180.7041 0.0
3639 7 9 0.2200 369.19620000000003 180.7041 0.0
3640 7 6 -0.3300 369.7362 179.5081 0.49
3641 7 4 0.5100 369.4972 178.27810000000002 -0.083
3642 7 5 -0.4300 368.76120000000003 178.15210000000002 -1.107
3643 7 1 -0.1800 370.1182 177.07410000000002 0.515
3644 7 3 0.0600 367.2622 179.6851 -0.11
3645 7 3 0.0600 367.2662 181.4521 -0.666
3646 7 7 0.0300 369.5962 181.5551 0.588
3647 7 3 0.0600 369.4912 176.18310000000002 0.457
3648 7 3 0.0600 370.4372 177.2861 1.561
3649 7 3 0.0600 371.0602 176.8451 -0.026
3650 7 2 -0.1200 371.1962 180.7041 0.0
3651 7 9 0.2200 372.7042 180.7041 0.0
3652 7 6 -0.3300 373.2442 181.19410000000002 -1.196
3653 7 4 0.5100 373.0052 180.6211 -2.426
3654 7 5 -0.4300 372.2692 179.5971 -2.552
3655 7 1 -0.1800 373.6262 181.2191 -3.63
3656 7 3 0.0600 370.7702 180.5941 -1.019
3657 7 3 0.0600 370.7742 180.03810000000001 0.748
3658 7 7 0.0300 373.1042 181.2921 0.851
3659 7 3 0.0600 372.9992 181.1611 -4.521
3660 7 3 0.0600 373.9452 182.26510000000002 -3.418
3661 7 3 0.0600 374.5682 180.6781 -3.859
3662 7 2 -0.1200 374.7042 180.7041 0.0
3663 7 9 0.2200 376.21220000000005 180.7041 0.0
3664 7 6 -0.3300 376.7522 179.5081 -0.49
3665 7 4 0.5100 376.51320000000004 178.27810000000002 0.083
3666 7 5 -0.4300 375.77720000000005 178.15210000000002 1.107
3667 7 1 -0.1800 377.1342 177.07410000000002 -0.515
3668 7 3 0.0600 374.2782 179.6851 0.11
3669 7 3 0.0600 374.28220000000005 181.4521 0.666
3670 7 7 0.0300 376.61220000000003 181.5551 -0.588
3671 7 3 0.0600 376.5072 176.18310000000002 -0.457
3672 7 3 0.0600 377.45320000000004 177.2861 -1.561
3673 7 3 0.0600 378.07620000000003 176.8451 0.026
3674 7 2 -0.1200 378.2122 180.7041 0.0
3675 7 9 0.2200 379.72020000000003 180.7041 0.0
3676 7 6 -0.3300 380.2602 181.19410000000002 -1.196
3677 7 4 0.5100 380.0212 180.6211 -2.426
3678 7 5 -0.4300 379.28520000000003 179.5971 -2.552
3679 7 1 -0.1800 380.6422 181.2191 -3.63
3680 7 3 0.0600 377.7862 180.5941 -1.019
3681 7 3 0.0600 377.7902 180.03810000000001 0.748
3682 7 7 0.0300 380.1202 181.2921 0.851
3683 7 3 0.0600 380.0152 181.1611 -4.521
3684 7 3 0.0600 380.9612 182.26510000000002 -3.418
3685 7 3 0.0600 381.5842 180.6781 -3.859
3686 7 2 -0.1200 381.7202 180.7041 0.0
3687 7 9 0.2200 383.2282 180.7041 0.0
3688 7 6 -0.3300 383.7682 179.5081 -0.49
3689 7 4 0.5100 383.5292 178.27810000000002 0.083
3690 7 5 -0.4300 382.7932 178.15210000000002 1.107
3691 7 1 -0.1800 384.1502 177.07410000000002 -0.515
3692 7 3 0.0600 381.2942 179.6851 0.11
3693 7 3 0.0600 381.2982 181.4521 0.666
3694 7 7 0.0300 383.6282 181.5551 -0.588
3695 7 3 0.0600 383.5232 176.18310000000002 -0.457
3696 7 3 0.0600 384.4692 177.2861 -1.561
3697 7 3 0.0600 385.0922 176.8451 0.026
3698 7 2 -0.1200 385.2282 180.7041 0.0
3699 7 9 0.2200 386.73620000000005 180.7041 0.0
3700 7 6 -0.3300 387.2762 181.19410000000002 -1.196
3701 7 4 0.5100 387.03720000000004 180.6211 -2.426
3702 7 5 -0.4300 386.30120000000005 179.5971 -2.552
3703 7 1 -0.1800 387.6582 181.2191 -3.63
3704 7 3 0.0600 384.8022 180.5941 -1.019
3705 7 3 0.0600 384.80620000000005 180.03810000000001 0.748
3706 7 7 0.0300 387.13620000000003 181.2921 0.851
3707 7 3 0.0600 387.0312 181.1611 -4.521
3708 7 3 0.0600 387.97720000000004 182.26510000000002 -3.418
3709 7 3 0.0600 388.60020000000003 180.6781 -3.859
3710 7 2 -0.1200 388.7362 180.7041 0.0
3711 7 9 0.2200 390.24420000000003 180.7041 0.0
3712 7 6 -0.3300 390.7842 179.5081 0.49
3713 7 4 0.5100 390.5452 178.27810000000002 -0.083
3714 7 5 -0.4300 389.80920000000003 178.15210000000002 -1.107
3715 7 1 -0.1800 391.1662 177.07410000000002 0.515
3716 7 3 0.0600 388.3102 179.6851 -0.11
3717 7 3 0.0600 388.3142 181.4521 -0.666
3718 7 7 0.0300 390.6442 181.5551 0.588
3719 7 3 0.0600 390.5392 176.18310000000002 0.457
3720 7 3 0.0600 391.4852 177.2861 1.561
3721 7 3 0.0600 392.1082 176.8451 -0.026
3722 7 2 -0.1200 392.2442 180.7041 0.0
3723 7 9 0.2200 393.7522 180.7041 0.0
3724 7 6 -0.3300 394.2922 181.19410000000002 -1.196
3725 7 4 0.5100 394.0532 180.6211 -2.426
3726 7 5 -0.4300 393.3172 179.5971 -2.552
3727 7 1 -0.1800 394.6742 181.2191 -3.63
3728 7 3 0.0600 391.8182 180.5941 -1.019
3729 7 3 0.0600 391.8222 180.03810000000001 0.748
3730 7 7 0.0300 394.1522 181.2921 0.851
3731 7 3 0.0600 394.0472 181.1611 -4.521
3732 7 3 0.0600 394.9932 182.26510000000002 -3.418
3733 7 3 0.0600 395.6162 180.6781 -3.859
3734 7 2 -0.1200 395.7522 180.7041 0.0
3735 7 9 0.2200 397.26020000000005 180.7041 0.0
3736 7 6 -0.3300 397.8002 179.5081 -0.49
3737 7 4 0.5100 397.56120000000004 178.27810000000002 0.083
3738 7 5 -0.4300 396.82520000000005 178.15210000000002 1.107
3739 7 1 -0.1800 398.1822 177.07410000000002 -0.515
3740 7 3 0.0600 395.32620000000003 179.6851 0.11
3741 7 3 0.0600 395.33020000000005 181.4521 0.666
3742 7 7 0.0300 397.66020000000003 181.5551 -0.588
3743 7 3 0.0600 397.5552 176.18310000000002 -0.457
3744 7 3 0.0600 398.50120000000004 177.2861 -1.561
3745 7 3 0.0600 399.12420000000003 176.8451 0.026
3746 7 2 -0.1200 399.2602 180.7041 0.0
3747 7 9 0.2200 400.76820000000004 180.7041 0.0
3748 7 6 -0.3300 401.3082 181.19410000000002 -1.196
3749 7 4 0.5100 401.0692 180.6211 -2.426
3750 7 5 -0.4300 400.33320000000003 179.5971 -2.552
3751 7 1 -0.1800 401.6902 181.2191 -3.63
3752 7 3 0.0600 398.8342 180.5941 -1.019
3753 7 3 0.0600 398.83820000000003 180.03810000000001 0.748
3754 7 7 0.0300 401.1682 181.2921 0.851
3755 7 3 0.0600 401.0632 181.1611 -4.521
3756 7 3 0.0600 402.0092 182.26510000000002 -3.418
3757 7 3 0.0600 402.6322 180.6781 -3.859
3758 7 2 -0.1200 402.7682 180.7041 0.0
3759 7 9 0.2200 404.2762 180.7041 0.0
3760 7 6 -0.3300 404.8162 179.5081 -0.49
3761 7 4 0.5100 404.5772 178.27810000000002 0.083
3762 7 5 -0.4300 403.8412 178.15210000000002 1.107
3763 7 1 -0.1800 405.1982 177.07410000000002 -0.515
3764 7 3 0.0600 402.3422 179.6851 0.11
3765 7 3 0.0600 402.3462 181.4521 0.666
3766 7 7 0.0300 404.6762 181.5551 -0.588
3767 7 3 0.0600 404.5712 176.18310000000002 -0.457
3768 7 3 0.0600 405.5172 177.2861 -1.561
3769 7 3 0.0600 406.1402 176.8451 0.026
3770 7 2 -0.1200 406.2762 180.7041 0.0
3771 7 9 0.2200 407.78420000000006 180.7041 0.0
3772 7 6 -0.3300 408.3242 181.19410000000002 -1.196
3773 7 4 0.5100 408.08520000000004 180.6211 -2.426
3774 7 5 -0.4300 407.34920000000005 179.5971 -2.552
3775 7 1 -0.1800 408.7062 181.2191 -3.63
3776 7 3 0.0600 405.85020000000003 180.5941 -1.019
3777 7 3 0.0600 405.85420000000005 180.03810000000001 0.748
3778 7 7 0.0300 408.18420000000003 181.2921 0.851
3779 7 3 0.0600 408.0792 181.1611 -4.521
3780 7 3 0.0600 409.02520000000004 182.26510000000002 -3.418
3781 7 3 0.0600 409.64820000000003 180.6781 -3.859
3782 7 2 -0.1200 409.7842 180.7041 0.0
3783 7 9 0.2200 411.29220000000004 180.7041 0.0
3784 7 6 -0.3300 411.8322 179.5081 -0.49
3785 7 4 0.5100 411.5932 178.27810000000002 0.083
3786 7 5 -0.4300 410.85720000000003 178.15210000000002 1.107
3787 7 1 -0.1800 412.2142 177.07410000000002 -0.515
3788 7 3 0.0600 409.3582 179.6851 0.11
3789 7 3 0.0600 409.36220000000003 181.4521 0.666
3790 7 7 0.0300 411.6922 181.5551 -0.588
3791 7 3 0.0600 411.5872 176.18310000000002 -0.457
3792 7 3 0.0600 412.5332 177.2861 -1.561
3793 7 3 0.0600 413.1562 176.8451 0.026
3794 7 2 -0.1200 413.2922 180.7041 0.0
3795 7 9 0.2200 414.8002 180.7041 0.0
3796 7 6 -0.3300 415.3402 180.2141 -1.196
3797 7 4 0.5100 415.1012 180.7871 -2.426
3798 7 5 -0.4300 414.3652 181.8111 -2.552
3799 7 1 -0.1800 415.7222 180.18910000000002 -3.63
3800 7 3 0.0600 412.8662 180.81410000000002 -1.019
3801 7 3 0.0600 412.8702 181.3701 0.748
3802 7 7 0.0300 415.2002 180.11610000000002 0.851
3803 7 3 0.0600 415.0952 180.24710000000002 -4.521
3804 7 3 0.0600 416.0412 179.1431 -3.418
3805 7 3 0.0600 416.6642 180.73010000000002 -3.859
3806 7 2 -0.1200 416.8002 180.7041 0.0
3807 7 9 0.2200 418.30820000000006 180.7041 0.0
3808 7 6 -0.3300 418.8482 179.5081 0.49
3809 7 4 0.5100 418.60920000000004 178.27810000000002 -0.083
3810 7 5 -0.4300 417.87320000000005 178.15210000000002 -1.107
3811 7 1 -0.1800 419.2302 177.07410000000002 0.515
3812 7 3 0.0600 416.37420000000003 179.6851 -0.11
3813 7 3 0.0600 416.37820000000005 181.4521 -0.666
3814 7 7 0.0300 418.70820000000003 181.5551 0.588
3815 7 3 0.0600 418.6032 176.18310000000002 0.457
3816 7 3 0.0600 419.54920000000004 177.2861 1.561
3817 7 3 0.0600 420.17220000000003 176.8451 -0.026
3818 7 2 -0.1200 420.3082 180.7041 0.0
3819 7 9 0.2200 421.81620000000004 180.7041 0.0
3820 7 6 -0.3300 422.3562 181.19410000000002 -1.196
3821 7 4 0.5100 422.1172 180.6211 -2.426
3822 7 5 -0.4300 421.38120000000004 179.5971 -2.552
3823 7 1 -0.1800 422.7382 181.2191 -3.63
3824 7 3 0.0600 419.8822 180.5941 -1.019
3825 7 3 0.0600 419.88620000000003 180.03810000000001 0.748
3826 7 7 0.0300 422.2162 181.2921 0.851
3827 7 3 0.0600 422.1112 181.1611 -4.521
3828 7 3 0.0600 423.0572 182.26510000000002 -3.418
3829 7 3 0.0600 423.6802 180.6781 -3.859
3830 7 2 -0.1200 423.8162 180.7041 0.0
3831 7 9 0.2200 425.3242 180.7041 0.0
3832 7 6 -0.3300 425.8642 179.5081 0.49
3833 7 4 0.5100 425.6252 178.27810000000002 -0.083
3834 7 5 -0.4300 424.8892 178.15210000000002 -1.107
3835 7 1 -0.1800 426.2462 177.07410000000002 0.515
3836 7 3 0.0600 423.3902 179.6851 -0.11
3837 7 3 0.0600 423.3942 181.4521 -0.666
3838 7 7 0.0300 425.7242 181.5551 0.588
3839 7 3 0.0600 425.6192 176.18310000000002 0.457
3840 7 3 0.0600 426.5652 177.2861 1.561
3841 7 3 0.0600 427.1882 176.8451 -0.026
3842 7 2 -0.1200 427.3242 180.7041 0.0
3843 7 9 0.2200 428.83220000000006 180.7041 0.0
3844 7 6 -0.3300 429.3722 180.2141 -1.196
3845 7 4 0.5100 429.13320000000004 180.7871 -2.426
3846 7 5 -0.4300 428.39720000000005 181.8111 -2.552
3847 7 1 -0.1800 429.7542 180.18910000000002 -3.63
3848 7 3 0.0600 426.89820000000003 180.81410000000002 -1.019
3849 7 3 0.0600 426.90220000000005 181.3701 0.748
3850 7 7 0.0300 429.23220000000003 180.11610000000002 0.851
3851 7 3 0.0600 429.1272 180.24710000000002 -4.521
3852 7 3 0.0600 430.07320000000004 179.1431 -3.418
3853 7 3 0.0600 430.69620000000003 180.73010000000002 -3.859
3854 7 2 -0.1200 430.8322 180.7041 0.0
3855 7 9 0.2200 432.34020000000004 180.7041 0.0
3856 7 6 -0.3300 432.8802 179.5081 -0.49
3857 7 4 0.5100 432.6412 178.27810000000002 0.083
3858 7 5 -0.4300 431.90520000000004 178.15210000000002 1.107
3859 7 1 -0.1800 433.2622 177.07410000000002 -0.515
3860 7 3 0.0600 430.4062 179.6851 0.11
3861 7 3 0.0600 430.41020000000003 181.4521 0.666
3862 7 7 0.0300 432.7402 181.5551 -0.588
3863 7 3 0.0600 432.6352 176.18310000000002 -0.457
3864 7 3 0.0600 433.5812 177.2861 -1.561
3865 7 3 0.0600 434.2042 176.8451 0.026
3866 7 2 -0.1200 434.3402 180.7041 0.0
3867 7 9 0.2200 435.8482 180.7041 0.0
3868 7 6 -0.3300 436.3882 181.19410000000002 -1.196
3869 7 4 0.5100 436.1492 180.6211 -2.426
3870 7 5 -0.4300 435.4132 179.5971 -2.552
3871 7 1 -0.1800 436.7702 181.2191 -3.63
3872 7 3 0.0600 433.9142 180.5941 -1.019
3873 7 3 0.0600 433.9182 180.03810000000001 0.748
3874 7 7 0.0300 436.2482 181.2921 0.851
3875 7 3 0.0600 436.1432 181.1611 -4.521
3876 7 3 0.0600 437.0892 182.26510000000002 -3.418
3877 7 3 0.0600 437.7122 180.6781 -3.859
3878 7 2 -0.1200 437.8482 180.7041 0.0
3879 7 9 0.2200 439.35620000000006 180.7041 0.0
3880 7 6 -0.3300 439.8962 179.5081 0.49
3881 7 4 0.5100 439.65720000000005 178.27810000000002 -0.083
3882 7 5 -0.4300 438.92120000000006 178.15210000000002 -1.107
3883 7 1 -0.1800 440.2782 177.07410000000002 0.515
3884 7 3 0.0600 437.42220000000003 179.6851 -0.11
3885 7 3 0.0600 437.42620000000005 181.4521 -0.666
3886 7 7 0.0300 439.75620000000004 181.5551 0.588
3887 7 3 0.0600 439.6512 176.18310000000002 0.457
3888 7 3 0.0600 440.59720000000004 177.2861 1.561
3889 7 3 0.0600 441.22020000000003 176.8451 -0.026
3890 7 2 -0.1200 441.3562 180.7041 0.0
3891 7 9 0.2200 442.86420000000004 180.7041 0.0
3892 7 6 -0.3300 443.4042 180.2141 -1.196
3893 7 4 0.5100 443.1652 180.7871 -2.426
3894 7 5 -0.4300 442.42920000000004 181.8111 -2.552
3895 7 1 -0.1800 443.7862 180.18910000000002 -3.63
3896 7 3 0.0600 440.9302 180.81410000000002 -1.019
3897 7 3 0.0600 440.93420000000003 181.3701 0.748
3898 7 7 0.0300 443.2642 180.11610000000002 0.851
3899 7 3 0.0600 443.1592 180.24710000000002 -4.521
3900 7 3 0.0600 444.1052 179.1431 -3.418
3901 7 3 0.0600 444.7282 180.73010000000002 -3.859
3902 7 2 -0.1200 444.8642 180.7041 0.0
3903 7 9 0.2200 446.3722 180.7041 0.0
3904 7 6 -0.3300 446.9122 179.5081 -0.49
3905 7 4 0.5100 446.6732 178.27810000000002 0.083
3906 7 5 -0.4300 445.9372 178.15210000000002 1.107
3907 7 1 -0.1800 447.2942 177.07410000000002 -0.515
3908 7 3 0.0600 444.4382 179.6851 0.11
3909 7 3 0.0600 444.4422 181.4521 0.666
3910 7 7 0.0300 446.7722 181.5551 -0.588
3911 7 3 0.0600 446.6672 176.18310000000002 -0.457
3912 7 3 0.0600 447.6132 177.2861 -1.561
3913 7 3 0.0600 448.2362 176.8451 0.026
3914 7 2 -0.1200 448.3722 180.7041 0.0
3915 7 9 0.2200 449.88020000000006 180.7041 0.0
3916 7 6 -0.3300 450.4202 180.2141 -1.196
3917 7 4 0.5100 450.18120000000005 180.7871 -2.426
3918 7 5 -0.4300 449.44520000000006 181.8111 -2.552
3919 7 1 -0.1800 450.8022 180.18910000000002 -3.63
3920 7 3 0.0600 447.94620000000003 180.81410000000002 -1.019
3921 7 3 0.0600 447.95020000000005 181.3701 0.748
3922 7 7 0.0300 450.28020000000004 180.11610000000002 0.851
3923 7 3 0.0600 450.1752 180.24710000000002 -4.521
3924 7 3 0.0600 451.12120000000004 179.1431 -3.418
3925 7 3 0.0600 451.74420000000003 180.73010000000002 -3.859
3926 7 2 -0.1200 451.8802 180.7041 0.0
3927 7 9 0.2200 453.38820000000004 180.7041 0.0
3928 7 6 -0.3300 453.9282 179.5081 -0.49
3929 7 4 0.5100 453.6892 178.27810000000002 0.083
3930 7 5 -0.4300 452.95320000000004 178.15210000000002 1.107
3931 7 1 -0.1800 454.3102 177.07410000000002 -0.515
3932 7 3 0.0600 451.4542 179.6851 0.11
3933 7 3 0.0600 451.45820000000003 181.4521 0.666
3934 7 7 0.0300 453.7882 181.5551 -0.588
3935 7 3 0.0600 453.6832 176.18310000000002 -0.457
3936 7 3 0.0600 454.6292 177.2861 -1.561
3937 7 3 0.0600 455.2522 176.8451 0.026
3938 7 2 -0.1200 455.3882 180.7041 0.0
3939 7 9 0.2200 456.8962 180.7041 0.0
3940 7 6 -0.3300 457.4362 180.2141 -1.196
3941 7 4 0.5100 457.1972 180.7871 -2.426
3942 7 5 -0.4300 456.4612 181.8111 -2.552
3943 7 1 -0.1800 457.8182 180.18910000000002 -3.63
3944 7 3 0.0600 454.9622 180.81410000000002 -1.019
3945 7 3 0.0600 454.9662 181.3701 0.748
3946 7 7 0.0300 457.2962 180.11610000000002 0.851
3947 7 3 0.0600 457.1912 180.24710000000002 -4.521
3948 7 3 0.0600 458.1372 179.1431 -3.418
3949 7 3 0.0600 458.7602 180.73010000000002 -3.859
3950 7 2 -0.1200 458.8962 180.7041 0.0
3951 7 9 0.2200 460.40420000000006 180.7041 0.0
3952 7 6 -0.3300 460.9442 179.5081 -0.49
3953 7 4 0.5100 460.70520000000005 178.27810000000002 0.083
3954 7 5 -0.4300 459.96920000000006 178.15210000000002 1.107
3955 7 1 -0.1800 461.32620000000003 177.07410000000002 -0.515
3956 7 3 0.0600 458.47020000000003 179.6851 0.11
3957 7 3 0.0600 458.47420000000005 181.4521 0.666
3958 7 7 0.0300 460.80420000000004 181.5551 -0.588
3959 7 3 0.0600 460.6992 176.18310000000002 -0.457
3960 7 3 0.0600 461.64520000000005 177.2861 -1.561
3961 7 3 0.0600 462.26820000000004 176.8451 0.026
3962 7 2 -0.1200 462.4042 180.7041 0.0
3963 7 9 0.2200 463.91220000000004 180.7041 0.0
3964 7 6 -0.3300 464.4522 180.2141 -1.196
3965 7 4 0.5100 464.21320000000003 180.7871 -2.426
3966 7 5 -0.4300 463.47720000000004 181.8111 -2.552
3967 7 1 -0.1800 464.8342 180.18910000000002 -3.63
3968 7 3 0.0600 461.9782 180.81410000000002 -1.019
3969 7 3 0.0600 461.98220000000003 181.3701 0.748
3970 7 7 0.0300 464.3122 180.11610000000002 0.851
3971 7 3 0.0600 464.2072 180.24710000000002 -4.521
3972 7 3 0.0600 465.1532 179.1431 -3.418
3973 7 3 0.0600 465.7762 180.73010000000002 -3.859
3974 7 2 -0.1200 465.9122 180.7041 0.0
3975 7 9 0.2200 467.4202 180.7041 0.0
3976 7 6 -0.3300 467.9602 179.5081 -0.49
3977 7 4 0.5100 467.7212 178.27810000000002 0.083
3978 7 5 -0.4300 466.9852 178.15210000000002 1.107
3979 7 1 -0.1800 468.3422 177.07410000000002 -0.515
3980 7 3 0.0600 465.4862 179.6851 0.11
3981 7 3 0.0600 465.4902 181.4521 0.666
3982 7 7 0.0300 467.8202 181.5551 -0.588
3983 7 3 0.0600 467.7152 176.18310000000002 -0.457
3984 7 3 0.0600 468.6612 177.2861 -1.561
3985 7 3 0.0600 469.2842 176.8451 0.026
3986 7 2 -0.1200 469.4202 180.7041 0.0
3987 7 9 0.2200 470.92820000000006 180.7041 0.0
3988 7 6 -0.3300 471.4682 180.2141 -1.196
3989 7 4 0.5100 471.22920000000005 180.7871 -2.426
3990 7 5 -0.4300 470.49320000000006 181.8111 -2.552
3991 7 1 -0.1800 471.85020000000003 180.18910000000002 -3.63
3992 7 3 0.0600 468.99420000000003 180.81410000000002 -1.019
3993 7 3 0.0600 468.99820000000005 181.3701 0.748
3994 7 7 0.0300 471.32820000000004 180.11610000000002 0.851
3995 7 3 0.0600 471.2232 180.24710000000002 -4.521
3996 7 3 0.0600 472.16920000000005 179.1431 -3.418
3997 7 3 0.0600 472.79220000000004 180.73010000000002 -3.859
3998 7 2 -0.1200 472.9282 180.7041 0.0
3999 7 9 0.2200 474.43620000000004 180.7041 0.0
4000 7 6 -0.3300 474.9762 179.5081 0.49
4001 7 4 0.5100 474.73720000000003 178.27810000000002 -0.083
4002 7 5 -0.4300 474.00120000000004 178.15210000000002 -1.107
4003 7 1 -0.1800 475.3582 177.07410000000002 0.515
4004 7 3 0.0600 472.5022 179.6851 -0.11
4005 7 3 0.0600 472.50620000000004 181.4521 -0.666
4006 7 7 0.0300 474.8362 181.5551 0.588
4007 7 3 0.0600 474.7312 176.18310000000002 0.457
4008 7 3 0.0600 475.6772 177.2861 1.561
4009 7 3 0.0600 476.3002 176.8451 -0.026
4010 7 2 -0.1200 476.4362 180.7041 0.0
4011 7 9 0.2200 477.9442 180.7041 0.0
4012 7 6 -0.3300 478.4842 180.2141 -1.196
4013 7 4 0.5100 478.2452 180.7871 -2.426
4014 7 5 -0.4300 477.5092 181.8111 -2.552
4015 7 1 -0.1800 478.8662 180.18910000000002 -3.63
4016 7 3 0.0600 476.0102 180.81410000000002 -1.019
4017 7 3 0.0600 476.0142 181.3701 0.748
4018 7 7 0.0300 478.3442 180.11610000000002 0.851
4019 7 3 0.0600 478.2392 180.24710000000002 -4.521
4020 7 3 0.0600 479.1852 179.1431 -3.418
4021 7 3 0.0600 479.8082 180.73010000000002 -3.859
4022 7 2 -0.1200 479.9442 180.7041 0.0
4023 7 9 0.2200 481.45220000000006 180.7041 0.0
4024 7 6 -0.3300 481.9922 179.5081 0.49
4025 7 4 0.5100 481.75320000000005 178.27810000000002 -0.083
4026 7 5 -0.4300 481.01720000000006 178.15210000000002 -1.107
4027 7 1 -0.1800 482.37420000000003 177.07410000000002 0.515
4028 7 3 0.0600 479.51820000000004 179.6851 -0.11
4029 7 3 0.0600 479.52220000000005 181.4521 -0.666
4030 7 7 0.0300 481.85220000000004 181.5551 0.588
4031 7 3 0.0600 481.7472 176.18310000000002 0.457
4032 7 3 0.0600 482.69320000000005 177.2861 1.561
4033 7 3 0.0600 483.31620000000004 176.8451 -0.026
4034 7 2 -0.1200 483.4522 180.7041 0.0
4035 7 9 0.2200 484.96020000000004 180.7041 0.0
4036 7 6 -0.3300 485.5002 181.19410000000002 -1.196
4037 7 4 0.5100 485.26120000000003 180.6211 -2.426
4038 7 5 -0.4300 484.52520000000004 179.5971 -2.552
4039 7 1 -0.1800 485.8822 181.2191 -3.63
4040 7 3 0.0600 483.0262 180.5941 -1.019
4041 7 3 0.0600 483.03020000000004 180.03810000000001 0.748
4042 7 7 0.0300 485.3602 181.2921 0.851
4043 7 3 0.0600 485.2552 181.1611 -4.521
4044 7 3 0.0600 486.20120000000003 182.26510000000002 -3.418
4045 7 3 0.0600 486.8242 180.6781 -3.859
4046 7 2 -0.1200 486.9602 180.7041 0.0
4047 7 9 0.2200 488.4682 180.7041 0.0
4048 7 6 -0.3300 489.0082 179.5081 0.49
4049 7 4 0.5100 488.7692 178.27810000000002 -0.083
4050 7 5 -0.4300 488.0332 178.15210000000002 -1.107
4051 7 1 -0.1800 489.3902 177.07410000000002 0.515
4052 7 3 0.0600 486.5342 179.6851 -0.11
4053 7 3 0.0600 486.5382 181.4521 -0.666
4054 7 7 0.0300 488.8682 181.5551 0.588
4055 7 3 0.0600 488.7632 176.18310000000002 0.457
4056 7 3 0.0600 489.7092 177.2861 1.561
4057 7 3 0.0600 490.3322 176.8451 -0.026
4058 7 2 -0.1200 490.4682 180.7041 0.0
4059 7 9 0.2200 491.97620000000006 180.7041 0.0
4060 7 6 -0.3300 492.5162 181.19410000000002 -1.196
4061 7 4 0.5100 492.27720000000005 180.6211 -2.426
4062 7 5 -0.4300 491.54120000000006 179.5971 -2.552
4063 7 1 -0.1800 492.89820000000003 181.2191 -3.63
4064 7 3 0.0600 490.04220000000004 180.5941 -1.019
4065 7 3 0.0600 490.04620000000006 180.03810000000001 0.748
4066 7 7 0.0300 492.37620000000004 181.2921 0.851
4067 7 3 0.0600 492.2712 181.1611 -4.521
4068 7 3 0.0600 493.21720000000005 182.26510000000002 -3.418
4069 7 3 0.0600 493.84020000000004 180.6781 -3.859
4070 7 2 -0.1200 493.9762 180.7041 0.0
4071 7 9 0.2200 495.48420000000004 180.7041 0.0
4072 7 6 -0.3300 496.0242 179.5081 -0.49
4073 7 4 0.5100 495.78520000000003 178.27810000000002 0.083
4074 7 5 -0.4300 495.04920000000004 178.15210000000002 1.107
4075 7 1 -0.1800 496.4062 177.07410000000002 -0.515
4076 7 3 0.0600 493.5502 179.6851 0.11
4077 7 3 0.0600 493.55420000000004 181.4521 0.666
4078 7 7 0.0300 495.8842 181.5551 -0.588
4079 7 3 0.0600 495.7792 176.18310000000002 -0.457
4080 7 3 0.0600 496.72520000000003 177.2861 -1.561
4081 7 3 0.0600 497.3482 176.8451 0.026
4082 7 2 -0.1200 497.4842 180.7041 0.0
4083 7 9 0.2200 498.9922 180.7041 0.0
4084 7 6 -0.3300 499.5322 180.2141 -1.196
4085 7 4 0.5100 499.2932 180.7871 -2.426
4086 7 5 -0.4300 498.5572 181.8111 -2.552
4087 7 1 -0.1800 499.9142 180.18910000000002 -3.63
4088 7 3 0.0600 497.0582 180.81410000000002 -1.019
4089 7 3 0.0600 497.0622 181.3701 0.748
4090 7 7 0.0300 499.3922 180.11610000000002 0.851
4091 7 3 0.0600 499.2872 180.24710000000002 -4.521
4092 7 3 0.0600 500.2332 179.1431 -3.418
4093 7 3 0.0600 500.8562 180.73010000000002 -3.859
4094 7 2 -0.1200 500.9922 180.7041 0.0
4095 7 9 0.2200 502.50020000000006 180.7041 0.0
4096 7 6 -0.3300 503.0402 179.5081 -0.49
4097 7 4 0.5100 502.80120000000005 178.27810000000002 0.083
4098 7 5 -0.4300 502.06520000000006 178.15210000000002 1.107
4099 7 1 -0.1800 503.42220000000003 177.07410000000002 -0.515
4100 7 3 0.0600 500.56620000000004 179.6851 0.11
4101 7 3 0.0600 500.57020000000006 181.4521 0.666
4102 7 7 0.0300 502.90020000000004 181.5551 -0.588
4103 7 3 0.0600 502.7952 176.18310000000002 -0.457
4104 7 3 0.0600 503.74120000000005 177.2861 -1.561
4105 7 3 0.0600 504.36420000000004 176.8451 0.026
4106 7 2 -0.1200 504.5002 180.7041 0.0
4107 7 9 0.2200 506.00820000000004 180.7041 0.0
4108 7 6 -0.3300 506.5482 180.2141 -1.196
4109 7 4 0.5100 506.30920000000003 180.7871 -2.426
4110 7 5 -0.4300 505.57320000000004 181.8111 -2.552
4111 7 1 -0.1800 506.9302 180.18910000000002 -3.63
4112 7 3 0.0600 504.0742 180.81410000000002 -1.019
4113 7 3 0.0600 504.07820000000004 181.3701 0.748
4114 7 7 0.0300 506.4082 180.11610000000002 0.851
4115 7 3 0.0600 506.3032 180.24710000000002 -4.521
4116 7 3 0.0600 507.24920000000003 179.1431 -3.418
4117 7 3 0.0600 507.8722 180.73010000000002 -3.859
4118 7 2 -0.1200 508.0082 180.7041 0.0
4119 7 9 0.2200 509.5162 180.7041 0.0
4120 7 6 -0.3300 510.0562 179.5081 0.49
4121 7 4 0.5100 509.8172 178.27810000000002 -0.083
4122 7 5 -0.4300 509.0812 178.15210000000002 -1.107
4123 7 1 -0.1800 510.4382 177.07410000000002 0.515
4124 7 3 0.0600 507.5822 179.6851 -0.11
4125 7 3 0.0600 507.5862 181.4521 -0.666
4126 7 7 0.0300 509.9162 181.5551 0.588
4127 7 3 0.0600 509.8112 176.18310000000002 0.457
4128 7 3 0.0600 510.7572 177.2861 1.561
4129 7 3 0.0600 511.3802 176.8451 -0.026
4130 7 2 -0.1200 511.5162 180.7041 0.0
4131 7 9 0.2200 513.0242000000001 180.7041 0.0
4132 7 6 -0.3300 513.5642 181.19410000000002 -1.196
4133 7 4 0.5100 513.3252 180.6211 -2.426
4134 7 5 -0.4300 512.5892 179.5971 -2.552
4135 7 1 -0.1800 513.9462000000001 181.2191 -3.63
4136 7 3 0.0600 511.09020000000004 180.5941 -1.019
4137 7 3 0.0600 511.09420000000006 180.03810000000001 0.748
4138 7 7 0.0300 513.4242 181.2921 0.851
4139 7 3 0.0600 513.3192 181.1611 -4.521
4140 7 3 0.0600 514.2652 182.26510000000002 -3.418
4141 7 3 0.0600 514.8882000000001 180.6781 -3.859
4142 7 2 -0.1200 515.0242 180.7041 0.0
4143 7 9 0.2200 516.5322 180.7041 0.0
4144 7 6 -0.3300 517.0722 179.5081 0.49
4145 7 4 0.5100 516.8331999999999 178.27810000000002 -0.083
4146 7 5 -0.4300 516.0971999999999 178.15210000000002 -1.107
4147 7 1 -0.1800 517.4542 177.07410000000002 0.515
4148 7 3 0.0600 514.5982 179.6851 -0.11
4149 7 3 0.0600 514.6021999999999 181.4521 -0.666
4150 7 7 0.0300 516.9322 181.5551 0.588
4151 7 3 0.0600 516.8272 176.18310000000002 0.457
4152 7 3 0.0600 517.7732 177.2861 1.561
4153 7 3 0.0600 518.3962 176.8451 -0.026
4154 7 2 -0.1200 518.5322 180.7041 0.0
4155 7 9 0.2200 520.0402 180.7041 0.0
4156 7 6 -0.3300 520.5802 180.2141 -1.196
4157 7 4 0.5100 520.3412 180.7871 -2.426
4158 7 5 -0.4300 519.6052 181.8111 -2.552
4159 7 1 -0.1800 520.9622 180.18910000000002 -3.63
4160 7 3 0.0600 518.1062000000001 180.81410000000002 -1.019
4161 7 3 0.0600 518.1102 181.3701 0.748
4162 7 7 0.0300 520.4402 180.11610000000002 0.851
4163 7 3 0.0600 520.3352 180.24710000000002 -4.521
4164 7 3 0.0600 521.2812 179.1431 -3.418
4165 7 3 0.0600 521.9042000000001 180.73010000000002 -3.859
4166 7 2 -0.1200 522.0402 180.7041 0.0
4167 7 9 0.2200 523.5482000000001 180.7041 0.0
4168 7 6 -0.3300 524.0882 179.5081 0.49
4169 7 4 0.5100 523.8492 178.27810000000002 -0.083
4170 7 5 -0.4300 523.1132 178.15210000000002 -1.107
4171 7 1 -0.1800 524.4702000000001 177.07410000000002 0.515
4172 7 3 0.0600 521.6142000000001 179.6851 -0.11
4173 7 3 0.0600 521.6182 181.4521 -0.666
4174 7 7 0.0300 523.9482 181.5551 0.588
4175 7 3 0.0600 523.8432 176.18310000000002 0.457
4176 7 3 0.0600 524.7892 177.2861 1.561
4177 7 3 0.0600 525.4122000000001 176.8451 -0.026
4178 7 2 -0.1200 525.5482000000001 180.7041 0.0
4179 7 9 0.2200 527.0562000000001 180.7041 0.0
4180 7 6 -0.3300 527.5962000000001 180.2141 -1.196
4181 7 4 0.5100 527.3572 180.7871 -2.426
4182 7 5 -0.4300 526.6212 181.8111 -2.552
4183 7 1 -0.1800 527.9782000000001 180.18910000000002 -3.63
4184 7 3 0.0600 525.1222000000001 180.81410000000002 -1.019
4185 7 3 0.0600 525.1262 181.3701 0.748
4186 7 7 0.0300 527.4562000000001 180.11610000000002 0.851
4187 7 3 0.0600 527.3512000000001 180.24710000000002 -4.521
4188 7 3 0.0600 528.2972000000001 179.1431 -3.418
4189 7 3 0.0600 528.9202000000001 180.73010000000002 -3.859
4190 7 2 -0.1200 529.0562 180.7041 0.0
4191 7 9 0.2200 530.5642 180.7041 0.0
4192 7 6 -0.3300 531.1042 179.5081 0.49
4193 7 4 0.5100 530.8652 178.27810000000002 -0.083
4194 7 5 -0.4300 530.1292 178.15210000000002 -1.107
4195 7 1 -0.1800 531.4862 177.07410000000002 0.515
4196 7 3 0.0600 528.6302000000001 179.6851 -0.11
4197 7 3 0.0600 528.6342 181.4521 -0.666
4198 7 7 0.0300 530.9642 181.5551 0.588
4199 7 3 0.0600 530.8592 176.18310000000002 0.457
4200 7 3 0.0600 531.8052 177.2861 1.561
4201 7 3 0.0600 532.4282000000001 176.8451 -0.026
4202 7 2 -0.1200 530.8382 180.7041 0.0
4203 7 8 0.1900 531.4112 180.21710000000002 1.269
4204 7 6 -0.3300 532.7432 179.80710000000002 1.192
4205 7 4 0.5100 533.7912 180.64010000000002 0.807
4206 7 5 -0.4300 533.5552 181.8471 0.5039999999999999
4207 7 1 -0.1800 535.1982 180.1271 0.748
4208 7 3 0.0600 530.6512 181.75310000000002 -0.11600000000000008
4209 7 3 0.0600 530.5872 179.9951 -0.759
4210 7 7 0.0300 530.8122000000001 179.3271 1.587
4211 7 7 0.0300 531.2722 180.96110000000002 2.079
4212 7 3 0.0600 535.6712 180.1511 1.738
4213 7 3 0.0600 535.1752 179.05210000000002 0.4330000000000001
4214 7 3 0.0600 535.7982000000001 180.7041 0.0
4215 8 1 -0.1800 541.3494 180.7041 0.0
4216 8 9 0.2200 542.8754 180.7041 0.0
4217 8 6 -0.3300 543.3184 180.21110000000002 1.254
4218 8 4 0.5100 544.7074 180.1431 1.426
4219 8 5 -0.4300 545.4974 180.5001 0.517
4220 8 1 -0.1800 545.2854 179.64010000000002 2.705
4221 8 3 0.0600 540.9834 179.68110000000001 0.168
4222 8 3 0.0600 540.9734 181.07610000000003 -0.973
4223 8 3 0.0600 541.0394 181.35410000000002 0.832
4224 8 7 0.0300 543.2854 181.7041 -0.146
4225 8 3 0.0600 544.4774 179.2521 3.336
4226 8 3 0.0600 545.9034 180.42010000000002 3.204
4227 8 3 0.0600 545.9993999999999 178.8291 2.397
4228 8 2 -0.1200 544.8843999999999 180.7041 0.0
4229 8 9 0.2200 546.3924 180.7041 0.0
4230 8 6 -0.3300 546.9323999999999 180.2141 -1.196
4231 8 4 0.5100 546.6933999999999 180.7871 -2.426
4232 8 5 -0.4300 545.9573999999999 181.8111 -2.552
4233 8 1 -0.1800 547.3144 180.18910000000002 -3.63
4234 8 3 0.0600 544.4584 180.81410000000002 -1.019
4235 8 3 0.0600 544.4623999999999 181.3701 0.748
4236 8 7 0.0300 546.7923999999999 180.11610000000002 0.851
4237 8 3 0.0600 546.6873999999999 180.24710000000002 -4.521
4238 8 3 0.0600 547.6333999999999 179.1431 -3.418
4239 8 3 0.0600 548.2564 180.73010000000002 -3.859
4240 8 2 -0.1200 548.3924 180.7041 0.0
4241 8 9 0.2200 549.9004 180.7041 0.0
4242 8 6 -0.3300 550.4404 179.5081 0.49
4243 8 4 0.5100 550.2013999999999 178.27810000000002 -0.083
4244 8 5 -0.4300 549.4653999999999 178.15210000000002 -1.107
4245 8 1 -0.1800 550.8224 177.07410000000002 0.515
4246 8 3 0.0600 547.9664 179.6851 -0.11
4247 8 3 0.0600 547.9703999999999 181.4521 -0.666
4248 8 7 0.0300 550.3004 181.5551 0.588
4249 8 3 0.0600 550.1954 176.18310000000002 0.457
4250 8 3 0.0600 551.1414 177.2861 1.561
4251 8 3 0.0600 551.7644 176.8451 -0.026
4252 8 2 -0.1200 551.9004 180.7041 0.0
4253 8 9 0.2200 553.4084 180.7041 0.0
4254 8 6 -0.3300 553.9484 180.2141 -1.196
4255 8 4 0.5100 553.7094 180.7871 -2.426
4256 8 5 -0.4300 552.9734 181.8111 -2.552
4257 8 1 -0.1800 554.3304 180.18910000000002 -3.63
4258 8 3 0.0600 551.4744000000001 180.81410000000002 -1.019
4259 8 3 0.0600 551.4784 181.3701 0.748
4260 8 7 0.0300 553.8084 180.11610000000002 0.851
4261 8 3 0.0600 553.7034 180.24710000000002 -4.521
4262 8 3 0.0600 554.6494 179.1431 -3.418
4263 8 3 0.0600 555.2724000000001 180.73010000000002 -3.859
4264 8 2 -0.1200 555.4083999999999 180.7041 0.0
4265 8 9 0.2200 556.9164 180.7041 0.0
4266 8 6 -0.3300 557.4563999999999 179.5081 -0.49
4267 8 4 0.5100 557.2173999999999 178.27810000000002 0.083
4268 8 5 -0.4300 556.4813999999999 178.15210000000002 1.107
4269 8 1 -0.1800 557.8384 177.07410000000002 -0.515
4270 8 3 0.0600 554.9824 179.6851 0.11
4271 8 3 0.0600 554.9863999999999 181.4521 0.666
4272 8 7 0.0300 557.3163999999999 181.5551 -0.588
4273 8 3 0.0600 557.2113999999999 176.18310000000002 -0.457
4274 8 3 0.0600 558.1573999999999 177.2861 -1.561
4275 8 3 0.0600 558.7804 176.8451 0.026
4276 8 2 -0.1200 558.9164 180.7041 0.0
4277 8 9 0.2200 560.4244 180.7041 0.0
4278 8 6 -0.3300 560.9644 180.2141 -1.196
4279 8 4 0.5100 560.7253999999999 180.7871 -2.426
4280 8 5 -0.4300 559.9893999999999 181.8111 -2.552
4281 8 1 -0.1800 561.3464 180.18910000000002 -3.63
4282 8 3 0.0600 558.4904 180.81410000000002 -1.019
4283 8 3 0.0600 558.4943999999999 181.3701 0.748
4284 8 7 0.0300 560.8244 180.11610000000002 0.851
4285 8 3 0.0600 560.7194 180.24710000000002 -4.521
4286 8 3 0.0600 561.6654 179.1431 -3.418
4287 8 3 0.0600 562.2884 180.73010000000002 -3.859
4288 8 2 -0.1200 562.4244 180.7041 0.0
4289 8 9 0.2200 563.9324 180.7041 0.0
4290 8 6 -0.3300 564.4724 179.5081 0.49
4291 8 4 0.5100 564.2334 178.27810000000002 -0.083
4292 8 5 -0.4300 563.4974 178.15210000000002 -1.107
4293 8 1 -0.1800 564.8544 177.07410000000002 0.515
4294 8 3 0.0600 561.9984000000001 179.6851 -0.11
4295 8 3 0.0600 562.0024 181.4521 -0.666
4296 8 7 0.0300 564.3324 181.5551 0.588
4297 8 3 0.0600 564.2274 176.18310000000002 0.457
4298 8 3 0.0600 565.1734 177.2861 1.561
4299 8 3 0.0600 565.7964000000001 176.8451 -0.026
4300 8 2 -0.1200 565.9323999999999 180.7041 0.0
4301 8 9 0.2200 567.4404 180.7041 0.0
4302 8 6 -0.3300 567.9803999999999 180.2141 -1.196
4303 8 4 0.5100 567.7413999999999 180.7871 -2.426
4304 8 5 -0.4300 567.0053999999999 181.8111 -2.552
4305 8 1 -0.1800 568.3624 180.18910000000002 -3.63
4306 8 3 0.0600 565.5064 180.81410000000002 -1.019
4307 8 3 0.0600 565.5103999999999 181.3701 0.748
4308 8 7 0.0300 567.8403999999999 180.11610000000002 0.851
4309 8 3 0.0600 567.7353999999999 180.24710000000002 -4.521
4310 8 3 0.0600 568.6813999999999 179.1431 -3.418
4311 8 3 0.0600 569.3044 180.73010000000002 -3.859
4312 8 2 -0.1200 569.4404 180.7041 0.0
4313 8 9 0.2200 570.9484 180.7041 0.0
4314 8 6 -0.3300 571.4884 179.5081 -0.49
4315 8 4 0.5100 571.2493999999999 178.27810000000002 0.083
4316 8 5 -0.4300 570.5133999999999 178.15210000000002 1.107
4317 8 1 -0.1800 571.8704 177.07410000000002 -0.515
4318 8 3 0.0600 569.0144 179.6851 0.11
4319 8 3 0.0600 569.0183999999999 181.4521 0.666
4320 8 7 0.0300 571.3484 181.5551 -0.588
4321 8 3 0.0600 571.2434 176.18310000000002 -0.457
4322 8 3 0.0600 572.1894 177.2861 -1.561
4323 8 3 0.0600 572.8124 176.8451 0.026
4324 8 2 -0.1200 572.9484 180.7041 0.0
4325 8 9 0.2200 574.4564 180.7041 0.0
4326 8 6 -0.3300 574.9964 181.19410000000002 -1.196
4327 8 4 0.5100 574.7574 180.6211 -2.426
4328 8 5 -0.4300 574.0214 179.5971 -2.552
4329 8 1 -0.1800 575.3784 181.2191 -3.63
4330 8 3 0.0600 572.5224000000001 180.5941 -1.019
4331 8 3 0.0600 572.5264 180.03810000000001 0.748
4332 8 7 0.0300 574.8564 181.2921 0.851
4333 8 3 0.0600 574.7514 181.1611 -4.521
4334 8 3 0.0600 575.6974 182.26510000000002 -3.418
4335 8 3 0.0600 576.3204000000001 180.6781 -3.859
4336 8 2 -0.1200 576.4563999999999 180.7041 0.0
4337 8 9 0.2200 577.9644 180.7041 0.0
4338 8 6 -0.3300 578.5043999999999 179.5081 -0.49
4339 8 4 0.5100 578.2653999999999 178.27810000000002 0.083
4340 8 5 -0.4300 577.5293999999999 178.15210000000002 1.107
4341 8 1 -0.1800 578.8864 177.07410000000002 -0.515
4342 8 3 0.0600 576.0304 179.6851 0.11
4343 8 3 0.0600 576.0343999999999 181.4521 0.666
4344 8 7 0.0300 578.3643999999999 181.5551 -0.588
4345 8 3 0.0600 578.2593999999999 176.18310000000002 -0.457
4346 8 3 0.0600 579.2053999999999 177.2861 -1.561
4347 8 3 0.0600 579.8284 176.8451 0.026
4348 8 2 -0.1200 579.9644 180.7041 0.0
4349 8 9 0.2200 581.4724 180.7041 0.0
4350 8 6 -0.3300 582.0124 181.19410000000002 -1.196
4351 8 4 0.5100 581.7733999999999 180.6211 -2.426
4352 8 5 -0.4300 581.0373999999999 179.5971 -2.552
4353 8 1 -0.1800 582.3944 181.2191 -3.63
4354 8 3 0.0600 579.5384 180.5941 -1.019
4355 8 3 0.0600 579.5423999999999 180.03810000000001 0.748
4356 8 7 0.0300 581.8724 181.2921 0.851
4357 8 3 0.0600 581.7674 181.1611 -4.521
4358 8 3 0.0600 582.7134 182.26510000000002 -3.418
4359 8 3 0.0600 583.3364 180.6781 -3.859
4360 8 2 -0.1200 583.4724 180.7041 0.0
4361 8 9 0.2200 584.9804 180.7041 0.0
4362 8 6 -0.3300 585.5204 179.5081 0.49
4363 8 4 0.5100 585.2814 178.27810000000002 -0.083
4364 8 5 -0.4300 584.5454 178.15210000000002 -1.107
4365 8 1 -0.1800 585.9024000000001 177.07410000000002 0.515
4366 8 3 0.0600 583.0464000000001 179.6851 -0.11
4367 8 3 0.0600 583.0504 181.4521 -0.666
4368 8 7 0.0300 585.3804 181.5551 0.588
4369 8 3 0.0600 585.2754 176.18310000000002 0.457
4370 8 3 0.0600 586.2214 177.2861 1.561
4371 8 3 0.0600 586.8444000000001 176.8451 -0.026
4372 8 2 -0.1200 586.9803999999999 180.7041 0.0
4373 8 9 0.2200 588.4884 180.7041 0.0
4374 8 6 -0.3300 589.0283999999999 181.19410000000002 -1.196
4375 8 4 0.5100 588.7893999999999 180.6211 -2.426
4376 8 5 -0.4300 588.0533999999999 179.5971 -2.552
4377 8 1 -0.1800 589.4104 181.2191 -3.63
4378 8 3 0.0600 586.5544 180.5941 -1.019
4379 8 3 0.0600 586.5583999999999 180.03810000000001 0.748
4380 8 7 0.0300 588.8883999999999 181.2921 0.851
4381 8 3 0.0600 588.7833999999999 181.1611 -4.521
4382 8 3 0.0600 589.7293999999999 182.26510000000002 -3.418
4383 8 3 0.0600 590.3524 180.6781 -3.859
4384 8 2 -0.1200 590.4884 180.7041 0.0
4385 8 9 0.2200 591.9964 180.7041 0.0
4386 8 6 -0.3300 592.5364 179.5081 -0.49
4387 8 4 0.5100 592.2973999999999 178.27810000000002 0.083
4388 8 5 -0.4300 591.5613999999999 178.15210000000002 1.107
4389 8 1 -0.1800 592.9184 177.07410000000002 -0.515
4390 8 3 0.0600 590.0624 179.6851 0.11
4391 8 3 0.0600 590.0663999999999 181.4521 0.666
4392 8 7 0.0300 592.3964 181.5551 -0.588
4393 8 3 0.0600 592.2914 176.18310000000002 -0.457
4394 8 3 0.0600 593.2374 177.2861 -1.561
4395 8 3 0.0600 593.8604 176.8451 0.026
4396 8 2 -0.1200 593.9964 180.7041 0.0
4397 8 9 0.2200 595.5044 180.7041 0.0
4398 8 6 -0.3300 596.0444 180.2141 -1.196
4399 8 4 0.5100 595.8054 180.7871 -2.426
4400 8 5 -0.4300 595.0694 181.8111 -2.552
4401 8 1 -0.1800 596.4264000000001 180.18910000000002 -3.63
4402 8 3 0.0600 593.5704000000001 180.81410000000002 -1.019
4403 8 3 0.0600 593.5744 181.3701 0.748
4404 8 7 0.0300 595.9044 180.11610000000002 0.851
4405 8 3 0.0600 595.7994 180.24710000000002 -4.521
4406 8 3 0.0600 596.7454 179.1431 -3.418
4407 8 3 0.0600 597.3684000000001 180.73010000000002 -3.859
4408 8 2 -0.1200 597.5043999999999 180.7041 0.0
4409 8 9 0.2200 599.0124 180.7041 0.0
4410 8 6 -0.3300 599.5523999999999 179.5081 0.49
4411 8 4 0.5100 599.3133999999999 178.27810000000002 -0.083
4412 8 5 -0.4300 598.5773999999999 178.15210000000002 -1.107
4413 8 1 -0.1800 599.9344 177.07410000000002 0.515
4414 8 3 0.0600 597.0784 179.6851 -0.11
4415 8 3 0.0600 597.0823999999999 181.4521 -0.666
4416 8 7 0.0300 599.4123999999999 181.5551 0.588
4417 8 3 0.0600 599.3073999999999 176.18310000000002 0.457
4418 8 3 0.0600 600.2533999999999 177.2861 1.561
4419 8 3 0.0600 600.8764 176.8451 -0.026
4420 8 2 -0.1200 601.0124 180.7041 0.0
4421 8 9 0.2200 602.5204 180.7041 0.0
4422 8 6 -0.3300 603.0604 181.19410000000002 -1.196
4423 8 4 0.5100 602.8213999999999 180.6211 -2.426
4424 8 5 -0.4300 602.0853999999999 179.5971 -2.552
4425 8 1 -0.1800 603.4424 181.2191 -3.63
4426 8 3 0.0600 600.5864 180.5941 -1.019
4427 8 3 0.0600 600.5903999999999 180.03810000000001 0.748
4428 8 7 0.0300 602.9204 181.2921 0.851
4429 8 3 0.0600 602.8154 181.1611 -4.521
4430 8 3 0.0600 603.7614 182.26510000000002 -3.418
4431 8 3 0.0600 604.3844 180.6781 -3.859
4432 8 2 -0.1200 604.5204 180.7041 0.0
4433 8 9 0.2200 606.0284 180.7041 0.0
4434 8 6 -0.3300 606.5684 179.5081 0.49
4435 8 4 0.5100 606.3294 178.27810000000002 -0.083
4436 8 5 -0.4300 605.5934 178.15210000000002 -1.107
4437 8 1 -0.1800 606.9504000000001 177.07410000000002 0.515
4438 8 3 0.0600 604.0944000000001 179.6851 -0.11
4439 8 3 0.0600 604.0984 181.4521 -0.666
4440 8 7 0.0300 606.4284 181.5551 0.588
4441 8 3 0.0600 606.3234 176.18310000000002 0.457
4442 8 3 0.0600 607.2694 177.2861 1.561
4443 8 3 0.0600 607.8924000000001 176.8451 -0.026
4444 8 2 -0.1200 608.0283999999999 180.7041 0.0
4445 8 9 0.2200 609.5364 180.7041 0.0
4446 8 6 -0.3300 610.0763999999999 180.2141 -1.196
4447 8 4 0.5100 609.8373999999999 180.7871 -2.426
4448 8 5 -0.4300 609.1013999999999 181.8111 -2.552
4449 8 1 -0.1800 610.4584 180.18910000000002 -3.63
4450 8 3 0.0600 607.6024 180.81410000000002 -1.019
4451 8 3 0.0600 607.6063999999999 181.3701 0.748
4452 8 7 0.0300 609.9363999999999 180.11610000000002 0.851
4453 8 3 0.0600 609.8313999999999 180.24710000000002 -4.521
4454 8 3 0.0600 610.7774 179.1431 -3.418
4455 8 3 0.0600 611.4004 180.73010000000002 -3.859
4456 8 2 -0.1200 611.5364 180.7041 0.0
4457 8 9 0.2200 613.0444 180.7041 0.0
4458 8 6 -0.3300 613.5844 179.5081 -0.49
4459 8 4 0.5100 613.3453999999999 178.27810000000002 0.083
4460 8 5 -0.4300 612.6093999999999 178.15210000000002 1.107
4461 8 1 -0.1800 613.9664 177.07410000000002 -0.515
4462 8 3 0.0600 611.1104 179.6851 0.11
4463 8 3 0.0600 611.1143999999999 181.4521 0.666
4464 8 7 0.0300 613.4444 181.5551 -0.588
4465 8 3 0.0600 613.3394 176.18310000000002 -0.457
4466 8 3 0.0600 614.2854 177.2861 -1.561
4467 8 3 0.0600 614.9084 176.8451 0.026
4468 8 2 -0.1200 615.0444 180.7041 0.0
4469 8 9 0.2200 616.5524 180.7041 0.0
4470 8 6 -0.3300 617.0924 180.2141 -1.196
4471 8 4 0.5100 616.8534 180.7871 -2.426
4472 8 5 -0.4300 616.1174 181.8111 -2.552
4473 8 1 -0.1800 617.4744000000001 180.18910000000002 -3.63
4474 8 3 0.0600 614.6184000000001 180.81410000000002 -1.019
4475 8 3 0.0600 614.6224 181.3701 0.748
4476 8 7 0.0300 616.9524 180.11610000000002 0.851
4477 8 3 0.0600 616.8474 180.24710000000002 -4.521
4478 8 3 0.0600 617.7934 179.1431 -3.418
4479 8 3 0.0600 618.4164000000001 180.73010000000002 -3.859
4480 8 2 -0.1200 618.5523999999999 180.7041 0.0
4481 8 9 0.2200 620.0604 180.7041 0.0
4482 8 6 -0.3300 620.6003999999999 179.5081 0.49
4483 8 4 0.5100 620.3613999999999 178.27810000000002 -0.083
4484 8 5 -0.4300 619.6253999999999 178.15210000000002 -1.107
4485 8 1 -0.1800 620.9824 177.07410000000002 0.515
4486 8 3 0.0600 618.1264 179.6851 -0.11
4487 8 3 0.0600 618.1303999999999 181.4521 -0.666
4488 8 7 0.0300 620.4603999999999 181.5551 0.588
4489 8 3 0.0600 620.3553999999999 176.18310000000002 0.457
4490 8 3 0.0600 621.3014 177.2861 1.561
4491 8 3 0.0600 621.9244 176.8451 -0.026
4492 8 2 -0.1200 622.0604 180.7041 0.0
4493 8 9 0.2200 623.5684 180.7041 0.0
4494 8 6 -0.3300 624.1084 181.19410000000002 -1.196
4495 8 4 0.5100 623.8693999999999 180.6211 -2.426
4496 8 5 -0.4300 623.1333999999999 179.5971 -2.552
4497 8 1 -0.1800 624.4904 181.2191 -3.63
4498 8 3 0.0600 621.6344 180.5941 -1.019
4499 8 3 0.0600 621.6383999999999 180.03810000000001 0.748
4500 8 7 0.0300 623.9684 181.2921 0.851
4501 8 3 0.0600 623.8634 181.1611 -4.521
4502 8 3 0.0600 624.8094 182.26510000000002 -3.418
4503 8 3 0.0600 625.4324 180.6781 -3.859
4504 8 2 -0.1200 625.5684 180.7041 0.0
4505 8 9 0.2200 627.0764 180.7041 0.0
4506 8 6 -0.3300 627.6164 179.5081 0.49
4507 8 4 0.5100 627.3774 178.27810000000002 -0.083
4508 8 5 -0.4300 626.6414 178.15210000000002 -1.107
4509 8 1 -0.1800 627.9984000000001 177.07410000000002 0.515
4510 8 3 0.0600 625.1424000000001 179.6851 -0.11
4511 8 3 0.0600 625.1464 181.4521 -0.666
4512 8 7 0.0300 627.4764 181.5551 0.588
4513 8 3 0.0600 627.3714 176.18310000000002 0.457
4514 8 3 0.0600 628.3174 177.2861 1.561
4515 8 3 0.0600 628.9404000000001 176.8451 -0.026
4516 8 2 -0.1200 629.0763999999999 180.7041 0.0
4517 8 9 0.2200 630.5844 180.7041 0.0
4518 8 6 -0.3300 631.1243999999999 180.2141 -1.196
4519 8 4 0.5100 630.8853999999999 180.7871 -2.426
4520 8 5 -0.4300 630.1493999999999 181.8111 -2.552
4521 8 1 -0.1800 631.5064 180.18910000000002 -3.63
4522 8 3 0.0600 628.6504 180.81410000000002 -1.019
4523 8 3 0.0600 628.6543999999999 181.3701 0.748
4524 8 7 0.0300 630.9843999999999 180.11610000000002 0.851
4525 8 3 0.0600 630.8793999999999 180.24710000000002 -4.521
4526 8 3 0.0600 631.8254 179.1431 -3.418
4527 8 3 0.0600 632.4484 180.73010000000002 -3.859
4528 8 2 -0.1200 632.5844 180.7041 0.0
4529 8 9 0.2200 634.0924 180.7041 0.0
4530 8 6 -0.3300 634.6324 179.5081 0.49
4531 8 4 0.5100 634.3933999999999 178.27810000000002 -0.083
4532 8 5 -0.4300 633.6573999999999 178.15210000000002 -1.107
4533 8 1 -0.1800 635.0144 177.07410000000002 0.515
4534 8 3 0.0600 632.1584 179.6851 -0.11
4535 8 3 0.0600 632.1623999999999 181.4521 -0.666
4536 8 7 0.0300 634.4924 181.5551 0.588
4537 8 3 0.0600 634.3874 176.18310000000002 0.457
4538 8 3 0.0600 635.3334 177.2861 1.561
4539 8 3 0.0600 635.9564 176.8451 -0.026
4540 8 2 -0.1200 636.0924 180.7041 0.0
4541 8 9 0.2200 637.6004 180.7041 0.0
4542 8 6 -0.3300 638.1404 180.2141 -1.196
4543 8 4 0.5100 637.9014 180.7871 -2.426
4544 8 5 -0.4300 637.1654 181.8111 -2.552
4545 8 1 -0.1800 638.5224000000001 180.18910000000002 -3.63
4546 8 3 0.0600 635.6664000000001 180.81410000000002 -1.019
4547 8 3 0.0600 635.6704 181.3701 0.748
4548 8 7 0.0300 638.0004 180.11610000000002 0.851
4549 8 3 0.0600 637.8954 180.24710000000002 -4.521
4550 8 3 0.0600 638.8414 179.1431 -3.418
4551 8 3 0.0600 639.4644000000001 180.73010000000002 -3.859
4552 8 2 -0.1200 639.6003999999999 180.7041 0.0
4553 8 9 0.2200 641.1084 180.7041 0.0
4554 8 6 -0.3300 641.6483999999999 179.5081 0.49
4555 8 4 0.5100 641.4093999999999 178.27810000000002 -0.083
4556 8 5 -0.4300 640.6733999999999 178.15210000000002 -1.107
4557 8 1 -0.1800 642.0304 177.07410000000002 0.515
4558 8 3 0.0600 639.1744 179.6851 -0.11
4559 8 3 0.0600 639.1783999999999 181.4521 -0.666
4560 8 7 0.0300 641.5083999999999 181.5551 0.588
4561 8 3 0.0600 641.4033999999999 176.18310000000002 0.457
4562 8 3 0.0600 642.3494 177.2861 1.561
4563 8 3 0.0600 642.9724 176.8451 -0.026
4564 8 2 -0.1200 643.1084 180.7041 0.0
4565 8 9 0.2200 644.6164 180.7041 0.0
4566 8 6 -0.3300 645.1564 180.2141 -1.196
4567 8 4 0.5100 644.9173999999999 180.7871 -2.426
4568 8 5 -0.4300 644.1813999999999 181.8111 -2.552
4569 8 1 -0.1800 645.5384 180.18910000000002 -3.63
4570 8 3 0.0600 642.6824 180.81410000000002 -1.019
4571 8 3 0.0600 642.6863999999999 181.3701 0.748
4572 8 7 0.0300 645.0164 180.11610000000002 0.851
4573 8 3 0.0600 644.9114 180.24710000000002 -4.521
4574 8 3 0.0600 645.8574 179.1431 -3.418
4575 8 3 0.0600 646.4804 180.73010000000002 -3.859
4576 8 2 -0.1200 646.6164 180.7041 0.0
4577 8 9 0.2200 648.1244 180.7041 0.0
4578 8 6 -0.3300 648.6644 179.5081 0.49
4579 8 4 0.5100 648.4254 178.27810000000002 -0.083
4580 8 5 -0.4300 647.6894 178.15210000000002 -1.107
4581 8 1 -0.1800 649.0464000000001 177.07410000000002 0.515
4582 8 3 0.0600 646.1904000000001 179.6851 -0.11
4583 8 3 0.0600 646.1944 181.4521 -0.666
4584 8 7 0.0300 648.5244 181.5551 0.588
4585 8 3 0.0600 648.4194 176.18310000000002 0.457
4586 8 3 0.0600 649.3654 177.2861 1.561
4587 8 3 0.0600 649.9884000000001 176.8451 -0.026
4588 8 2 -0.1200 650.1243999999999 180.7041 0.0
4589 8 9 0.2200 651.6324 180.7041 0.0
4590 8 6 -0.3300 652.1723999999999 181.19410000000002 -1.196
4591 8 4 0.5100 651.9333999999999 180.6211 -2.426
4592 8 5 -0.4300 651.1973999999999 179.5971 -2.552
4593 8 1 -0.1800 652.5544 181.2191 -3.63
4594 8 3 0.0600 649.6984 180.5941 -1.019
4595 8 3 0.0600 649.7023999999999 180.03810000000001 0.748
4596 8 7 0.0300 652.0323999999999 181.2921 0.851
4597 8 3 0.0600 651.9273999999999 181.1611 -4.521
4598 8 3 0.0600 652.8734 182.26510000000002 -3.418
4599 8 3 0.0600 653.4964 180.6781 -3.859
4600 8 2 -0.1200 653.6324 180.7041 0.0
4601 8 9 0.2200 655.1404 180.7041 0.0
4602 8 6 -0.3300 655.6804 179.5081 -0.49
4603 8 4 0.5100 655.4413999999999 178.27810000000002 0.083
4604 8 5 -0.4300 654.7053999999999 178.15210000000002 1.107
4605 8 1 -0.1800 656.0624 177.07410000000002 -0.515
4606 8 3 0.0600 653.2064 179.6851 0.11
4607 8 3 0.0600 653.2103999999999 181.4521 0.666
4608 8 7 0.0300 655.5404 181.5551 -0.588
4609 8 3 0.0600 655.4354 176.18310000000002 -0.457
4610 8 3 0.0600 656.3814 177.2861 -1.561
4611 8 3 0.0600 657.0044 176.8451 0.026
4612 8 2 -0.1200 657.1404 180.7041 0.0
4613 8 9 0.2200 658.6484 180.7041 0.0
4614 8 6 -0.3300 659.1884 181.19410000000002 -1.196
4615 8 4 0.5100 658.9494 180.6211 -2.426
4616 8 5 -0.4300 658.2134 179.5971 -2.552
4617 8 1 -0.1800 659.5704000000001 181.2191 -3.63
4618 8 3 0.0600 656.7144000000001 180.5941 -1.019
4619 8 3 0.0600 656.7184 180.03810000000001 0.748
4620 8 7 0.0300 659.0484 181.2921 0.851
4621 8 3 0.0600 658.9434 181.1611 -4.521
4622 8 3 0.0600 659.8894 182.26510000000002 -3.418
4623 8 3 0.0600 660.5124000000001 180.6781 -3.859
4624 8 2 -0.1200 660.6483999999999 180.7041 0.0
4625 8 9 0.2200 662.1564 180.7041 0.0
4626 8 6 -0.3300 662.6963999999999 179.5081 0.49
4627 8 4 0.5100 662.4573999999999 178.27810000000002 -0.083
4628 8 5 -0.4300 661.7213999999999 178.15210000000002 -1.107
4629 8 1 -0.1800 663.0784 177.07410000000002 0.515
4630 8 3 0.0600 660.2224 179.6851 -0.11
4631 8 3 0.0600 660.2263999999999 181.4521 -0.666
4632 8 7 0.0300 662.5563999999999 181.5551 0.588
4633 8 3 0.0600 662.4513999999999 176.18310000000002 0.457
4634 8 3 0.0600 663.3974 177.2861 1.561
4635 8 3 0.0600 664.0204 176.8451 -0.026
4636 8 2 -0.1200 664.1564 180.7041 0.0
4637 8 9 0.2200 665.6644 180.7041 0.0
4638 8 6 -0.3300 666.2044 180.2141 -1.196
4639 8 4 0.5100 665.9653999999999 180.7871 -2.426
4640 8 5 -0.4300 665.2293999999999 181.8111 -2.552
4641 8 1 -0.1800 666.5864 180.18910000000002 -3.63
4642 8 3 0.0600 663.7304 180.81410000000002 -1.019
4643 8 3 0.0600 663.7343999999999 181.3701 0.748
4644 8 7 0.0300 666.0644 180.11610000000002 0.851
4645 8 3 0.0600 665.9594 180.24710000000002 -4.521
4646 8 3 0.0600 666.9054 179.1431 -3.418
4647 8 3 0.0600 667.5284 180.73010000000002 -3.859
4648 8 2 -0.1200 667.6644 180.7041 0.0
4649 8 9 0.2200 669.1724 180.7041 0.0
4650 8 6 -0.3300 669.7124 179.5081 0.49
4651 8 4 0.5100 669.4734 178.27810000000002 -0.083
4652 8 5 -0.4300 668.7374 178.15210000000002 -1.107
4653 8 1 -0.1800 670.0944000000001 177.07410000000002 0.515
4654 8 3 0.0600 667.2384000000001 179.6851 -0.11
4655 8 3 0.0600 667.2424 181.4521 -0.666
4656 8 7 0.0300 669.5724 181.5551 0.588
4657 8 3 0.0600 669.4674 176.18310000000002 0.457
4658 8 3 0.0600 670.4134 177.2861 1.561
4659 8 3 0.0600 671.0364000000001 176.8451 -0.026
4660 8 2 -0.1200 671.1723999999999 180.7041 0.0
4661 8 9 0.2200 672.6804 180.7041 0.0
4662 8 6 -0.3300 673.2203999999999 181.19410000000002 -1.196
4663 8 4 0.5100 672.9813999999999 180.6211 -2.426
4664 8 5 -0.4300 672.2453999999999 179.5971 -2.552
4665 8 1 -0.1800 673.6024 181.2191 -3.63
4666 8 3 0.0600 670.7464 180.5941 -1.019
4667 8 3 0.0600 670.7503999999999 180.03810000000001 0.748
4668 8 7 0.0300 673.0803999999999 181.2921 0.851
4669 8 3 0.0600 672.9753999999999 181.1611 -4.521
4670 8 3 0.0600 673.9214 182.26510000000002 -3.418
4671 8 3 0.0600 674.5444 180.6781 -3.859
4672 8 2 -0.1200 674.6804 180.7041 0.0
4673 8 9 0.2200 676.1884 180.7041 0.0
4674 8 6 -0.3300 676.7284 179.5081 0.49
4675 8 4 0.5100 676.4893999999999 178.27810000000002 -0.083
4676 8 5 -0.4300 675.7533999999999 178.15210000000002 -1.107
4677 8 1 -0.1800 677.1104 177.07410000000002 0.515
4678 8 3 0.0600 674.2544 179.6851 -0.11
4679 8 3 0.0600 674.2583999999999 181.4521 -0.666
4680 8 7 0.0300 676.5884 181.5551 0.588
4681 8 3 0.0600 676.4834 176.18310000000002 0.457
4682 8 3 0.0600 677.4294 177.2861 1.561
4683 8 3 0.0600 678.0524 176.8451 -0.026
4684 8 2 -0.1200 678.1884 180.7041 0.0
4685 8 9 0.2200 679.6964 180.7041 0.0
4686 8 6 -0.3300 680.2364 181.19410000000002 -1.196
4687 8 4 0.5100 679.9974 180.6211 -2.426
4688 8 5 -0.4300 679.2614 179.5971 -2.552
4689 8 1 -0.1800 680.6184000000001 181.2191 -3.63
4690 8 3 0.0600 677.7624000000001 180.5941 -1.019
4691 8 3 0.0600 677.7664 180.03810000000001 0.748
4692 8 7 0.0300 680.0964 181.2921 0.851
4693 8 3 0.0600 679.9914 181.1611 -4.521
4694 8 3 0.0600 680.9374 182.26510000000002 -3.418
4695 8 3 0.0600 681.5604000000001 180.6781 -3.859
4696 8 2 -0.1200 681.6963999999999 180.7041 0.0
4697 8 9 0.2200 683.2044 180.7041 0.0
4698 8 6 -0.3300 683.7443999999999 179.5081 0.49
4699 8 4 0.5100 683.5053999999999 178.27810000000002 -0.083
4700 8 5 -0.4300 682.7693999999999 178.15210000000002 -1.107
4701 8 1 -0.1800 684.1264 177.07410000000002 0.515
4702 8 3 0.0600 681.2704 179.6851 -0.11
4703 8 3 0.0600 681.2743999999999 181.4521 -0.666
4704 8 7 0.0300 683.6043999999999 181.5551 0.588
4705 8 3 0.0600 683.4993999999999 176.18310000000002 0.457
4706 8 3 0.0600 684.4454 177.2861 1.561
4707 8 3 0.0600 685.0684 176.8451 -0.026
4708 8 2 -0.1200 685.2044 180.7041 0.0
4709 8 9 0.2200 686.7124 180.7041 0.0
4710 8 6 -0.3300 687.2524 180.2141 -1.196
4711 8 4 0.5100 687.0133999999999 180.7871 -2.426
4712 8 5 -0.4300 686.2774 181.8111 -2.552
4713 8 1 -0.1800 687.6344 180.18910000000002 -3.63
4714 8 3 0.0600 684.7784 180.81410000000002 -1.019
4715 8 3 0.0600 684.7823999999999 181.3701 0.748
4716 8 7 0.0300 687.1124 180.11610000000002 0.851
4717 8 3 0.0600 687.0074 180.24710000000002 -4.521
4718 8 3 0.0600 687.9534 179.1431 -3.418
4719 8 3 0.0600 688.5764 180.73010000000002 -3.859
4720 8 2 -0.1200 688.7124 180.7041 0.0
4721 8 9 0.2200 690.2204 180.7041 0.0
4722 8 6 -0.3300 690.7604 179.5081 0.49
4723 8 4 0.5100 690.5214 178.27810000000002 -0.083
4724 8 5 -0.4300 689.7854 178.15210000000002 -1.107
4725 8 1 -0.1800 691.1424000000001 177.07410000000002 0.515
4726 8 3 0.0600 688.2864000000001 179.6851 -0.11
4727 8 3 0.0600 688.2904 181.4521 -0.666
4728 8 7 0.0300 690.6204 181.5551 0.588
4729 8 3 0.0600 690.5154 176.18310000000002 0.457
4730 8 3 0.0600 691.4614 177.2861 1.561
4731 8 3 0.0600 692.0844000000001 176.8451 -0.026
4732 8 2 -0.1200 692.2203999999999 180.7041 0.0
4733 8 9 0.2200 693.7284 180.7041 0.0
4734 8 6 -0.3300 694.2683999999999 180.2141 -1.196
4735 8 4 0.5100 694.0293999999999 180.7871 -2.426
4736 8 5 -0.4300 693.2933999999999 181.8111 -2.552
4737 8 1 -0.1800 694.6504 180.18910000000002 -3.63
4738 8 3 0.0600 691.7944 180.81410000000002 -1.019
4739 8 3 0.0600 691.7983999999999 181.3701 0.748
4740 8 7 0.0300 694.1283999999999 180.11610000000002 0.851
4741 8 3 0.0600 694.0233999999999 180.24710000000002 -4.521
4742 8 3 0.0600 694.9694 179.1431 -3.418
4743 8 3 0.0600 695.5924 180.73010000000002 -3.859
4744 8 2 -0.1200 695.7284 180.7041 0.0
4745 8 9 0.2200 697.2364 180.7041 0.0
4746 8 6 -0.3300 697.7764 179.5081 -0.49
4747 8 4 0.5100 697.5373999999999 178.27810000000002 0.083
4748 8 5 -0.4300 696.8014 178.15210000000002 1.107
4749 8 1 -0.1800 698.1584 177.07410000000002 -0.515
4750 8 3 0.0600 695.3024 179.6851 0.11
4751 8 3 0.0600 695.3063999999999 181.4521 0.666
4752 8 7 0.0300 697.6364 181.5551 -0.588
4753 8 3 0.0600 697.5314 176.18310000000002 -0.457
4754 8 3 0.0600 698.4774 177.2861 -1.561
4755 8 3 0.0600 699.1004 176.8451 0.026
4756 8 2 -0.1200 699.2363999999999 180.7041 0.0
4757 8 9 0.2200 700.7443999999999 180.7041 0.0
4758 8 6 -0.3300 701.2843999999999 180.2141 -1.196
4759 8 4 0.5100 701.0453999999999 180.7871 -2.426
4760 8 5 -0.4300 700.3093999999999 181.8111 -2.552
4761 8 1 -0.1800 701.6664 180.18910000000002 -3.63
4762 8 3 0.0600 698.8104 180.81410000000002 -1.019
4763 8 3 0.0600 698.8143999999999 181.3701 0.748
4764 8 7 0.0300 701.1443999999999 180.11610000000002 0.851
4765 8 3 0.0600 701.0393999999999 180.24710000000002 -4.521
4766 8 3 0.0600 701.9853999999999 179.1431 -3.418
4767 8 3 0.0600 702.6084 180.73010000000002 -3.859
4768 8 2 -0.1200 702.7443999999999 180.7041 0.0
4769 8 9 0.2200 704.2524 180.7041 0.0
4770 8 6 -0.3300 704.7923999999999 179.5081 0.49
4771 8 4 0.5100 704.5533999999999 178.27810000000002 -0.083
4772 8 5 -0.4300 703.8173999999999 178.15210000000002 -1.107
4773 8 1 -0.1800 705.1744 177.07410000000002 0.515
4774 8 3 0.0600 702.3184 179.6851 -0.11
4775 8 3 0.0600 702.3223999999999 181.4521 -0.666
4776 8 7 0.0300 704.6524 181.5551 0.588
4777 8 3 0.0600 704.5473999999999 176.18310000000002 0.457
4778 8 3 0.0600 705.4934 177.2861 1.561
4779 8 3 0.0600 706.1164 176.8451 -0.026
4780 8 2 -0.1200 706.2524 180.7041 0.0
4781 8 9 0.2200 707.7604 180.7041 0.0
4782 8 6 -0.3300 708.3004 180.2141 -1.196
4783 8 4 0.5100 708.0613999999999 180.7871 -2.426
4784 8 5 -0.4300 707.3254 181.8111 -2.552
4785 8 1 -0.1800 708.6824 180.18910000000002 -3.63
4786 8 3 0.0600 705.8264 180.81410000000002 -1.019
4787 8 3 0.0600 705.8303999999999 181.3701 0.748
4788 8 7 0.0300 708.1604 180.11610000000002 0.851
4789 8 3 0.0600 708.0554 180.24710000000002 -4.521
4790 8 3 0.0600 709.0014 179.1431 -3.418
4791 8 3 0.0600 709.6244 180.73010000000002 -3.859
4792 8 2 -0.1200 709.7604 180.7041 0.0
4793 8 9 0.2200 711.2684 180.7041 0.0
4794 8 6 -0.3300 711.8084 179.5081 -0.49
4795 8 4 0.5100 711.5694 178.27810000000002 0.083
4796 8 5 -0.4300 710.8334 178.15210000000002 1.107
4797 8 1 -0.1800 712.1904000000001 177.07410000000002 -0.515
4798 8 3 0.0600 709.3344000000001 179.6851 0.11
4799 8 3 0.0600 709.3384 181.4521 0.666
4800 8 7 0.0300 711.6684 181.5551 -0.588
4801 8 3 0.0600 711.5634 176.18310000000002 -0.457
4802 8 3 0.0600 712.5094 177.2861 -1.561
4803 8 3 0.0600 713.1324000000001 176.8451 0.026
4804 8 2 -0.1200 711.5423999999999 180.7041 0.0
4805 8 8 0.1900 712.1153999999999 181.1911 1.269
4806 8 6 -0.3300 713.4473999999999 181.6011 1.192
4807 8 4 0.5100 714.4953999999999 180.7681 0.807
4808 8 5 -0.4300 714.2593999999999 179.5611 0.5040000000000001
4809 8 1 -0.1800 715.9024 181.2811 0.748
4810 8 3 0.0600 711.3553999999999 179.6551 -0.11599999999999994
4811 8 3 0.0600 711.2914 181.41310000000001 -0.759
4812 8 7 0.0300 711.5164 182.08110000000002 1.587
4813 8 7 0.0300 711.9763999999999 180.4471 2.079
4814 8 3 0.0600 716.3753999999999 181.2571 1.738
4815 8 3 0.0600 715.8793999999999 182.3561 0.4329999999999999
4816 8 3 0.0600 716.5024 180.7041 0.0
4817 9 1 -0.1800 -0.763 361.4082 0.0
4818 9 9 0.2200 0.763 361.4082 0.0
4819 9 6 -0.3300 1.206 360.9152 1.254
4820 9 4 0.5100 2.595 360.84720000000004 1.426
4821 9 5 -0.4300 3.385 361.2042 0.517
4822 9 1 -0.1800 3.173 360.3442 2.705
4823 9 3 0.0600 -1.129 360.3852 0.168
4824 9 3 0.0600 -1.139 361.78020000000004 -0.973
4825 9 3 0.0600 -1.073 362.0582 0.832
4826 9 7 0.0300 1.173 362.4082 -0.146
4827 9 3 0.0600 2.365 359.9562 3.336
4828 9 3 0.0600 3.791 361.12420000000003 3.204
4829 9 3 0.0600 3.887 359.5332 2.397
4830 9 2 -0.1200 2.772 361.4082 0.0
4831 9 9 0.2200 4.279999999999999 361.4082 0.0
4832 9 6 -0.3300 4.82 361.89820000000003 -1.196
4833 9 4 0.5100 4.5809999999999995 361.3252 -2.426
4834 9 5 -0.4300 3.8449999999999998 360.3012 -2.552
4835 9 1 -0.1800 5.202 361.9232 -3.63
4836 9 3 0.0600 2.346 361.2982 -1.019
4837 9 3 0.0600 2.3499999999999996 360.7422 0.748
4838 9 7 0.0300 4.68 361.99620000000004 0.851
4839 9 3 0.0600 4.574999999999999 361.8652 -4.521
4840 9 3 0.0600 5.521 362.9692 -3.418
4841 9 3 0.0600 6.144 361.3822 -3.859
4842 9 2 -0.1200 6.279999999999999 361.4082 0.0
4843 9 9 0.2200 7.788 361.4082 0.0
4844 9 6 -0.3300 8.328 360.2122 0.49
4845 9 4 0.5100 8.089 358.98220000000003 -0.083
4846 9 5 -0.4300 7.353 358.8562 -1.107
4847 9 1 -0.1800 8.709999999999999 357.7782 0.515
4848 9 3 0.0600 5.854 360.3892 -0.11
4849 9 3 0.0600 5.858 362.1562 -0.666
4850 9 7 0.0300 8.187999999999999 362.2592 0.588
4851 9 3 0.0600 8.083 356.8872 0.457
4852 9 3 0.0600 9.029 357.9902 1.561
4853 9 3 0.0600 9.652 357.54920000000004 -0.026
4854 9 2 -0.1200 9.788 361.4082 0.0
4855 9 9 0.2200 11.296 361.4082 0.0
4856 9 6 -0.3300 11.836 360.9182 -1.196
4857 9 4 0.5100 11.597 361.49120000000005 -2.426
4858 9 5 -0.4300 10.861 362.51520000000005 -2.552
4859 9 1 -0.1800 12.218 360.89320000000004 -3.63
4860 9 3 0.0600 9.362 361.51820000000004 -1.019
4861 9 3 0.0600 9.366 362.0742 0.748
4862 9 7 0.0300 11.696 360.8202 0.851
4863 9 3 0.0600 11.591 360.95120000000003 -4.521
4864 9 3 0.0600 12.536999999999999 359.84720000000004 -3.418
4865 9 3 0.0600 13.16 361.43420000000003 -3.859
4866 9 2 -0.1200 13.296000000000001 361.4082 0.0
4867 9 9 0.2200 14.804 361.4082 0.0
4868 9 6 -0.3300 15.344000000000001 360.2122 0.49
4869 9 4 0.5100 15.105 358.98220000000003 -0.083
4870 9 5 -0.4300 14.369000000000002 358.8562 -1.107
4871 9 1 -0.1800 15.726 357.7782 0.515
4872 9 3 0.0600 12.870000000000001 360.3892 -0.11
4873 9 3 0.0600 12.874 362.1562 -0.666
4874 9 7 0.0300 15.204 362.2592 0.588
4875 9 3 0.0600 15.099 356.8872 0.457
4876 9 3 0.0600 16.045 357.9902 1.561
4877 9 3 0.0600 16.668 357.54920000000004 -0.026
4878 9 2 -0.1200 16.804 361.4082 0.0
4879 9 9 0.2200 18.312 361.4082 0.0
4880 9 6 -0.3300 18.852 361.89820000000003 -1.196
4881 9 4 0.5100 18.613 361.3252 -2.426
4882 9 5 -0.4300 17.877 360.3012 -2.552
4883 9 1 -0.1800 19.233999999999998 361.9232 -3.63
4884 9 3 0.0600 16.378 361.2982 -1.019
4885 9 3 0.0600 16.382 360.7422 0.748
4886 9 7 0.0300 18.712 361.99620000000004 0.851
4887 9 3 0.0600 18.607 361.8652 -4.521
4888 9 3 0.0600 19.553 362.9692 -3.418
4889 9 3 0.0600 20.176 361.3822 -3.859
4890 9 2 -0.1200 20.311999999999998 361.4082 0.0
4891 9 9 0.2200 21.82 361.4082 0.0
4892 9 6 -0.3300 22.36 360.2122 0.49
4893 9 4 0.5100 22.121 358.98220000000003 -0.083
4894 9 5 -0.4300 21.384999999999998 358.8562 -1.107
4895 9 1 -0.1800 22.741999999999997 357.7782 0.515
4896 9 3 0.0600 19.886 360.3892 -0.11
4897 9 3 0.0600 19.89 362.1562 -0.666
4898 9 7 0.0300 22.22 362.2592 0.588
4899 9 3 0.0600 22.115 356.8872 0.457
4900 9 3 0.0600 23.061 357.9902 1.561
4901 9 3 0.0600 23.683999999999997 357.54920000000004 -0.026
4902 9 2 -0.1200 23.82 361.4082 0.0
4903 9 9 0.2200 25.328000000000003 361.4082 0.0
4904 9 6 -0.3300 25.868000000000002 360.9182 -1.196
4905 9 4 0.5100 25.629 361.49120000000005 -2.426
4906 9 5 -0.4300 24.893 362.51520000000005 -2.552
4907 9 1 -0.1800 26.25 360.89320000000004 -3.63
4908 9 3 0.0600 23.394000000000002 361.51820000000004 -1.019
4909 9 3 0.0600 23.398000000000003 362.0742 0.748
4910 9 7 0.0300 25.728 360.8202 0.851
4911 9 3 0.0600 25.623 360.95120000000003 -4.521
4912 9 3 0.0600 26.569000000000003 359.84720000000004 -3.418
4913 9 3 0.0600 27.192 361.43420000000003 -3.859
4914 9 2 -0.1200 27.328 361.4082 0.0
4915 9 9 0.2200 28.836000000000002 361.4082 0.0
4916 9 6 -0.3300 29.376 360.2122 0.49
4917 9 4 0.5100 29.137 358.98220000000003 -0.083
4918 9 5 -0.4300 28.401 358.8562 -1.107
4919 9 1 -0.1800 29.758 357.7782 0.515
4920 9 3 0.0600 26.902 360.3892 -0.11
4921 9 3 0.0600 26.906000000000002 362.1562 -0.666
4922 9 7 0.0300 29.236 362.2592 0.588
4923 9 3 0.0600 29.131 356.8872 0.457
4924 9 3 0.0600 30.077 357.9902 1.561
4925 9 3 0.0600 30.7 357.54920000000004 -0.026
4926 9 2 -0.1200 30.836 361.4082 0.0
4927 9 9 0.2200 32.344 361.4082 0.0
4928 9 6 -0.3300 32.884 361.89820000000003 -1.196
4929 9 4 0.5100 32.645 361.3252 -2.426
4930 9 5 -0.4300 31.909 360.3012 -2.552
4931 9 1 -0.1800 33.266 361.9232 -3.63
4932 9 3 0.0600 30.41 361.2982 -1.019
4933 9 3 0.0600 30.414 360.7422 0.748
4934 9 7 0.0300 32.744 361.99620000000004 0.851
4935 9 3 0.0600 32.639 361.8652 -4.521
4936 9 3 0.0600 33.585 362.9692 -3.418
4937 9 3 0.0600 34.208 361.3822 -3.859
4938 9 2 -0.1200 34.344 361.4082 0.0
4939 9 9 0.2200 35.852 361.4082 0.0
4940 9 6 -0.3300 36.391999999999996 360.2122 0.49
4941 9 4 0.5100 36.153 358.98220000000003 -0.083
4942 9 5 -0.4300 35.417 358.8562 -1.107
4943 9 1 -0.1800 36.774 357.7782 0.515
4944 9 3 0.0600 33.918 360.3892 -0.11
4945 9 3 0.0600 33.922 362.1562 -0.666
4946 9 7 0.0300 36.251999999999995 362.2592 0.588
4947 9 3 0.0600 36.147 356.8872 0.457
4948 9 3 0.0600 37.092999999999996 357.9902 1.561
4949 9 3 0.0600 37.716 357.54920000000004 -0.026
4950 9 2 -0.1200 37.852000000000004 361.4082 0.0
4951 9 9 0.2200 39.36 361.4082 0.0
4952 9 6 -0.3300 39.9 361.89820000000003 -1.196
4953 9 4 0.5100 39.661 361.3252 -2.426
4954 9 5 -0.4300 38.925000000000004 360.3012 -2.552
4955 9 1 -0.1800 40.282000000000004 361.9232 -3.63
4956 9 3 0.0600 37.426 361.2982 -1.019
4957 9 3 0.0600 37.43 360.7422 0.748
4958 9 7 0.0300 39.760000000000005 361.99620000000004 0.851
4959 9 3 0.0600 39.655 361.8652 -4.521
4960 9 3 0.0600 40.601 362.9692 -3.418
4961 9 3 0.0600 41.224000000000004 361.3822 -3.859
4962 9 2 -0.1200 41.36 361.4082 0.0
4963 9 9 0.2200 42.867999999999995 361.4082 0.0
4964 9 6 -0.3300 43.407999999999994 360.2122 -0.49
4965 9 4 0.5100 43.169 358.98220000000003 0.083
4966 9 5 -0.4300 42.433 358.8562 1.107
4967 9 1 -0.1800 43.79 357.7782 -0.515
4968 9 3 0.0600 40.934 360.3892 0.11
4969 9 3 0.0600 40.937999999999995 362.1562 0.666
4970 9 7 0.0300 43.268 362.2592 -0.588
4971 9 3 0.0600 43.163 356.8872 -0.457
4972 9 3 0.0600 44.108999999999995 357.9902 -1.561
4973 9 3 0.0600 44.732 357.54920000000004 0.026
4974 9 2 -0.1200 44.868 361.4082 0.0
4975 9 9 0.2200 46.376 361.4082 0.0
4976 9 6 -0.3300 46.916 360.9182 -1.196
4977 9 4 0.5100 46.677 361.49120000000005 -2.426
4978 9 5 -0.4300 45.941 362.51520000000005 -2.552
4979 9 1 -0.1800 47.298 360.89320000000004 -3.63
4980 9 3 0.0600 44.442 361.51820000000004 -1.019
4981 9 3 0.0600 44.446 362.0742 0.748
4982 9 7 0.0300 46.775999999999996 360.8202 0.851
4983 9 3 0.0600 46.671 360.95120000000003 -4.521
4984 9 3 0.0600 47.617 359.84720000000004 -3.418
4985 9 3 0.0600 48.24 361.43420000000003 -3.859
4986 9 2 -0.1200 48.376000000000005 361.4082 0.0
4987 9 9 0.2200 49.884 361.4082 0.0
4988 9 6 -0.3300 50.424 360.2122 -0.49
4989 9 4 0.5100 50.185 358.98220000000003 0.083
4990 9 5 -0.4300 49.449000000000005 358.8562 1.107
4991 9 1 -0.1800 50.806000000000004 357.7782 -0.515
4992 9 3 0.0600 47.95 360.3892 0.11
4993 9 3 0.0600 47.954 362.1562 0.666
4994 9 7 0.0300 50.284000000000006 362.2592 -0.588
4995 9 3 0.0600 50.179 356.8872 -0.457
4996 9 3 0.0600 51.125 357.9902 -1.561
4997 9 3 0.0600 51.748000000000005 357.54920000000004 0.026
4998 9 2 -0.1200 51.884 361.4082 0.0
4999 9 9 0.2200 53.391999999999996 361.4082 0.0
5000 9 6 -0.3300 53.931999999999995 360.9182 -1.196
5001 9 4 0.5100 53.693 361.49120000000005 -2.426
5002 9 5 -0.4300 52.957 362.51520000000005 -2.552
5003 9 1 -0.1800 54.314 360.89320000000004 -3.63
5004 9 3 0.0600 51.458 361.51820000000004 -1.019
5005 9 3 0.0600 51.461999999999996 362.0742 0.748
5006 9 7 0.0300 53.792 360.8202 0.851
5007 9 3 0.0600 53.687 360.95120000000003 -4.521
5008 9 3 0.0600 54.632999999999996 359.84720000000004 -3.418
5009 9 3 0.0600 55.256 361.43420000000003 -3.859
5010 9 2 -0.1200 55.392 361.4082 0.0
5011 9 9 0.2200 56.9 361.4082 0.0
5012 9 6 -0.3300 57.44 360.2122 -0.49
5013 9 4 0.5100 57.201 358.98220000000003 0.083
5014 9 5 -0.4300 56.465 358.8562 1.107
5015 9 1 -0.1800 57.822 357.7782 -0.515
5016 9 3 0.0600 54.966 360.3892 0.11
5017 9 3 0.0600 54.97 362.1562 0.666
5018 9 7 0.0300 57.3 362.2592 -0.588
5019 9 3 0.0600 57.195 356.8872 -0.457
5020 9 3 0.0600 58.141 357.9902 -1.561
5021 9 3 0.0600 58.764 357.54920000000004 0.026
5022 9 2 -0.1200 58.900000000000006 361.4082 0.0
5023 9 9 0.2200 60.408 361.4082 0.0
5024 9 6 -0.3300 60.948 361.89820000000003 -1.196
5025 9 4 0.5100 60.709 361.3252 -2.426
5026 9 5 -0.4300 59.973000000000006 360.3012 -2.552
5027 9 1 -0.1800 61.330000000000005 361.9232 -3.63
5028 9 3 0.0600 58.474000000000004 361.2982 -1.019
5029 9 3 0.0600 58.478 360.7422 0.748
5030 9 7 0.0300 60.80800000000001 361.99620000000004 0.851
5031 9 3 0.0600 60.703 361.8652 -4.521
5032 9 3 0.0600 61.649 362.9692 -3.418
5033 9 3 0.0600 62.272000000000006 361.3822 -3.859
5034 9 2 -0.1200 62.408 361.4082 0.0
5035 9 9 0.2200 63.916 361.4082 0.0
5036 9 6 -0.3300 64.456 360.2122 -0.49
5037 9 4 0.5100 64.217 358.98220000000003 0.083
5038 9 5 -0.4300 63.481 358.8562 1.107
5039 9 1 -0.1800 64.838 357.7782 -0.515
5040 9 3 0.0600 61.982 360.3892 0.11
5041 9 3 0.0600 61.986 362.1562 0.666
5042 9 7 0.0300 64.316 362.2592 -0.588
5043 9 3 0.0600 64.211 356.8872 -0.457
5044 9 3 0.0600 65.157 357.9902 -1.561
5045 9 3 0.0600 65.78 357.54920000000004 0.026
5046 9 2 -0.1200 65.916 361.4082 0.0
5047 9 9 0.2200 67.424 361.4082 0.0
5048 9 6 -0.3300 67.964 361.89820000000003 -1.196
5049 9 4 0.5100 67.72500000000001 361.3252 -2.426
5050 9 5 -0.4300 66.989 360.3012 -2.552
5051 9 1 -0.1800 68.346 361.9232 -3.63
5052 9 3 0.0600 65.49 361.2982 -1.019
5053 9 3 0.0600 65.494 360.7422 0.748
5054 9 7 0.0300 67.824 361.99620000000004 0.851
5055 9 3 0.0600 67.71900000000001 361.8652 -4.521
5056 9 3 0.0600 68.665 362.9692 -3.418
5057 9 3 0.0600 69.288 361.3822 -3.859
5058 9 2 -0.1200 69.42399999999999 361.4082 0.0
5059 9 9 0.2200 70.932 361.4082 0.0
5060 9 6 -0.3300 71.472 360.2122 -0.49
5061 9 4 0.5100 71.233 358.98220000000003 0.083
5062 9 5 -0.4300 70.497 358.8562 1.107
5063 9 1 -0.1800 71.854 357.7782 -0.515
5064 9 3 0.0600 68.99799999999999 360.3892 0.11
5065 9 3 0.0600 69.002 362.1562 0.666
5066 9 7 0.0300 71.332 362.2592 -0.588
5067 9 3 0.0600 71.227 356.8872 -0.457
5068 9 3 0.0600 72.173 357.9902 -1.561
5069 9 3 0.0600 72.79599999999999 357.54920000000004 0.026
5070 9 2 -0.1200 72.932 361.4082 0.0
5071 9 9 0.2200 74.44000000000001 361.4082 0.0
5072 9 6 -0.3300 74.98 360.9182 -1.196
5073 9 4 0.5100 74.74100000000001 361.49120000000005 -2.426
5074 9 5 -0.4300 74.00500000000001 362.51520000000005 -2.552
5075 9 1 -0.1800 75.36200000000001 360.89320000000004 -3.63
5076 9 3 0.0600 72.506 361.51820000000004 -1.019
5077 9 3 0.0600 72.51 362.0742 0.748
5078 9 7 0.0300 74.84 360.8202 0.851
5079 9 3 0.0600 74.73500000000001 360.95120000000003 -4.521
5080 9 3 0.0600 75.68100000000001 359.84720000000004 -3.418
5081 9 3 0.0600 76.304 361.43420000000003 -3.859
5082 9 2 -0.1200 76.44 361.4082 0.0
5083 9 9 0.2200 77.94800000000001 361.4082 0.0
5084 9 6 -0.3300 78.488 360.2122 0.49
5085 9 4 0.5100 78.24900000000001 358.98220000000003 -0.083
5086 9 5 -0.4300 77.513 358.8562 -1.107
5087 9 1 -0.1800 78.87 357.7782 0.515
5088 9 3 0.0600 76.014 360.3892 -0.11
5089 9 3 0.0600 76.018 362.1562 -0.666
5090 9 7 0.0300 78.348 362.2592 0.588
5091 9 3 0.0600 78.24300000000001 356.8872 0.457
5092 9 3 0.0600 79.18900000000001 357.9902 1.561
5093 9 3 0.0600 79.812 357.54920000000004 -0.026
5094 9 2 -0.1200 79.948 361.4082 0.0
5095 9 9 0.2200 81.456 361.4082 0.0
5096 9 6 -0.3300 81.996 360.9182 -1.196
5097 9 4 0.5100 81.757 361.49120000000005 -2.426
5098 9 5 -0.4300 81.021 362.51520000000005 -2.552
5099 9 1 -0.1800 82.378 360.89320000000004 -3.63
5100 9 3 0.0600 79.52199999999999 361.51820000000004 -1.019
5101 9 3 0.0600 79.526 362.0742 0.748
5102 9 7 0.0300 81.856 360.8202 0.851
5103 9 3 0.0600 81.751 360.95120000000003 -4.521
5104 9 3 0.0600 82.697 359.84720000000004 -3.418
5105 9 3 0.0600 83.32 361.43420000000003 -3.859
5106 9 2 -0.1200 83.45599999999999 361.4082 0.0
5107 9 9 0.2200 84.964 361.4082 0.0
5108 9 6 -0.3300 85.50399999999999 360.2122 -0.49
5109 9 4 0.5100 85.265 358.98220000000003 0.083
5110 9 5 -0.4300 84.529 358.8562 1.107
5111 9 1 -0.1800 85.886 357.7782 -0.515
5112 9 3 0.0600 83.02999999999999 360.3892 0.11
5113 9 3 0.0600 83.03399999999999 362.1562 0.666
5114 9 7 0.0300 85.36399999999999 362.2592 -0.588
5115 9 3 0.0600 85.259 356.8872 -0.457
5116 9 3 0.0600 86.205 357.9902 -1.561
5117 9 3 0.0600 86.82799999999999 357.54920000000004 0.026
5118 9 2 -0.1200 86.964 361.4082 0.0
5119 9 9 0.2200 88.47200000000001 361.4082 0.0
5120 9 6 -0.3300 89.012 360.9182 -1.196
5121 9 4 0.5100 88.77300000000001 361.49120000000005 -2.426
5122 9 5 -0.4300 88.037 362.51520000000005 -2.552
5123 9 1 -0.1800 89.394 360.89320000000004 -3.63
5124 9 3 0.0600 86.538 361.51820000000004 -1.019
5125 9 3 0.0600 86.542 362.0742 0.748
5126 9 7 0.0300 88.872 360.8202 0.851
5127 9 3 0.0600 88.76700000000001 360.95120000000003 -4.521
5128 9 3 0.0600 89.71300000000001 359.84720000000004 -3.418
5129 9 3 0.0600 90.336 361.43420000000003 -3.859
5130 9 2 -0.1200 90.472 361.4082 0.0
5131 9 9 0.2200 91.98 361.4082 0.0
5132 9 6 -0.3300 92.52 360.2122 0.49
5133 9 4 0.5100 92.281 358.98220000000003 -0.083
5134 9 5 -0.4300 91.545 358.8562 -1.107
5135 9 1 -0.1800 92.902 357.7782 0.515
5136 9 3 0.0600 90.04599999999999 360.3892 -0.11
5137 9 3 0.0600 90.05 362.1562 -0.666
5138 9 7 0.0300 92.38 362.2592 0.588
5139 9 3 0.0600 92.275 356.8872 0.457
5140 9 3 0.0600 93.221 357.9902 1.561
5141 9 3 0.0600 93.844 357.54920000000004 -0.026
5142 9 2 -0.1200 93.97999999999999 361.4082 0.0
5143 9 9 0.2200 95.488 361.4082 0.0
5144 9 6 -0.3300 96.02799999999999 360.9182 -1.196
5145 9 4 0.5100 95.789 361.49120000000005 -2.426
5146 9 5 -0.4300 95.053 362.51520000000005 -2.552
5147 9 1 -0.1800 96.41 360.89320000000004 -3.63
5148 9 3 0.0600 93.55399999999999 361.51820000000004 -1.019
5149 9 3 0.0600 93.55799999999999 362.0742 0.748
5150 9 7 0.0300 95.88799999999999 360.8202 0.851
5151 9 3 0.0600 95.783 360.95120000000003 -4.521
5152 9 3 0.0600 96.729 359.84720000000004 -3.418
5153 9 3 0.0600 97.35199999999999 361.43420000000003 -3.859
5154 9 2 -0.1200 97.488 361.4082 0.0
5155 9 9 0.2200 98.99600000000001 361.4082 0.0
5156 9 6 -0.3300 99.536 360.2122 -0.49
5157 9 4 0.5100 99.29700000000001 358.98220000000003 0.083
5158 9 5 -0.4300 98.561 358.8562 1.107
5159 9 1 -0.1800 99.918 357.7782 -0.515
5160 9 3 0.0600 97.062 360.3892 0.11
5161 9 3 0.0600 97.066 362.1562 0.666
5162 9 7 0.0300 99.396 362.2592 -0.588
5163 9 3 0.0600 99.29100000000001 356.8872 -0.457
5164 9 3 0.0600 100.23700000000001 357.9902 -1.561
5165 9 3 0.0600 100.86 357.54920000000004 0.026
5166 9 2 -0.1200 100.996 361.4082 0.0
5167 9 9 0.2200 102.504 361.4082 0.0
5168 9 6 -0.3300 103.044 360.9182 -1.196
5169 9 4 0.5100 102.805 361.49120000000005 -2.426
5170 9 5 -0.4300 102.069 362.51520000000005 -2.552
5171 9 1 -0.1800 103.426 360.89320000000004 -3.63
5172 9 3 0.0600 100.57 361.51820000000004 -1.019
5173 9 3 0.0600 100.574 362.0742 0.748
5174 9 7 0.0300 102.904 360.8202 0.851
5175 9 3 0.0600 102.799 360.95120000000003 -4.521
5176 9 3 0.0600 103.745 359.84720000000004 -3.418
5177 9 3 0.0600 104.368 361.43420000000003 -3.859
5178 9 2 -0.1200 104.50399999999999 361.4082 0.0
5179 9 9 0.2200 106.012 361.4082 0.0
5180 9 6 -0.3300 106.55199999999999 360.2122 -0.49
5181 9 4 0.5100 106.313 358.98220000000003 0.083
5182 9 5 -0.4300 105.577 358.8562 1.107
5183 9 1 -0.1800 106.934 357.7782 -0.515
5184 9 3 0.0600 104.07799999999999 360.3892 0.11
5185 9 3 0.0600 104.082 362.1562 0.666
5186 9 7 0.0300 106.41199999999999 362.2592 -0.588
5187 9 3 0.0600 106.307 356.8872 -0.457
5188 9 3 0.0600 107.253 357.9902 -1.561
5189 9 3 0.0600 107.87599999999999 357.54920000000004 0.026
5190 9 2 -0.1200 108.012 361.4082 0.0
5191 9 9 0.2200 109.52000000000001 361.4082 0.0
5192 9 6 -0.3300 110.06 360.9182 -1.196
5193 9 4 0.5100 109.82100000000001 361.49120000000005 -2.426
5194 9 5 -0.4300 109.08500000000001 362.51520000000005 -2.552
5195 9 1 -0.1800 110.44200000000001 360.89320000000004 -3.63
5196 9 3 0.0600 107.586 361.51820000000004 -1.019
5197 9 3 0.0600 107.59 362.0742 0.748
5198 9 7 0.0300 109.92 360.8202 0.851
5199 9 3 0.0600 109.81500000000001 360.95120000000003 -4.521
5200 9 3 0.0600 110.76100000000001 359.84720000000004 -3.418
5201 9 3 0.0600 111.384 361.43420000000003 -3.859
5202 9 2 -0.1200 111.52 361.4082 0.0
5203 9 9 0.2200 113.028 361.4082 0.0
5204 9 6 -0.3300 113.568 360.2122 -0.49
5205 9 4 0.5100 113.32900000000001 358.98220000000003 0.083
5206 9 5 -0.4300 112.593 358.8562 1.107
5207 9 1 -0.1800 113.95 357.7782 -0.515
5208 9 3 0.0600 111.094 360.3892 0.11
5209 9 3 0.0600 111.098 362.1562 0.666
5210 9 7 0.0300 113.428 362.2592 -0.588
5211 9 3 0.0600 113.32300000000001 356.8872 -0.457
5212 9 3 0.0600 114.269 357.9902 -1.561
5213 9 3 0.0600 114.892 357.54920000000004 0.026
5214 9 2 -0.1200 115.02799999999999 361.4082 0.0
5215 9 9 0.2200 116.536 361.4082 0.0
5216 9 6 -0.3300 117.076 361.89820000000003 -1.196
5217 9 4 0.5100 116.837 361.3252 -2.426
5218 9 5 -0.4300 116.101 360.3012 -2.552
5219 9 1 -0.1800 117.458 361.9232 -3.63
5220 9 3 0.0600 114.60199999999999 361.2982 -1.019
5221 9 3 0.0600 114.606 360.7422 0.748
5222 9 7 0.0300 116.93599999999999 361.99620000000004 0.851
5223 9 3 0.0600 116.831 361.8652 -4.521
5224 9 3 0.0600 117.777 362.9692 -3.418
5225 9 3 0.0600 118.39999999999999 361.3822 -3.859
5226 9 2 -0.1200 118.536 361.4082 0.0
5227 9 9 0.2200 120.04400000000001 361.4082 0.0
5228 9 6 -0.3300 120.584 360.2122 0.49
5229 9 4 0.5100 120.34500000000001 358.98220000000003 -0.083
5230 9 5 -0.4300 119.60900000000001 358.8562 -1.107
5231 9 1 -0.1800 120.96600000000001 357.7782 0.515
5232 9 3 0.0600 118.11 360.3892 -0.11
5233 9 3 0.0600 118.114 362.1562 -0.666
5234 9 7 0.0300 120.444 362.2592 0.588
5235 9 3 0.0600 120.33900000000001 356.8872 0.457
5236 9 3 0.0600 121.28500000000001 357.9902 1.561
5237 9 3 0.0600 121.908 357.54920000000004 -0.026
5238 9 2 -0.1200 122.044 361.4082 0.0
5239 9 9 0.2200 123.552 361.4082 0.0
5240 9 6 -0.3300 124.092 360.9182 -1.196
5241 9 4 0.5100 123.85300000000001 361.49120000000005 -2.426
5242 9 5 -0.4300 123.117 362.51520000000005 -2.552
5243 9 1 -0.1800 124.474 360.89320000000004 -3.63
5244 9 3 0.0600 121.618 361.51820000000004 -1.019
5245 9 3 0.0600 121.622 362.0742 0.748
5246 9 7 0.0300 123.952 360.8202 0.851
5247 9 3 0.0600 123.84700000000001 360.95120000000003 -4.521
5248 9 3 0.0600 124.793 359.84720000000004 -3.418
5249 9 3 0.0600 125.416 361.43420000000003 -3.859
5250 9 2 -0.1200 125.55199999999999 361.4082 0.0
5251 9 9 0.2200 127.06 361.4082 0.0
5252 9 6 -0.3300 127.6 360.2122 -0.49
5253 9 4 0.5100 127.361 358.98220000000003 0.083
5254 9 5 -0.4300 126.625 358.8562 1.107
5255 9 1 -0.1800 127.982 357.7782 -0.515
5256 9 3 0.0600 125.12599999999999 360.3892 0.11
5257 9 3 0.0600 125.13 362.1562 0.666
5258 9 7 0.0300 127.46 362.2592 -0.588
5259 9 3 0.0600 127.355 356.8872 -0.457
5260 9 3 0.0600 128.301 357.9902 -1.561
5261 9 3 0.0600 128.924 357.54920000000004 0.026
5262 9 2 -0.1200 129.06 361.4082 0.0
5263 9 9 0.2200 130.56799999999998 361.4082 0.0
5264 9 6 -0.3300 131.108 361.89820000000003 -1.196
5265 9 4 0.5100 130.869 361.3252 -2.426
5266 9 5 -0.4300 130.13299999999998 360.3012 -2.552
5267 9 1 -0.1800 131.48999999999998 361.9232 -3.63
5268 9 3 0.0600 128.634 361.2982 -1.019
5269 9 3 0.0600 128.638 360.7422 0.748
5270 9 7 0.0300 130.968 361.99620000000004 0.851
5271 9 3 0.0600 130.863 361.8652 -4.521
5272 9 3 0.0600 131.809 362.9692 -3.418
5273 9 3 0.0600 132.432 361.3822 -3.859
5274 9 2 -0.1200 132.568 361.4082 0.0
5275 9 9 0.2200 134.076 361.4082 0.0
5276 9 6 -0.3300 134.616 360.2122 0.49
5277 9 4 0.5100 134.377 358.98220000000003 -0.083
5278 9 5 -0.4300 133.641 358.8562 -1.107
5279 9 1 -0.1800 134.998 357.7782 0.515
5280 9 3 0.0600 132.142 360.3892 -0.11
5281 9 3 0.0600 132.14600000000002 362.1562 -0.666
5282 9 7 0.0300 134.476 362.2592 0.588
5283 9 3 0.0600 134.371 356.8872 0.457
5284 9 3 0.0600 135.317 357.9902 1.561
5285 9 3 0.0600 135.94 357.54920000000004 -0.026
5286 9 2 -0.1200 136.07600000000002 361.4082 0.0
5287 9 9 0.2200 137.584 361.4082 0.0
5288 9 6 -0.3300 138.12400000000002 361.89820000000003 -1.196
5289 9 4 0.5100 137.88500000000002 361.3252 -2.426
5290 9 5 -0.4300 137.149 360.3012 -2.552
5291 9 1 -0.1800 138.506 361.9232 -3.63
5292 9 3 0.0600 135.65 361.2982 -1.019
5293 9 3 0.0600 135.65400000000002 360.7422 0.748
5294 9 7 0.0300 137.984 361.99620000000004 0.851
5295 9 3 0.0600 137.87900000000002 361.8652 -4.521
5296 9 3 0.0600 138.82500000000002 362.9692 -3.418
5297 9 3 0.0600 139.448 361.3822 -3.859
5298 9 2 -0.1200 139.584 361.4082 0.0
5299 9 9 0.2200 141.09199999999998 361.4082 0.0
5300 9 6 -0.3300 141.632 360.2122 0.49
5301 9 4 0.5100 141.393 358.98220000000003 -0.083
5302 9 5 -0.4300 140.65699999999998 358.8562 -1.107
5303 9 1 -0.1800 142.01399999999998 357.7782 0.515
5304 9 3 0.0600 139.158 360.3892 -0.11
5305 9 3 0.0600 139.162 362.1562 -0.666
5306 9 7 0.0300 141.492 362.2592 0.588
5307 9 3 0.0600 141.387 356.8872 0.457
5308 9 3 0.0600 142.333 357.9902 1.561
5309 9 3 0.0600 142.956 357.54920000000004 -0.026
5310 9 2 -0.1200 143.092 361.4082 0.0
5311 9 9 0.2200 144.6 361.4082 0.0
5312 9 6 -0.3300 145.14000000000001 360.9182 -1.196
5313 9 4 0.5100 144.901 361.49120000000005 -2.426
5314 9 5 -0.4300 144.165 362.51520000000005 -2.552
5315 9 1 -0.1800 145.522 360.89320000000004 -3.63
5316 9 3 0.0600 142.666 361.51820000000004 -1.019
5317 9 3 0.0600 142.67000000000002 362.0742 0.748
5318 9 7 0.0300 145.0 360.8202 0.851
5319 9 3 0.0600 144.895 360.95120000000003 -4.521
5320 9 3 0.0600 145.841 359.84720000000004 -3.418
5321 9 3 0.0600 146.464 361.43420000000003 -3.859
5322 9 2 -0.1200 146.60000000000002 361.4082 0.0
5323 9 9 0.2200 148.108 361.4082 0.0
5324 9 6 -0.3300 148.64800000000002 360.2122 -0.49
5325 9 4 0.5100 148.40900000000002 358.98220000000003 0.083
5326 9 5 -0.4300 147.673 358.8562 1.107
5327 9 1 -0.1800 149.03 357.7782 -0.515
5328 9 3 0.0600 146.174 360.3892 0.11
5329 9 3 0.0600 146.17800000000003 362.1562 0.666
5330 9 7 0.0300 148.508 362.2592 -0.588
5331 9 3 0.0600 148.40300000000002 356.8872 -0.457
5332 9 3 0.0600 149.34900000000002 357.9902 -1.561
5333 9 3 0.0600 149.972 357.54920000000004 0.026
5334 9 2 -0.1200 150.108 361.4082 0.0
5335 9 9 0.2200 151.61599999999999 361.4082 0.0
5336 9 6 -0.3300 152.156 360.9182 -1.196
5337 9 4 0.5100 151.917 361.49120000000005 -2.426
5338 9 5 -0.4300 151.18099999999998 362.51520000000005 -2.552
5339 9 1 -0.1800 152.53799999999998 360.89320000000004 -3.63
5340 9 3 0.0600 149.682 361.51820000000004 -1.019
5341 9 3 0.0600 149.686 362.0742 0.748
5342 9 7 0.0300 152.016 360.8202 0.851
5343 9 3 0.0600 151.911 360.95120000000003 -4.521
5344 9 3 0.0600 152.857 359.84720000000004 -3.418
5345 9 3 0.0600 153.48 361.43420000000003 -3.859
5346 9 2 -0.1200 153.616 361.4082 0.0
5347 9 9 0.2200 155.124 361.4082 0.0
5348 9 6 -0.3300 155.66400000000002 360.2122 0.49
5349 9 4 0.5100 155.425 358.98220000000003 -0.083
5350 9 5 -0.4300 154.689 358.8562 -1.107
5351 9 1 -0.1800 156.046 357.7782 0.515
5352 9 3 0.0600 153.19 360.3892 -0.11
5353 9 3 0.0600 153.19400000000002 362.1562 -0.666
5354 9 7 0.0300 155.524 362.2592 0.588
5355 9 3 0.0600 155.419 356.8872 0.457
5356 9 3 0.0600 156.365 357.9902 1.561
5357 9 3 0.0600 156.988 357.54920000000004 -0.026
5358 9 2 -0.1200 157.124 361.4082 0.0
5359 9 9 0.2200 158.63199999999998 361.4082 0.0
5360 9 6 -0.3300 159.172 360.9182 -1.196
5361 9 4 0.5100 158.933 361.49120000000005 -2.426
5362 9 5 -0.4300 158.19699999999997 362.51520000000005 -2.552
5363 9 1 -0.1800 159.55399999999997 360.89320000000004 -3.63
5364 9 3 0.0600 156.69799999999998 361.51820000000004 -1.019
5365 9 3 0.0600 156.702 362.0742 0.748
5366 9 7 0.0300 159.03199999999998 360.8202 0.851
5367 9 3 0.0600 158.927 360.95120000000003 -4.521
5368 9 3 0.0600 159.873 359.84720000000004 -3.418
5369 9 3 0.0600 160.49599999999998 361.43420000000003 -3.859
5370 9 2 -0.1200 160.632 361.4082 0.0
5371 9 9 0.2200 162.14 361.4082 0.0
5372 9 6 -0.3300 162.68 360.2122 0.49
5373 9 4 0.5100 162.441 358.98220000000003 -0.083
5374 9 5 -0.4300 161.70499999999998 358.8562 -1.107
5375 9 1 -0.1800 163.06199999999998 357.7782 0.515
5376 9 3 0.0600 160.206 360.3892 -0.11
5377 9 3 0.0600 160.21 362.1562 -0.666
5378 9 7 0.0300 162.54 362.2592 0.588
5379 9 3 0.0600 162.435 356.8872 0.457
5380 9 3 0.0600 163.381 357.9902 1.561
5381 9 3 0.0600 164.004 357.54920000000004 -0.026
5382 9 2 -0.1200 164.14000000000001 361.4082 0.0
5383 9 9 0.2200 165.648 361.4082 0.0
5384 9 6 -0.3300 166.18800000000002 361.89820000000003 -1.196
5385 9 4 0.5100 165.949 361.3252 -2.426
5386 9 5 -0.4300 165.213 360.3012 -2.552
5387 9 1 -0.1800 166.57 361.9232 -3.63
5388 9 3 0.0600 163.714 361.2982 -1.019
5389 9 3 0.0600 163.71800000000002 360.7422 0.748
5390 9 7 0.0300 166.048 361.99620000000004 0.851
5391 9 3 0.0600 165.943 361.8652 -4.521
5392 9 3 0.0600 166.889 362.9692 -3.418
5393 9 3 0.0600 167.512 361.3822 -3.859
5394 9 2 -0.1200 167.648 361.4082 0.0
5395 9 9 0.2200 169.15599999999998 361.4082 0.0
5396 9 6 -0.3300 169.696 360.2122 0.49
5397 9 4 0.5100 169.457 358.98220000000003 -0.083
5398 9 5 -0.4300 168.72099999999998 358.8562 -1.107
5399 9 1 -0.1800 170.07799999999997 357.7782 0.515
5400 9 3 0.0600 167.22199999999998 360.3892 -0.11
5401 9 3 0.0600 167.226 362.1562 -0.666
5402 9 7 0.0300 169.55599999999998 362.2592 0.588
5403 9 3 0.0600 169.451 356.8872 0.457
5404 9 3 0.0600 170.397 357.9902 1.561
5405 9 3 0.0600 171.01999999999998 357.54920000000004 -0.026
5406 9 2 -0.1200 169.43 361.4082 0.0
5407 9 8 0.1900 170.003 360.9212 1.269
5408 9 6 -0.3300 171.335 360.51120000000003 1.192
5409 9 4 0.5100 172.383 361.3442 0.807
5410 9 5 -0.4300 172.147 362.5512 0.5039999999999999
5411 9 1 -0.1800 173.79 360.8312 0.748
5412 9 3 0.0600 169.243 362.4572 -0.11600000000000008
5413 9 3 0.0600 169.179 360.6992 -0.759
5414 9 7 0.0300 169.404 360.0312 1.587
5415 9 7 0.0300 169.864 361.6652 2.079
5416 9 3 0.0600 174.263 360.8552 1.738
5417 9 3 0.0600 173.767 359.75620000000004 0.4330000000000001
5418 9 3 0.0600 174.39 361.4082 0.0
5419 10 1 -0.1800 179.9411 361.4082 0.0
5420 10 9 0.2200 181.46710000000002 361.4082 0.0
5421 10 6 -0.3300 181.9101 360.9152 -1.254
5422 10 4 0.5100 183.2991 360.84720000000004 -1.426
5423 10 5 -0.4300 184.0891 361.2042 -0.517
5424 10 1 -0.1800 183.8771 360.3442 -2.705
5425 10 3 0.0600 179.57510000000002 360.3852 -0.168
5426 10 3 0.0600 179.5651 361.78020000000004 0.973
5427 10 3 0.0600 179.6311 362.0582 -0.832
5428 10 7 0.0300 181.8771 362.4082 0.146
5429 10 3 0.0600 183.06910000000002 359.9562 -3.336
5430 10 3 0.0600 184.4951 361.12420000000003 -3.204
5431 10 3 0.0600 184.5911 359.5332 -2.397
5432 10 2 -0.1200 183.47610000000003 361.4082 0.0
5433 10 9 0.2200 184.9841 361.4082 0.0
5434 10 6 -0.3300 185.52410000000003 360.9182 -1.196
5435 10 4 0.5100 185.28510000000003 361.49120000000005 -2.426
5436 10 5 -0.4300 184.5491 362.51520000000005 -2.552
5437 10 1 -0.1800 185.9061 360.89320000000004 -3.63
5438 10 3 0.0600 183.05010000000001 361.51820000000004 -1.019
5439 10 3 0.0600 183.05410000000003 362.0742 0.748
5440 10 7 0.0300 185.38410000000002 360.8202 0.851
5441 10 3 0.0600 185.27910000000003 360.95120000000003 -4.521
5442 10 3 0.0600 186.22510000000003 359.84720000000004 -3.418
5443 10 3 0.0600 186.84810000000002 361.43420000000003 -3.859
5444 10 2 -0.1200 186.9841 361.4082 0.0
5445 10 9 0.2200 188.4921 361.4082 0.0
5446 10 6 -0.3300 189.0321 360.2122 0.49
5447 10 4 0.5100 188.7931 358.98220000000003 -0.083
5448 10 5 -0.4300 188.0571 358.8562 -1.107
5449 10 1 -0.1800 189.4141 357.7782 0.515
5450 10 3 0.0600 186.5581 360.3892 -0.11
5451 10 3 0.0600 186.56210000000002 362.1562 -0.666
5452 10 7 0.0300 188.8921 362.2592 0.588
5453 10 3 0.0600 188.7871 356.8872 0.457
5454 10 3 0.0600 189.7331 357.9902 1.561
5455 10 3 0.0600 190.3561 357.54920000000004 -0.026
5456 10 2 -0.1200 190.49210000000002 361.4082 0.0
5457 10 9 0.2200 192.0001 361.4082 0.0
5458 10 6 -0.3300 192.54010000000002 361.89820000000003 -1.196
5459 10 4 0.5100 192.30110000000002 361.3252 -2.426
5460 10 5 -0.4300 191.5651 360.3012 -2.552
5461 10 1 -0.1800 192.9221 361.9232 -3.63
5462 10 3 0.0600 190.0661 361.2982 -1.019
5463 10 3 0.0600 190.07010000000002 360.7422 0.748
5464 10 7 0.0300 192.4001 361.99620000000004 0.851
5465 10 3 0.0600 192.29510000000002 361.8652 -4.521
5466 10 3 0.0600 193.24110000000002 362.9692 -3.418
5467 10 3 0.0600 193.8641 361.3822 -3.859
5468 10 2 -0.1200 194.00010000000003 361.4082 0.0
5469 10 9 0.2200 195.5081 361.4082 0.0
5470 10 6 -0.3300 196.04810000000003 360.2122 0.49
5471 10 4 0.5100 195.80910000000003 358.98220000000003 -0.083
5472 10 5 -0.4300 195.0731 358.8562 -1.107
5473 10 1 -0.1800 196.4301 357.7782 0.515
5474 10 3 0.0600 193.57410000000002 360.3892 -0.11
5475 10 3 0.0600 193.57810000000003 362.1562 -0.666
5476 10 7 0.0300 195.90810000000002 362.2592 0.588
5477 10 3 0.0600 195.80310000000003 356.8872 0.457
5478 10 3 0.0600 196.74910000000003 357.9902 1.561
5479 10 3 0.0600 197.37210000000002 357.54920000000004 -0.026
5480 10 2 -0.1200 197.5081 361.4082 0.0
5481 10 9 0.2200 199.0161 361.4082 0.0
5482 10 6 -0.3300 199.55610000000001 360.9182 -1.196
5483 10 4 0.5100 199.3171 361.49120000000005 -2.426
5484 10 5 -0.4300 198.5811 362.51520000000005 -2.552
5485 10 1 -0.1800 199.9381 360.89320000000004 -3.63
5486 10 3 0.0600 197.0821 361.51820000000004 -1.019
5487 10 3 0.0600 197.08610000000002 362.0742 0.748
5488 10 7 0.0300 199.4161 360.8202 0.851
5489 10 3 0.0600 199.3111 360.95120000000003 -4.521
5490 10 3 0.0600 200.2571 359.84720000000004 -3.418
5491 10 3 0.0600 200.8801 361.43420000000003 -3.859
5492 10 2 -0.1200 201.01610000000002 361.4082 0.0
5493 10 9 0.2200 202.5241 361.4082 0.0
5494 10 6 -0.3300 203.06410000000002 360.2122 0.49
5495 10 4 0.5100 202.82510000000002 358.98220000000003 -0.083
5496 10 5 -0.4300 202.0891 358.8562 -1.107
5497 10 1 -0.1800 203.4461 357.7782 0.515
5498 10 3 0.0600 200.5901 360.3892 -0.11
5499 10 3 0.0600 200.59410000000003 362.1562 -0.666
5500 10 7 0.0300 202.9241 362.2592 0.588
5501 10 3 0.0600 202.81910000000002 356.8872 0.457
5502 10 3 0.0600 203.76510000000002 357.9902 1.561
5503 10 3 0.0600 204.3881 357.54920000000004 -0.026
5504 10 2 -0.1200 204.52410000000003 361.4082 0.0
5505 10 9 0.2200 206.0321 361.4082 0.0
5506 10 6 -0.3300 206.57210000000003 361.89820000000003 -1.196
5507 10 4 0.5100 206.33310000000003 361.3252 -2.426
5508 10 5 -0.4300 205.5971 360.3012 -2.552
5509 10 1 -0.1800 206.9541 361.9232 -3.63
5510 10 3 0.0600 204.09810000000002 361.2982 -1.019
5511 10 3 0.0600 204.10210000000004 360.7422 0.748
5512 10 7 0.0300 206.43210000000002 361.99620000000004 0.851
5513 10 3 0.0600 206.32710000000003 361.8652 -4.521
5514 10 3 0.0600 207.27310000000003 362.9692 -3.418
5515 10 3 0.0600 207.89610000000002 361.3822 -3.859
5516 10 2 -0.1200 208.0321 361.4082 0.0
5517 10 9 0.2200 209.5401 361.4082 0.0
5518 10 6 -0.3300 210.08010000000002 360.2122 -0.49
5519 10 4 0.5100 209.8411 358.98220000000003 0.083
5520 10 5 -0.4300 209.1051 358.8562 1.107
5521 10 1 -0.1800 210.4621 357.7782 -0.515
5522 10 3 0.0600 207.6061 360.3892 0.11
5523 10 3 0.0600 207.61010000000002 362.1562 0.666
5524 10 7 0.0300 209.9401 362.2592 -0.588
5525 10 3 0.0600 209.8351 356.8872 -0.457
5526 10 3 0.0600 210.7811 357.9902 -1.561
5527 10 3 0.0600 211.4041 357.54920000000004 0.026
5528 10 2 -0.1200 211.54010000000002 361.4082 0.0
5529 10 9 0.2200 213.0481 361.4082 0.0
5530 10 6 -0.3300 213.58810000000003 361.89820000000003 -1.196
5531 10 4 0.5100 213.34910000000002 361.3252 -2.426
5532 10 5 -0.4300 212.6131 360.3012 -2.552
5533 10 1 -0.1800 213.9701 361.9232 -3.63
5534 10 3 0.0600 211.1141 361.2982 -1.019
5535 10 3 0.0600 211.11810000000003 360.7422 0.748
5536 10 7 0.0300 213.4481 361.99620000000004 0.851
5537 10 3 0.0600 213.34310000000002 361.8652 -4.521
5538 10 3 0.0600 214.28910000000002 362.9692 -3.418
5539 10 3 0.0600 214.9121 361.3822 -3.859
5540 10 2 -0.1200 215.0481 361.4082 0.0
5541 10 9 0.2200 216.5561 361.4082 0.0
5542 10 6 -0.3300 217.0961 360.2122 0.49
5543 10 4 0.5100 216.8571 358.98220000000003 -0.083
5544 10 5 -0.4300 216.12109999999998 358.8562 -1.107
5545 10 1 -0.1800 217.47809999999998 357.7782 0.515
5546 10 3 0.0600 214.6221 360.3892 -0.11
5547 10 3 0.0600 214.6261 362.1562 -0.666
5548 10 7 0.0300 216.9561 362.2592 0.588
5549 10 3 0.0600 216.8511 356.8872 0.457
5550 10 3 0.0600 217.7971 357.9902 1.561
5551 10 3 0.0600 218.4201 357.54920000000004 -0.026
5552 10 2 -0.1200 218.55610000000001 361.4082 0.0
5553 10 9 0.2200 220.0641 361.4082 0.0
5554 10 6 -0.3300 220.60410000000002 360.9182 -1.196
5555 10 4 0.5100 220.3651 361.49120000000005 -2.426
5556 10 5 -0.4300 219.6291 362.51520000000005 -2.552
5557 10 1 -0.1800 220.9861 360.89320000000004 -3.63
5558 10 3 0.0600 218.1301 361.51820000000004 -1.019
5559 10 3 0.0600 218.13410000000002 362.0742 0.748
5560 10 7 0.0300 220.4641 360.8202 0.851
5561 10 3 0.0600 220.3591 360.95120000000003 -4.521
5562 10 3 0.0600 221.3051 359.84720000000004 -3.418
5563 10 3 0.0600 221.9281 361.43420000000003 -3.859
5564 10 2 -0.1200 222.06410000000002 361.4082 0.0
5565 10 9 0.2200 223.5721 361.4082 0.0
5566 10 6 -0.3300 224.11210000000003 360.2122 0.49
5567 10 4 0.5100 223.87310000000002 358.98220000000003 -0.083
5568 10 5 -0.4300 223.1371 358.8562 -1.107
5569 10 1 -0.1800 224.4941 357.7782 0.515
5570 10 3 0.0600 221.6381 360.3892 -0.11
5571 10 3 0.0600 221.64210000000003 362.1562 -0.666
5572 10 7 0.0300 223.9721 362.2592 0.588
5573 10 3 0.0600 223.86710000000002 356.8872 0.457
5574 10 3 0.0600 224.81310000000002 357.9902 1.561
5575 10 3 0.0600 225.4361 357.54920000000004 -0.026
5576 10 2 -0.1200 225.5721 361.4082 0.0
5577 10 9 0.2200 227.0801 361.4082 0.0
5578 10 6 -0.3300 227.6201 360.9182 -1.196
5579 10 4 0.5100 227.3811 361.49120000000005 -2.426
5580 10 5 -0.4300 226.64509999999999 362.51520000000005 -2.552
5581 10 1 -0.1800 228.00209999999998 360.89320000000004 -3.63
5582 10 3 0.0600 225.1461 361.51820000000004 -1.019
5583 10 3 0.0600 225.1501 362.0742 0.748
5584 10 7 0.0300 227.4801 360.8202 0.851
5585 10 3 0.0600 227.3751 360.95120000000003 -4.521
5586 10 3 0.0600 228.3211 359.84720000000004 -3.418
5587 10 3 0.0600 228.9441 361.43420000000003 -3.859
5588 10 2 -0.1200 229.08010000000002 361.4082 0.0
5589 10 9 0.2200 230.5881 361.4082 0.0
5590 10 6 -0.3300 231.12810000000002 360.2122 0.49
5591 10 4 0.5100 230.8891 358.98220000000003 -0.083
5592 10 5 -0.4300 230.1531 358.8562 -1.107
5593 10 1 -0.1800 231.5101 357.7782 0.515
5594 10 3 0.0600 228.6541 360.3892 -0.11
5595 10 3 0.0600 228.65810000000002 362.1562 -0.666
5596 10 7 0.0300 230.9881 362.2592 0.588
5597 10 3 0.0600 230.8831 356.8872 0.457
5598 10 3 0.0600 231.8291 357.9902 1.561
5599 10 3 0.0600 232.4521 357.54920000000004 -0.026
5600 10 2 -0.1200 232.58810000000003 361.4082 0.0
5601 10 9 0.2200 234.0961 361.4082 0.0
5602 10 6 -0.3300 234.63610000000003 360.9182 -1.196
5603 10 4 0.5100 234.39710000000002 361.49120000000005 -2.426
5604 10 5 -0.4300 233.6611 362.51520000000005 -2.552
5605 10 1 -0.1800 235.0181 360.89320000000004 -3.63
5606 10 3 0.0600 232.1621 361.51820000000004 -1.019
5607 10 3 0.0600 232.16610000000003 362.0742 0.748
5608 10 7 0.0300 234.4961 360.8202 0.851
5609 10 3 0.0600 234.39110000000002 360.95120000000003 -4.521
5610 10 3 0.0600 235.33710000000002 359.84720000000004 -3.418
5611 10 3 0.0600 235.9601 361.43420000000003 -3.859
5612 10 2 -0.1200 236.0961 361.4082 0.0
5613 10 9 0.2200 237.6041 361.4082 0.0
5614 10 6 -0.3300 238.1441 360.2122 0.49
5615 10 4 0.5100 237.9051 358.98220000000003 -0.083
5616 10 5 -0.4300 237.1691 358.8562 -1.107
5617 10 1 -0.1800 238.52609999999999 357.7782 0.515
5618 10 3 0.0600 235.6701 360.3892 -0.11
5619 10 3 0.0600 235.6741 362.1562 -0.666
5620 10 7 0.0300 238.0041 362.2592 0.588
5621 10 3 0.0600 237.8991 356.8872 0.457
5622 10 3 0.0600 238.8451 357.9902 1.561
5623 10 3 0.0600 239.4681 357.54920000000004 -0.026
5624 10 2 -0.1200 239.60410000000002 361.4082 0.0
5625 10 9 0.2200 241.1121 361.4082 0.0
5626 10 6 -0.3300 241.65210000000002 360.9182 -1.196
5627 10 4 0.5100 241.41310000000001 361.49120000000005 -2.426
5628 10 5 -0.4300 240.6771 362.51520000000005 -2.552
5629 10 1 -0.1800 242.0341 360.89320000000004 -3.63
5630 10 3 0.0600 239.1781 361.51820000000004 -1.019
5631 10 3 0.0600 239.18210000000002 362.0742 0.748
5632 10 7 0.0300 241.5121 360.8202 0.851
5633 10 3 0.0600 241.4071 360.95120000000003 -4.521
5634 10 3 0.0600 242.3531 359.84720000000004 -3.418
5635 10 3 0.0600 242.9761 361.43420000000003 -3.859
5636 10 2 -0.1200 243.11210000000003 361.4082 0.0
5637 10 9 0.2200 244.6201 361.4082 0.0
5638 10 6 -0.3300 245.16010000000003 360.2122 0.49
5639 10 4 0.5100 244.92110000000002 358.98220000000003 -0.083
5640 10 5 -0.4300 244.1851 358.8562 -1.107
5641 10 1 -0.1800 245.5421 357.7782 0.515
5642 10 3 0.0600 242.6861 360.3892 -0.11
5643 10 3 0.0600 242.69010000000003 362.1562 -0.666
5644 10 7 0.0300 245.0201 362.2592 0.588
5645 10 3 0.0600 244.91510000000002 356.8872 0.457
5646 10 3 0.0600 245.86110000000002 357.9902 1.561
5647 10 3 0.0600 246.4841 357.54920000000004 -0.026
5648 10 2 -0.1200 246.6201 361.4082 0.0
5649 10 9 0.2200 248.1281 361.4082 0.0
5650 10 6 -0.3300 248.6681 360.9182 -1.196
5651 10 4 0.5100 248.4291 361.49120000000005 -2.426
5652 10 5 -0.4300 247.6931 362.51520000000005 -2.552
5653 10 1 -0.1800 249.0501 360.89320000000004 -3.63
5654 10 3 0.0600 246.1941 361.51820000000004 -1.019
5655 10 3 0.0600 246.1981 362.0742 0.748
5656 10 7 0.0300 248.5281 360.8202 0.851
5657 10 3 0.0600 248.4231 360.95120000000003 -4.521
5658 10 3 0.0600 249.3691 359.84720000000004 -3.418
5659 10 3 0.0600 249.9921 361.43420000000003 -3.859
5660 10 2 -0.1200 250.12810000000002 361.4082 0.0
5661 10 9 0.2200 251.6361 361.4082 0.0
5662 10 6 -0.3300 252.17610000000002 360.2122 -0.49
5663 10 4 0.5100 251.93710000000002 358.98220000000003 0.083
5664 10 5 -0.4300 251.2011 358.8562 1.107
5665 10 1 -0.1800 252.5581 357.7782 -0.515
5666 10 3 0.0600 249.7021 360.3892 0.11
5667 10 3 0.0600 249.70610000000002 362.1562 0.666
5668 10 7 0.0300 252.0361 362.2592 -0.588
5669 10 3 0.0600 251.93110000000001 356.8872 -0.457
5670 10 3 0.0600 252.8771 357.9902 -1.561
5671 10 3 0.0600 253.5001 357.54920000000004 0.026
5672 10 2 -0.1200 253.63610000000003 361.4082 0.0
5673 10 9 0.2200 255.1441 361.4082 0.0
5674 10 6 -0.3300 255.68410000000003 361.89820000000003 -1.196
5675 10 4 0.5100 255.44510000000002 361.3252 -2.426
5676 10 5 -0.4300 254.7091 360.3012 -2.552
5677 10 1 -0.1800 256.0661 361.9232 -3.63
5678 10 3 0.0600 253.2101 361.2982 -1.019
5679 10 3 0.0600 253.21410000000003 360.7422 0.748
5680 10 7 0.0300 255.54410000000001 361.99620000000004 0.851
5681 10 3 0.0600 255.43910000000002 361.8652 -4.521
5682 10 3 0.0600 256.3851 362.9692 -3.418
5683 10 3 0.0600 257.0081 361.3822 -3.859
5684 10 2 -0.1200 257.1441 361.4082 0.0
5685 10 9 0.2200 258.6521 361.4082 0.0
5686 10 6 -0.3300 259.1921 360.2122 -0.49
5687 10 4 0.5100 258.9531 358.98220000000003 0.083
5688 10 5 -0.4300 258.2171 358.8562 1.107
5689 10 1 -0.1800 259.5741 357.7782 -0.515
5690 10 3 0.0600 256.7181 360.3892 0.11
5691 10 3 0.0600 256.7221 362.1562 0.666
5692 10 7 0.0300 259.0521 362.2592 -0.588
5693 10 3 0.0600 258.9471 356.8872 -0.457
5694 10 3 0.0600 259.8931 357.9902 -1.561
5695 10 3 0.0600 260.5161 357.54920000000004 0.026
5696 10 2 -0.1200 260.6521 361.4082 0.0
5697 10 9 0.2200 262.16010000000006 361.4082 0.0
5698 10 6 -0.3300 262.7001 360.9182 -1.196
5699 10 4 0.5100 262.46110000000004 361.49120000000005 -2.426
5700 10 5 -0.4300 261.72510000000005 362.51520000000005 -2.552
5701 10 1 -0.1800 263.0821 360.89320000000004 -3.63
5702 10 3 0.0600 260.22610000000003 361.51820000000004 -1.019
5703 10 3 0.0600 260.23010000000005 362.0742 0.748
5704 10 7 0.0300 262.56010000000003 360.8202 0.851
5705 10 3 0.0600 262.4551 360.95120000000003 -4.521
5706 10 3 0.0600 263.40110000000004 359.84720000000004 -3.418
5707 10 3 0.0600 264.02410000000003 361.43420000000003 -3.859
5708 10 2 -0.1200 264.1601 361.4082 0.0
5709 10 9 0.2200 265.66810000000004 361.4082 0.0
5710 10 6 -0.3300 266.2081 360.2122 0.49
5711 10 4 0.5100 265.9691 358.98220000000003 -0.083
5712 10 5 -0.4300 265.23310000000004 358.8562 -1.107
5713 10 1 -0.1800 266.5901 357.7782 0.515
5714 10 3 0.0600 263.7341 360.3892 -0.11
5715 10 3 0.0600 263.73810000000003 362.1562 -0.666
5716 10 7 0.0300 266.0681 362.2592 0.588
5717 10 3 0.0600 265.9631 356.8872 0.457
5718 10 3 0.0600 266.9091 357.9902 1.561
5719 10 3 0.0600 267.5321 357.54920000000004 -0.026
5720 10 2 -0.1200 267.6681 361.4082 0.0
5721 10 9 0.2200 269.1761 361.4082 0.0
5722 10 6 -0.3300 269.7161 360.9182 -1.196
5723 10 4 0.5100 269.4771 361.49120000000005 -2.426
5724 10 5 -0.4300 268.7411 362.51520000000005 -2.552
5725 10 1 -0.1800 270.0981 360.89320000000004 -3.63
5726 10 3 0.0600 267.2421 361.51820000000004 -1.019
5727 10 3 0.0600 267.2461 362.0742 0.748
5728 10 7 0.0300 269.5761 360.8202 0.851
5729 10 3 0.0600 269.4711 360.95120000000003 -4.521
5730 10 3 0.0600 270.4171 359.84720000000004 -3.418
5731 10 3 0.0600 271.0401 361.43420000000003 -3.859
5732 10 2 -0.1200 271.1761 361.4082 0.0
5733 10 9 0.2200 272.68410000000006 361.4082 0.0
5734 10 6 -0.3300 273.2241 360.2122 0.49
5735 10 4 0.5100 272.98510000000005 358.98220000000003 -0.083
5736 10 5 -0.4300 272.24910000000006 358.8562 -1.107
5737 10 1 -0.1800 273.6061 357.7782 0.515
5738 10 3 0.0600 270.75010000000003 360.3892 -0.11
5739 10 3 0.0600 270.75410000000005 362.1562 -0.666
5740 10 7 0.0300 273.08410000000003 362.2592 0.588
5741 10 3 0.0600 272.9791 356.8872 0.457
5742 10 3 0.0600 273.92510000000004 357.9902 1.561
5743 10 3 0.0600 274.54810000000003 357.54920000000004 -0.026
5744 10 2 -0.1200 274.6841 361.4082 0.0
5745 10 9 0.2200 276.19210000000004 361.4082 0.0
5746 10 6 -0.3300 276.7321 360.9182 -1.196
5747 10 4 0.5100 276.4931 361.49120000000005 -2.426
5748 10 5 -0.4300 275.75710000000004 362.51520000000005 -2.552
5749 10 1 -0.1800 277.1141 360.89320000000004 -3.63
5750 10 3 0.0600 274.2581 361.51820000000004 -1.019
5751 10 3 0.0600 274.26210000000003 362.0742 0.748
5752 10 7 0.0300 276.5921 360.8202 0.851
5753 10 3 0.0600 276.4871 360.95120000000003 -4.521
5754 10 3 0.0600 277.4331 359.84720000000004 -3.418
5755 10 3 0.0600 278.0561 361.43420000000003 -3.859
5756 10 2 -0.1200 278.1921 361.4082 0.0
5757 10 9 0.2200 279.7001 361.4082 0.0
5758 10 6 -0.3300 280.2401 360.2122 0.49
5759 10 4 0.5100 280.0011 358.98220000000003 -0.083
5760 10 5 -0.4300 279.2651 358.8562 -1.107
5761 10 1 -0.1800 280.6221 357.7782 0.515
5762 10 3 0.0600 277.7661 360.3892 -0.11
5763 10 3 0.0600 277.7701 362.1562 -0.666
5764 10 7 0.0300 280.1001 362.2592 0.588
5765 10 3 0.0600 279.9951 356.8872 0.457
5766 10 3 0.0600 280.9411 357.9902 1.561
5767 10 3 0.0600 281.5641 357.54920000000004 -0.026
5768 10 2 -0.1200 281.7001 361.4082 0.0
5769 10 9 0.2200 283.20810000000006 361.4082 0.0
5770 10 6 -0.3300 283.7481 360.9182 -1.196
5771 10 4 0.5100 283.50910000000005 361.49120000000005 -2.426
5772 10 5 -0.4300 282.77310000000006 362.51520000000005 -2.552
5773 10 1 -0.1800 284.1301 360.89320000000004 -3.63
5774 10 3 0.0600 281.27410000000003 361.51820000000004 -1.019
5775 10 3 0.0600 281.27810000000005 362.0742 0.748
5776 10 7 0.0300 283.60810000000004 360.8202 0.851
5777 10 3 0.0600 283.5031 360.95120000000003 -4.521
5778 10 3 0.0600 284.44910000000004 359.84720000000004 -3.418
5779 10 3 0.0600 285.07210000000003 361.43420000000003 -3.859
5780 10 2 -0.1200 285.2081 361.4082 0.0
5781 10 9 0.2200 286.71610000000004 361.4082 0.0
5782 10 6 -0.3300 287.2561 360.2122 0.49
5783 10 4 0.5100 287.0171 358.98220000000003 -0.083
5784 10 5 -0.4300 286.28110000000004 358.8562 -1.107
5785 10 1 -0.1800 287.6381 357.7782 0.515
5786 10 3 0.0600 284.7821 360.3892 -0.11
5787 10 3 0.0600 284.78610000000003 362.1562 -0.666
5788 10 7 0.0300 287.1161 362.2592 0.588
5789 10 3 0.0600 287.0111 356.8872 0.457
5790 10 3 0.0600 287.9571 357.9902 1.561
5791 10 3 0.0600 288.5801 357.54920000000004 -0.026
5792 10 2 -0.1200 288.7161 361.4082 0.0
5793 10 9 0.2200 290.2241 361.4082 0.0
5794 10 6 -0.3300 290.7641 361.89820000000003 -1.196
5795 10 4 0.5100 290.5251 361.3252 -2.426
5796 10 5 -0.4300 289.7891 360.3012 -2.552
5797 10 1 -0.1800 291.1461 361.9232 -3.63
5798 10 3 0.0600 288.2901 361.2982 -1.019
5799 10 3 0.0600 288.2941 360.7422 0.748
5800 10 7 0.0300 290.6241 361.99620000000004 0.851
5801 10 3 0.0600 290.5191 361.8652 -4.521
5802 10 3 0.0600 291.4651 362.9692 -3.418
5803 10 3 0.0600 292.0881 361.3822 -3.859
5804 10 2 -0.1200 292.2241 361.4082 0.0
5805 10 9 0.2200 293.73210000000006 361.4082 0.0
5806 10 6 -0.3300 294.2721 360.2122 -0.49
5807 10 4 0.5100 294.03310000000005 358.98220000000003 0.083
5808 10 5 -0.4300 293.29710000000006 358.8562 1.107
5809 10 1 -0.1800 294.6541 357.7782 -0.515
5810 10 3 0.0600 291.79810000000003 360.3892 0.11
5811 10 3 0.0600 291.80210000000005 362.1562 0.666
5812 10 7 0.0300 294.13210000000004 362.2592 -0.588
5813 10 3 0.0600 294.0271 356.8872 -0.457
5814 10 3 0.0600 294.97310000000004 357.9902 -1.561
5815 10 3 0.0600 295.59610000000004 357.54920000000004 0.026
5816 10 2 -0.1200 295.7321 361.4082 0.0
5817 10 9 0.2200 297.24010000000004 361.4082 0.0
5818 10 6 -0.3300 297.7801 361.89820000000003 -1.196
5819 10 4 0.5100 297.54110000000003 361.3252 -2.426
5820 10 5 -0.4300 296.80510000000004 360.3012 -2.552
5821 10 1 -0.1800 298.1621 361.9232 -3.63
5822 10 3 0.0600 295.3061 361.2982 -1.019
5823 10 3 0.0600 295.31010000000003 360.7422 0.748
5824 10 7 0.0300 297.6401 361.99620000000004 0.851
5825 10 3 0.0600 297.5351 361.8652 -4.521
5826 10 3 0.0600 298.4811 362.9692 -3.418
5827 10 3 0.0600 299.1041 361.3822 -3.859
5828 10 2 -0.1200 299.2401 361.4082 0.0
5829 10 9 0.2200 300.7481 361.4082 0.0
5830 10 6 -0.3300 301.2881 360.2122 0.49
5831 10 4 0.5100 301.0491 358.98220000000003 -0.083
5832 10 5 -0.4300 300.3131 358.8562 -1.107
5833 10 1 -0.1800 301.6701 357.7782 0.515
5834 10 3 0.0600 298.8141 360.3892 -0.11
5835 10 3 0.0600 298.8181 362.1562 -0.666
5836 10 7 0.0300 301.1481 362.2592 0.588
5837 10 3 0.0600 301.0431 356.8872 0.457
5838 10 3 0.0600 301.9891 357.9902 1.561
5839 10 3 0.0600 302.6121 357.54920000000004 -0.026
5840 10 2 -0.1200 302.7481 361.4082 0.0
5841 10 9 0.2200 304.25610000000006 361.4082 0.0
5842 10 6 -0.3300 304.7961 360.9182 -1.196
5843 10 4 0.5100 304.55710000000005 361.49120000000005 -2.426
5844 10 5 -0.4300 303.82110000000006 362.51520000000005 -2.552
5845 10 1 -0.1800 305.17810000000003 360.89320000000004 -3.63
5846 10 3 0.0600 302.32210000000003 361.51820000000004 -1.019
5847 10 3 0.0600 302.32610000000005 362.0742 0.748
5848 10 7 0.0300 304.65610000000004 360.8202 0.851
5849 10 3 0.0600 304.5511 360.95120000000003 -4.521
5850 10 3 0.0600 305.49710000000005 359.84720000000004 -3.418
5851 10 3 0.0600 306.12010000000004 361.43420000000003 -3.859
5852 10 2 -0.1200 306.2561 361.4082 0.0
5853 10 9 0.2200 307.76410000000004 361.4082 0.0
5854 10 6 -0.3300 308.3041 360.2122 0.49
5855 10 4 0.5100 308.06510000000003 358.98220000000003 -0.083
5856 10 5 -0.4300 307.32910000000004 358.8562 -1.107
5857 10 1 -0.1800 308.6861 357.7782 0.515
5858 10 3 0.0600 305.8301 360.3892 -0.11
5859 10 3 0.0600 305.83410000000003 362.1562 -0.666
5860 10 7 0.0300 308.1641 362.2592 0.588
5861 10 3 0.0600 308.0591 356.8872 0.457
5862 10 3 0.0600 309.0051 357.9902 1.561
5863 10 3 0.0600 309.6281 357.54920000000004 -0.026
5864 10 2 -0.1200 309.7641 361.4082 0.0
5865 10 9 0.2200 311.2721 361.4082 0.0
5866 10 6 -0.3300 311.8121 360.9182 -1.196
5867 10 4 0.5100 311.5731 361.49120000000005 -2.426
5868 10 5 -0.4300 310.8371 362.51520000000005 -2.552
5869 10 1 -0.1800 312.1941 360.89320000000004 -3.63
5870 10 3 0.0600 309.3381 361.51820000000004 -1.019
5871 10 3 0.0600 309.3421 362.0742 0.748
5872 10 7 0.0300 311.6721 360.8202 0.851
5873 10 3 0.0600 311.5671 360.95120000000003 -4.521
5874 10 3 0.0600 312.5131 359.84720000000004 -3.418
5875 10 3 0.0600 313.1361 361.43420000000003 -3.859
5876 10 2 -0.1200 313.2721 361.4082 0.0
5877 10 9 0.2200 314.78010000000006 361.4082 0.0
5878 10 6 -0.3300 315.3201 360.2122 0.49
5879 10 4 0.5100 315.08110000000005 358.98220000000003 -0.083
5880 10 5 -0.4300 314.34510000000006 358.8562 -1.107
5881 10 1 -0.1800 315.70210000000003 357.7782 0.515
5882 10 3 0.0600 312.84610000000004 360.3892 -0.11
5883 10 3 0.0600 312.85010000000005 362.1562 -0.666
5884 10 7 0.0300 315.18010000000004 362.2592 0.588
5885 10 3 0.0600 315.0751 356.8872 0.457
5886 10 3 0.0600 316.02110000000005 357.9902 1.561
5887 10 3 0.0600 316.64410000000004 357.54920000000004 -0.026
5888 10 2 -0.1200 316.7801 361.4082 0.0
5889 10 9 0.2200 318.28810000000004 361.4082 0.0
5890 10 6 -0.3300 318.8281 360.9182 -1.196
5891 10 4 0.5100 318.58910000000003 361.49120000000005 -2.426
5892 10 5 -0.4300 317.85310000000004 362.51520000000005 -2.552
5893 10 1 -0.1800 319.2101 360.89320000000004 -3.63
5894 10 3 0.0600 316.3541 361.51820000000004 -1.019
5895 10 3 0.0600 316.35810000000004 362.0742 0.748
5896 10 7 0.0300 318.6881 360.8202 0.851
5897 10 3 0.0600 318.5831 360.95120000000003 -4.521
5898 10 3 0.0600 319.5291 359.84720000000004 -3.418
5899 10 3 0.0600 320.1521 361.43420000000003 -3.859
5900 10 2 -0.1200 320.2881 361.4082 0.0
5901 10 9 0.2200 321.7961 361.4082 0.0
5902 10 6 -0.3300 322.3361 360.2122 -0.49
5903 10 4 0.5100 322.0971 358.98220000000003 0.083
5904 10 5 -0.4300 321.3611 358.8562 1.107
5905 10 1 -0.1800 322.7181 357.7782 -0.515
5906 10 3 0.0600 319.8621 360.3892 0.11
5907 10 3 0.0600 319.8661 362.1562 0.666
5908 10 7 0.0300 322.1961 362.2592 -0.588
5909 10 3 0.0600 322.0911 356.8872 -0.457
5910 10 3 0.0600 323.0371 357.9902 -1.561
5911 10 3 0.0600 323.6601 357.54920000000004 0.026
5912 10 2 -0.1200 323.7961 361.4082 0.0
5913 10 9 0.2200 325.30410000000006 361.4082 0.0
5914 10 6 -0.3300 325.8441 360.9182 -1.196
5915 10 4 0.5100 325.60510000000005 361.49120000000005 -2.426
5916 10 5 -0.4300 324.86910000000006 362.51520000000005 -2.552
5917 10 1 -0.1800 326.22610000000003 360.89320000000004 -3.63
5918 10 3 0.0600 323.37010000000004 361.51820000000004 -1.019
5919 10 3 0.0600 323.37410000000006 362.0742 0.748
5920 10 7 0.0300 325.70410000000004 360.8202 0.851
5921 10 3 0.0600 325.5991 360.95120000000003 -4.521
5922 10 3 0.0600 326.54510000000005 359.84720000000004 -3.418
5923 10 3 0.0600 327.16810000000004 361.43420000000003 -3.859
5924 10 2 -0.1200 327.3041 361.4082 0.0
5925 10 9 0.2200 328.81210000000004 361.4082 0.0
5926 10 6 -0.3300 329.3521 360.2122 0.49
5927 10 4 0.5100 329.11310000000003 358.98220000000003 -0.083
5928 10 5 -0.4300 328.37710000000004 358.8562 -1.107
5929 10 1 -0.1800 329.7341 357.7782 0.515
5930 10 3 0.0600 326.8781 360.3892 -0.11
5931 10 3 0.0600 326.88210000000004 362.1562 -0.666
5932 10 7 0.0300 329.2121 362.2592 0.588
5933 10 3 0.0600 329.1071 356.8872 0.457
5934 10 3 0.0600 330.05310000000003 357.9902 1.561
5935 10 3 0.0600 330.6761 357.54920000000004 -0.026
5936 10 2 -0.1200 330.8121 361.4082 0.0
5937 10 9 0.2200 332.3201 361.4082 0.0
5938 10 6 -0.3300 332.8601 361.89820000000003 -1.196
5939 10 4 0.5100 332.6211 361.3252 -2.426
5940 10 5 -0.4300 331.8851 360.3012 -2.552
5941 10 1 -0.1800 333.2421 361.9232 -3.63
5942 10 3 0.0600 330.3861 361.2982 -1.019
5943 10 3 0.0600 330.3901 360.7422 0.748
5944 10 7 0.0300 332.7201 361.99620000000004 0.851
5945 10 3 0.0600 332.6151 361.8652 -4.521
5946 10 3 0.0600 333.5611 362.9692 -3.418
5947 10 3 0.0600 334.1841 361.3822 -3.859
5948 10 2 -0.1200 334.3201 361.4082 0.0
5949 10 9 0.2200 335.82810000000006 361.4082 0.0
5950 10 6 -0.3300 336.3681 360.2122 -0.49
5951 10 4 0.5100 336.12910000000005 358.98220000000003 0.083
5952 10 5 -0.4300 335.39310000000006 358.8562 1.107
5953 10 1 -0.1800 336.75010000000003 357.7782 -0.515
5954 10 3 0.0600 333.89410000000004 360.3892 0.11
5955 10 3 0.0600 333.89810000000006 362.1562 0.666
5956 10 7 0.0300 336.22810000000004 362.2592 -0.588
5957 10 3 0.0600 336.1231 356.8872 -0.457
5958 10 3 0.0600 337.06910000000005 357.9902 -1.561
5959 10 3 0.0600 337.69210000000004 357.54920000000004 0.026
5960 10 2 -0.1200 337.82809999999995 361.4082 0.0
5961 10 9 0.2200 339.3361 361.4082 0.0
5962 10 6 -0.3300 339.87609999999995 361.89820000000003 -1.196
5963 10 4 0.5100 339.6371 361.3252 -2.426
5964 10 5 -0.4300 338.9011 360.3012 -2.552
5965 10 1 -0.1800 340.25809999999996 361.9232 -3.63
5966 10 3 0.0600 337.40209999999996 361.2982 -1.019
5967 10 3 0.0600 337.4061 360.7422 0.748
5968 10 7 0.0300 339.73609999999996 361.99620000000004 0.851
5969 10 3 0.0600 339.63109999999995 361.8652 -4.521
5970 10 3 0.0600 340.5771 362.9692 -3.418
5971 10 3 0.0600 341.20009999999996 361.3822 -3.859
5972 10 2 -0.1200 341.3361 361.4082 0.0
5973 10 9 0.2200 342.8441 361.4082 0.0
5974 10 6 -0.3300 343.3841 360.2122 -0.49
5975 10 4 0.5100 343.1451 358.98220000000003 0.083
5976 10 5 -0.4300 342.4091 358.8562 1.107
5977 10 1 -0.1800 343.7661 357.7782 -0.515
5978 10 3 0.0600 340.9101 360.3892 0.11
5979 10 3 0.0600 340.9141 362.1562 0.666
5980 10 7 0.0300 343.2441 362.2592 -0.588
5981 10 3 0.0600 343.1391 356.8872 -0.457
5982 10 3 0.0600 344.0851 357.9902 -1.561
5983 10 3 0.0600 344.7081 357.54920000000004 0.026
5984 10 2 -0.1200 344.8441 361.4082 0.0
5985 10 9 0.2200 346.35210000000006 361.4082 0.0
5986 10 6 -0.3300 346.8921 360.9182 -1.196
5987 10 4 0.5100 346.65310000000005 361.49120000000005 -2.426
5988 10 5 -0.4300 345.91710000000006 362.51520000000005 -2.552
5989 10 1 -0.1800 347.27410000000003 360.89320000000004 -3.63
5990 10 3 0.0600 344.41810000000004 361.51820000000004 -1.019
5991 10 3 0.0600 344.42210000000006 362.0742 0.748
5992 10 7 0.0300 346.75210000000004 360.8202 0.851
5993 10 3 0.0600 346.6471 360.95120000000003 -4.521
5994 10 3 0.0600 347.59310000000005 359.84720000000004 -3.418
5995 10 3 0.0600 348.21610000000004 361.43420000000003 -3.859
5996 10 2 -0.1200 348.35209999999995 361.4082 0.0
5997 10 9 0.2200 349.8601 361.4082 0.0
5998 10 6 -0.3300 350.40009999999995 360.2122 -0.49
5999 10 4 0.5100 350.1611 358.98220000000003 0.083
6000 10 5 -0.4300 349.4251 358.8562 1.107
6001 10 1 -0.1800 350.78209999999996 357.7782 -0.515
6002 10 3 0.0600 347.92609999999996 360.3892 0.11
6003 10 3 0.0600 347.9301 362.1562 0.666
6004 10 7 0.0300 350.26009999999997 362.2592 -0.588
6005 10 3 0.0600 350.15509999999995 356.8872 -0.457
6006 10 3 0.0600 351.1011 357.9902 -1.561
6007 10 3 0.0600 351.72409999999996 357.54920000000004 0.026
6008 10 2 -0.1200 350.1341 361.4082 0.0
6009 10 8 0.1900 350.7071 360.9212 1.269
6010 10 6 -0.3300 352.0391 360.51120000000003 1.192
6011 10 4 0.5100 353.0871 361.3442 0.807
6012 10 5 -0.4300 352.85110000000003 362.5512 0.5039999999999999
6013 10 1 -0.1800 354.4941 360.8312 0.748
6014 10 3 0.0600 349.94710000000003 362.4572 -0.11600000000000008
6015 10 3 0.0600 349.8831 360.6992 -0.759
6016 10 7 0.0300 350.10810000000004 360.0312 1.587
6017 10 7 0.0300 350.5681 361.6652 2.079
6018 10 3 0.0600 354.9671 360.8552 1.738
6019 10 3 0.0600 354.47110000000004 359.75620000000004 0.4330000000000001
6020 10 3 0.0600 355.0941 361.4082 0.0
