1 1 5 4 6 11
2 1 5 4 6 12
3 1 5 4 6 13
4 1 18 17 19 23
5 1 18 17 19 24
6 1 18 17 19 25
7 1 30 29 31 35
8 1 30 29 31 36
9 1 30 29 31 37
10 1 42 41 43 47
11 1 42 41 43 48
12 1 42 41 43 49
13 1 54 53 55 59
14 1 54 53 55 60
15 1 54 53 55 61
16 1 66 65 67 71
17 1 66 65 67 72
18 1 66 65 67 73
19 1 78 77 79 83
20 1 78 77 79 84
21 1 78 77 79 85
22 1 90 89 91 95
23 1 90 89 91 96
24 1 90 89 91 97
25 1 102 101 103 107
26 1 102 101 103 108
27 1 102 101 103 109
28 1 114 113 115 119
29 1 114 113 115 120
30 1 114 113 115 121
31 1 126 125 127 131
32 1 126 125 127 132
33 1 126 125 127 133
34 1 138 137 139 143
35 1 138 137 139 144
36 1 138 137 139 145
37 1 150 149 151 155
38 1 150 149 151 156
39 1 150 149 151 157
40 1 162 161 163 167
41 1 162 161 163 168
42 1 162 161 163 169
43 1 174 173 175 179
44 1 174 173 175 180
45 1 174 173 175 181
46 1 186 185 187 191
47 1 186 185 187 192
48 1 186 185 187 193
49 1 198 197 199 203
50 1 198 197 199 204
51 1 198 197 199 205
52 1 210 209 211 215
53 1 210 209 211 216
54 1 210 209 211 217
55 1 222 221 223 227
56 1 222 221 223 228
57 1 222 221 223 229
58 1 234 233 235 239
59 1 234 233 235 240
60 1 234 233 235 241
61 1 246 245 247 251
62 1 246 245 247 252
63 1 246 245 247 253
64 1 258 257 259 263
65 1 258 257 259 264
66 1 258 257 259 265
67 1 270 269 271 275
68 1 270 269 271 276
69 1 270 269 271 277
70 1 282 281 283 287
71 1 282 281 283 288
72 1 282 281 283 289
73 1 294 293 295 299
74 1 294 293 295 300
75 1 294 293 295 301
76 1 306 305 307 311
77 1 306 305 307 312
78 1 306 305 307 313
79 1 318 317 319 323
80 1 318 317 319 324
81 1 318 317 319 325
82 1 330 329 331 335
83 1 330 329 331 336
84 1 330 329 331 337
85 1 342 341 343 347
86 1 342 341 343 348
87 1 342 341 343 349
88 1 354 353 355 359
89 1 354 353 355 360
90 1 354 353 355 361
91 1 366 365 367 371
92 1 366 365 367 372
93 1 366 365 367 373
94 1 378 377 379 383
95 1 378 377 379 384
96 1 378 377 379 385
97 1 390 389 391 395
98 1 390 389 391 396
99 1 390 389 391 397
100 1 402 401 403 407
101 1 402 401 403 408
102 1 402 401 403 409
103 1 414 413 415 419
104 1 414 413 415 420
105 1 414 413 415 421
106 1 426 425 427 431
107 1 426 425 427 432
108 1 426 425 427 433
109 1 438 437 439 443
110 1 438 437 439 444
111 1 438 437 439 445
112 1 450 449 451 455
113 1 450 449 451 456
114 1 450 449 451 457
115 1 462 461 463 467
116 1 462 461 463 468
117 1 462 461 463 469
118 1 474 473 475 479
119 1 474 473 475 480
120 1 474 473 475 481
121 1 486 485 487 491
122 1 486 485 487 492
123 1 486 485 487 493
124 1 498 497 499 503
125 1 498 497 499 504
126 1 498 497 499 505
127 1 510 509 511 515
128 1 510 509 511 516
129 1 510 509 511 517
130 1 522 521 523 527
131 1 522 521 523 528
132 1 522 521 523 529
133 1 534 533 535 539
134 1 534 533 535 540
135 1 534 533 535 541
136 1 546 545 547 551
137 1 546 545 547 552
138 1 546 545 547 553
139 1 558 557 559 563
140 1 558 557 559 564
141 1 558 557 559 565
142 1 570 569 571 575
143 1 570 569 571 576
144 1 570 569 571 577
145 1 582 581 583 587
146 1 582 581 583 588
147 1 582 581 583 589
148 1 594 593 595 600
149 1 594 593 595 601
150 1 594 593 595 602
151 1 607 606 608 613
152 1 607 606 608 614
153 1 607 606 608 615
154 1 620 619 621 625
155 1 620 619 621 626
156 1 620 619 621 627
157 1 632 631 633 637
158 1 632 631 633 638
159 1 632 631 633 639
160 1 644 643 645 649
161 1 644 643 645 650
162 1 644 643 645 651
163 1 656 655 657 661
164 1 656 655 657 662
165 1 656 655 657 663
166 1 668 667 669 673
167 1 668 667 669 674
168 1 668 667 669 675
169 1 680 679 681 685
170 1 680 679 681 686
171 1 680 679 681 687
172 1 692 691 693 697
173 1 692 691 693 698
174 1 692 691 693 699
175 1 704 703 705 709
176 1 704 703 705 710
177 1 704 703 705 711
178 1 716 715 717 721
179 1 716 715 717 722
180 1 716 715 717 723
181 1 728 727 729 733
182 1 728 727 729 734
183 1 728 727 729 735
184 1 740 739 741 745
185 1 740 739 741 746
186 1 740 739 741 747
187 1 752 751 753 757
188 1 752 751 753 758
189 1 752 751 753 759
190 1 764 763 765 769
191 1 764 763 765 770
192 1 764 763 765 771
193 1 776 775 777 781
194 1 776 775 777 782
195 1 776 775 777 783
196 1 788 787 789 793
197 1 788 787 789 794
198 1 788 787 789 795
199 1 800 799 801 805
200 1 800 799 801 806
201 1 800 799 801 807
202 1 812 811 813 817
203 1 812 811 813 818
204 1 812 811 813 819
205 1 824 823 825 829
206 1 824 823 825 830
207 1 824 823 825 831
208 1 836 835 837 841
209 1 836 835 837 842
210 1 836 835 837 843
211 1 848 847 849 853
212 1 848 847 849 854
213 1 848 847 849 855
214 1 860 859 861 865
215 1 860 859 861 866
216 1 860 859 861 867
217 1 872 871 873 877
218 1 872 871 873 878
219 1 872 871 873 879
220 1 884 883 885 889
221 1 884 883 885 890
222 1 884 883 885 891
223 1 896 895 897 901
224 1 896 895 897 902
225 1 896 895 897 903
226 1 908 907 909 913
227 1 908 907 909 914
228 1 908 907 909 915
229 1 920 919 921 925
230 1 920 919 921 926
231 1 920 919 921 927
232 1 932 931 933 937
233 1 932 931 933 938
234 1 932 931 933 939
235 1 944 943 945 949
236 1 944 943 945 950
237 1 944 943 945 951
238 1 956 955 957 961
239 1 956 955 957 962
240 1 956 955 957 963
241 1 968 967 969 973
242 1 968 967 969 974
243 1 968 967 969 975
244 1 980 979 981 985
245 1 980 979 981 986
246 1 980 979 981 987
247 1 992 991 993 997
248 1 992 991 993 998
249 1 992 991 993 999
250 1 1004 1003 1005 1009
251 1 1004 1003 1005 1010
252 1 1004 1003 1005 1011
253 1 1016 1015 1017 1021
254 1 1016 1015 1017 1022
255 1 1016 1015 1017 1023
256 1 1028 1027 1029 1033
257 1 1028 1027 1029 1034
258 1 1028 1027 1029 1035
259 1 1040 1039 1041 1045
260 1 1040 1039 1041 1046
261 1 1040 1039 1041 1047
262 1 1052 1051 1053 1057
263 1 1052 1051 1053 1058
264 1 1052 1051 1053 1059
265 1 1064 1063 1065 1069
266 1 1064 1063 1065 1070
267 1 1064 1063 1065 1071
268 1 1076 1075 1077 1081
269 1 1076 1075 1077 1082
270 1 1076 1075 1077 1083
271 1 1088 1087 1089 1093
272 1 1088 1087 1089 1094
273 1 1088 1087 1089 1095
274 1 1100 1099 1101 1105
275 1 1100 1099 1101 1106
276 1 1100 1099 1101 1107
277 1 1112 1111 1113 1117
278 1 1112 1111 1113 1118
279 1 1112 1111 1113 1119
280 1 1124 1123 1125 1129
281 1 1124 1123 1125 1130
282 1 1124 1123 1125 1131
283 1 1136 1135 1137 1141
284 1 1136 1135 1137 1142
285 1 1136 1135 1137 1143
286 1 1148 1147 1149 1153
287 1 1148 1147 1149 1154
288 1 1148 1147 1149 1155
289 1 1160 1159 1161 1165
290 1 1160 1159 1161 1166
291 1 1160 1159 1161 1167
292 1 1172 1171 1173 1177
293 1 1172 1171 1173 1178
294 1 1172 1171 1173 1179
295 1 1184 1183 1185 1189
296 1 1184 1183 1185 1190
297 1 1184 1183 1185 1191
298 1 1196 1195 1197 1202
299 1 1196 1195 1197 1203
300 1 1196 1195 1197 1204
301 1 1209 1208 1210 1215
302 1 1209 1208 1210 1216
303 1 1209 1208 1210 1217
304 1 1222 1221 1223 1227
305 1 1222 1221 1223 1228
306 1 1222 1221 1223 1229
307 1 1234 1233 1235 1239
308 1 1234 1233 1235 1240
309 1 1234 1233 1235 1241
310 1 1246 1245 1247 1251
311 1 1246 1245 1247 1252
312 1 1246 1245 1247 1253
313 1 1258 1257 1259 1263
314 1 1258 1257 1259 1264
315 1 1258 1257 1259 1265
316 1 1270 1269 1271 1275
317 1 1270 1269 1271 1276
318 1 1270 1269 1271 1277
319 1 1282 1281 1283 1287
320 1 1282 1281 1283 1288
321 1 1282 1281 1283 1289
322 1 1294 1293 1295 1299
323 1 1294 1293 1295 1300
324 1 1294 1293 1295 1301
325 1 1306 1305 1307 1311
326 1 1306 1305 1307 1312
327 1 1306 1305 1307 1313
328 1 1318 1317 1319 1323
329 1 1318 1317 1319 1324
330 1 1318 1317 1319 1325
331 1 1330 1329 1331 1335
332 1 1330 1329 1331 1336
333 1 1330 1329 1331 1337
334 1 1342 1341 1343 1347
335 1 1342 1341 1343 1348
336 1 1342 1341 1343 1349
337 1 1354 1353 1355 1359
338 1 1354 1353 1355 1360
339 1 1354 1353 1355 1361
340 1 1366 1365 1367 1371
341 1 1366 1365 1367 1372
342 1 1366 1365 1367 1373
343 1 1378 1377 1379 1383
344 1 1378 1377 1379 1384
345 1 1378 1377 1379 1385
346 1 1390 1389 1391 1395
347 1 1390 1389 1391 1396
348 1 1390 1389 1391 1397
349 1 1402 1401 1403 1407
350 1 1402 1401 1403 1408
351 1 1402 1401 1403 1409
352 1 1414 1413 1415 1419
353 1 1414 1413 1415 1420
354 1 1414 1413 1415 1421
355 1 1426 1425 1427 1431
356 1 1426 1425 1427 1432
357 1 1426 1425 1427 1433
358 1 1438 1437 1439 1443
359 1 1438 1437 1439 1444
360 1 1438 1437 1439 1445
361 1 1450 1449 1451 1455
362 1 1450 1449 1451 1456
363 1 1450 1449 1451 1457
364 1 1462 1461 1463 1467
365 1 1462 1461 1463 1468
366 1 1462 1461 1463 1469
367 1 1474 1473 1475 1479
368 1 1474 1473 1475 1480
369 1 1474 1473 1475 1481
370 1 1486 1485 1487 1491
371 1 1486 1485 1487 1492
372 1 1486 1485 1487 1493
373 1 1498 1497 1499 1503
374 1 1498 1497 1499 1504
375 1 1498 1497 1499 1505
376 1 1510 1509 1511 1515
377 1 1510 1509 1511 1516
378 1 1510 1509 1511 1517
379 1 1522 1521 1523 1527
380 1 1522 1521 1523 1528
381 1 1522 1521 1523 1529
382 1 1534 1533 1535 1539
383 1 1534 1533 1535 1540
384 1 1534 1533 1535 1541
385 1 1546 1545 1547 1551
386 1 1546 1545 1547 1552
387 1 1546 1545 1547 1553
388 1 1558 1557 1559 1563
389 1 1558 1557 1559 1564
390 1 1558 1557 1559 1565
391 1 1570 1569 1571 1575
392 1 1570 1569 1571 1576
393 1 1570 1569 1571 1577
394 1 1582 1581 1583 1587
395 1 1582 1581 1583 1588
396 1 1582 1581 1583 1589
397 1 1594 1593 1595 1599
398 1 1594 1593 1595 1600
399 1 1594 1593 1595 1601
400 1 1606 1605 1607 1611
401 1 1606 1605 1607 1612
402 1 1606 1605 1607 1613
403 1 1618 1617 1619 1623
404 1 1618 1617 1619 1624
405 1 1618 1617 1619 1625
406 1 1630 1629 1631 1635
407 1 1630 1629 1631 1636
408 1 1630 1629 1631 1637
409 1 1642 1641 1643 1647
410 1 1642 1641 1643 1648
411 1 1642 1641 1643 1649
412 1 1654 1653 1655 1659
413 1 1654 1653 1655 1660
414 1 1654 1653 1655 1661
415 1 1666 1665 1667 1671
416 1 1666 1665 1667 1672
417 1 1666 1665 1667 1673
418 1 1678 1677 1679 1683
419 1 1678 1677 1679 1684
420 1 1678 1677 1679 1685
421 1 1690 1689 1691 1695
422 1 1690 1689 1691 1696
423 1 1690 1689 1691 1697
424 1 1702 1701 1703 1707
425 1 1702 1701 1703 1708
426 1 1702 1701 1703 1709
427 1 1714 1713 1715 1719
428 1 1714 1713 1715 1720
429 1 1714 1713 1715 1721
430 1 1726 1725 1727 1731
431 1 1726 1725 1727 1732
432 1 1726 1725 1727 1733
433 1 1738 1737 1739 1743
434 1 1738 1737 1739 1744
435 1 1738 1737 1739 1745
436 1 1750 1749 1751 1755
437 1 1750 1749 1751 1756
438 1 1750 1749 1751 1757
439 1 1762 1761 1763 1767
440 1 1762 1761 1763 1768
441 1 1762 1761 1763 1769
442 1 1774 1773 1775 1779
443 1 1774 1773 1775 1780
444 1 1774 1773 1775 1781
445 1 1786 1785 1787 1791
446 1 1786 1785 1787 1792
447 1 1786 1785 1787 1793
448 1 1798 1797 1799 1804
449 1 1798 1797 1799 1805
450 1 1798 1797 1799 1806
451 1 1811 1810 1812 1817
452 1 1811 1810 1812 1818
453 1 1811 1810 1812 1819
454 1 1824 1823 1825 1829
455 1 1824 1823 1825 1830
456 1 1824 1823 1825 1831
457 1 1836 1835 1837 1841
458 1 1836 1835 1837 1842
459 1 1836 1835 1837 1843
460 1 1848 1847 1849 1853
461 1 1848 1847 1849 1854
462 1 1848 1847 1849 1855
463 1 1860 1859 1861 1865
464 1 1860 1859 1861 1866
465 1 1860 1859 1861 1867
466 1 1872 1871 1873 1877
467 1 1872 1871 1873 1878
468 1 1872 1871 1873 1879
469 1 1884 1883 1885 1889
470 1 1884 1883 1885 1890
471 1 1884 1883 1885 1891
472 1 1896 1895 1897 1901
473 1 1896 1895 1897 1902
474 1 1896 1895 1897 1903
475 1 1908 1907 1909 1913
476 1 1908 1907 1909 1914
477 1 1908 1907 1909 1915
478 1 1920 1919 1921 1925
479 1 1920 1919 1921 1926
480 1 1920 1919 1921 1927
481 1 1932 1931 1933 1937
482 1 1932 1931 1933 1938
483 1 1932 1931 1933 1939
484 1 1944 1943 1945 1949
485 1 1944 1943 1945 1950
486 1 1944 1943 1945 1951
487 1 1956 1955 1957 1961
488 1 1956 1955 1957 1962
489 1 1956 1955 1957 1963
490 1 1968 1967 1969 1973
491 1 1968 1967 1969 1974
492 1 1968 1967 1969 1975
493 1 1980 1979 1981 1985
494 1 1980 1979 1981 1986
495 1 1980 1979 1981 1987
496 1 1992 1991 1993 1997
497 1 1992 1991 1993 1998
498 1 1992 1991 1993 1999
499 1 2004 2003 2005 2009
500 1 2004 2003 2005 2010
501 1 2004 2003 2005 2011
502 1 2016 2015 2017 2021
503 1 2016 2015 2017 2022
504 1 2016 2015 2017 2023
505 1 2028 2027 2029 2033
506 1 2028 2027 2029 2034
507 1 2028 2027 2029 2035
508 1 2040 2039 2041 2045
509 1 2040 2039 2041 2046
510 1 2040 2039 2041 2047
511 1 2052 2051 2053 2057
512 1 2052 2051 2053 2058
513 1 2052 2051 2053 2059
514 1 2064 2063 2065 2069
515 1 2064 2063 2065 2070
516 1 2064 2063 2065 2071
517 1 2076 2075 2077 2081
518 1 2076 2075 2077 2082
519 1 2076 2075 2077 2083
520 1 2088 2087 2089 2093
521 1 2088 2087 2089 2094
522 1 2088 2087 2089 2095
523 1 2100 2099 2101 2105
524 1 2100 2099 2101 2106
525 1 2100 2099 2101 2107
526 1 2112 2111 2113 2117
527 1 2112 2111 2113 2118
528 1 2112 2111 2113 2119
529 1 2124 2123 2125 2129
530 1 2124 2123 2125 2130
531 1 2124 2123 2125 2131
532 1 2136 2135 2137 2141
533 1 2136 2135 2137 2142
534 1 2136 2135 2137 2143
535 1 2148 2147 2149 2153
536 1 2148 2147 2149 2154
537 1 2148 2147 2149 2155
538 1 2160 2159 2161 2165
539 1 2160 2159 2161 2166
540 1 2160 2159 2161 2167
541 1 2172 2171 2173 2177
542 1 2172 2171 2173 2178
543 1 2172 2171 2173 2179
544 1 2184 2183 2185 2189
545 1 2184 2183 2185 2190
546 1 2184 2183 2185 2191
547 1 2196 2195 2197 2201
548 1 2196 2195 2197 2202
549 1 2196 2195 2197 2203
550 1 2208 2207 2209 2213
551 1 2208 2207 2209 2214
552 1 2208 2207 2209 2215
553 1 2220 2219 2221 2225
554 1 2220 2219 2221 2226
555 1 2220 2219 2221 2227
556 1 2232 2231 2233 2237
557 1 2232 2231 2233 2238
558 1 2232 2231 2233 2239
559 1 2244 2243 2245 2249
560 1 2244 2243 2245 2250
561 1 2244 2243 2245 2251
562 1 2256 2255 2257 2261
563 1 2256 2255 2257 2262
564 1 2256 2255 2257 2263
565 1 2268 2267 2269 2273
566 1 2268 2267 2269 2274
567 1 2268 2267 2269 2275
568 1 2280 2279 2281 2285
569 1 2280 2279 2281 2286
570 1 2280 2279 2281 2287
571 1 2292 2291 2293 2297
572 1 2292 2291 2293 2298
573 1 2292 2291 2293 2299
574 1 2304 2303 2305 2309
575 1 2304 2303 2305 2310
576 1 2304 2303 2305 2311
577 1 2316 2315 2317 2321
578 1 2316 2315 2317 2322
579 1 2316 2315 2317 2323
580 1 2328 2327 2329 2333
581 1 2328 2327 2329 2334
582 1 2328 2327 2329 2335
583 1 2340 2339 2341 2345
584 1 2340 2339 2341 2346
585 1 2340 2339 2341 2347
586 1 2352 2351 2353 2357
587 1 2352 2351 2353 2358
588 1 2352 2351 2353 2359
589 1 2364 2363 2365 2369
590 1 2364 2363 2365 2370
591 1 2364 2363 2365 2371
592 1 2376 2375 2377 2381
593 1 2376 2375 2377 2382
594 1 2376 2375 2377 2383
595 1 2388 2387 2389 2393
596 1 2388 2387 2389 2394
597 1 2388 2387 2389 2395
598 1 2400 2399 2401 2406
599 1 2400 2399 2401 2407
600 1 2400 2399 2401 2408
601 1 2413 2412 2414 2419
602 1 2413 2412 2414 2420
603 1 2413 2412 2414 2421
604 1 2426 2425 2427 2431
605 1 2426 2425 2427 2432
606 1 2426 2425 2427 2433
607 1 2438 2437 2439 2443
608 1 2438 2437 2439 2444
609 1 2438 2437 2439 2445
610 1 2450 2449 2451 2455
611 1 2450 2449 2451 2456
612 1 2450 2449 2451 2457
613 1 2462 2461 2463 2467
614 1 2462 2461 2463 2468
615 1 2462 2461 2463 2469
616 1 2474 2473 2475 2479
617 1 2474 2473 2475 2480
618 1 2474 2473 2475 2481
619 1 2486 2485 2487 2491
620 1 2486 2485 2487 2492
621 1 2486 2485 2487 2493
622 1 2498 2497 2499 2503
623 1 2498 2497 2499 2504
624 1 2498 2497 2499 2505
625 1 2510 2509 2511 2515
626 1 2510 2509 2511 2516
627 1 2510 2509 2511 2517
628 1 2522 2521 2523 2527
629 1 2522 2521 2523 2528
630 1 2522 2521 2523 2529
631 1 2534 2533 2535 2539
632 1 2534 2533 2535 2540
633 1 2534 2533 2535 2541
634 1 2546 2545 2547 2551
635 1 2546 2545 2547 2552
636 1 2546 2545 2547 2553
637 1 2558 2557 2559 2563
638 1 2558 2557 2559 2564
639 1 2558 2557 2559 2565
640 1 2570 2569 2571 2575
641 1 2570 2569 2571 2576
642 1 2570 2569 2571 2577
643 1 2582 2581 2583 2587
644 1 2582 2581 2583 2588
645 1 2582 2581 2583 2589
646 1 2594 2593 2595 2599
647 1 2594 2593 2595 2600
648 1 2594 2593 2595 2601
649 1 2606 2605 2607 2611
650 1 2606 2605 2607 2612
651 1 2606 2605 2607 2613
652 1 2618 2617 2619 2623
653 1 2618 2617 2619 2624
654 1 2618 2617 2619 2625
655 1 2630 2629 2631 2635
656 1 2630 2629 2631 2636
657 1 2630 2629 2631 2637
658 1 2642 2641 2643 2647
659 1 2642 2641 2643 2648
660 1 2642 2641 2643 2649
661 1 2654 2653 2655 2659
662 1 2654 2653 2655 2660
663 1 2654 2653 2655 2661
664 1 2666 2665 2667 2671
665 1 2666 2665 2667 2672
666 1 2666 2665 2667 2673
667 1 2678 2677 2679 2683
668 1 2678 2677 2679 2684
669 1 2678 2677 2679 2685
670 1 2690 2689 2691 2695
671 1 2690 2689 2691 2696
672 1 2690 2689 2691 2697
673 1 2702 2701 2703 2707
674 1 2702 2701 2703 2708
675 1 2702 2701 2703 2709
676 1 2714 2713 2715 2719
677 1 2714 2713 2715 2720
678 1 2714 2713 2715 2721
679 1 2726 2725 2727 2731
680 1 2726 2725 2727 2732
681 1 2726 2725 2727 2733
682 1 2738 2737 2739 2743
683 1 2738 2737 2739 2744
684 1 2738 2737 2739 2745
685 1 2750 2749 2751 2755
686 1 2750 2749 2751 2756
687 1 2750 2749 2751 2757
688 1 2762 2761 2763 2767
689 1 2762 2761 2763 2768
690 1 2762 2761 2763 2769
691 1 2774 2773 2775 2779
692 1 2774 2773 2775 2780
693 1 2774 2773 2775 2781
694 1 2786 2785 2787 2791
695 1 2786 2785 2787 2792
696 1 2786 2785 2787 2793
697 1 2798 2797 2799 2803
698 1 2798 2797 2799 2804
699 1 2798 2797 2799 2805
700 1 2810 2809 2811 2815
701 1 2810 2809 2811 2816
702 1 2810 2809 2811 2817
703 1 2822 2821 2823 2827
704 1 2822 2821 2823 2828
705 1 2822 2821 2823 2829
706 1 2834 2833 2835 2839
707 1 2834 2833 2835 2840
708 1 2834 2833 2835 2841
709 1 2846 2845 2847 2851
710 1 2846 2845 2847 2852
711 1 2846 2845 2847 2853
712 1 2858 2857 2859 2863
713 1 2858 2857 2859 2864
714 1 2858 2857 2859 2865
715 1 2870 2869 2871 2875
716 1 2870 2869 2871 2876
717 1 2870 2869 2871 2877
718 1 2882 2881 2883 2887
719 1 2882 2881 2883 2888
720 1 2882 2881 2883 2889
721 1 2894 2893 2895 2899
722 1 2894 2893 2895 2900
723 1 2894 2893 2895 2901
724 1 2906 2905 2907 2911
725 1 2906 2905 2907 2912
726 1 2906 2905 2907 2913
727 1 2918 2917 2919 2923
728 1 2918 2917 2919 2924
729 1 2918 2917 2919 2925
730 1 2930 2929 2931 2935
731 1 2930 2929 2931 2936
732 1 2930 2929 2931 2937
733 1 2942 2941 2943 2947
734 1 2942 2941 2943 2948
735 1 2942 2941 2943 2949
736 1 2954 2953 2955 2959
737 1 2954 2953 2955 2960
738 1 2954 2953 2955 2961
739 1 2966 2965 2967 2971
740 1 2966 2965 2967 2972
741 1 2966 2965 2967 2973
742 1 2978 2977 2979 2983
743 1 2978 2977 2979 2984
744 1 2978 2977 2979 2985
745 1 2990 2989 2991 2995
746 1 2990 2989 2991 2996
747 1 2990 2989 2991 2997
748 1 3002 3001 3003 3008
749 1 3002 3001 3003 3009
750 1 3002 3001 3003 3010
751 1 3015 3014 3016 3021
752 1 3015 3014 3016 3022
753 1 3015 3014 3016 3023
754 1 3028 3027 3029 3033
755 1 3028 3027 3029 3034
756 1 3028 3027 3029 3035
757 1 3040 3039 3041 3045
758 1 3040 3039 3041 3046
759 1 3040 3039 3041 3047
760 1 3052 3051 3053 3057
761 1 3052 3051 3053 3058
762 1 3052 3051 3053 3059
763 1 3064 3063 3065 3069
764 1 3064 3063 3065 3070
765 1 3064 3063 3065 3071
766 1 3076 3075 3077 3081
767 1 3076 3075 3077 3082
768 1 3076 3075 3077 3083
769 1 3088 3087 3089 3093
770 1 3088 3087 3089 3094
771 1 3088 3087 3089 3095
772 1 3100 3099 3101 3105
773 1 3100 3099 3101 3106
774 1 3100 3099 3101 3107
775 1 3112 3111 3113 3117
776 1 3112 3111 3113 3118
777 1 3112 3111 3113 3119
778 1 3124 3123 3125 3129
779 1 3124 3123 3125 3130
780 1 3124 3123 3125 3131
781 1 3136 3135 3137 3141
782 1 3136 3135 3137 3142
783 1 3136 3135 3137 3143
784 1 3148 3147 3149 3153
785 1 3148 3147 3149 3154
786 1 3148 3147 3149 3155
787 1 3160 3159 3161 3165
788 1 3160 3159 3161 3166
789 1 3160 3159 3161 3167
790 1 3172 3171 3173 3177
791 1 3172 3171 3173 3178
792 1 3172 3171 3173 3179
793 1 3184 3183 3185 3189
794 1 3184 3183 3185 3190
795 1 3184 3183 3185 3191
796 1 3196 3195 3197 3201
797 1 3196 3195 3197 3202
798 1 3196 3195 3197 3203
799 1 3208 3207 3209 3213
800 1 3208 3207 3209 3214
801 1 3208 3207 3209 3215
802 1 3220 3219 3221 3225
803 1 3220 3219 3221 3226
804 1 3220 3219 3221 3227
805 1 3232 3231 3233 3237
806 1 3232 3231 3233 3238
807 1 3232 3231 3233 3239
808 1 3244 3243 3245 3249
809 1 3244 3243 3245 3250
810 1 3244 3243 3245 3251
811 1 3256 3255 3257 3261
812 1 3256 3255 3257 3262
813 1 3256 3255 3257 3263
814 1 3268 3267 3269 3273
815 1 3268 3267 3269 3274
816 1 3268 3267 3269 3275
817 1 3280 3279 3281 3285
818 1 3280 3279 3281 3286
819 1 3280 3279 3281 3287
820 1 3292 3291 3293 3297
821 1 3292 3291 3293 3298
822 1 3292 3291 3293 3299
823 1 3304 3303 3305 3309
824 1 3304 3303 3305 3310
825 1 3304 3303 3305 3311
826 1 3316 3315 3317 3321
827 1 3316 3315 3317 3322
828 1 3316 3315 3317 3323
829 1 3328 3327 3329 3333
830 1 3328 3327 3329 3334
831 1 3328 3327 3329 3335
832 1 3340 3339 3341 3345
833 1 3340 3339 3341 3346
834 1 3340 3339 3341 3347
835 1 3352 3351 3353 3357
836 1 3352 3351 3353 3358
837 1 3352 3351 3353 3359
838 1 3364 3363 3365 3369
839 1 3364 3363 3365 3370
840 1 3364 3363 3365 3371
841 1 3376 3375 3377 3381
842 1 3376 3375 3377 3382
843 1 3376 3375 3377 3383
844 1 3388 3387 3389 3393
845 1 3388 3387 3389 3394
846 1 3388 3387 3389 3395
847 1 3400 3399 3401 3405
848 1 3400 3399 3401 3406
849 1 3400 3399 3401 3407
850 1 3412 3411 3413 3417
851 1 3412 3411 3413 3418
852 1 3412 3411 3413 3419
853 1 3424 3423 3425 3429
854 1 3424 3423 3425 3430
855 1 3424 3423 3425 3431
856 1 3436 3435 3437 3441
857 1 3436 3435 3437 3442
858 1 3436 3435 3437 3443
859 1 3448 3447 3449 3453
860 1 3448 3447 3449 3454
861 1 3448 3447 3449 3455
862 1 3460 3459 3461 3465
863 1 3460 3459 3461 3466
864 1 3460 3459 3461 3467
865 1 3472 3471 3473 3477
866 1 3472 3471 3473 3478
867 1 3472 3471 3473 3479
868 1 3484 3483 3485 3489
869 1 3484 3483 3485 3490
870 1 3484 3483 3485 3491
871 1 3496 3495 3497 3501
872 1 3496 3495 3497 3502
873 1 3496 3495 3497 3503
874 1 3508 3507 3509 3513
875 1 3508 3507 3509 3514
876 1 3508 3507 3509 3515
877 1 3520 3519 3521 3525
878 1 3520 3519 3521 3526
879 1 3520 3519 3521 3527
880 1 3532 3531 3533 3537
881 1 3532 3531 3533 3538
882 1 3532 3531 3533 3539
883 1 3544 3543 3545 3549
884 1 3544 3543 3545 3550
885 1 3544 3543 3545 3551
886 1 3556 3555 3557 3561
887 1 3556 3555 3557 3562
888 1 3556 3555 3557 3563
889 1 3568 3567 3569 3573
890 1 3568 3567 3569 3574
891 1 3568 3567 3569 3575
892 1 3580 3579 3581 3585
893 1 3580 3579 3581 3586
894 1 3580 3579 3581 3587
895 1 3592 3591 3593 3597
896 1 3592 3591 3593 3598
897 1 3592 3591 3593 3599
898 1 3604 3603 3605 3610
899 1 3604 3603 3605 3611
900 1 3604 3603 3605 3612
901 1 3617 3616 3618 3623
902 1 3617 3616 3618 3624
903 1 3617 3616 3618 3625
904 1 3630 3629 3631 3635
905 1 3630 3629 3631 3636
906 1 3630 3629 3631 3637
907 1 3642 3641 3643 3647
908 1 3642 3641 3643 3648
909 1 3642 3641 3643 3649
910 1 3654 3653 3655 3659
911 1 3654 3653 3655 3660
912 1 3654 3653 3655 3661
913 1 3666 3665 3667 3671
914 1 3666 3665 3667 3672
915 1 3666 3665 3667 3673
916 1 3678 3677 3679 3683
917 1 3678 3677 3679 3684
918 1 3678 3677 3679 3685
919 1 3690 3689 3691 3695
920 1 3690 3689 3691 3696
921 1 3690 3689 3691 3697
922 1 3702 3701 3703 3707
923 1 3702 3701 3703 3708
924 1 3702 3701 3703 3709
925 1 3714 3713 3715 3719
926 1 3714 3713 3715 3720
927 1 3714 3713 3715 3721
928 1 3726 3725 3727 3731
929 1 3726 3725 3727 3732
930 1 3726 3725 3727 3733
931 1 3738 3737 3739 3743
932 1 3738 3737 3739 3744
933 1 3738 3737 3739 3745
934 1 3750 3749 3751 3755
935 1 3750 3749 3751 3756
936 1 3750 3749 3751 3757
937 1 3762 3761 3763 3767
938 1 3762 3761 3763 3768
939 1 3762 3761 3763 3769
940 1 3774 3773 3775 3779
941 1 3774 3773 3775 3780
942 1 3774 3773 3775 3781
943 1 3786 3785 3787 3791
944 1 3786 3785 3787 3792
945 1 3786 3785 3787 3793
946 1 3798 3797 3799 3803
947 1 3798 3797 3799 3804
948 1 3798 3797 3799 3805
949 1 3810 3809 3811 3815
950 1 3810 3809 3811 3816
951 1 3810 3809 3811 3817
952 1 3822 3821 3823 3827
953 1 3822 3821 3823 3828
954 1 3822 3821 3823 3829
955 1 3834 3833 3835 3839
956 1 3834 3833 3835 3840
957 1 3834 3833 3835 3841
958 1 3846 3845 3847 3851
959 1 3846 3845 3847 3852
960 1 3846 3845 3847 3853
961 1 3858 3857 3859 3863
962 1 3858 3857 3859 3864
963 1 3858 3857 3859 3865
964 1 3870 3869 3871 3875
965 1 3870 3869 3871 3876
966 1 3870 3869 3871 3877
967 1 3882 3881 3883 3887
968 1 3882 3881 3883 3888
969 1 3882 3881 3883 3889
970 1 3894 3893 3895 3899
971 1 3894 3893 3895 3900
972 1 3894 3893 3895 3901
973 1 3906 3905 3907 3911
974 1 3906 3905 3907 3912
975 1 3906 3905 3907 3913
976 1 3918 3917 3919 3923
977 1 3918 3917 3919 3924
978 1 3918 3917 3919 3925
979 1 3930 3929 3931 3935
980 1 3930 3929 3931 3936
981 1 3930 3929 3931 3937
982 1 3942 3941 3943 3947
983 1 3942 3941 3943 3948
984 1 3942 3941 3943 3949
985 1 3954 3953 3955 3959
986 1 3954 3953 3955 3960
987 1 3954 3953 3955 3961
988 1 3966 3965 3967 3971
989 1 3966 3965 3967 3972
990 1 3966 3965 3967 3973
991 1 3978 3977 3979 3983
992 1 3978 3977 3979 3984
993 1 3978 3977 3979 3985
994 1 3990 3989 3991 3995
995 1 3990 3989 3991 3996
996 1 3990 3989 3991 3997
997 1 4002 4001 4003 4007
998 1 4002 4001 4003 4008
999 1 4002 4001 4003 4009
1000 1 4014 4013 4015 4019
1001 1 4014 4013 4015 4020
1002 1 4014 4013 4015 4021
1003 1 4026 4025 4027 4031
1004 1 4026 4025 4027 4032
1005 1 4026 4025 4027 4033
1006 1 4038 4037 4039 4043
1007 1 4038 4037 4039 4044
1008 1 4038 4037 4039 4045
1009 1 4050 4049 4051 4055
1010 1 4050 4049 4051 4056
1011 1 4050 4049 4051 4057
1012 1 4062 4061 4063 4067
1013 1 4062 4061 4063 4068
1014 1 4062 4061 4063 4069
1015 1 4074 4073 4075 4079
1016 1 4074 4073 4075 4080
1017 1 4074 4073 4075 4081
1018 1 4086 4085 4087 4091
1019 1 4086 4085 4087 4092
1020 1 4086 4085 4087 4093
1021 1 4098 4097 4099 4103
1022 1 4098 4097 4099 4104
1023 1 4098 4097 4099 4105
1024 1 4110 4109 4111 4115
1025 1 4110 4109 4111 4116
1026 1 4110 4109 4111 4117
1027 1 4122 4121 4123 4127
1028 1 4122 4121 4123 4128
1029 1 4122 4121 4123 4129
1030 1 4134 4133 4135 4139
1031 1 4134 4133 4135 4140
1032 1 4134 4133 4135 4141
1033 1 4146 4145 4147 4151
1034 1 4146 4145 4147 4152
1035 1 4146 4145 4147 4153
1036 1 4158 4157 4159 4163
1037 1 4158 4157 4159 4164
1038 1 4158 4157 4159 4165
1039 1 4170 4169 4171 4175
1040 1 4170 4169 4171 4176
1041 1 4170 4169 4171 4177
1042 1 4182 4181 4183 4187
1043 1 4182 4181 4183 4188
1044 1 4182 4181 4183 4189
1045 1 4194 4193 4195 4199
1046 1 4194 4193 4195 4200
1047 1 4194 4193 4195 4201
1048 1 4206 4205 4207 4212
1049 1 4206 4205 4207 4213
1050 1 4206 4205 4207 4214
1051 1 4219 4218 4220 4225
1052 1 4219 4218 4220 4226
1053 1 4219 4218 4220 4227
1054 1 4232 4231 4233 4237
1055 1 4232 4231 4233 4238
1056 1 4232 4231 4233 4239
1057 1 4244 4243 4245 4249
1058 1 4244 4243 4245 4250
1059 1 4244 4243 4245 4251
1060 1 4256 4255 4257 4261
1061 1 4256 4255 4257 4262
1062 1 4256 4255 4257 4263
1063 1 4268 4267 4269 4273
1064 1 4268 4267 4269 4274
1065 1 4268 4267 4269 4275
1066 1 4280 4279 4281 4285
1067 1 4280 4279 4281 4286
1068 1 4280 4279 4281 4287
1069 1 4292 4291 4293 4297
1070 1 4292 4291 4293 4298
1071 1 4292 4291 4293 4299
1072 1 4304 4303 4305 4309
1073 1 4304 4303 4305 4310
1074 1 4304 4303 4305 4311
1075 1 4316 4315 4317 4321
1076 1 4316 4315 4317 4322
1077 1 4316 4315 4317 4323
1078 1 4328 4327 4329 4333
1079 1 4328 4327 4329 4334
1080 1 4328 4327 4329 4335
1081 1 4340 4339 4341 4345
1082 1 4340 4339 4341 4346
1083 1 4340 4339 4341 4347
1084 1 4352 4351 4353 4357
1085 1 4352 4351 4353 4358
1086 1 4352 4351 4353 4359
1087 1 4364 4363 4365 4369
1088 1 4364 4363 4365 4370
1089 1 4364 4363 4365 4371
1090 1 4376 4375 4377 4381
1091 1 4376 4375 4377 4382
1092 1 4376 4375 4377 4383
1093 1 4388 4387 4389 4393
1094 1 4388 4387 4389 4394
1095 1 4388 4387 4389 4395
1096 1 4400 4399 4401 4405
1097 1 4400 4399 4401 4406
1098 1 4400 4399 4401 4407
1099 1 4412 4411 4413 4417
1100 1 4412 4411 4413 4418
1101 1 4412 4411 4413 4419
1102 1 4424 4423 4425 4429
1103 1 4424 4423 4425 4430
1104 1 4424 4423 4425 4431
1105 1 4436 4435 4437 4441
1106 1 4436 4435 4437 4442
1107 1 4436 4435 4437 4443
1108 1 4448 4447 4449 4453
1109 1 4448 4447 4449 4454
1110 1 4448 4447 4449 4455
1111 1 4460 4459 4461 4465
1112 1 4460 4459 4461 4466
1113 1 4460 4459 4461 4467
1114 1 4472 4471 4473 4477
1115 1 4472 4471 4473 4478
1116 1 4472 4471 4473 4479
1117 1 4484 4483 4485 4489
1118 1 4484 4483 4485 4490
1119 1 4484 4483 4485 4491
1120 1 4496 4495 4497 4501
1121 1 4496 4495 4497 4502
1122 1 4496 4495 4497 4503
1123 1 4508 4507 4509 4513
1124 1 4508 4507 4509 4514
1125 1 4508 4507 4509 4515
1126 1 4520 4519 4521 4525
1127 1 4520 4519 4521 4526
1128 1 4520 4519 4521 4527
1129 1 4532 4531 4533 4537
1130 1 4532 4531 4533 4538
1131 1 4532 4531 4533 4539
1132 1 4544 4543 4545 4549
1133 1 4544 4543 4545 4550
1134 1 4544 4543 4545 4551
1135 1 4556 4555 4557 4561
1136 1 4556 4555 4557 4562
1137 1 4556 4555 4557 4563
1138 1 4568 4567 4569 4573
1139 1 4568 4567 4569 4574
1140 1 4568 4567 4569 4575
1141 1 4580 4579 4581 4585
1142 1 4580 4579 4581 4586
1143 1 4580 4579 4581 4587
1144 1 4592 4591 4593 4597
1145 1 4592 4591 4593 4598
1146 1 4592 4591 4593 4599
1147 1 4604 4603 4605 4609
1148 1 4604 4603 4605 4610
1149 1 4604 4603 4605 4611
1150 1 4616 4615 4617 4621
1151 1 4616 4615 4617 4622
1152 1 4616 4615 4617 4623
1153 1 4628 4627 4629 4633
1154 1 4628 4627 4629 4634
1155 1 4628 4627 4629 4635
1156 1 4640 4639 4641 4645
1157 1 4640 4639 4641 4646
1158 1 4640 4639 4641 4647
1159 1 4652 4651 4653 4657
1160 1 4652 4651 4653 4658
1161 1 4652 4651 4653 4659
1162 1 4664 4663 4665 4669
1163 1 4664 4663 4665 4670
1164 1 4664 4663 4665 4671
1165 1 4676 4675 4677 4681
1166 1 4676 4675 4677 4682
1167 1 4676 4675 4677 4683
1168 1 4688 4687 4689 4693
1169 1 4688 4687 4689 4694
1170 1 4688 4687 4689 4695
1171 1 4700 4699 4701 4705
1172 1 4700 4699 4701 4706
1173 1 4700 4699 4701 4707
1174 1 4712 4711 4713 4717
1175 1 4712 4711 4713 4718
1176 1 4712 4711 4713 4719
1177 1 4724 4723 4725 4729
1178 1 4724 4723 4725 4730
1179 1 4724 4723 4725 4731
1180 1 4736 4735 4737 4741
1181 1 4736 4735 4737 4742
1182 1 4736 4735 4737 4743
1183 1 4748 4747 4749 4753
1184 1 4748 4747 4749 4754
1185 1 4748 4747 4749 4755
1186 1 4760 4759 4761 4765
1187 1 4760 4759 4761 4766
1188 1 4760 4759 4761 4767
1189 1 4772 4771 4773 4777
1190 1 4772 4771 4773 4778
1191 1 4772 4771 4773 4779
1192 1 4784 4783 4785 4789
1193 1 4784 4783 4785 4790
1194 1 4784 4783 4785 4791
1195 1 4796 4795 4797 4801
1196 1 4796 4795 4797 4802
1197 1 4796 4795 4797 4803
1198 1 4808 4807 4809 4814
1199 1 4808 4807 4809 4815
1200 1 4808 4807 4809 4816
1201 1 4821 4820 4822 4827
1202 1 4821 4820 4822 4828
1203 1 4821 4820 4822 4829
1204 1 4834 4833 4835 4839
1205 1 4834 4833 4835 4840
1206 1 4834 4833 4835 4841
1207 1 4846 4845 4847 4851
1208 1 4846 4845 4847 4852
1209 1 4846 4845 4847 4853
1210 1 4858 4857 4859 4863
1211 1 4858 4857 4859 4864
1212 1 4858 4857 4859 4865
1213 1 4870 4869 4871 4875
1214 1 4870 4869 4871 4876
1215 1 4870 4869 4871 4877
1216 1 4882 4881 4883 4887
1217 1 4882 4881 4883 4888
1218 1 4882 4881 4883 4889
1219 1 4894 4893 4895 4899
1220 1 4894 4893 4895 4900
1221 1 4894 4893 4895 4901
1222 1 4906 4905 4907 4911
1223 1 4906 4905 4907 4912
1224 1 4906 4905 4907 4913
1225 1 4918 4917 4919 4923
1226 1 4918 4917 4919 4924
1227 1 4918 4917 4919 4925
1228 1 4930 4929 4931 4935
1229 1 4930 4929 4931 4936
1230 1 4930 4929 4931 4937
1231 1 4942 4941 4943 4947
1232 1 4942 4941 4943 4948
1233 1 4942 4941 4943 4949
1234 1 4954 4953 4955 4959
1235 1 4954 4953 4955 4960
1236 1 4954 4953 4955 4961
1237 1 4966 4965 4967 4971
1238 1 4966 4965 4967 4972
1239 1 4966 4965 4967 4973
1240 1 4978 4977 4979 4983
1241 1 4978 4977 4979 4984
1242 1 4978 4977 4979 4985
1243 1 4990 4989 4991 4995
1244 1 4990 4989 4991 4996
1245 1 4990 4989 4991 4997
1246 1 5002 5001 5003 5007
1247 1 5002 5001 5003 5008
1248 1 5002 5001 5003 5009
1249 1 5014 5013 5015 5019
1250 1 5014 5013 5015 5020
1251 1 5014 5013 5015 5021
1252 1 5026 5025 5027 5031
1253 1 5026 5025 5027 5032
1254 1 5026 5025 5027 5033
1255 1 5038 5037 5039 5043
1256 1 5038 5037 5039 5044
1257 1 5038 5037 5039 5045
1258 1 5050 5049 5051 5055
1259 1 5050 5049 5051 5056
1260 1 5050 5049 5051 5057
1261 1 5062 5061 5063 5067
1262 1 5062 5061 5063 5068
1263 1 5062 5061 5063 5069
1264 1 5074 5073 5075 5079
1265 1 5074 5073 5075 5080
1266 1 5074 5073 5075 5081
1267 1 5086 5085 5087 5091
1268 1 5086 5085 5087 5092
1269 1 5086 5085 5087 5093
1270 1 5098 5097 5099 5103
1271 1 5098 5097 5099 5104
1272 1 5098 5097 5099 5105
1273 1 5110 5109 5111 5115
1274 1 5110 5109 5111 5116
1275 1 5110 5109 5111 5117
1276 1 5122 5121 5123 5127
1277 1 5122 5121 5123 5128
1278 1 5122 5121 5123 5129
1279 1 5134 5133 5135 5139
1280 1 5134 5133 5135 5140
1281 1 5134 5133 5135 5141
1282 1 5146 5145 5147 5151
1283 1 5146 5145 5147 5152
1284 1 5146 5145 5147 5153
1285 1 5158 5157 5159 5163
1286 1 5158 5157 5159 5164
1287 1 5158 5157 5159 5165
1288 1 5170 5169 5171 5175
1289 1 5170 5169 5171 5176
1290 1 5170 5169 5171 5177
1291 1 5182 5181 5183 5187
1292 1 5182 5181 5183 5188
1293 1 5182 5181 5183 5189
1294 1 5194 5193 5195 5199
1295 1 5194 5193 5195 5200
1296 1 5194 5193 5195 5201
1297 1 5206 5205 5207 5211
1298 1 5206 5205 5207 5212
1299 1 5206 5205 5207 5213
1300 1 5218 5217 5219 5223
1301 1 5218 5217 5219 5224
1302 1 5218 5217 5219 5225
1303 1 5230 5229 5231 5235
1304 1 5230 5229 5231 5236
1305 1 5230 5229 5231 5237
1306 1 5242 5241 5243 5247
1307 1 5242 5241 5243 5248
1308 1 5242 5241 5243 5249
1309 1 5254 5253 5255 5259
1310 1 5254 5253 5255 5260
1311 1 5254 5253 5255 5261
1312 1 5266 5265 5267 5271
1313 1 5266 5265 5267 5272
1314 1 5266 5265 5267 5273
1315 1 5278 5277 5279 5283
1316 1 5278 5277 5279 5284
1317 1 5278 5277 5279 5285
1318 1 5290 5289 5291 5295
1319 1 5290 5289 5291 5296
1320 1 5290 5289 5291 5297
1321 1 5302 5301 5303 5307
1322 1 5302 5301 5303 5308
1323 1 5302 5301 5303 5309
1324 1 5314 5313 5315 5319
1325 1 5314 5313 5315 5320
1326 1 5314 5313 5315 5321
1327 1 5326 5325 5327 5331
1328 1 5326 5325 5327 5332
1329 1 5326 5325 5327 5333
1330 1 5338 5337 5339 5343
1331 1 5338 5337 5339 5344
1332 1 5338 5337 5339 5345
1333 1 5350 5349 5351 5355
1334 1 5350 5349 5351 5356
1335 1 5350 5349 5351 5357
1336 1 5362 5361 5363 5367
1337 1 5362 5361 5363 5368
1338 1 5362 5361 5363 5369
1339 1 5374 5373 5375 5379
1340 1 5374 5373 5375 5380
1341 1 5374 5373 5375 5381
1342 1 5386 5385 5387 5391
1343 1 5386 5385 5387 5392
1344 1 5386 5385 5387 5393
1345 1 5398 5397 5399 5403
1346 1 5398 5397 5399 5404
1347 1 5398 5397 5399 5405
1348 1 5410 5409 5411 5416
1349 1 5410 5409 5411 5417
1350 1 5410 5409 5411 5418
1351 1 5423 5422 5424 5429
1352 1 5423 5422 5424 5430
1353 1 5423 5422 5424 5431
1354 1 5436 5435 5437 5441
1355 1 5436 5435 5437 5442
1356 1 5436 5435 5437 5443
1357 1 5448 5447 5449 5453
1358 1 5448 5447 5449 5454
1359 1 5448 5447 5449 5455
1360 1 5460 5459 5461 5465
1361 1 5460 5459 5461 5466
1362 1 5460 5459 5461 5467
1363 1 5472 5471 5473 5477
1364 1 5472 5471 5473 5478
1365 1 5472 5471 5473 5479
1366 1 5484 5483 5485 5489
1367 1 5484 5483 5485 5490
1368 1 5484 5483 5485 5491
1369 1 5496 5495 5497 5501
1370 1 5496 5495 5497 5502
1371 1 5496 5495 5497 5503
1372 1 5508 5507 5509 5513
1373 1 5508 5507 5509 5514
1374 1 5508 5507 5509 5515
1375 1 5520 5519 5521 5525
1376 1 5520 5519 5521 5526
1377 1 5520 5519 5521 5527
1378 1 5532 5531 5533 5537
1379 1 5532 5531 5533 5538
1380 1 5532 5531 5533 5539
1381 1 5544 5543 5545 5549
1382 1 5544 5543 5545 5550
1383 1 5544 5543 5545 5551
1384 1 5556 5555 5557 5561
1385 1 5556 5555 5557 5562
1386 1 5556 5555 5557 5563
1387 1 5568 5567 5569 5573
1388 1 5568 5567 5569 5574
1389 1 5568 5567 5569 5575
1390 1 5580 5579 5581 5585
1391 1 5580 5579 5581 5586
1392 1 5580 5579 5581 5587
1393 1 5592 5591 5593 5597
1394 1 5592 5591 5593 5598
1395 1 5592 5591 5593 5599
1396 1 5604 5603 5605 5609
1397 1 5604 5603 5605 5610
1398 1 5604 5603 5605 5611
1399 1 5616 5615 5617 5621
1400 1 5616 5615 5617 5622
1401 1 5616 5615 5617 5623
1402 1 5628 5627 5629 5633
1403 1 5628 5627 5629 5634
1404 1 5628 5627 5629 5635
1405 1 5640 5639 5641 5645
1406 1 5640 5639 5641 5646
1407 1 5640 5639 5641 5647
1408 1 5652 5651 5653 5657
1409 1 5652 5651 5653 5658
1410 1 5652 5651 5653 5659
1411 1 5664 5663 5665 5669
1412 1 5664 5663 5665 5670
1413 1 5664 5663 5665 5671
1414 1 5676 5675 5677 5681
1415 1 5676 5675 5677 5682
1416 1 5676 5675 5677 5683
1417 1 5688 5687 5689 5693
1418 1 5688 5687 5689 5694
1419 1 5688 5687 5689 5695
1420 1 5700 5699 5701 5705
1421 1 5700 5699 5701 5706
1422 1 5700 5699 5701 5707
1423 1 5712 5711 5713 5717
1424 1 5712 5711 5713 5718
1425 1 5712 5711 5713 5719
1426 1 5724 5723 5725 5729
1427 1 5724 5723 5725 5730
1428 1 5724 5723 5725 5731
1429 1 5736 5735 5737 5741
1430 1 5736 5735 5737 5742
1431 1 5736 5735 5737 5743
1432 1 5748 5747 5749 5753
1433 1 5748 5747 5749 5754
1434 1 5748 5747 5749 5755
1435 1 5760 5759 5761 5765
1436 1 5760 5759 5761 5766
1437 1 5760 5759 5761 5767
1438 1 5772 5771 5773 5777
1439 1 5772 5771 5773 5778
1440 1 5772 5771 5773 5779
1441 1 5784 5783 5785 5789
1442 1 5784 5783 5785 5790
1443 1 5784 5783 5785 5791
1444 1 5796 5795 5797 5801
1445 1 5796 5795 5797 5802
1446 1 5796 5795 5797 5803
1447 1 5808 5807 5809 5813
1448 1 5808 5807 5809 5814
1449 1 5808 5807 5809 5815
1450 1 5820 5819 5821 5825
1451 1 5820 5819 5821 5826
1452 1 5820 5819 5821 5827
1453 1 5832 5831 5833 5837
1454 1 5832 5831 5833 5838
1455 1 5832 5831 5833 5839
1456 1 5844 5843 5845 5849
1457 1 5844 5843 5845 5850
1458 1 5844 5843 5845 5851
1459 1 5856 5855 5857 5861
1460 1 5856 5855 5857 5862
1461 1 5856 5855 5857 5863
1462 1 5868 5867 5869 5873
1463 1 5868 5867 5869 5874
1464 1 5868 5867 5869 5875
1465 1 5880 5879 5881 5885
1466 1 5880 5879 5881 5886
1467 1 5880 5879 5881 5887
1468 1 5892 5891 5893 5897
1469 1 5892 5891 5893 5898
1470 1 5892 5891 5893 5899
1471 1 5904 5903 5905 5909
1472 1 5904 5903 5905 5910
1473 1 5904 5903 5905 5911
1474 1 5916 5915 5917 5921
1475 1 5916 5915 5917 5922
1476 1 5916 5915 5917 5923
1477 1 5928 5927 5929 5933
1478 1 5928 5927 5929 5934
1479 1 5928 5927 5929 5935
1480 1 5940 5939 5941 5945
1481 1 5940 5939 5941 5946
1482 1 5940 5939 5941 5947
1483 1 5952 5951 5953 5957
1484 1 5952 5951 5953 5958
1485 1 5952 5951 5953 5959
1486 1 5964 5963 5965 5969
1487 1 5964 5963 5965 5970
1488 1 5964 5963 5965 5971
1489 1 5976 5975 5977 5981
1490 1 5976 5975 5977 5982
1491 1 5976 5975 5977 5983
1492 1 5988 5987 5989 5993
1493 1 5988 5987 5989 5994
1494 1 5988 5987 5989 5995
1495 1 6000 5999 6001 6005
1496 1 6000 5999 6001 6006
1497 1 6000 5999 6001 6007
1498 1 6012 6011 6013 6018
1499 1 6012 6011 6013 6019
1500 1 6012 6011 6013 6020
1501 9 3 4 6 11
1502 9 3 4 6 12
1503 9 3 4 6 13
1504 9 16 17 19 23
1505 9 16 17 19 24
1506 9 16 17 19 25
1507 9 28 29 31 35
1508 9 28 29 31 36
1509 9 28 29 31 37
1510 9 40 41 43 47
1511 9 40 41 43 48
1512 9 40 41 43 49
1513 9 52 53 55 59
1514 9 52 53 55 60
1515 9 52 53 55 61
1516 9 64 65 67 71
1517 9 64 65 67 72
1518 9 64 65 67 73
1519 9 76 77 79 83
1520 9 76 77 79 84
1521 9 76 77 79 85
1522 9 88 89 91 95
1523 9 88 89 91 96
1524 9 88 89 91 97
1525 9 100 101 103 107
1526 9 100 101 103 108
1527 9 100 101 103 109
1528 9 112 113 115 119
1529 9 112 113 115 120
1530 9 112 113 115 121
1531 9 124 125 127 131
1532 9 124 125 127 132
1533 9 124 125 127 133
1534 9 136 137 139 143
1535 9 136 137 139 144
1536 9 136 137 139 145
1537 9 148 149 151 155
1538 9 148 149 151 156
1539 9 148 149 151 157
1540 9 160 161 163 167
1541 9 160 161 163 168
1542 9 160 161 163 169
1543 9 172 173 175 179
1544 9 172 173 175 180
1545 9 172 173 175 181
1546 9 184 185 187 191
1547 9 184 185 187 192
1548 9 184 185 187 193
1549 9 196 197 199 203
1550 9 196 197 199 204
1551 9 196 197 199 205
1552 9 208 209 211 215
1553 9 208 209 211 216
1554 9 208 209 211 217
1555 9 220 221 223 227
1556 9 220 221 223 228
1557 9 220 221 223 229
1558 9 232 233 235 239
1559 9 232 233 235 240
1560 9 232 233 235 241
1561 9 244 245 247 251
1562 9 244 245 247 252
1563 9 244 245 247 253
1564 9 256 257 259 263
1565 9 256 257 259 264
1566 9 256 257 259 265
1567 9 268 269 271 275
1568 9 268 269 271 276
1569 9 268 269 271 277
1570 9 280 281 283 287
1571 9 280 281 283 288
1572 9 280 281 283 289
1573 9 292 293 295 299
1574 9 292 293 295 300
1575 9 292 293 295 301
1576 9 304 305 307 311
1577 9 304 305 307 312
1578 9 304 305 307 313
1579 9 316 317 319 323
1580 9 316 317 319 324
1581 9 316 317 319 325
1582 9 328 329 331 335
1583 9 328 329 331 336
1584 9 328 329 331 337
1585 9 340 341 343 347
1586 9 340 341 343 348
1587 9 340 341 343 349
1588 9 352 353 355 359
1589 9 352 353 355 360
1590 9 352 353 355 361
1591 9 364 365 367 371
1592 9 364 365 367 372
1593 9 364 365 367 373
1594 9 376 377 379 383
1595 9 376 377 379 384
1596 9 376 377 379 385
1597 9 388 389 391 395
1598 9 388 389 391 396
1599 9 388 389 391 397
1600 9 400 401 403 407
1601 9 400 401 403 408
1602 9 400 401 403 409
1603 9 412 413 415 419
1604 9 412 413 415 420
1605 9 412 413 415 421
1606 9 424 425 427 431
1607 9 424 425 427 432
1608 9 424 425 427 433
1609 9 436 437 439 443
1610 9 436 437 439 444
1611 9 436 437 439 445
1612 9 448 449 451 455
1613 9 448 449 451 456
1614 9 448 449 451 457
1615 9 460 461 463 467
1616 9 460 461 463 468
1617 9 460 461 463 469
1618 9 472 473 475 479
1619 9 472 473 475 480
1620 9 472 473 475 481
1621 9 484 485 487 491
1622 9 484 485 487 492
1623 9 484 485 487 493
1624 9 496 497 499 503
1625 9 496 497 499 504
1626 9 496 497 499 505
1627 9 508 509 511 515
1628 9 508 509 511 516
1629 9 508 509 511 517
1630 9 520 521 523 527
1631 9 520 521 523 528
1632 9 520 521 523 529
1633 9 532 533 535 539
1634 9 532 533 535 540
1635 9 532 533 535 541
1636 9 544 545 547 551
1637 9 544 545 547 552
1638 9 544 545 547 553
1639 9 556 557 559 563
1640 9 556 557 559 564
1641 9 556 557 559 565
1642 9 568 569 571 575
1643 9 568 569 571 576
1644 9 568 569 571 577
1645 9 580 581 583 587
1646 9 580 581 583 588
1647 9 580 581 583 589
1648 9 592 593 595 600
1649 9 592 593 595 601
1650 9 592 593 595 602
1651 9 605 606 608 613
1652 9 605 606 608 614
1653 9 605 606 608 615
1654 9 618 619 621 625
1655 9 618 619 621 626
1656 9 618 619 621 627
1657 9 630 631 633 637
1658 9 630 631 633 638
1659 9 630 631 633 639
1660 9 642 643 645 649
1661 9 642 643 645 650
1662 9 642 643 645 651
1663 9 654 655 657 661
1664 9 654 655 657 662
1665 9 654 655 657 663
1666 9 666 667 669 673
1667 9 666 667 669 674
1668 9 666 667 669 675
1669 9 678 679 681 685
1670 9 678 679 681 686
1671 9 678 679 681 687
1672 9 690 691 693 697
1673 9 690 691 693 698
1674 9 690 691 693 699
1675 9 702 703 705 709
1676 9 702 703 705 710
1677 9 702 703 705 711
1678 9 714 715 717 721
1679 9 714 715 717 722
1680 9 714 715 717 723
1681 9 726 727 729 733
1682 9 726 727 729 734
1683 9 726 727 729 735
1684 9 738 739 741 745
1685 9 738 739 741 746
1686 9 738 739 741 747
1687 9 750 751 753 757
1688 9 750 751 753 758
1689 9 750 751 753 759
1690 9 762 763 765 769
1691 9 762 763 765 770
1692 9 762 763 765 771
1693 9 774 775 777 781
1694 9 774 775 777 782
1695 9 774 775 777 783
1696 9 786 787 789 793
1697 9 786 787 789 794
1698 9 786 787 789 795
1699 9 798 799 801 805
1700 9 798 799 801 806
1701 9 798 799 801 807
1702 9 810 811 813 817
1703 9 810 811 813 818
1704 9 810 811 813 819
1705 9 822 823 825 829
1706 9 822 823 825 830
1707 9 822 823 825 831
1708 9 834 835 837 841
1709 9 834 835 837 842
1710 9 834 835 837 843
1711 9 846 847 849 853
1712 9 846 847 849 854
1713 9 846 847 849 855
1714 9 858 859 861 865
1715 9 858 859 861 866
1716 9 858 859 861 867
1717 9 870 871 873 877
1718 9 870 871 873 878
1719 9 870 871 873 879
1720 9 882 883 885 889
1721 9 882 883 885 890
1722 9 882 883 885 891
1723 9 894 895 897 901
1724 9 894 895 897 902
1725 9 894 895 897 903
1726 9 906 907 909 913
1727 9 906 907 909 914
1728 9 906 907 909 915
1729 9 918 919 921 925
1730 9 918 919 921 926
1731 9 918 919 921 927
1732 9 930 931 933 937
1733 9 930 931 933 938
1734 9 930 931 933 939
1735 9 942 943 945 949
1736 9 942 943 945 950
1737 9 942 943 945 951
1738 9 954 955 957 961
1739 9 954 955 957 962
1740 9 954 955 957 963
1741 9 966 967 969 973
1742 9 966 967 969 974
1743 9 966 967 969 975
1744 9 978 979 981 985
1745 9 978 979 981 986
1746 9 978 979 981 987
1747 9 990 991 993 997
1748 9 990 991 993 998
1749 9 990 991 993 999
1750 9 1002 1003 1005 1009
1751 9 1002 1003 1005 1010
1752 9 1002 1003 1005 1011
1753 9 1014 1015 1017 1021
1754 9 1014 1015 1017 1022
1755 9 1014 1015 1017 1023
1756 9 1026 1027 1029 1033
1757 9 1026 1027 1029 1034
1758 9 1026 1027 1029 1035
1759 9 1038 1039 1041 1045
1760 9 1038 1039 1041 1046
1761 9 1038 1039 1041 1047
1762 9 1050 1051 1053 1057
1763 9 1050 1051 1053 1058
1764 9 1050 1051 1053 1059
1765 9 1062 1063 1065 1069
1766 9 1062 1063 1065 1070
1767 9 1062 1063 1065 1071
1768 9 1074 1075 1077 1081
1769 9 1074 1075 1077 1082
1770 9 1074 1075 1077 1083
1771 9 1086 1087 1089 1093
1772 9 1086 1087 1089 1094
1773 9 1086 1087 1089 1095
1774 9 1098 1099 1101 1105
1775 9 1098 1099 1101 1106
1776 9 1098 1099 1101 1107
1777 9 1110 1111 1113 1117
1778 9 1110 1111 1113 1118
1779 9 1110 1111 1113 1119
1780 9 1122 1123 1125 1129
1781 9 1122 1123 1125 1130
1782 9 1122 1123 1125 1131
1783 9 1134 1135 1137 1141
1784 9 1134 1135 1137 1142
1785 9 1134 1135 1137 1143
1786 9 1146 1147 1149 1153
1787 9 1146 1147 1149 1154
1788 9 1146 1147 1149 1155
1789 9 1158 1159 1161 1165
1790 9 1158 1159 1161 1166
1791 9 1158 1159 1161 1167
1792 9 1170 1171 1173 1177
1793 9 1170 1171 1173 1178
1794 9 1170 1171 1173 1179
1795 9 1182 1183 1185 1189
1796 9 1182 1183 1185 1190
1797 9 1182 1183 1185 1191
1798 9 1194 1195 1197 1202
1799 9 1194 1195 1197 1203
1800 9 1194 1195 1197 1204
1801 9 1207 1208 1210 1215
1802 9 1207 1208 1210 1216
1803 9 1207 1208 1210 1217
1804 9 1220 1221 1223 1227
1805 9 1220 1221 1223 1228
1806 9 1220 1221 1223 1229
1807 9 1232 1233 1235 1239
1808 9 1232 1233 1235 1240
1809 9 1232 1233 1235 1241
1810 9 1244 1245 1247 1251
1811 9 1244 1245 1247 1252
1812 9 1244 1245 1247 1253
1813 9 1256 1257 1259 1263
1814 9 1256 1257 1259 1264
1815 9 1256 1257 1259 1265
1816 9 1268 1269 1271 1275
1817 9 1268 1269 1271 1276
1818 9 1268 1269 1271 1277
1819 9 1280 1281 1283 1287
1820 9 1280 1281 1283 1288
1821 9 1280 1281 1283 1289
1822 9 1292 1293 1295 1299
1823 9 1292 1293 1295 1300
1824 9 1292 1293 1295 1301
1825 9 1304 1305 1307 1311
1826 9 1304 1305 1307 1312
1827 9 1304 1305 1307 1313
1828 9 1316 1317 1319 1323
1829 9 1316 1317 1319 1324
1830 9 1316 1317 1319 1325
1831 9 1328 1329 1331 1335
1832 9 1328 1329 1331 1336
1833 9 1328 1329 1331 1337
1834 9 1340 1341 1343 1347
1835 9 1340 1341 1343 1348
1836 9 1340 1341 1343 1349
1837 9 1352 1353 1355 1359
1838 9 1352 1353 1355 1360
1839 9 1352 1353 1355 1361
1840 9 1364 1365 1367 1371
1841 9 1364 1365 1367 1372
1842 9 1364 1365 1367 1373
1843 9 1376 1377 1379 1383
1844 9 1376 1377 1379 1384
1845 9 1376 1377 1379 1385
1846 9 1388 1389 1391 1395
1847 9 1388 1389 1391 1396
1848 9 1388 1389 1391 1397
1849 9 1400 1401 1403 1407
1850 9 1400 1401 1403 1408
1851 9 1400 1401 1403 1409
1852 9 1412 1413 1415 1419
1853 9 1412 1413 1415 1420
1854 9 1412 1413 1415 1421
1855 9 1424 1425 1427 1431
1856 9 1424 1425 1427 1432
1857 9 1424 1425 1427 1433
1858 9 1436 1437 1439 1443
1859 9 1436 1437 1439 1444
1860 9 1436 1437 1439 1445
1861 9 1448 1449 1451 1455
1862 9 1448 1449 1451 1456
1863 9 1448 1449 1451 1457
1864 9 1460 1461 1463 1467
1865 9 1460 1461 1463 1468
1866 9 1460 1461 1463 1469
1867 9 1472 1473 1475 1479
1868 9 1472 1473 1475 1480
1869 9 1472 1473 1475 1481
1870 9 1484 1485 1487 1491
1871 9 1484 1485 1487 1492
1872 9 1484 1485 1487 1493
1873 9 1496 1497 1499 1503
1874 9 1496 1497 1499 1504
1875 9 1496 1497 1499 1505
1876 9 1508 1509 1511 1515
1877 9 1508 1509 1511 1516
1878 9 1508 1509 1511 1517
1879 9 1520 1521 1523 1527
1880 9 1520 1521 1523 1528
1881 9 1520 1521 1523 1529
1882 9 1532 1533 1535 1539
1883 9 1532 1533 1535 1540
1884 9 1532 1533 1535 1541
1885 9 1544 1545 1547 1551
1886 9 1544 1545 1547 1552
1887 9 1544 1545 1547 1553
1888 9 1556 1557 1559 1563
1889 9 1556 1557 1559 1564
1890 9 1556 1557 1559 1565
1891 9 1568 1569 1571 1575
1892 9 1568 1569 1571 1576
1893 9 1568 1569 1571 1577
1894 9 1580 1581 1583 1587
1895 9 1580 1581 1583 1588
1896 9 1580 1581 1583 1589
1897 9 1592 1593 1595 1599
1898 9 1592 1593 1595 1600
1899 9 1592 1593 1595 1601
1900 9 1604 1605 1607 1611
1901 9 1604 1605 1607 1612
1902 9 1604 1605 1607 1613
1903 9 1616 1617 1619 1623
1904 9 1616 1617 1619 1624
1905 9 1616 1617 1619 1625
1906 9 1628 1629 1631 1635
1907 9 1628 1629 1631 1636
1908 9 1628 1629 1631 1637
1909 9 1640 1641 1643 1647
1910 9 1640 1641 1643 1648
1911 9 1640 1641 1643 1649
1912 9 1652 1653 1655 1659
1913 9 1652 1653 1655 1660
1914 9 1652 1653 1655 1661
1915 9 1664 1665 1667 1671
1916 9 1664 1665 1667 1672
1917 9 1664 1665 1667 1673
1918 9 1676 1677 1679 1683
1919 9 1676 1677 1679 1684
1920 9 1676 1677 1679 1685
1921 9 1688 1689 1691 1695
1922 9 1688 1689 1691 1696
1923 9 1688 1689 1691 1697
1924 9 1700 1701 1703 1707
1925 9 1700 1701 1703 1708
1926 9 1700 1701 1703 1709
1927 9 1712 1713 1715 1719
1928 9 1712 1713 1715 1720
1929 9 1712 1713 1715 1721
1930 9 1724 1725 1727 1731
1931 9 1724 1725 1727 1732
1932 9 1724 1725 1727 1733
1933 9 1736 1737 1739 1743
1934 9 1736 1737 1739 1744
1935 9 1736 1737 1739 1745
1936 9 1748 1749 1751 1755
1937 9 1748 1749 1751 1756
1938 9 1748 1749 1751 1757
1939 9 1760 1761 1763 1767
1940 9 1760 1761 1763 1768
1941 9 1760 1761 1763 1769
1942 9 1772 1773 1775 1779
1943 9 1772 1773 1775 1780
1944 9 1772 1773 1775 1781
1945 9 1784 1785 1787 1791
1946 9 1784 1785 1787 1792
1947 9 1784 1785 1787 1793
1948 9 1796 1797 1799 1804
1949 9 1796 1797 1799 1805
1950 9 1796 1797 1799 1806
1951 9 1809 1810 1812 1817
1952 9 1809 1810 1812 1818
1953 9 1809 1810 1812 1819
1954 9 1822 1823 1825 1829
1955 9 1822 1823 1825 1830
1956 9 1822 1823 1825 1831
1957 9 1834 1835 1837 1841
1958 9 1834 1835 1837 1842
1959 9 1834 1835 1837 1843
1960 9 1846 1847 1849 1853
1961 9 1846 1847 1849 1854
1962 9 1846 1847 1849 1855
1963 9 1858 1859 1861 1865
1964 9 1858 1859 1861 1866
1965 9 1858 1859 1861 1867
1966 9 1870 1871 1873 1877
1967 9 1870 1871 1873 1878
1968 9 1870 1871 1873 1879
1969 9 1882 1883 1885 1889
1970 9 1882 1883 1885 1890
1971 9 1882 1883 1885 1891
1972 9 1894 1895 1897 1901
1973 9 1894 1895 1897 1902
1974 9 1894 1895 1897 1903
1975 9 1906 1907 1909 1913
1976 9 1906 1907 1909 1914
1977 9 1906 1907 1909 1915
1978 9 1918 1919 1921 1925
1979 9 1918 1919 1921 1926
1980 9 1918 1919 1921 1927
1981 9 1930 1931 1933 1937
1982 9 1930 1931 1933 1938
1983 9 1930 1931 1933 1939
1984 9 1942 1943 1945 1949
1985 9 1942 1943 1945 1950
1986 9 1942 1943 1945 1951
1987 9 1954 1955 1957 1961
1988 9 1954 1955 1957 1962
1989 9 1954 1955 1957 1963
1990 9 1966 1967 1969 1973
1991 9 1966 1967 1969 1974
1992 9 1966 1967 1969 1975
1993 9 1978 1979 1981 1985
1994 9 1978 1979 1981 1986
1995 9 1978 1979 1981 1987
1996 9 1990 1991 1993 1997
1997 9 1990 1991 1993 1998
1998 9 1990 1991 1993 1999
1999 9 2002 2003 2005 2009
2000 9 2002 2003 2005 2010
2001 9 2002 2003 2005 2011
2002 9 2014 2015 2017 2021
2003 9 2014 2015 2017 2022
2004 9 2014 2015 2017 2023
2005 9 2026 2027 2029 2033
2006 9 2026 2027 2029 2034
2007 9 2026 2027 2029 2035
2008 9 2038 2039 2041 2045
2009 9 2038 2039 2041 2046
2010 9 2038 2039 2041 2047
2011 9 2050 2051 2053 2057
2012 9 2050 2051 2053 2058
2013 9 2050 2051 2053 2059
2014 9 2062 2063 2065 2069
2015 9 2062 2063 2065 2070
2016 9 2062 2063 2065 2071
2017 9 2074 2075 2077 2081
2018 9 2074 2075 2077 2082
2019 9 2074 2075 2077 2083
2020 9 2086 2087 2089 2093
2021 9 2086 2087 2089 2094
2022 9 2086 2087 2089 2095
2023 9 2098 2099 2101 2105
2024 9 2098 2099 2101 2106
2025 9 2098 2099 2101 2107
2026 9 2110 2111 2113 2117
2027 9 2110 2111 2113 2118
2028 9 2110 2111 2113 2119
2029 9 2122 2123 2125 2129
2030 9 2122 2123 2125 2130
2031 9 2122 2123 2125 2131
2032 9 2134 2135 2137 2141
2033 9 2134 2135 2137 2142
2034 9 2134 2135 2137 2143
2035 9 2146 2147 2149 2153
2036 9 2146 2147 2149 2154
2037 9 2146 2147 2149 2155
2038 9 2158 2159 2161 2165
2039 9 2158 2159 2161 2166
2040 9 2158 2159 2161 2167
2041 9 2170 2171 2173 2177
2042 9 2170 2171 2173 2178
2043 9 2170 2171 2173 2179
2044 9 2182 2183 2185 2189
2045 9 2182 2183 2185 2190
2046 9 2182 2183 2185 2191
2047 9 2194 2195 2197 2201
2048 9 2194 2195 2197 2202
2049 9 2194 2195 2197 2203
2050 9 2206 2207 2209 2213
2051 9 2206 2207 2209 2214
2052 9 2206 2207 2209 2215
2053 9 2218 2219 2221 2225
2054 9 2218 2219 2221 2226
2055 9 2218 2219 2221 2227
2056 9 2230 2231 2233 2237
2057 9 2230 2231 2233 2238
2058 9 2230 2231 2233 2239
2059 9 2242 2243 2245 2249
2060 9 2242 2243 2245 2250
2061 9 2242 2243 2245 2251
2062 9 2254 2255 2257 2261
2063 9 2254 2255 2257 2262
2064 9 2254 2255 2257 2263
2065 9 2266 2267 2269 2273
2066 9 2266 2267 2269 2274
2067 9 2266 2267 2269 2275
2068 9 2278 2279 2281 2285
2069 9 2278 2279 2281 2286
2070 9 2278 2279 2281 2287
2071 9 2290 2291 2293 2297
2072 9 2290 2291 2293 2298
2073 9 2290 2291 2293 2299
2074 9 2302 2303 2305 2309
2075 9 2302 2303 2305 2310
2076 9 2302 2303 2305 2311
2077 9 2314 2315 2317 2321
2078 9 2314 2315 2317 2322
2079 9 2314 2315 2317 2323
2080 9 2326 2327 2329 2333
2081 9 2326 2327 2329 2334
2082 9 2326 2327 2329 2335
2083 9 2338 2339 2341 2345
2084 9 2338 2339 2341 2346
2085 9 2338 2339 2341 2347
2086 9 2350 2351 2353 2357
2087 9 2350 2351 2353 2358
2088 9 2350 2351 2353 2359
2089 9 2362 2363 2365 2369
2090 9 2362 2363 2365 2370
2091 9 2362 2363 2365 2371
2092 9 2374 2375 2377 2381
2093 9 2374 2375 2377 2382
2094 9 2374 2375 2377 2383
2095 9 2386 2387 2389 2393
2096 9 2386 2387 2389 2394
2097 9 2386 2387 2389 2395
2098 9 2398 2399 2401 2406
2099 9 2398 2399 2401 2407
2100 9 2398 2399 2401 2408
2101 9 2411 2412 2414 2419
2102 9 2411 2412 2414 2420
2103 9 2411 2412 2414 2421
2104 9 2424 2425 2427 2431
2105 9 2424 2425 2427 2432
2106 9 2424 2425 2427 2433
2107 9 2436 2437 2439 2443
2108 9 2436 2437 2439 2444
2109 9 2436 2437 2439 2445
2110 9 2448 2449 2451 2455
2111 9 2448 2449 2451 2456
2112 9 2448 2449 2451 2457
2113 9 2460 2461 2463 2467
2114 9 2460 2461 2463 2468
2115 9 2460 2461 2463 2469
2116 9 2472 2473 2475 2479
2117 9 2472 2473 2475 2480
2118 9 2472 2473 2475 2481
2119 9 2484 2485 2487 2491
2120 9 2484 2485 2487 2492
2121 9 2484 2485 2487 2493
2122 9 2496 2497 2499 2503
2123 9 2496 2497 2499 2504
2124 9 2496 2497 2499 2505
2125 9 2508 2509 2511 2515
2126 9 2508 2509 2511 2516
2127 9 2508 2509 2511 2517
2128 9 2520 2521 2523 2527
2129 9 2520 2521 2523 2528
2130 9 2520 2521 2523 2529
2131 9 2532 2533 2535 2539
2132 9 2532 2533 2535 2540
2133 9 2532 2533 2535 2541
2134 9 2544 2545 2547 2551
2135 9 2544 2545 2547 2552
2136 9 2544 2545 2547 2553
2137 9 2556 2557 2559 2563
2138 9 2556 2557 2559 2564
2139 9 2556 2557 2559 2565
2140 9 2568 2569 2571 2575
2141 9 2568 2569 2571 2576
2142 9 2568 2569 2571 2577
2143 9 2580 2581 2583 2587
2144 9 2580 2581 2583 2588
2145 9 2580 2581 2583 2589
2146 9 2592 2593 2595 2599
2147 9 2592 2593 2595 2600
2148 9 2592 2593 2595 2601
2149 9 2604 2605 2607 2611
2150 9 2604 2605 2607 2612
2151 9 2604 2605 2607 2613
2152 9 2616 2617 2619 2623
2153 9 2616 2617 2619 2624
2154 9 2616 2617 2619 2625
2155 9 2628 2629 2631 2635
2156 9 2628 2629 2631 2636
2157 9 2628 2629 2631 2637
2158 9 2640 2641 2643 2647
2159 9 2640 2641 2643 2648
2160 9 2640 2641 2643 2649
2161 9 2652 2653 2655 2659
2162 9 2652 2653 2655 2660
2163 9 2652 2653 2655 2661
2164 9 2664 2665 2667 2671
2165 9 2664 2665 2667 2672
2166 9 2664 2665 2667 2673
2167 9 2676 2677 2679 2683
2168 9 2676 2677 2679 2684
2169 9 2676 2677 2679 2685
2170 9 2688 2689 2691 2695
2171 9 2688 2689 2691 2696
2172 9 2688 2689 2691 2697
2173 9 2700 2701 2703 2707
2174 9 2700 2701 2703 2708
2175 9 2700 2701 2703 2709
2176 9 2712 2713 2715 2719
2177 9 2712 2713 2715 2720
2178 9 2712 2713 2715 2721
2179 9 2724 2725 2727 2731
2180 9 2724 2725 2727 2732
2181 9 2724 2725 2727 2733
2182 9 2736 2737 2739 2743
2183 9 2736 2737 2739 2744
2184 9 2736 2737 2739 2745
2185 9 2748 2749 2751 2755
2186 9 2748 2749 2751 2756
2187 9 2748 2749 2751 2757
2188 9 2760 2761 2763 2767
2189 9 2760 2761 2763 2768
2190 9 2760 2761 2763 2769
2191 9 2772 2773 2775 2779
2192 9 2772 2773 2775 2780
2193 9 2772 2773 2775 2781
2194 9 2784 2785 2787 2791
2195 9 2784 2785 2787 2792
2196 9 2784 2785 2787 2793
2197 9 2796 2797 2799 2803
2198 9 2796 2797 2799 2804
2199 9 2796 2797 2799 2805
2200 9 2808 2809 2811 2815
2201 9 2808 2809 2811 2816
2202 9 2808 2809 2811 2817
2203 9 2820 2821 2823 2827
2204 9 2820 2821 2823 2828
2205 9 2820 2821 2823 2829
2206 9 2832 2833 2835 2839
2207 9 2832 2833 2835 2840
2208 9 2832 2833 2835 2841
2209 9 2844 2845 2847 2851
2210 9 2844 2845 2847 2852
2211 9 2844 2845 2847 2853
2212 9 2856 2857 2859 2863
2213 9 2856 2857 2859 2864
2214 9 2856 2857 2859 2865
2215 9 2868 2869 2871 2875
2216 9 2868 2869 2871 2876
2217 9 2868 2869 2871 2877
2218 9 2880 2881 2883 2887
2219 9 2880 2881 2883 2888
2220 9 2880 2881 2883 2889
2221 9 2892 2893 2895 2899
2222 9 2892 2893 2895 2900
2223 9 2892 2893 2895 2901
2224 9 2904 2905 2907 2911
2225 9 2904 2905 2907 2912
2226 9 2904 2905 2907 2913
2227 9 2916 2917 2919 2923
2228 9 2916 2917 2919 2924
2229 9 2916 2917 2919 2925
2230 9 2928 2929 2931 2935
2231 9 2928 2929 2931 2936
2232 9 2928 2929 2931 2937
2233 9 2940 2941 2943 2947
2234 9 2940 2941 2943 2948
2235 9 2940 2941 2943 2949
2236 9 2952 2953 2955 2959
2237 9 2952 2953 2955 2960
2238 9 2952 2953 2955 2961
2239 9 2964 2965 2967 2971
2240 9 2964 2965 2967 2972
2241 9 2964 2965 2967 2973
2242 9 2976 2977 2979 2983
2243 9 2976 2977 2979 2984
2244 9 2976 2977 2979 2985
2245 9 2988 2989 2991 2995
2246 9 2988 2989 2991 2996
2247 9 2988 2989 2991 2997
2248 9 3000 3001 3003 3008
2249 9 3000 3001 3003 3009
2250 9 3000 3001 3003 3010
2251 9 3013 3014 3016 3021
2252 9 3013 3014 3016 3022
2253 9 3013 3014 3016 3023
2254 9 3026 3027 3029 3033
2255 9 3026 3027 3029 3034
2256 9 3026 3027 3029 3035
2257 9 3038 3039 3041 3045
2258 9 3038 3039 3041 3046
2259 9 3038 3039 3041 3047
2260 9 3050 3051 3053 3057
2261 9 3050 3051 3053 3058
2262 9 3050 3051 3053 3059
2263 9 3062 3063 3065 3069
2264 9 3062 3063 3065 3070
2265 9 3062 3063 3065 3071
2266 9 3074 3075 3077 3081
2267 9 3074 3075 3077 3082
2268 9 3074 3075 3077 3083
2269 9 3086 3087 3089 3093
2270 9 3086 3087 3089 3094
2271 9 3086 3087 3089 3095
2272 9 3098 3099 3101 3105
2273 9 3098 3099 3101 3106
2274 9 3098 3099 3101 3107
2275 9 3110 3111 3113 3117
2276 9 3110 3111 3113 3118
2277 9 3110 3111 3113 3119
2278 9 3122 3123 3125 3129
2279 9 3122 3123 3125 3130
2280 9 3122 3123 3125 3131
2281 9 3134 3135 3137 3141
2282 9 3134 3135 3137 3142
2283 9 3134 3135 3137 3143
2284 9 3146 3147 3149 3153
2285 9 3146 3147 3149 3154
2286 9 3146 3147 3149 3155
2287 9 3158 3159 3161 3165
2288 9 3158 3159 3161 3166
2289 9 3158 3159 3161 3167
2290 9 3170 3171 3173 3177
2291 9 3170 3171 3173 3178
2292 9 3170 3171 3173 3179
2293 9 3182 3183 3185 3189
2294 9 3182 3183 3185 3190
2295 9 3182 3183 3185 3191
2296 9 3194 3195 3197 3201
2297 9 3194 3195 3197 3202
2298 9 3194 3195 3197 3203
2299 9 3206 3207 3209 3213
2300 9 3206 3207 3209 3214
2301 9 3206 3207 3209 3215
2302 9 3218 3219 3221 3225
2303 9 3218 3219 3221 3226
2304 9 3218 3219 3221 3227
2305 9 3230 3231 3233 3237
2306 9 3230 3231 3233 3238
2307 9 3230 3231 3233 3239
2308 9 3242 3243 3245 3249
2309 9 3242 3243 3245 3250
2310 9 3242 3243 3245 3251
2311 9 3254 3255 3257 3261
2312 9 3254 3255 3257 3262
2313 9 3254 3255 3257 3263
2314 9 3266 3267 3269 3273
2315 9 3266 3267 3269 3274
2316 9 3266 3267 3269 3275
2317 9 3278 3279 3281 3285
2318 9 3278 3279 3281 3286
2319 9 3278 3279 3281 3287
2320 9 3290 3291 3293 3297
2321 9 3290 3291 3293 3298
2322 9 3290 3291 3293 3299
2323 9 3302 3303 3305 3309
2324 9 3302 3303 3305 3310
2325 9 3302 3303 3305 3311
2326 9 3314 3315 3317 3321
2327 9 3314 3315 3317 3322
2328 9 3314 3315 3317 3323
2329 9 3326 3327 3329 3333
2330 9 3326 3327 3329 3334
2331 9 3326 3327 3329 3335
2332 9 3338 3339 3341 3345
2333 9 3338 3339 3341 3346
2334 9 3338 3339 3341 3347
2335 9 3350 3351 3353 3357
2336 9 3350 3351 3353 3358
2337 9 3350 3351 3353 3359
2338 9 3362 3363 3365 3369
2339 9 3362 3363 3365 3370
2340 9 3362 3363 3365 3371
2341 9 3374 3375 3377 3381
2342 9 3374 3375 3377 3382
2343 9 3374 3375 3377 3383
2344 9 3386 3387 3389 3393
2345 9 3386 3387 3389 3394
2346 9 3386 3387 3389 3395
2347 9 3398 3399 3401 3405
2348 9 3398 3399 3401 3406
2349 9 3398 3399 3401 3407
2350 9 3410 3411 3413 3417
2351 9 3410 3411 3413 3418
2352 9 3410 3411 3413 3419
2353 9 3422 3423 3425 3429
2354 9 3422 3423 3425 3430
2355 9 3422 3423 3425 3431
2356 9 3434 3435 3437 3441
2357 9 3434 3435 3437 3442
2358 9 3434 3435 3437 3443
2359 9 3446 3447 3449 3453
2360 9 3446 3447 3449 3454
2361 9 3446 3447 3449 3455
2362 9 3458 3459 3461 3465
2363 9 3458 3459 3461 3466
2364 9 3458 3459 3461 3467
2365 9 3470 3471 3473 3477
2366 9 3470 3471 3473 3478
2367 9 3470 3471 3473 3479
2368 9 3482 3483 3485 3489
2369 9 3482 3483 3485 3490
2370 9 3482 3483 3485 3491
2371 9 3494 3495 3497 3501
2372 9 3494 3495 3497 3502
2373 9 3494 3495 3497 3503
2374 9 3506 3507 3509 3513
2375 9 3506 3507 3509 3514
2376 9 3506 3507 3509 3515
2377 9 3518 3519 3521 3525
2378 9 3518 3519 3521 3526
2379 9 3518 3519 3521 3527
2380 9 3530 3531 3533 3537
2381 9 3530 3531 3533 3538
2382 9 3530 3531 3533 3539
2383 9 3542 3543 3545 3549
2384 9 3542 3543 3545 3550
2385 9 3542 3543 3545 3551
2386 9 3554 3555 3557 3561
2387 9 3554 3555 3557 3562
2388 9 3554 3555 3557 3563
2389 9 3566 3567 3569 3573
2390 9 3566 3567 3569 3574
2391 9 3566 3567 3569 3575
2392 9 3578 3579 3581 3585
2393 9 3578 3579 3581 3586
2394 9 3578 3579 3581 3587
2395 9 3590 3591 3593 3597
2396 9 3590 3591 3593 3598
2397 9 3590 3591 3593 3599
2398 9 3602 3603 3605 3610
2399 9 3602 3603 3605 3611
2400 9 3602 3603 3605 3612
2401 9 3615 3616 3618 3623
2402 9 3615 3616 3618 3624
2403 9 3615 3616 3618 3625
2404 9 3628 3629 3631 3635
2405 9 3628 3629 3631 3636
2406 9 3628 3629 3631 3637
2407 9 3640 3641 3643 3647
2408 9 3640 3641 3643 3648
2409 9 3640 3641 3643 3649
2410 9 3652 3653 3655 3659
2411 9 3652 3653 3655 3660
2412 9 3652 3653 3655 3661
2413 9 3664 3665 3667 3671
2414 9 3664 3665 3667 3672
2415 9 3664 3665 3667 3673
2416 9 3676 3677 3679 3683
2417 9 3676 3677 3679 3684
2418 9 3676 3677 3679 3685
2419 9 3688 3689 3691 3695
2420 9 3688 3689 3691 3696
2421 9 3688 3689 3691 3697
2422 9 3700 3701 3703 3707
2423 9 3700 3701 3703 3708
2424 9 3700 3701 3703 3709
2425 9 3712 3713 3715 3719
2426 9 3712 3713 3715 3720
2427 9 3712 3713 3715 3721
2428 9 3724 3725 3727 3731
2429 9 3724 3725 3727 3732
2430 9 3724 3725 3727 3733
2431 9 3736 3737 3739 3743
2432 9 3736 3737 3739 3744
2433 9 3736 3737 3739 3745
2434 9 3748 3749 3751 3755
2435 9 3748 3749 3751 3756
2436 9 3748 3749 3751 3757
2437 9 3760 3761 3763 3767
2438 9 3760 3761 3763 3768
2439 9 3760 3761 3763 3769
2440 9 3772 3773 3775 3779
2441 9 3772 3773 3775 3780
2442 9 3772 3773 3775 3781
2443 9 3784 3785 3787 3791
2444 9 3784 3785 3787 3792
2445 9 3784 3785 3787 3793
2446 9 3796 3797 3799 3803
2447 9 3796 3797 3799 3804
2448 9 3796 3797 3799 3805
2449 9 3808 3809 3811 3815
2450 9 3808 3809 3811 3816
2451 9 3808 3809 3811 3817
2452 9 3820 3821 3823 3827
2453 9 3820 3821 3823 3828
2454 9 3820 3821 3823 3829
2455 9 3832 3833 3835 3839
2456 9 3832 3833 3835 3840
2457 9 3832 3833 3835 3841
2458 9 3844 3845 3847 3851
2459 9 3844 3845 3847 3852
2460 9 3844 3845 3847 3853
2461 9 3856 3857 3859 3863
2462 9 3856 3857 3859 3864
2463 9 3856 3857 3859 3865
2464 9 3868 3869 3871 3875
2465 9 3868 3869 3871 3876
2466 9 3868 3869 3871 3877
2467 9 3880 3881 3883 3887
2468 9 3880 3881 3883 3888
2469 9 3880 3881 3883 3889
2470 9 3892 3893 3895 3899
2471 9 3892 3893 3895 3900
2472 9 3892 3893 3895 3901
2473 9 3904 3905 3907 3911
2474 9 3904 3905 3907 3912
2475 9 3904 3905 3907 3913
2476 9 3916 3917 3919 3923
2477 9 3916 3917 3919 3924
2478 9 3916 3917 3919 3925
2479 9 3928 3929 3931 3935
2480 9 3928 3929 3931 3936
2481 9 3928 3929 3931 3937
2482 9 3940 3941 3943 3947
2483 9 3940 3941 3943 3948
2484 9 3940 3941 3943 3949
2485 9 3952 3953 3955 3959
2486 9 3952 3953 3955 3960
2487 9 3952 3953 3955 3961
2488 9 3964 3965 3967 3971
2489 9 3964 3965 3967 3972
2490 9 3964 3965 3967 3973
2491 9 3976 3977 3979 3983
2492 9 3976 3977 3979 3984
2493 9 3976 3977 3979 3985
2494 9 3988 3989 3991 3995
2495 9 3988 3989 3991 3996
2496 9 3988 3989 3991 3997
2497 9 4000 4001 4003 4007
2498 9 4000 4001 4003 4008
2499 9 4000 4001 4003 4009
2500 9 4012 4013 4015 4019
2501 9 4012 4013 4015 4020
2502 9 4012 4013 4015 4021
2503 9 4024 4025 4027 4031
2504 9 4024 4025 4027 4032
2505 9 4024 4025 4027 4033
2506 9 4036 4037 4039 4043
2507 9 4036 4037 4039 4044
2508 9 4036 4037 4039 4045
2509 9 4048 4049 4051 4055
2510 9 4048 4049 4051 4056
2511 9 4048 4049 4051 4057
2512 9 4060 4061 4063 4067
2513 9 4060 4061 4063 4068
2514 9 4060 4061 4063 4069
2515 9 4072 4073 4075 4079
2516 9 4072 4073 4075 4080
2517 9 4072 4073 4075 4081
2518 9 4084 4085 4087 4091
2519 9 4084 4085 4087 4092
2520 9 4084 4085 4087 4093
2521 9 4096 4097 4099 4103
2522 9 4096 4097 4099 4104
2523 9 4096 4097 4099 4105
2524 9 4108 4109 4111 4115
2525 9 4108 4109 4111 4116
2526 9 4108 4109 4111 4117
2527 9 4120 4121 4123 4127
2528 9 4120 4121 4123 4128
2529 9 4120 4121 4123 4129
2530 9 4132 4133 4135 4139
2531 9 4132 4133 4135 4140
2532 9 4132 4133 4135 4141
2533 9 4144 4145 4147 4151
2534 9 4144 4145 4147 4152
2535 9 4144 4145 4147 4153
2536 9 4156 4157 4159 4163
2537 9 4156 4157 4159 4164
2538 9 4156 4157 4159 4165
2539 9 4168 4169 4171 4175
2540 9 4168 4169 4171 4176
2541 9 4168 4169 4171 4177
2542 9 4180 4181 4183 4187
2543 9 4180 4181 4183 4188
2544 9 4180 4181 4183 4189
2545 9 4192 4193 4195 4199
2546 9 4192 4193 4195 4200
2547 9 4192 4193 4195 4201
2548 9 4204 4205 4207 4212
2549 9 4204 4205 4207 4213
2550 9 4204 4205 4207 4214
2551 9 4217 4218 4220 4225
2552 9 4217 4218 4220 4226
2553 9 4217 4218 4220 4227
2554 9 4230 4231 4233 4237
2555 9 4230 4231 4233 4238
2556 9 4230 4231 4233 4239
2557 9 4242 4243 4245 4249
2558 9 4242 4243 4245 4250
2559 9 4242 4243 4245 4251
2560 9 4254 4255 4257 4261
2561 9 4254 4255 4257 4262
2562 9 4254 4255 4257 4263
2563 9 4266 4267 4269 4273
2564 9 4266 4267 4269 4274
2565 9 4266 4267 4269 4275
2566 9 4278 4279 4281 4285
2567 9 4278 4279 4281 4286
2568 9 4278 4279 4281 4287
2569 9 4290 4291 4293 4297
2570 9 4290 4291 4293 4298
2571 9 4290 4291 4293 4299
2572 9 4302 4303 4305 4309
2573 9 4302 4303 4305 4310
2574 9 4302 4303 4305 4311
2575 9 4314 4315 4317 4321
2576 9 4314 4315 4317 4322
2577 9 4314 4315 4317 4323
2578 9 4326 4327 4329 4333
2579 9 4326 4327 4329 4334
2580 9 4326 4327 4329 4335
2581 9 4338 4339 4341 4345
2582 9 4338 4339 4341 4346
2583 9 4338 4339 4341 4347
2584 9 4350 4351 4353 4357
2585 9 4350 4351 4353 4358
2586 9 4350 4351 4353 4359
2587 9 4362 4363 4365 4369
2588 9 4362 4363 4365 4370
2589 9 4362 4363 4365 4371
2590 9 4374 4375 4377 4381
2591 9 4374 4375 4377 4382
2592 9 4374 4375 4377 4383
2593 9 4386 4387 4389 4393
2594 9 4386 4387 4389 4394
2595 9 4386 4387 4389 4395
2596 9 4398 4399 4401 4405
2597 9 4398 4399 4401 4406
2598 9 4398 4399 4401 4407
2599 9 4410 4411 4413 4417
2600 9 4410 4411 4413 4418
2601 9 4410 4411 4413 4419
2602 9 4422 4423 4425 4429
2603 9 4422 4423 4425 4430
2604 9 4422 4423 4425 4431
2605 9 4434 4435 4437 4441
2606 9 4434 4435 4437 4442
2607 9 4434 4435 4437 4443
2608 9 4446 4447 4449 4453
2609 9 4446 4447 4449 4454
2610 9 4446 4447 4449 4455
2611 9 4458 4459 4461 4465
2612 9 4458 4459 4461 4466
2613 9 4458 4459 4461 4467
2614 9 4470 4471 4473 4477
2615 9 4470 4471 4473 4478
2616 9 4470 4471 4473 4479
2617 9 4482 4483 4485 4489
2618 9 4482 4483 4485 4490
2619 9 4482 4483 4485 4491
2620 9 4494 4495 4497 4501
2621 9 4494 4495 4497 4502
2622 9 4494 4495 4497 4503
2623 9 4506 4507 4509 4513
2624 9 4506 4507 4509 4514
2625 9 4506 4507 4509 4515
2626 9 4518 4519 4521 4525
2627 9 4518 4519 4521 4526
2628 9 4518 4519 4521 4527
2629 9 4530 4531 4533 4537
2630 9 4530 4531 4533 4538
2631 9 4530 4531 4533 4539
2632 9 4542 4543 4545 4549
2633 9 4542 4543 4545 4550
2634 9 4542 4543 4545 4551
2635 9 4554 4555 4557 4561
2636 9 4554 4555 4557 4562
2637 9 4554 4555 4557 4563
2638 9 4566 4567 4569 4573
2639 9 4566 4567 4569 4574
2640 9 4566 4567 4569 4575
2641 9 4578 4579 4581 4585
2642 9 4578 4579 4581 4586
2643 9 4578 4579 4581 4587
2644 9 4590 4591 4593 4597
2645 9 4590 4591 4593 4598
2646 9 4590 4591 4593 4599
2647 9 4602 4603 4605 4609
2648 9 4602 4603 4605 4610
2649 9 4602 4603 4605 4611
2650 9 4614 4615 4617 4621
2651 9 4614 4615 4617 4622
2652 9 4614 4615 4617 4623
2653 9 4626 4627 4629 4633
2654 9 4626 4627 4629 4634
2655 9 4626 4627 4629 4635
2656 9 4638 4639 4641 4645
2657 9 4638 4639 4641 4646
2658 9 4638 4639 4641 4647
2659 9 4650 4651 4653 4657
2660 9 4650 4651 4653 4658
2661 9 4650 4651 4653 4659
2662 9 4662 4663 4665 4669
2663 9 4662 4663 4665 4670
2664 9 4662 4663 4665 4671
2665 9 4674 4675 4677 4681
2666 9 4674 4675 4677 4682
2667 9 4674 4675 4677 4683
2668 9 4686 4687 4689 4693
2669 9 4686 4687 4689 4694
2670 9 4686 4687 4689 4695
2671 9 4698 4699 4701 4705
2672 9 4698 4699 4701 4706
2673 9 4698 4699 4701 4707
2674 9 4710 4711 4713 4717
2675 9 4710 4711 4713 4718
2676 9 4710 4711 4713 4719
2677 9 4722 4723 4725 4729
2678 9 4722 4723 4725 4730
2679 9 4722 4723 4725 4731
2680 9 4734 4735 4737 4741
2681 9 4734 4735 4737 4742
2682 9 4734 4735 4737 4743
2683 9 4746 4747 4749 4753
2684 9 4746 4747 4749 4754
2685 9 4746 4747 4749 4755
2686 9 4758 4759 4761 4765
2687 9 4758 4759 4761 4766
2688 9 4758 4759 4761 4767
2689 9 4770 4771 4773 4777
2690 9 4770 4771 4773 4778
2691 9 4770 4771 4773 4779
2692 9 4782 4783 4785 4789
2693 9 4782 4783 4785 4790
2694 9 4782 4783 4785 4791
2695 9 4794 4795 4797 4801
2696 9 4794 4795 4797 4802
2697 9 4794 4795 4797 4803
2698 9 4806 4807 4809 4814
2699 9 4806 4807 4809 4815
2700 9 4806 4807 4809 4816
2701 9 4819 4820 4822 4827
2702 9 4819 4820 4822 4828
2703 9 4819 4820 4822 4829
2704 9 4832 4833 4835 4839
2705 9 4832 4833 4835 4840
2706 9 4832 4833 4835 4841
2707 9 4844 4845 4847 4851
2708 9 4844 4845 4847 4852
2709 9 4844 4845 4847 4853
2710 9 4856 4857 4859 4863
2711 9 4856 4857 4859 4864
2712 9 4856 4857 4859 4865
2713 9 4868 4869 4871 4875
2714 9 4868 4869 4871 4876
2715 9 4868 4869 4871 4877
2716 9 4880 4881 4883 4887
2717 9 4880 4881 4883 4888
2718 9 4880 4881 4883 4889
2719 9 4892 4893 4895 4899
2720 9 4892 4893 4895 4900
2721 9 4892 4893 4895 4901
2722 9 4904 4905 4907 4911
2723 9 4904 4905 4907 4912
2724 9 4904 4905 4907 4913
2725 9 4916 4917 4919 4923
2726 9 4916 4917 4919 4924
2727 9 4916 4917 4919 4925
2728 9 4928 4929 4931 4935
2729 9 4928 4929 4931 4936
2730 9 4928 4929 4931 4937
2731 9 4940 4941 4943 4947
2732 9 4940 4941 4943 4948
2733 9 4940 4941 4943 4949
2734 9 4952 4953 4955 4959
2735 9 4952 4953 4955 4960
2736 9 4952 4953 4955 4961
2737 9 4964 4965 4967 4971
2738 9 4964 4965 4967 4972
2739 9 4964 4965 4967 4973
2740 9 4976 4977 4979 4983
2741 9 4976 4977 4979 4984
2742 9 4976 4977 4979 4985
2743 9 4988 4989 4991 4995
2744 9 4988 4989 4991 4996
2745 9 4988 4989 4991 4997
2746 9 5000 5001 5003 5007
2747 9 5000 5001 5003 5008
2748 9 5000 5001 5003 5009
2749 9 5012 5013 5015 5019
2750 9 5012 5013 5015 5020
2751 9 5012 5013 5015 5021
2752 9 5024 5025 5027 5031
2753 9 5024 5025 5027 5032
2754 9 5024 5025 5027 5033
2755 9 5036 5037 5039 5043
2756 9 5036 5037 5039 5044
2757 9 5036 5037 5039 5045
2758 9 5048 5049 5051 5055
2759 9 5048 5049 5051 5056
2760 9 5048 5049 5051 5057
2761 9 5060 5061 5063 5067
2762 9 5060 5061 5063 5068
2763 9 5060 5061 5063 5069
2764 9 5072 5073 5075 5079
2765 9 5072 5073 5075 5080
2766 9 5072 5073 5075 5081
2767 9 5084 5085 5087 5091
2768 9 5084 5085 5087 5092
2769 9 5084 5085 5087 5093
2770 9 5096 5097 5099 5103
2771 9 5096 5097 5099 5104
2772 9 5096 5097 5099 5105
2773 9 5108 5109 5111 5115
2774 9 5108 5109 5111 5116
2775 9 5108 5109 5111 5117
2776 9 5120 5121 5123 5127
2777 9 5120 5121 5123 5128
2778 9 5120 5121 5123 5129
2779 9 5132 5133 5135 5139
2780 9 5132 5133 5135 5140
2781 9 5132 5133 5135 5141
2782 9 5144 5145 5147 5151
2783 9 5144 5145 5147 5152
2784 9 5144 5145 5147 5153
2785 9 5156 5157 5159 5163
2786 9 5156 5157 5159 5164
2787 9 5156 5157 5159 5165
2788 9 5168 5169 5171 5175
2789 9 5168 5169 5171 5176
2790 9 5168 5169 5171 5177
2791 9 5180 5181 5183 5187
2792 9 5180 5181 5183 5188
2793 9 5180 5181 5183 5189
2794 9 5192 5193 5195 5199
2795 9 5192 5193 5195 5200
2796 9 5192 5193 5195 5201
2797 9 5204 5205 5207 5211
2798 9 5204 5205 5207 5212
2799 9 5204 5205 5207 5213
2800 9 5216 5217 5219 5223
2801 9 5216 5217 5219 5224
2802 9 5216 5217 5219 5225
2803 9 5228 5229 5231 5235
2804 9 5228 5229 5231 5236
2805 9 5228 5229 5231 5237
2806 9 5240 5241 5243 5247
2807 9 5240 5241 5243 5248
2808 9 5240 5241 5243 5249
2809 9 5252 5253 5255 5259
2810 9 5252 5253 5255 5260
2811 9 5252 5253 5255 5261
2812 9 5264 5265 5267 5271
2813 9 5264 5265 5267 5272
2814 9 5264 5265 5267 5273
2815 9 5276 5277 5279 5283
2816 9 5276 5277 5279 5284
2817 9 5276 5277 5279 5285
2818 9 5288 5289 5291 5295
2819 9 5288 5289 5291 5296
2820 9 5288 5289 5291 5297
2821 9 5300 5301 5303 5307
2822 9 5300 5301 5303 5308
2823 9 5300 5301 5303 5309
2824 9 5312 5313 5315 5319
2825 9 5312 5313 5315 5320
2826 9 5312 5313 5315 5321
2827 9 5324 5325 5327 5331
2828 9 5324 5325 5327 5332
2829 9 5324 5325 5327 5333
2830 9 5336 5337 5339 5343
2831 9 5336 5337 5339 5344
2832 9 5336 5337 5339 5345
2833 9 5348 5349 5351 5355
2834 9 5348 5349 5351 5356
2835 9 5348 5349 5351 5357
2836 9 5360 5361 5363 5367
2837 9 5360 5361 5363 5368
2838 9 5360 5361 5363 5369
2839 9 5372 5373 5375 5379
2840 9 5372 5373 5375 5380
2841 9 5372 5373 5375 5381
2842 9 5384 5385 5387 5391
2843 9 5384 5385 5387 5392
2844 9 5384 5385 5387 5393
2845 9 5396 5397 5399 5403
2846 9 5396 5397 5399 5404
2847 9 5396 5397 5399 5405
2848 9 5408 5409 5411 5416
2849 9 5408 5409 5411 5417
2850 9 5408 5409 5411 5418
2851 9 5421 5422 5424 5429
2852 9 5421 5422 5424 5430
2853 9 5421 5422 5424 5431
2854 9 5434 5435 5437 5441
2855 9 5434 5435 5437 5442
2856 9 5434 5435 5437 5443
2857 9 5446 5447 5449 5453
2858 9 5446 5447 5449 5454
2859 9 5446 5447 5449 5455
2860 9 5458 5459 5461 5465
2861 9 5458 5459 5461 5466
2862 9 5458 5459 5461 5467
2863 9 5470 5471 5473 5477
2864 9 5470 5471 5473 5478
2865 9 5470 5471 5473 5479
2866 9 5482 5483 5485 5489
2867 9 5482 5483 5485 5490
2868 9 5482 5483 5485 5491
2869 9 5494 5495 5497 5501
2870 9 5494 5495 5497 5502
2871 9 5494 5495 5497 5503
2872 9 5506 5507 5509 5513
2873 9 5506 5507 5509 5514
2874 9 5506 5507 5509 5515
2875 9 5518 5519 5521 5525
2876 9 5518 5519 5521 5526
2877 9 5518 5519 5521 5527
2878 9 5530 5531 5533 5537
2879 9 5530 5531 5533 5538
2880 9 5530 5531 5533 5539
2881 9 5542 5543 5545 5549
2882 9 5542 5543 5545 5550
2883 9 5542 5543 5545 5551
2884 9 5554 5555 5557 5561
2885 9 5554 5555 5557 5562
2886 9 5554 5555 5557 5563
2887 9 5566 5567 5569 5573
2888 9 5566 5567 5569 5574
2889 9 5566 5567 5569 5575
2890 9 5578 5579 5581 5585
2891 9 5578 5579 5581 5586
2892 9 5578 5579 5581 5587
2893 9 5590 5591 5593 5597
2894 9 5590 5591 5593 5598
2895 9 5590 5591 5593 5599
2896 9 5602 5603 5605 5609
2897 9 5602 5603 5605 5610
2898 9 5602 5603 5605 5611
2899 9 5614 5615 5617 5621
2900 9 5614 5615 5617 5622
2901 9 5614 5615 5617 5623
2902 9 5626 5627 5629 5633
2903 9 5626 5627 5629 5634
2904 9 5626 5627 5629 5635
2905 9 5638 5639 5641 5645
2906 9 5638 5639 5641 5646
2907 9 5638 5639 5641 5647
2908 9 5650 5651 5653 5657
2909 9 5650 5651 5653 5658
2910 9 5650 5651 5653 5659
2911 9 5662 5663 5665 5669
2912 9 5662 5663 5665 5670
2913 9 5662 5663 5665 5671
2914 9 5674 5675 5677 5681
2915 9 5674 5675 5677 5682
2916 9 5674 5675 5677 5683
2917 9 5686 5687 5689 5693
2918 9 5686 5687 5689 5694
2919 9 5686 5687 5689 5695
2920 9 5698 5699 5701 5705
2921 9 5698 5699 5701 5706
2922 9 5698 5699 5701 5707
2923 9 5710 5711 5713 5717
2924 9 5710 5711 5713 5718
2925 9 5710 5711 5713 5719
2926 9 5722 5723 5725 5729
2927 9 5722 5723 5725 5730
2928 9 5722 5723 5725 5731
2929 9 5734 5735 5737 5741
2930 9 5734 5735 5737 5742
2931 9 5734 5735 5737 5743
2932 9 5746 5747 5749 5753
2933 9 5746 5747 5749 5754
2934 9 5746 5747 5749 5755
2935 9 5758 5759 5761 5765
2936 9 5758 5759 5761 5766
2937 9 5758 5759 5761 5767
2938 9 5770 5771 5773 5777
2939 9 5770 5771 5773 5778
2940 9 5770 5771 5773 5779
2941 9 5782 5783 5785 5789
2942 9 5782 5783 5785 5790
2943 9 5782 5783 5785 5791
2944 9 5794 5795 5797 5801
2945 9 5794 5795 5797 5802
2946 9 5794 5795 5797 5803
2947 9 5806 5807 5809 5813
2948 9 5806 5807 5809 5814
2949 9 5806 5807 5809 5815
2950 9 5818 5819 5821 5825
2951 9 5818 5819 5821 5826
2952 9 5818 5819 5821 5827
2953 9 5830 5831 5833 5837
2954 9 5830 5831 5833 5838
2955 9 5830 5831 5833 5839
2956 9 5842 5843 5845 5849
2957 9 5842 5843 5845 5850
2958 9 5842 5843 5845 5851
2959 9 5854 5855 5857 5861
2960 9 5854 5855 5857 5862
2961 9 5854 5855 5857 5863
2962 9 5866 5867 5869 5873
2963 9 5866 5867 5869 5874
2964 9 5866 5867 5869 5875
2965 9 5878 5879 5881 5885
2966 9 5878 5879 5881 5886
2967 9 5878 5879 5881 5887
2968 9 5890 5891 5893 5897
2969 9 5890 5891 5893 5898
2970 9 5890 5891 5893 5899
2971 9 5902 5903 5905 5909
2972 9 5902 5903 5905 5910
2973 9 5902 5903 5905 5911
2974 9 5914 5915 5917 5921
2975 9 5914 5915 5917 5922
2976 9 5914 5915 5917 5923
2977 9 5926 5927 5929 5933
2978 9 5926 5927 5929 5934
2979 9 5926 5927 5929 5935
2980 9 5938 5939 5941 5945
2981 9 5938 5939 5941 5946
2982 9 5938 5939 5941 5947
2983 9 5950 5951 5953 5957
2984 9 5950 5951 5953 5958
2985 9 5950 5951 5953 5959
2986 9 5962 5963 5965 5969
2987 9 5962 5963 5965 5970
2988 9 5962 5963 5965 5971
2989 9 5974 5975 5977 5981
2990 9 5974 5975 5977 5982
2991 9 5974 5975 5977 5983
2992 9 5986 5987 5989 5993
2993 9 5986 5987 5989 5994
2994 9 5986 5987 5989 5995
2995 9 5998 5999 6001 6005
2996 9 5998 5999 6001 6006
2997 9 5998 5999 6001 6007
2998 9 6010 6011 6013 6018
2999 9 6010 6011 6013 6019
3000 9 6010 6011 6013 6020
3001 19 591 592 593 594
3002 19 1193 1194 1195 1196
3003 19 1795 1796 1797 1798
3004 19 2397 2398 2399 2400
3005 19 2999 3000 3001 3002
3006 19 3601 3602 3603 3604
3007 19 4203 4204 4205 4206
3008 19 4805 4806 4807 4808
3009 19 5407 5408 5409 5410
3010 19 6009 6010 6011 6012
3011 20 2 3 4 5
3012 20 15 16 17 18
3013 20 27 28 29 30
3014 20 39 40 41 42
3015 20 51 52 53 54
3016 20 63 64 65 66
3017 20 75 76 77 78
3018 20 87 88 89 90
3019 20 99 100 101 102
3020 20 111 112 113 114
3021 20 123 124 125 126
3022 20 135 136 137 138
3023 20 147 148 149 150
3024 20 159 160 161 162
3025 20 171 172 173 174
3026 20 183 184 185 186
3027 20 195 196 197 198
3028 20 207 208 209 210
3029 20 219 220 221 222
3030 20 231 232 233 234
3031 20 243 244 245 246
3032 20 255 256 257 258
3033 20 267 268 269 270
3034 20 279 280 281 282
3035 20 291 292 293 294
3036 20 303 304 305 306
3037 20 315 316 317 318
3038 20 327 328 329 330
3039 20 339 340 341 342
3040 20 351 352 353 354
3041 20 363 364 365 366
3042 20 375 376 377 378
3043 20 387 388 389 390
3044 20 399 400 401 402
3045 20 411 412 413 414
3046 20 423 424 425 426
3047 20 435 436 437 438
3048 20 447 448 449 450
3049 20 459 460 461 462
3050 20 471 472 473 474
3051 20 483 484 485 486
3052 20 495 496 497 498
3053 20 507 508 509 510
3054 20 519 520 521 522
3055 20 531 532 533 534
3056 20 543 544 545 546
3057 20 555 556 557 558
3058 20 567 568 569 570
3059 20 579 580 581 582
3060 20 604 605 606 607
3061 20 617 618 619 620
3062 20 629 630 631 632
3063 20 641 642 643 644
3064 20 653 654 655 656
3065 20 665 666 667 668
3066 20 677 678 679 680
3067 20 689 690 691 692
3068 20 701 702 703 704
3069 20 713 714 715 716
3070 20 725 726 727 728
3071 20 737 738 739 740
3072 20 749 750 751 752
3073 20 761 762 763 764
3074 20 773 774 775 776
3075 20 785 786 787 788
3076 20 797 798 799 800
3077 20 809 810 811 812
3078 20 821 822 823 824
3079 20 833 834 835 836
3080 20 845 846 847 848
3081 20 857 858 859 860
3082 20 869 870 871 872
3083 20 881 882 883 884
3084 20 893 894 895 896
3085 20 905 906 907 908
3086 20 917 918 919 920
3087 20 929 930 931 932
3088 20 941 942 943 944
3089 20 953 954 955 956
3090 20 965 966 967 968
3091 20 977 978 979 980
3092 20 989 990 991 992
3093 20 1001 1002 1003 1004
3094 20 1013 1014 1015 1016
3095 20 1025 1026 1027 1028
3096 20 1037 1038 1039 1040
3097 20 1049 1050 1051 1052
3098 20 1061 1062 1063 1064
3099 20 1073 1074 1075 1076
3100 20 1085 1086 1087 1088
3101 20 1097 1098 1099 1100
3102 20 1109 1110 1111 1112
3103 20 1121 1122 1123 1124
3104 20 1133 1134 1135 1136
3105 20 1145 1146 1147 1148
3106 20 1157 1158 1159 1160
3107 20 1169 1170 1171 1172
3108 20 1181 1182 1183 1184
3109 20 1206 1207 1208 1209
3110 20 1219 1220 1221 1222
3111 20 1231 1232 1233 1234
3112 20 1243 1244 1245 1246
3113 20 1255 1256 1257 1258
3114 20 1267 1268 1269 1270
3115 20 1279 1280 1281 1282
3116 20 1291 1292 1293 1294
3117 20 1303 1304 1305 1306
3118 20 1315 1316 1317 1318
3119 20 1327 1328 1329 1330
3120 20 1339 1340 1341 1342
3121 20 1351 1352 1353 1354
3122 20 1363 1364 1365 1366
3123 20 1375 1376 1377 1378
3124 20 1387 1388 1389 1390
3125 20 1399 1400 1401 1402
3126 20 1411 1412 1413 1414
3127 20 1423 1424 1425 1426
3128 20 1435 1436 1437 1438
3129 20 1447 1448 1449 1450
3130 20 1459 1460 1461 1462
3131 20 1471 1472 1473 1474
3132 20 1483 1484 1485 1486
3133 20 1495 1496 1497 1498
3134 20 1507 1508 1509 1510
3135 20 1519 1520 1521 1522
3136 20 1531 1532 1533 1534
3137 20 1543 1544 1545 1546
3138 20 1555 1556 1557 1558
3139 20 1567 1568 1569 1570
3140 20 1579 1580 1581 1582
3141 20 1591 1592 1593 1594
3142 20 1603 1604 1605 1606
3143 20 1615 1616 1617 1618
3144 20 1627 1628 1629 1630
3145 20 1639 1640 1641 1642
3146 20 1651 1652 1653 1654
3147 20 1663 1664 1665 1666
3148 20 1675 1676 1677 1678
3149 20 1687 1688 1689 1690
3150 20 1699 1700 1701 1702
3151 20 1711 1712 1713 1714
3152 20 1723 1724 1725 1726
3153 20 1735 1736 1737 1738
3154 20 1747 1748 1749 1750
3155 20 1759 1760 1761 1762
3156 20 1771 1772 1773 1774
3157 20 1783 1784 1785 1786
3158 20 1808 1809 1810 1811
3159 20 1821 1822 1823 1824
3160 20 1833 1834 1835 1836
3161 20 1845 1846 1847 1848
3162 20 1857 1858 1859 1860
3163 20 1869 1870 1871 1872
3164 20 1881 1882 1883 1884
3165 20 1893 1894 1895 1896
3166 20 1905 1906 1907 1908
3167 20 1917 1918 1919 1920
3168 20 1929 1930 1931 1932
3169 20 1941 1942 1943 1944
3170 20 1953 1954 1955 1956
3171 20 1965 1966 1967 1968
3172 20 1977 1978 1979 1980
3173 20 1989 1990 1991 1992
3174 20 2001 2002 2003 2004
3175 20 2013 2014 2015 2016
3176 20 2025 2026 2027 2028
3177 20 2037 2038 2039 2040
3178 20 2049 2050 2051 2052
3179 20 2061 2062 2063 2064
3180 20 2073 2074 2075 2076
3181 20 2085 2086 2087 2088
3182 20 2097 2098 2099 2100
3183 20 2109 2110 2111 2112
3184 20 2121 2122 2123 2124
3185 20 2133 2134 2135 2136
3186 20 2145 2146 2147 2148
3187 20 2157 2158 2159 2160
3188 20 2169 2170 2171 2172
3189 20 2181 2182 2183 2184
3190 20 2193 2194 2195 2196
3191 20 2205 2206 2207 2208
3192 20 2217 2218 2219 2220
3193 20 2229 2230 2231 2232
3194 20 2241 2242 2243 2244
3195 20 2253 2254 2255 2256
3196 20 2265 2266 2267 2268
3197 20 2277 2278 2279 2280
3198 20 2289 2290 2291 2292
3199 20 2301 2302 2303 2304
3200 20 2313 2314 2315 2316
3201 20 2325 2326 2327 2328
3202 20 2337 2338 2339 2340
3203 20 2349 2350 2351 2352
3204 20 2361 2362 2363 2364
3205 20 2373 2374 2375 2376
3206 20 2385 2386 2387 2388
3207 20 2410 2411 2412 2413
3208 20 2423 2424 2425 2426
3209 20 2435 2436 2437 2438
3210 20 2447 2448 2449 2450
3211 20 2459 2460 2461 2462
3212 20 2471 2472 2473 2474
3213 20 2483 2484 2485 2486
3214 20 2495 2496 2497 2498
3215 20 2507 2508 2509 2510
3216 20 2519 2520 2521 2522
3217 20 2531 2532 2533 2534
3218 20 2543 2544 2545 2546
3219 20 2555 2556 2557 2558
3220 20 2567 2568 2569 2570
3221 20 2579 2580 2581 2582
3222 20 2591 2592 2593 2594
3223 20 2603 2604 2605 2606
3224 20 2615 2616 2617 2618
3225 20 2627 2628 2629 2630
3226 20 2639 2640 2641 2642
3227 20 2651 2652 2653 2654
3228 20 2663 2664 2665 2666
3229 20 2675 2676 2677 2678
3230 20 2687 2688 2689 2690
3231 20 2699 2700 2701 2702
3232 20 2711 2712 2713 2714
3233 20 2723 2724 2725 2726
3234 20 2735 2736 2737 2738
3235 20 2747 2748 2749 2750
3236 20 2759 2760 2761 2762
3237 20 2771 2772 2773 2774
3238 20 2783 2784 2785 2786
3239 20 2795 2796 2797 2798
3240 20 2807 2808 2809 2810
3241 20 2819 2820 2821 2822
3242 20 2831 2832 2833 2834
3243 20 2843 2844 2845 2846
3244 20 2855 2856 2857 2858
3245 20 2867 2868 2869 2870
3246 20 2879 2880 2881 2882
3247 20 2891 2892 2893 2894
3248 20 2903 2904 2905 2906
3249 20 2915 2916 2917 2918
3250 20 2927 2928 2929 2930
3251 20 2939 2940 2941 2942
3252 20 2951 2952 2953 2954
3253 20 2963 2964 2965 2966
3254 20 2975 2976 2977 2978
3255 20 2987 2988 2989 2990
3256 20 3012 3013 3014 3015
3257 20 3025 3026 3027 3028
3258 20 3037 3038 3039 3040
3259 20 3049 3050 3051 3052
3260 20 3061 3062 3063 3064
3261 20 3073 3074 3075 3076
3262 20 3085 3086 3087 3088
3263 20 3097 3098 3099 3100
3264 20 3109 3110 3111 3112
3265 20 3121 3122 3123 3124
3266 20 3133 3134 3135 3136
3267 20 3145 3146 3147 3148
3268 20 3157 3158 3159 3160
3269 20 3169 3170 3171 3172
3270 20 3181 3182 3183 3184
3271 20 3193 3194 3195 3196
3272 20 3205 3206 3207 3208
3273 20 3217 3218 3219 3220
3274 20 3229 3230 3231 3232
3275 20 3241 3242 3243 3244
3276 20 3253 3254 3255 3256
3277 20 3265 3266 3267 3268
3278 20 3277 3278 3279 3280
3279 20 3289 3290 3291 3292
3280 20 3301 3302 3303 3304
3281 20 3313 3314 3315 3316
3282 20 3325 3326 3327 3328
3283 20 3337 3338 3339 3340
3284 20 3349 3350 3351 3352
3285 20 3361 3362 3363 3364
3286 20 3373 3374 3375 3376
3287 20 3385 3386 3387 3388
3288 20 3397 3398 3399 3400
3289 20 3409 3410 3411 3412
3290 20 3421 3422 3423 3424
3291 20 3433 3434 3435 3436
3292 20 3445 3446 3447 3448
3293 20 3457 3458 3459 3460
3294 20 3469 3470 3471 3472
3295 20 3481 3482 3483 3484
3296 20 3493 3494 3495 3496
3297 20 3505 3506 3507 3508
3298 20 3517 3518 3519 3520
3299 20 3529 3530 3531 3532
3300 20 3541 3542 3543 3544
3301 20 3553 3554 3555 3556
3302 20 3565 3566 3567 3568
3303 20 3577 3578 3579 3580
3304 20 3589 3590 3591 3592
3305 20 3614 3615 3616 3617
3306 20 3627 3628 3629 3630
3307 20 3639 3640 3641 3642
3308 20 3651 3652 3653 3654
3309 20 3663 3664 3665 3666
3310 20 3675 3676 3677 3678
3311 20 3687 3688 3689 3690
3312 20 3699 3700 3701 3702
3313 20 3711 3712 3713 3714
3314 20 3723 3724 3725 3726
3315 20 3735 3736 3737 3738
3316 20 3747 3748 3749 3750
3317 20 3759 3760 3761 3762
3318 20 3771 3772 3773 3774
3319 20 3783 3784 3785 3786
3320 20 3795 3796 3797 3798
3321 20 3807 3808 3809 3810
3322 20 3819 3820 3821 3822
3323 20 3831 3832 3833 3834
3324 20 3843 3844 3845 3846
3325 20 3855 3856 3857 3858
3326 20 3867 3868 3869 3870
3327 20 3879 3880 3881 3882
3328 20 3891 3892 3893 3894
3329 20 3903 3904 3905 3906
3330 20 3915 3916 3917 3918
3331 20 3927 3928 3929 3930
3332 20 3939 3940 3941 3942
3333 20 3951 3952 3953 3954
3334 20 3963 3964 3965 3966
3335 20 3975 3976 3977 3978
3336 20 3987 3988 3989 3990
3337 20 3999 4000 4001 4002
3338 20 4011 4012 4013 4014
3339 20 4023 4024 4025 4026
3340 20 4035 4036 4037 4038
3341 20 4047 4048 4049 4050
3342 20 4059 4060 4061 4062
3343 20 4071 4072 4073 4074
3344 20 4083 4084 4085 4086
3345 20 4095 4096 4097 4098
3346 20 4107 4108 4109 4110
3347 20 4119 4120 4121 4122
3348 20 4131 4132 4133 4134
3349 20 4143 4144 4145 4146
3350 20 4155 4156 4157 4158
3351 20 4167 4168 4169 4170
3352 20 4179 4180 4181 4182
3353 20 4191 4192 4193 4194
3354 20 4216 4217 4218 4219
3355 20 4229 4230 4231 4232
3356 20 4241 4242 4243 4244
3357 20 4253 4254 4255 4256
3358 20 4265 4266 4267 4268
3359 20 4277 4278 4279 4280
3360 20 4289 4290 4291 4292
3361 20 4301 4302 4303 4304
3362 20 4313 4314 4315 4316
3363 20 4325 4326 4327 4328
3364 20 4337 4338 4339 4340
3365 20 4349 4350 4351 4352
3366 20 4361 4362 4363 4364
3367 20 4373 4374 4375 4376
3368 20 4385 4386 4387 4388
3369 20 4397 4398 4399 4400
3370 20 4409 4410 4411 4412
3371 20 4421 4422 4423 4424
3372 20 4433 4434 4435 4436
3373 20 4445 4446 4447 4448
3374 20 4457 4458 4459 4460
3375 20 4469 4470 4471 4472
3376 20 4481 4482 4483 4484
3377 20 4493 4494 4495 4496
3378 20 4505 4506 4507 4508
3379 20 4517 4518 4519 4520
3380 20 4529 4530 4531 4532
3381 20 4541 4542 4543 4544
3382 20 4553 4554 4555 4556
3383 20 4565 4566 4567 4568
3384 20 4577 4578 4579 4580
3385 20 4589 4590 4591 4592
3386 20 4601 4602 4603 4604
3387 20 4613 4614 4615 4616
3388 20 4625 4626 4627 4628
3389 20 4637 4638 4639 4640
3390 20 4649 4650 4651 4652
3391 20 4661 4662 4663 4664
3392 20 4673 4674 4675 4676
3393 20 4685 4686 4687 4688
3394 20 4697 4698 4699 4700
3395 20 4709 4710 4711 4712
3396 20 4721 4722 4723 4724
3397 20 4733 4734 4735 4736
3398 20 4745 4746 4747 4748
3399 20 4757 4758 4759 4760
3400 20 4769 4770 4771 4772
3401 20 4781 4782 4783 4784
3402 20 4793 4794 4795 4796
3403 20 4818 4819 4820 4821
3404 20 4831 4832 4833 4834
3405 20 4843 4844 4845 4846
3406 20 4855 4856 4857 4858
3407 20 4867 4868 4869 4870
3408 20 4879 4880 4881 4882
3409 20 4891 4892 4893 4894
3410 20 4903 4904 4905 4906
3411 20 4915 4916 4917 4918
3412 20 4927 4928 4929 4930
3413 20 4939 4940 4941 4942
3414 20 4951 4952 4953 4954
3415 20 4963 4964 4965 4966
3416 20 4975 4976 4977 4978
3417 20 4987 4988 4989 4990
3418 20 4999 5000 5001 5002
3419 20 5011 5012 5013 5014
3420 20 5023 5024 5025 5026
3421 20 5035 5036 5037 5038
3422 20 5047 5048 5049 5050
3423 20 5059 5060 5061 5062
3424 20 5071 5072 5073 5074
3425 20 5083 5084 5085 5086
3426 20 5095 5096 5097 5098
3427 20 5107 5108 5109 5110
3428 20 5119 5120 5121 5122
3429 20 5131 5132 5133 5134
3430 20 5143 5144 5145 5146
3431 20 5155 5156 5157 5158
3432 20 5167 5168 5169 5170
3433 20 5179 5180 5181 5182
3434 20 5191 5192 5193 5194
3435 20 5203 5204 5205 5206
3436 20 5215 5216 5217 5218
3437 20 5227 5228 5229 5230
3438 20 5239 5240 5241 5242
3439 20 5251 5252 5253 5254
3440 20 5263 5264 5265 5266
3441 20 5275 5276 5277 5278
3442 20 5287 5288 5289 5290
3443 20 5299 5300 5301 5302
3444 20 5311 5312 5313 5314
3445 20 5323 5324 5325 5326
3446 20 5335 5336 5337 5338
3447 20 5347 5348 5349 5350
3448 20 5359 5360 5361 5362
3449 20 5371 5372 5373 5374
3450 20 5383 5384 5385 5386
3451 20 5395 5396 5397 5398
3452 20 5420 5421 5422 5423
3453 20 5433 5434 5435 5436
3454 20 5445 5446 5447 5448
3455 20 5457 5458 5459 5460
3456 20 5469 5470 5471 5472
3457 20 5481 5482 5483 5484
3458 20 5493 5494 5495 5496
3459 20 5505 5506 5507 5508
3460 20 5517 5518 5519 5520
3461 20 5529 5530 5531 5532
3462 20 5541 5542 5543 5544
3463 20 5553 5554 5555 5556
3464 20 5565 5566 5567 5568
3465 20 5577 5578 5579 5580
3466 20 5589 5590 5591 5592
3467 20 5601 5602 5603 5604
3468 20 5613 5614 5615 5616
3469 20 5625 5626 5627 5628
3470 20 5637 5638 5639 5640
3471 20 5649 5650 5651 5652
3472 20 5661 5662 5663 5664
3473 20 5673 5674 5675 5676
3474 20 5685 5686 5687 5688
3475 20 5697 5698 5699 5700
3476 20 5709 5710 5711 5712
3477 20 5721 5722 5723 5724
3478 20 5733 5734 5735 5736
3479 20 5745 5746 5747 5748
3480 20 5757 5758 5759 5760
3481 20 5769 5770 5771 5772
3482 20 5781 5782 5783 5784
3483 20 5793 5794 5795 5796
3484 20 5805 5806 5807 5808
3485 20 5817 5818 5819 5820
3486 20 5829 5830 5831 5832
3487 20 5841 5842 5843 5844
3488 20 5853 5854 5855 5856
3489 20 5865 5866 5867 5868
3490 20 5877 5878 5879 5880
3491 20 5889 5890 5891 5892
3492 20 5901 5902 5903 5904
3493 20 5913 5914 5915 5916
3494 20 5925 5926 5927 5928
3495 20 5937 5938 5939 5940
3496 20 5949 5950 5951 5952
3497 20 5961 5962 5963 5964
3498 20 5973 5974 5975 5976
3499 20 5985 5986 5987 5988
3500 20 5997 5998 5999 6000
3501 23 591 592 593 595
3502 23 1193 1194 1195 1197
3503 23 1795 1796 1797 1799
3504 23 2397 2398 2399 2401
3505 23 2999 3000 3001 3003
3506 23 3601 3602 3603 3605
3507 23 4203 4204 4205 4207
3508 23 4805 4806 4807 4809
3509 23 5407 5408 5409 5411
3510 23 6009 6010 6011 6013
3511 24 2 3 4 6
3512 24 15 16 17 19
3513 24 27 28 29 31
3514 24 39 40 41 43
3515 24 51 52 53 55
3516 24 63 64 65 67
3517 24 75 76 77 79
3518 24 87 88 89 91
3519 24 99 100 101 103
3520 24 111 112 113 115
3521 24 123 124 125 127
3522 24 135 136 137 139
3523 24 147 148 149 151
3524 24 159 160 161 163
3525 24 171 172 173 175
3526 24 183 184 185 187
3527 24 195 196 197 199
3528 24 207 208 209 211
3529 24 219 220 221 223
3530 24 231 232 233 235
3531 24 243 244 245 247
3532 24 255 256 257 259
3533 24 267 268 269 271
3534 24 279 280 281 283
3535 24 291 292 293 295
3536 24 303 304 305 307
3537 24 315 316 317 319
3538 24 327 328 329 331
3539 24 339 340 341 343
3540 24 351 352 353 355
3541 24 363 364 365 367
3542 24 375 376 377 379
3543 24 387 388 389 391
3544 24 399 400 401 403
3545 24 411 412 413 415
3546 24 423 424 425 427
3547 24 435 436 437 439
3548 24 447 448 449 451
3549 24 459 460 461 463
3550 24 471 472 473 475
3551 24 483 484 485 487
3552 24 495 496 497 499
3553 24 507 508 509 511
3554 24 519 520 521 523
3555 24 531 532 533 535
3556 24 543 544 545 547
3557 24 555 556 557 559
3558 24 567 568 569 571
3559 24 579 580 581 583
3560 24 604 605 606 608
3561 24 617 618 619 621
3562 24 629 630 631 633
3563 24 641 642 643 645
3564 24 653 654 655 657
3565 24 665 666 667 669
3566 24 677 678 679 681
3567 24 689 690 691 693
3568 24 701 702 703 705
3569 24 713 714 715 717
3570 24 725 726 727 729
3571 24 737 738 739 741
3572 24 749 750 751 753
3573 24 761 762 763 765
3574 24 773 774 775 777
3575 24 785 786 787 789
3576 24 797 798 799 801
3577 24 809 810 811 813
3578 24 821 822 823 825
3579 24 833 834 835 837
3580 24 845 846 847 849
3581 24 857 858 859 861
3582 24 869 870 871 873
3583 24 881 882 883 885
3584 24 893 894 895 897
3585 24 905 906 907 909
3586 24 917 918 919 921
3587 24 929 930 931 933
3588 24 941 942 943 945
3589 24 953 954 955 957
3590 24 965 966 967 969
3591 24 977 978 979 981
3592 24 989 990 991 993
3593 24 1001 1002 1003 1005
3594 24 1013 1014 1015 1017
3595 24 1025 1026 1027 1029
3596 24 1037 1038 1039 1041
3597 24 1049 1050 1051 1053
3598 24 1061 1062 1063 1065
3599 24 1073 1074 1075 1077
3600 24 1085 1086 1087 1089
3601 24 1097 1098 1099 1101
3602 24 1109 1110 1111 1113
3603 24 1121 1122 1123 1125
3604 24 1133 1134 1135 1137
3605 24 1145 1146 1147 1149
3606 24 1157 1158 1159 1161
3607 24 1169 1170 1171 1173
3608 24 1181 1182 1183 1185
3609 24 1206 1207 1208 1210
3610 24 1219 1220 1221 1223
3611 24 1231 1232 1233 1235
3612 24 1243 1244 1245 1247
3613 24 1255 1256 1257 1259
3614 24 1267 1268 1269 1271
3615 24 1279 1280 1281 1283
3616 24 1291 1292 1293 1295
3617 24 1303 1304 1305 1307
3618 24 1315 1316 1317 1319
3619 24 1327 1328 1329 1331
3620 24 1339 1340 1341 1343
3621 24 1351 1352 1353 1355
3622 24 1363 1364 1365 1367
3623 24 1375 1376 1377 1379
3624 24 1387 1388 1389 1391
3625 24 1399 1400 1401 1403
3626 24 1411 1412 1413 1415
3627 24 1423 1424 1425 1427
3628 24 1435 1436 1437 1439
3629 24 1447 1448 1449 1451
3630 24 1459 1460 1461 1463
3631 24 1471 1472 1473 1475
3632 24 1483 1484 1485 1487
3633 24 1495 1496 1497 1499
3634 24 1507 1508 1509 1511
3635 24 1519 1520 1521 1523
3636 24 1531 1532 1533 1535
3637 24 1543 1544 1545 1547
3638 24 1555 1556 1557 1559
3639 24 1567 1568 1569 1571
3640 24 1579 1580 1581 1583
3641 24 1591 1592 1593 1595
3642 24 1603 1604 1605 1607
3643 24 1615 1616 1617 1619
3644 24 1627 1628 1629 1631
3645 24 1639 1640 1641 1643
3646 24 1651 1652 1653 1655
3647 24 1663 1664 1665 1667
3648 24 1675 1676 1677 1679
3649 24 1687 1688 1689 1691
3650 24 1699 1700 1701 1703
3651 24 1711 1712 1713 1715
3652 24 1723 1724 1725 1727
3653 24 1735 1736 1737 1739
3654 24 1747 1748 1749 1751
3655 24 1759 1760 1761 1763
3656 24 1771 1772 1773 1775
3657 24 1783 1784 1785 1787
3658 24 1808 1809 1810 1812
3659 24 1821 1822 1823 1825
3660 24 1833 1834 1835 1837
3661 24 1845 1846 1847 1849
3662 24 1857 1858 1859 1861
3663 24 1869 1870 1871 1873
3664 24 1881 1882 1883 1885
3665 24 1893 1894 1895 1897
3666 24 1905 1906 1907 1909
3667 24 1917 1918 1919 1921
3668 24 1929 1930 1931 1933
3669 24 1941 1942 1943 1945
3670 24 1953 1954 1955 1957
3671 24 1965 1966 1967 1969
3672 24 1977 1978 1979 1981
3673 24 1989 1990 1991 1993
3674 24 2001 2002 2003 2005
3675 24 2013 2014 2015 2017
3676 24 2025 2026 2027 2029
3677 24 2037 2038 2039 2041
3678 24 2049 2050 2051 2053
3679 24 2061 2062 2063 2065
3680 24 2073 2074 2075 2077
3681 24 2085 2086 2087 2089
3682 24 2097 2098 2099 2101
3683 24 2109 2110 2111 2113
3684 24 2121 2122 2123 2125
3685 24 2133 2134 2135 2137
3686 24 2145 2146 2147 2149
3687 24 2157 2158 2159 2161
3688 24 2169 2170 2171 2173
3689 24 2181 2182 2183 2185
3690 24 2193 2194 2195 2197
3691 24 2205 2206 2207 2209
3692 24 2217 2218 2219 2221
3693 24 2229 2230 2231 2233
3694 24 2241 2242 2243 2245
3695 24 2253 2254 2255 2257
3696 24 2265 2266 2267 2269
3697 24 2277 2278 2279 2281
3698 24 2289 2290 2291 2293
3699 24 2301 2302 2303 2305
3700 24 2313 2314 2315 2317
3701 24 2325 2326 2327 2329
3702 24 2337 2338 2339 2341
3703 24 2349 2350 2351 2353
3704 24 2361 2362 2363 2365
3705 24 2373 2374 2375 2377
3706 24 2385 2386 2387 2389
3707 24 2410 2411 2412 2414
3708 24 2423 2424 2425 2427
3709 24 2435 2436 2437 2439
3710 24 2447 2448 2449 2451
3711 24 2459 2460 2461 2463
3712 24 2471 2472 2473 2475
3713 24 2483 2484 2485 2487
3714 24 2495 2496 2497 2499
3715 24 2507 2508 2509 2511
3716 24 2519 2520 2521 2523
3717 24 2531 2532 2533 2535
3718 24 2543 2544 2545 2547
3719 24 2555 2556 2557 2559
3720 24 2567 2568 2569 2571
3721 24 2579 2580 2581 2583
3722 24 2591 2592 2593 2595
3723 24 2603 2604 2605 2607
3724 24 2615 2616 2617 2619
3725 24 2627 2628 2629 2631
3726 24 2639 2640 2641 2643
3727 24 2651 2652 2653 2655
3728 24 2663 2664 2665 2667
3729 24 2675 2676 2677 2679
3730 24 2687 2688 2689 2691
3731 24 2699 2700 2701 2703
3732 24 2711 2712 2713 2715
3733 24 2723 2724 2725 2727
3734 24 2735 2736 2737 2739
3735 24 2747 2748 2749 2751
3736 24 2759 2760 2761 2763
3737 24 2771 2772 2773 2775
3738 24 2783 2784 2785 2787
3739 24 2795 2796 2797 2799
3740 24 2807 2808 2809 2811
3741 24 2819 2820 2821 2823
3742 24 2831 2832 2833 2835
3743 24 2843 2844 2845 2847
3744 24 2855 2856 2857 2859
3745 24 2867 2868 2869 2871
3746 24 2879 2880 2881 2883
3747 24 2891 2892 2893 2895
3748 24 2903 2904 2905 2907
3749 24 2915 2916 2917 2919
3750 24 2927 2928 2929 2931
3751 24 2939 2940 2941 2943
3752 24 2951 2952 2953 2955
3753 24 2963 2964 2965 2967
3754 24 2975 2976 2977 2979
3755 24 2987 2988 2989 2991
3756 24 3012 3013 3014 3016
3757 24 3025 3026 3027 3029
3758 24 3037 3038 3039 3041
3759 24 3049 3050 3051 3053
3760 24 3061 3062 3063 3065
3761 24 3073 3074 3075 3077
3762 24 3085 3086 3087 3089
3763 24 3097 3098 3099 3101
3764 24 3109 3110 3111 3113
3765 24 3121 3122 3123 3125
3766 24 3133 3134 3135 3137
3767 24 3145 3146 3147 3149
3768 24 3157 3158 3159 3161
3769 24 3169 3170 3171 3173
3770 24 3181 3182 3183 3185
3771 24 3193 3194 3195 3197
3772 24 3205 3206 3207 3209
3773 24 3217 3218 3219 3221
3774 24 3229 3230 3231 3233
3775 24 3241 3242 3243 3245
3776 24 3253 3254 3255 3257
3777 24 3265 3266 3267 3269
3778 24 3277 3278 3279 3281
3779 24 3289 3290 3291 3293
3780 24 3301 3302 3303 3305
3781 24 3313 3314 3315 3317
3782 24 3325 3326 3327 3329
3783 24 3337 3338 3339 3341
3784 24 3349 3350 3351 3353
3785 24 3361 3362 3363 3365
3786 24 3373 3374 3375 3377
3787 24 3385 3386 3387 3389
3788 24 3397 3398 3399 3401
3789 24 3409 3410 3411 3413
3790 24 3421 3422 3423 3425
3791 24 3433 3434 3435 3437
3792 24 3445 3446 3447 3449
3793 24 3457 3458 3459 3461
3794 24 3469 3470 3471 3473
3795 24 3481 3482 3483 3485
3796 24 3493 3494 3495 3497
3797 24 3505 3506 3507 3509
3798 24 3517 3518 3519 3521
3799 24 3529 3530 3531 3533
3800 24 3541 3542 3543 3545
3801 24 3553 3554 3555 3557
3802 24 3565 3566 3567 3569
3803 24 3577 3578 3579 3581
3804 24 3589 3590 3591 3593
3805 24 3614 3615 3616 3618
3806 24 3627 3628 3629 3631
3807 24 3639 3640 3641 3643
3808 24 3651 3652 3653 3655
3809 24 3663 3664 3665 3667
3810 24 3675 3676 3677 3679
3811 24 3687 3688 3689 3691
3812 24 3699 3700 3701 3703
3813 24 3711 3712 3713 3715
3814 24 3723 3724 3725 3727
3815 24 3735 3736 3737 3739
3816 24 3747 3748 3749 3751
3817 24 3759 3760 3761 3763
3818 24 3771 3772 3773 3775
3819 24 3783 3784 3785 3787
3820 24 3795 3796 3797 3799
3821 24 3807 3808 3809 3811
3822 24 3819 3820 3821 3823
3823 24 3831 3832 3833 3835
3824 24 3843 3844 3845 3847
3825 24 3855 3856 3857 3859
3826 24 3867 3868 3869 3871
3827 24 3879 3880 3881 3883
3828 24 3891 3892 3893 3895
3829 24 3903 3904 3905 3907
3830 24 3915 3916 3917 3919
3831 24 3927 3928 3929 3931
3832 24 3939 3940 3941 3943
3833 24 3951 3952 3953 3955
3834 24 3963 3964 3965 3967
3835 24 3975 3976 3977 3979
3836 24 3987 3988 3989 3991
3837 24 3999 4000 4001 4003
3838 24 4011 4012 4013 4015
3839 24 4023 4024 4025 4027
3840 24 4035 4036 4037 4039
3841 24 4047 4048 4049 4051
3842 24 4059 4060 4061 4063
3843 24 4071 4072 4073 4075
3844 24 4083 4084 4085 4087
3845 24 4095 4096 4097 4099
3846 24 4107 4108 4109 4111
3847 24 4119 4120 4121 4123
3848 24 4131 4132 4133 4135
3849 24 4143 4144 4145 4147
3850 24 4155 4156 4157 4159
3851 24 4167 4168 4169 4171
3852 24 4179 4180 4181 4183
3853 24 4191 4192 4193 4195
3854 24 4216 4217 4218 4220
3855 24 4229 4230 4231 4233
3856 24 4241 4242 4243 4245
3857 24 4253 4254 4255 4257
3858 24 4265 4266 4267 4269
3859 24 4277 4278 4279 4281
3860 24 4289 4290 4291 4293
3861 24 4301 4302 4303 4305
3862 24 4313 4314 4315 4317
3863 24 4325 4326 4327 4329
3864 24 4337 4338 4339 4341
3865 24 4349 4350 4351 4353
3866 24 4361 4362 4363 4365
3867 24 4373 4374 4375 4377
3868 24 4385 4386 4387 4389
3869 24 4397 4398 4399 4401
3870 24 4409 4410 4411 4413
3871 24 4421 4422 4423 4425
3872 24 4433 4434 4435 4437
3873 24 4445 4446 4447 4449
3874 24 4457 4458 4459 4461
3875 24 4469 4470 4471 4473
3876 24 4481 4482 4483 4485
3877 24 4493 4494 4495 4497
3878 24 4505 4506 4507 4509
3879 24 4517 4518 4519 4521
3880 24 4529 4530 4531 4533
3881 24 4541 4542 4543 4545
3882 24 4553 4554 4555 4557
3883 24 4565 4566 4567 4569
3884 24 4577 4578 4579 4581
3885 24 4589 4590 4591 4593
3886 24 4601 4602 4603 4605
3887 24 4613 4614 4615 4617
3888 24 4625 4626 4627 4629
3889 24 4637 4638 4639 4641
3890 24 4649 4650 4651 4653
3891 24 4661 4662 4663 4665
3892 24 4673 4674 4675 4677
3893 24 4685 4686 4687 4689
3894 24 4697 4698 4699 4701
3895 24 4709 4710 4711 4713
3896 24 4721 4722 4723 4725
3897 24 4733 4734 4735 4737
3898 24 4745 4746 4747 4749
3899 24 4757 4758 4759 4761
3900 24 4769 4770 4771 4773
3901 24 4781 4782 4783 4785
3902 24 4793 4794 4795 4797
3903 24 4818 4819 4820 4822
3904 24 4831 4832 4833 4835
3905 24 4843 4844 4845 4847
3906 24 4855 4856 4857 4859
3907 24 4867 4868 4869 4871
3908 24 4879 4880 4881 4883
3909 24 4891 4892 4893 4895
3910 24 4903 4904 4905 4907
3911 24 4915 4916 4917 4919
3912 24 4927 4928 4929 4931
3913 24 4939 4940 4941 4943
3914 24 4951 4952 4953 4955
3915 24 4963 4964 4965 4967
3916 24 4975 4976 4977 4979
3917 24 4987 4988 4989 4991
3918 24 4999 5000 5001 5003
3919 24 5011 5012 5013 5015
3920 24 5023 5024 5025 5027
3921 24 5035 5036 5037 5039
3922 24 5047 5048 5049 5051
3923 24 5059 5060 5061 5063
3924 24 5071 5072 5073 5075
3925 24 5083 5084 5085 5087
3926 24 5095 5096 5097 5099
3927 24 5107 5108 5109 5111
3928 24 5119 5120 5121 5123
3929 24 5131 5132 5133 5135
3930 24 5143 5144 5145 5147
3931 24 5155 5156 5157 5159
3932 24 5167 5168 5169 5171
3933 24 5179 5180 5181 5183
3934 24 5191 5192 5193 5195
3935 24 5203 5204 5205 5207
3936 24 5215 5216 5217 5219
3937 24 5227 5228 5229 5231
3938 24 5239 5240 5241 5243
3939 24 5251 5252 5253 5255
3940 24 5263 5264 5265 5267
3941 24 5275 5276 5277 5279
3942 24 5287 5288 5289 5291
3943 24 5299 5300 5301 5303
3944 24 5311 5312 5313 5315
3945 24 5323 5324 5325 5327
3946 24 5335 5336 5337 5339
3947 24 5347 5348 5349 5351
3948 24 5359 5360 5361 5363
3949 24 5371 5372 5373 5375
3950 24 5383 5384 5385 5387
3951 24 5395 5396 5397 5399
3952 24 5420 5421 5422 5424
3953 24 5433 5434 5435 5437
3954 24 5445 5446 5447 5449
3955 24 5457 5458 5459 5461
3956 24 5469 5470 5471 5473
3957 24 5481 5482 5483 5485
3958 24 5493 5494 5495 5497
3959 24 5505 5506 5507 5509
3960 24 5517 5518 5519 5521
3961 24 5529 5530 5531 5533
3962 24 5541 5542 5543 5545
3963 24 5553 5554 5555 5557
3964 24 5565 5566 5567 5569
3965 24 5577 5578 5579 5581
3966 24 5589 5590 5591 5593
3967 24 5601 5602 5603 5605
3968 24 5613 5614 5615 5617
3969 24 5625 5626 5627 5629
3970 24 5637 5638 5639 5641
3971 24 5649 5650 5651 5653
3972 24 5661 5662 5663 5665
3973 24 5673 5674 5675 5677
3974 24 5685 5686 5687 5689
3975 24 5697 5698 5699 5701
3976 24 5709 5710 5711 5713
3977 24 5721 5722 5723 5725
3978 24 5733 5734 5735 5737
3979 24 5745 5746 5747 5749
3980 24 5757 5758 5759 5761
3981 24 5769 5770 5771 5773
3982 24 5781 5782 5783 5785
3983 24 5793 5794 5795 5797
3984 24 5805 5806 5807 5809
3985 24 5817 5818 5819 5821
3986 24 5829 5830 5831 5833
3987 24 5841 5842 5843 5845
3988 24 5853 5854 5855 5857
3989 24 5865 5866 5867 5869
3990 24 5877 5878 5879 5881
3991 24 5889 5890 5891 5893
3992 24 5901 5902 5903 5905
3993 24 5913 5914 5915 5917
3994 24 5925 5926 5927 5929
3995 24 5937 5938 5939 5941
3996 24 5949 5950 5951 5953
3997 24 5961 5962 5963 5965
3998 24 5973 5974 5975 5977
3999 24 5985 5986 5987 5989
4000 24 5997 5998 5999 6001
4001 55 592 591 590 596
4002 55 592 591 590 597
4003 55 1194 1193 1192 1198
4004 55 1194 1193 1192 1199
4005 55 1796 1795 1794 1800
4006 55 1796 1795 1794 1801
4007 55 2398 2397 2396 2402
4008 55 2398 2397 2396 2403
4009 55 3000 2999 2998 3004
4010 55 3000 2999 2998 3005
4011 55 3602 3601 3600 3606
4012 55 3602 3601 3600 3607
4013 55 4204 4203 4202 4208
4014 55 4204 4203 4202 4209
4015 55 4806 4805 4804 4810
4016 55 4806 4805 4804 4811
4017 55 5408 5407 5406 5412
4018 55 5408 5407 5406 5413
4019 55 6010 6009 6008 6014
4020 55 6010 6009 6008 6015
4021 61 3 2 1 7
4022 61 3 2 1 8
4023 61 3 2 1 9
4024 61 605 604 603 609
4025 61 605 604 603 610
4026 61 605 604 603 611
4027 61 1207 1206 1205 1211
4028 61 1207 1206 1205 1212
4029 61 1207 1206 1205 1213
4030 61 1809 1808 1807 1813
4031 61 1809 1808 1807 1814
4032 61 1809 1808 1807 1815
4033 61 2411 2410 2409 2415
4034 61 2411 2410 2409 2416
4035 61 2411 2410 2409 2417
4036 61 3013 3012 3011 3017
4037 61 3013 3012 3011 3018
4038 61 3013 3012 3011 3019
4039 61 3615 3614 3613 3619
4040 61 3615 3614 3613 3620
4041 61 3615 3614 3613 3621
4042 61 4217 4216 4215 4221
4043 61 4217 4216 4215 4222
4044 61 4217 4216 4215 4223
4045 61 4819 4818 4817 4823
4046 61 4819 4818 4817 4824
4047 61 4819 4818 4817 4825
4048 61 5421 5420 5419 5425
4049 61 5421 5420 5419 5426
4050 61 5421 5420 5419 5427
4051 63 3 2 14 20
4052 63 3 2 14 21
4053 63 16 15 14 20
4054 63 16 15 14 21
4055 63 16 15 26 32
4056 63 16 15 26 33
4057 63 28 27 26 32
4058 63 28 27 26 33
4059 63 28 27 38 44
4060 63 28 27 38 45
4061 63 40 39 38 44
4062 63 40 39 38 45
4063 63 40 39 50 56
4064 63 40 39 50 57
4065 63 52 51 50 56
4066 63 52 51 50 57
4067 63 52 51 62 68
4068 63 52 51 62 69
4069 63 64 63 62 68
4070 63 64 63 62 69
4071 63 64 63 74 80
4072 63 64 63 74 81
4073 63 76 75 74 80
4074 63 76 75 74 81
4075 63 76 75 86 92
4076 63 76 75 86 93
4077 63 88 87 86 92
4078 63 88 87 86 93
4079 63 88 87 98 104
4080 63 88 87 98 105
4081 63 100 99 98 104
4082 63 100 99 98 105
4083 63 100 99 110 116
4084 63 100 99 110 117
4085 63 112 111 110 116
4086 63 112 111 110 117
4087 63 112 111 122 128
4088 63 112 111 122 129
4089 63 124 123 122 128
4090 63 124 123 122 129
4091 63 124 123 134 140
4092 63 124 123 134 141
4093 63 136 135 134 140
4094 63 136 135 134 141
4095 63 136 135 146 152
4096 63 136 135 146 153
4097 63 148 147 146 152
4098 63 148 147 146 153
4099 63 148 147 158 164
4100 63 148 147 158 165
4101 63 160 159 158 164
4102 63 160 159 158 165
4103 63 160 159 170 176
4104 63 160 159 170 177
4105 63 172 171 170 176
4106 63 172 171 170 177
4107 63 172 171 182 188
4108 63 172 171 182 189
4109 63 184 183 182 188
4110 63 184 183 182 189
4111 63 184 183 194 200
4112 63 184 183 194 201
4113 63 196 195 194 200
4114 63 196 195 194 201
4115 63 196 195 206 212
4116 63 196 195 206 213
4117 63 208 207 206 212
4118 63 208 207 206 213
4119 63 208 207 218 224
4120 63 208 207 218 225
4121 63 220 219 218 224
4122 63 220 219 218 225
4123 63 220 219 230 236
4124 63 220 219 230 237
4125 63 232 231 230 236
4126 63 232 231 230 237
4127 63 232 231 242 248
4128 63 232 231 242 249
4129 63 244 243 242 248
4130 63 244 243 242 249
4131 63 244 243 254 260
4132 63 244 243 254 261
4133 63 256 255 254 260
4134 63 256 255 254 261
4135 63 256 255 266 272
4136 63 256 255 266 273
4137 63 268 267 266 272
4138 63 268 267 266 273
4139 63 268 267 278 284
4140 63 268 267 278 285
4141 63 280 279 278 284
4142 63 280 279 278 285
4143 63 280 279 290 296
4144 63 280 279 290 297
4145 63 292 291 290 296
4146 63 292 291 290 297
4147 63 292 291 302 308
4148 63 292 291 302 309
4149 63 304 303 302 308
4150 63 304 303 302 309
4151 63 304 303 314 320
4152 63 304 303 314 321
4153 63 316 315 314 320
4154 63 316 315 314 321
4155 63 316 315 326 332
4156 63 316 315 326 333
4157 63 328 327 326 332
4158 63 328 327 326 333
4159 63 328 327 338 344
4160 63 328 327 338 345
4161 63 340 339 338 344
4162 63 340 339 338 345
4163 63 340 339 350 356
4164 63 340 339 350 357
4165 63 352 351 350 356
4166 63 352 351 350 357
4167 63 352 351 362 368
4168 63 352 351 362 369
4169 63 364 363 362 368
4170 63 364 363 362 369
4171 63 364 363 374 380
4172 63 364 363 374 381
4173 63 376 375 374 380
4174 63 376 375 374 381
4175 63 376 375 386 392
4176 63 376 375 386 393
4177 63 388 387 386 392
4178 63 388 387 386 393
4179 63 388 387 398 404
4180 63 388 387 398 405
4181 63 400 399 398 404
4182 63 400 399 398 405
4183 63 400 399 410 416
4184 63 400 399 410 417
4185 63 412 411 410 416
4186 63 412 411 410 417
4187 63 412 411 422 428
4188 63 412 411 422 429
4189 63 424 423 422 428
4190 63 424 423 422 429
4191 63 424 423 434 440
4192 63 424 423 434 441
4193 63 436 435 434 440
4194 63 436 435 434 441
4195 63 436 435 446 452
4196 63 436 435 446 453
4197 63 448 447 446 452
4198 63 448 447 446 453
4199 63 448 447 458 464
4200 63 448 447 458 465
4201 63 460 459 458 464
4202 63 460 459 458 465
4203 63 460 459 470 476
4204 63 460 459 470 477
4205 63 472 471 470 476
4206 63 472 471 470 477
4207 63 472 471 482 488
4208 63 472 471 482 489
4209 63 484 483 482 488
4210 63 484 483 482 489
4211 63 484 483 494 500
4212 63 484 483 494 501
4213 63 496 495 494 500
4214 63 496 495 494 501
4215 63 496 495 506 512
4216 63 496 495 506 513
4217 63 508 507 506 512
4218 63 508 507 506 513
4219 63 508 507 518 524
4220 63 508 507 518 525
4221 63 520 519 518 524
4222 63 520 519 518 525
4223 63 520 519 530 536
4224 63 520 519 530 537
4225 63 532 531 530 536
4226 63 532 531 530 537
4227 63 532 531 542 548
4228 63 532 531 542 549
4229 63 544 543 542 548
4230 63 544 543 542 549
4231 63 544 543 554 560
4232 63 544 543 554 561
4233 63 556 555 554 560
4234 63 556 555 554 561
4235 63 556 555 566 572
4236 63 556 555 566 573
4237 63 568 567 566 572
4238 63 568 567 566 573
4239 63 568 567 578 584
4240 63 568 567 578 585
4241 63 580 579 578 584
4242 63 580 579 578 585
4243 63 580 579 590 596
4244 63 580 579 590 597
4245 63 605 604 616 622
4246 63 605 604 616 623
4247 63 618 617 616 622
4248 63 618 617 616 623
4249 63 618 617 628 634
4250 63 618 617 628 635
4251 63 630 629 628 634
4252 63 630 629 628 635
4253 63 630 629 640 646
4254 63 630 629 640 647
4255 63 642 641 640 646
4256 63 642 641 640 647
4257 63 642 641 652 658
4258 63 642 641 652 659
4259 63 654 653 652 658
4260 63 654 653 652 659
4261 63 654 653 664 670
4262 63 654 653 664 671
4263 63 666 665 664 670
4264 63 666 665 664 671
4265 63 666 665 676 682
4266 63 666 665 676 683
4267 63 678 677 676 682
4268 63 678 677 676 683
4269 63 678 677 688 694
4270 63 678 677 688 695
4271 63 690 689 688 694
4272 63 690 689 688 695
4273 63 690 689 700 706
4274 63 690 689 700 707
4275 63 702 701 700 706
4276 63 702 701 700 707
4277 63 702 701 712 718
4278 63 702 701 712 719
4279 63 714 713 712 718
4280 63 714 713 712 719
4281 63 714 713 724 730
4282 63 714 713 724 731
4283 63 726 725 724 730
4284 63 726 725 724 731
4285 63 726 725 736 742
4286 63 726 725 736 743
4287 63 738 737 736 742
4288 63 738 737 736 743
4289 63 738 737 748 754
4290 63 738 737 748 755
4291 63 750 749 748 754
4292 63 750 749 748 755
4293 63 750 749 760 766
4294 63 750 749 760 767
4295 63 762 761 760 766
4296 63 762 761 760 767
4297 63 762 761 772 778
4298 63 762 761 772 779
4299 63 774 773 772 778
4300 63 774 773 772 779
4301 63 774 773 784 790
4302 63 774 773 784 791
4303 63 786 785 784 790
4304 63 786 785 784 791
4305 63 786 785 796 802
4306 63 786 785 796 803
4307 63 798 797 796 802
4308 63 798 797 796 803
4309 63 798 797 808 814
4310 63 798 797 808 815
4311 63 810 809 808 814
4312 63 810 809 808 815
4313 63 810 809 820 826
4314 63 810 809 820 827
4315 63 822 821 820 826
4316 63 822 821 820 827
4317 63 822 821 832 838
4318 63 822 821 832 839
4319 63 834 833 832 838
4320 63 834 833 832 839
4321 63 834 833 844 850
4322 63 834 833 844 851
4323 63 846 845 844 850
4324 63 846 845 844 851
4325 63 846 845 856 862
4326 63 846 845 856 863
4327 63 858 857 856 862
4328 63 858 857 856 863
4329 63 858 857 868 874
4330 63 858 857 868 875
4331 63 870 869 868 874
4332 63 870 869 868 875
4333 63 870 869 880 886
4334 63 870 869 880 887
4335 63 882 881 880 886
4336 63 882 881 880 887
4337 63 882 881 892 898
4338 63 882 881 892 899
4339 63 894 893 892 898
4340 63 894 893 892 899
4341 63 894 893 904 910
4342 63 894 893 904 911
4343 63 906 905 904 910
4344 63 906 905 904 911
4345 63 906 905 916 922
4346 63 906 905 916 923
4347 63 918 917 916 922
4348 63 918 917 916 923
4349 63 918 917 928 934
4350 63 918 917 928 935
4351 63 930 929 928 934
4352 63 930 929 928 935
4353 63 930 929 940 946
4354 63 930 929 940 947
4355 63 942 941 940 946
4356 63 942 941 940 947
4357 63 942 941 952 958
4358 63 942 941 952 959
4359 63 954 953 952 958
4360 63 954 953 952 959
4361 63 954 953 964 970
4362 63 954 953 964 971
4363 63 966 965 964 970
4364 63 966 965 964 971
4365 63 966 965 976 982
4366 63 966 965 976 983
4367 63 978 977 976 982
4368 63 978 977 976 983
4369 63 978 977 988 994
4370 63 978 977 988 995
4371 63 990 989 988 994
4372 63 990 989 988 995
4373 63 990 989 1000 1006
4374 63 990 989 1000 1007
4375 63 1002 1001 1000 1006
4376 63 1002 1001 1000 1007
4377 63 1002 1001 1012 1018
4378 63 1002 1001 1012 1019
4379 63 1014 1013 1012 1018
4380 63 1014 1013 1012 1019
4381 63 1014 1013 1024 1030
4382 63 1014 1013 1024 1031
4383 63 1026 1025 1024 1030
4384 63 1026 1025 1024 1031
4385 63 1026 1025 1036 1042
4386 63 1026 1025 1036 1043
4387 63 1038 1037 1036 1042
4388 63 1038 1037 1036 1043
4389 63 1038 1037 1048 1054
4390 63 1038 1037 1048 1055
4391 63 1050 1049 1048 1054
4392 63 1050 1049 1048 1055
4393 63 1050 1049 1060 1066
4394 63 1050 1049 1060 1067
4395 63 1062 1061 1060 1066
4396 63 1062 1061 1060 1067
4397 63 1062 1061 1072 1078
4398 63 1062 1061 1072 1079
4399 63 1074 1073 1072 1078
4400 63 1074 1073 1072 1079
4401 63 1074 1073 1084 1090
4402 63 1074 1073 1084 1091
4403 63 1086 1085 1084 1090
4404 63 1086 1085 1084 1091
4405 63 1086 1085 1096 1102
4406 63 1086 1085 1096 1103
4407 63 1098 1097 1096 1102
4408 63 1098 1097 1096 1103
4409 63 1098 1097 1108 1114
4410 63 1098 1097 1108 1115
4411 63 1110 1109 1108 1114
4412 63 1110 1109 1108 1115
4413 63 1110 1109 1120 1126
4414 63 1110 1109 1120 1127
4415 63 1122 1121 1120 1126
4416 63 1122 1121 1120 1127
4417 63 1122 1121 1132 1138
4418 63 1122 1121 1132 1139
4419 63 1134 1133 1132 1138
4420 63 1134 1133 1132 1139
4421 63 1134 1133 1144 1150
4422 63 1134 1133 1144 1151
4423 63 1146 1145 1144 1150
4424 63 1146 1145 1144 1151
4425 63 1146 1145 1156 1162
4426 63 1146 1145 1156 1163
4427 63 1158 1157 1156 1162
4428 63 1158 1157 1156 1163
4429 63 1158 1157 1168 1174
4430 63 1158 1157 1168 1175
4431 63 1170 1169 1168 1174
4432 63 1170 1169 1168 1175
4433 63 1170 1169 1180 1186
4434 63 1170 1169 1180 1187
4435 63 1182 1181 1180 1186
4436 63 1182 1181 1180 1187
4437 63 1182 1181 1192 1198
4438 63 1182 1181 1192 1199
4439 63 1207 1206 1218 1224
4440 63 1207 1206 1218 1225
4441 63 1220 1219 1218 1224
4442 63 1220 1219 1218 1225
4443 63 1220 1219 1230 1236
4444 63 1220 1219 1230 1237
4445 63 1232 1231 1230 1236
4446 63 1232 1231 1230 1237
4447 63 1232 1231 1242 1248
4448 63 1232 1231 1242 1249
4449 63 1244 1243 1242 1248
4450 63 1244 1243 1242 1249
4451 63 1244 1243 1254 1260
4452 63 1244 1243 1254 1261
4453 63 1256 1255 1254 1260
4454 63 1256 1255 1254 1261
4455 63 1256 1255 1266 1272
4456 63 1256 1255 1266 1273
4457 63 1268 1267 1266 1272
4458 63 1268 1267 1266 1273
4459 63 1268 1267 1278 1284
4460 63 1268 1267 1278 1285
4461 63 1280 1279 1278 1284
4462 63 1280 1279 1278 1285
4463 63 1280 1279 1290 1296
4464 63 1280 1279 1290 1297
4465 63 1292 1291 1290 1296
4466 63 1292 1291 1290 1297
4467 63 1292 1291 1302 1308
4468 63 1292 1291 1302 1309
4469 63 1304 1303 1302 1308
4470 63 1304 1303 1302 1309
4471 63 1304 1303 1314 1320
4472 63 1304 1303 1314 1321
4473 63 1316 1315 1314 1320
4474 63 1316 1315 1314 1321
4475 63 1316 1315 1326 1332
4476 63 1316 1315 1326 1333
4477 63 1328 1327 1326 1332
4478 63 1328 1327 1326 1333
4479 63 1328 1327 1338 1344
4480 63 1328 1327 1338 1345
4481 63 1340 1339 1338 1344
4482 63 1340 1339 1338 1345
4483 63 1340 1339 1350 1356
4484 63 1340 1339 1350 1357
4485 63 1352 1351 1350 1356
4486 63 1352 1351 1350 1357
4487 63 1352 1351 1362 1368
4488 63 1352 1351 1362 1369
4489 63 1364 1363 1362 1368
4490 63 1364 1363 1362 1369
4491 63 1364 1363 1374 1380
4492 63 1364 1363 1374 1381
4493 63 1376 1375 1374 1380
4494 63 1376 1375 1374 1381
4495 63 1376 1375 1386 1392
4496 63 1376 1375 1386 1393
4497 63 1388 1387 1386 1392
4498 63 1388 1387 1386 1393
4499 63 1388 1387 1398 1404
4500 63 1388 1387 1398 1405
4501 63 1400 1399 1398 1404
4502 63 1400 1399 1398 1405
4503 63 1400 1399 1410 1416
4504 63 1400 1399 1410 1417
4505 63 1412 1411 1410 1416
4506 63 1412 1411 1410 1417
4507 63 1412 1411 1422 1428
4508 63 1412 1411 1422 1429
4509 63 1424 1423 1422 1428
4510 63 1424 1423 1422 1429
4511 63 1424 1423 1434 1440
4512 63 1424 1423 1434 1441
4513 63 1436 1435 1434 1440
4514 63 1436 1435 1434 1441
4515 63 1436 1435 1446 1452
4516 63 1436 1435 1446 1453
4517 63 1448 1447 1446 1452
4518 63 1448 1447 1446 1453
4519 63 1448 1447 1458 1464
4520 63 1448 1447 1458 1465
4521 63 1460 1459 1458 1464
4522 63 1460 1459 1458 1465
4523 63 1460 1459 1470 1476
4524 63 1460 1459 1470 1477
4525 63 1472 1471 1470 1476
4526 63 1472 1471 1470 1477
4527 63 1472 1471 1482 1488
4528 63 1472 1471 1482 1489
4529 63 1484 1483 1482 1488
4530 63 1484 1483 1482 1489
4531 63 1484 1483 1494 1500
4532 63 1484 1483 1494 1501
4533 63 1496 1495 1494 1500
4534 63 1496 1495 1494 1501
4535 63 1496 1495 1506 1512
4536 63 1496 1495 1506 1513
4537 63 1508 1507 1506 1512
4538 63 1508 1507 1506 1513
4539 63 1508 1507 1518 1524
4540 63 1508 1507 1518 1525
4541 63 1520 1519 1518 1524
4542 63 1520 1519 1518 1525
4543 63 1520 1519 1530 1536
4544 63 1520 1519 1530 1537
4545 63 1532 1531 1530 1536
4546 63 1532 1531 1530 1537
4547 63 1532 1531 1542 1548
4548 63 1532 1531 1542 1549
4549 63 1544 1543 1542 1548
4550 63 1544 1543 1542 1549
4551 63 1544 1543 1554 1560
4552 63 1544 1543 1554 1561
4553 63 1556 1555 1554 1560
4554 63 1556 1555 1554 1561
4555 63 1556 1555 1566 1572
4556 63 1556 1555 1566 1573
4557 63 1568 1567 1566 1572
4558 63 1568 1567 1566 1573
4559 63 1568 1567 1578 1584
4560 63 1568 1567 1578 1585
4561 63 1580 1579 1578 1584
4562 63 1580 1579 1578 1585
4563 63 1580 1579 1590 1596
4564 63 1580 1579 1590 1597
4565 63 1592 1591 1590 1596
4566 63 1592 1591 1590 1597
4567 63 1592 1591 1602 1608
4568 63 1592 1591 1602 1609
4569 63 1604 1603 1602 1608
4570 63 1604 1603 1602 1609
4571 63 1604 1603 1614 1620
4572 63 1604 1603 1614 1621
4573 63 1616 1615 1614 1620
4574 63 1616 1615 1614 1621
4575 63 1616 1615 1626 1632
4576 63 1616 1615 1626 1633
4577 63 1628 1627 1626 1632
4578 63 1628 1627 1626 1633
4579 63 1628 1627 1638 1644
4580 63 1628 1627 1638 1645
4581 63 1640 1639 1638 1644
4582 63 1640 1639 1638 1645
4583 63 1640 1639 1650 1656
4584 63 1640 1639 1650 1657
4585 63 1652 1651 1650 1656
4586 63 1652 1651 1650 1657
4587 63 1652 1651 1662 1668
4588 63 1652 1651 1662 1669
4589 63 1664 1663 1662 1668
4590 63 1664 1663 1662 1669
4591 63 1664 1663 1674 1680
4592 63 1664 1663 1674 1681
4593 63 1676 1675 1674 1680
4594 63 1676 1675 1674 1681
4595 63 1676 1675 1686 1692
4596 63 1676 1675 1686 1693
4597 63 1688 1687 1686 1692
4598 63 1688 1687 1686 1693
4599 63 1688 1687 1698 1704
4600 63 1688 1687 1698 1705
4601 63 1700 1699 1698 1704
4602 63 1700 1699 1698 1705
4603 63 1700 1699 1710 1716
4604 63 1700 1699 1710 1717
4605 63 1712 1711 1710 1716
4606 63 1712 1711 1710 1717
4607 63 1712 1711 1722 1728
4608 63 1712 1711 1722 1729
4609 63 1724 1723 1722 1728
4610 63 1724 1723 1722 1729
4611 63 1724 1723 1734 1740
4612 63 1724 1723 1734 1741
4613 63 1736 1735 1734 1740
4614 63 1736 1735 1734 1741
4615 63 1736 1735 1746 1752
4616 63 1736 1735 1746 1753
4617 63 1748 1747 1746 1752
4618 63 1748 1747 1746 1753
4619 63 1748 1747 1758 1764
4620 63 1748 1747 1758 1765
4621 63 1760 1759 1758 1764
4622 63 1760 1759 1758 1765
4623 63 1760 1759 1770 1776
4624 63 1760 1759 1770 1777
4625 63 1772 1771 1770 1776
4626 63 1772 1771 1770 1777
4627 63 1772 1771 1782 1788
4628 63 1772 1771 1782 1789
4629 63 1784 1783 1782 1788
4630 63 1784 1783 1782 1789
4631 63 1784 1783 1794 1800
4632 63 1784 1783 1794 1801
4633 63 1809 1808 1820 1826
4634 63 1809 1808 1820 1827
4635 63 1822 1821 1820 1826
4636 63 1822 1821 1820 1827
4637 63 1822 1821 1832 1838
4638 63 1822 1821 1832 1839
4639 63 1834 1833 1832 1838
4640 63 1834 1833 1832 1839
4641 63 1834 1833 1844 1850
4642 63 1834 1833 1844 1851
4643 63 1846 1845 1844 1850
4644 63 1846 1845 1844 1851
4645 63 1846 1845 1856 1862
4646 63 1846 1845 1856 1863
4647 63 1858 1857 1856 1862
4648 63 1858 1857 1856 1863
4649 63 1858 1857 1868 1874
4650 63 1858 1857 1868 1875
4651 63 1870 1869 1868 1874
4652 63 1870 1869 1868 1875
4653 63 1870 1869 1880 1886
4654 63 1870 1869 1880 1887
4655 63 1882 1881 1880 1886
4656 63 1882 1881 1880 1887
4657 63 1882 1881 1892 1898
4658 63 1882 1881 1892 1899
4659 63 1894 1893 1892 1898
4660 63 1894 1893 1892 1899
4661 63 1894 1893 1904 1910
4662 63 1894 1893 1904 1911
4663 63 1906 1905 1904 1910
4664 63 1906 1905 1904 1911
4665 63 1906 1905 1916 1922
4666 63 1906 1905 1916 1923
4667 63 1918 1917 1916 1922
4668 63 1918 1917 1916 1923
4669 63 1918 1917 1928 1934
4670 63 1918 1917 1928 1935
4671 63 1930 1929 1928 1934
4672 63 1930 1929 1928 1935
4673 63 1930 1929 1940 1946
4674 63 1930 1929 1940 1947
4675 63 1942 1941 1940 1946
4676 63 1942 1941 1940 1947
4677 63 1942 1941 1952 1958
4678 63 1942 1941 1952 1959
4679 63 1954 1953 1952 1958
4680 63 1954 1953 1952 1959
4681 63 1954 1953 1964 1970
4682 63 1954 1953 1964 1971
4683 63 1966 1965 1964 1970
4684 63 1966 1965 1964 1971
4685 63 1966 1965 1976 1982
4686 63 1966 1965 1976 1983
4687 63 1978 1977 1976 1982
4688 63 1978 1977 1976 1983
4689 63 1978 1977 1988 1994
4690 63 1978 1977 1988 1995
4691 63 1990 1989 1988 1994
4692 63 1990 1989 1988 1995
4693 63 1990 1989 2000 2006
4694 63 1990 1989 2000 2007
4695 63 2002 2001 2000 2006
4696 63 2002 2001 2000 2007
4697 63 2002 2001 2012 2018
4698 63 2002 2001 2012 2019
4699 63 2014 2013 2012 2018
4700 63 2014 2013 2012 2019
4701 63 2014 2013 2024 2030
4702 63 2014 2013 2024 2031
4703 63 2026 2025 2024 2030
4704 63 2026 2025 2024 2031
4705 63 2026 2025 2036 2042
4706 63 2026 2025 2036 2043
4707 63 2038 2037 2036 2042
4708 63 2038 2037 2036 2043
4709 63 2038 2037 2048 2054
4710 63 2038 2037 2048 2055
4711 63 2050 2049 2048 2054
4712 63 2050 2049 2048 2055
4713 63 2050 2049 2060 2066
4714 63 2050 2049 2060 2067
4715 63 2062 2061 2060 2066
4716 63 2062 2061 2060 2067
4717 63 2062 2061 2072 2078
4718 63 2062 2061 2072 2079
4719 63 2074 2073 2072 2078
4720 63 2074 2073 2072 2079
4721 63 2074 2073 2084 2090
4722 63 2074 2073 2084 2091
4723 63 2086 2085 2084 2090
4724 63 2086 2085 2084 2091
4725 63 2086 2085 2096 2102
4726 63 2086 2085 2096 2103
4727 63 2098 2097 2096 2102
4728 63 2098 2097 2096 2103
4729 63 2098 2097 2108 2114
4730 63 2098 2097 2108 2115
4731 63 2110 2109 2108 2114
4732 63 2110 2109 2108 2115
4733 63 2110 2109 2120 2126
4734 63 2110 2109 2120 2127
4735 63 2122 2121 2120 2126
4736 63 2122 2121 2120 2127
4737 63 2122 2121 2132 2138
4738 63 2122 2121 2132 2139
4739 63 2134 2133 2132 2138
4740 63 2134 2133 2132 2139
4741 63 2134 2133 2144 2150
4742 63 2134 2133 2144 2151
4743 63 2146 2145 2144 2150
4744 63 2146 2145 2144 2151
4745 63 2146 2145 2156 2162
4746 63 2146 2145 2156 2163
4747 63 2158 2157 2156 2162
4748 63 2158 2157 2156 2163
4749 63 2158 2157 2168 2174
4750 63 2158 2157 2168 2175
4751 63 2170 2169 2168 2174
4752 63 2170 2169 2168 2175
4753 63 2170 2169 2180 2186
4754 63 2170 2169 2180 2187
4755 63 2182 2181 2180 2186
4756 63 2182 2181 2180 2187
4757 63 2182 2181 2192 2198
4758 63 2182 2181 2192 2199
4759 63 2194 2193 2192 2198
4760 63 2194 2193 2192 2199
4761 63 2194 2193 2204 2210
4762 63 2194 2193 2204 2211
4763 63 2206 2205 2204 2210
4764 63 2206 2205 2204 2211
4765 63 2206 2205 2216 2222
4766 63 2206 2205 2216 2223
4767 63 2218 2217 2216 2222
4768 63 2218 2217 2216 2223
4769 63 2218 2217 2228 2234
4770 63 2218 2217 2228 2235
4771 63 2230 2229 2228 2234
4772 63 2230 2229 2228 2235
4773 63 2230 2229 2240 2246
4774 63 2230 2229 2240 2247
4775 63 2242 2241 2240 2246
4776 63 2242 2241 2240 2247
4777 63 2242 2241 2252 2258
4778 63 2242 2241 2252 2259
4779 63 2254 2253 2252 2258
4780 63 2254 2253 2252 2259
4781 63 2254 2253 2264 2270
4782 63 2254 2253 2264 2271
4783 63 2266 2265 2264 2270
4784 63 2266 2265 2264 2271
4785 63 2266 2265 2276 2282
4786 63 2266 2265 2276 2283
4787 63 2278 2277 2276 2282
4788 63 2278 2277 2276 2283
4789 63 2278 2277 2288 2294
4790 63 2278 2277 2288 2295
4791 63 2290 2289 2288 2294
4792 63 2290 2289 2288 2295
4793 63 2290 2289 2300 2306
4794 63 2290 2289 2300 2307
4795 63 2302 2301 2300 2306
4796 63 2302 2301 2300 2307
4797 63 2302 2301 2312 2318
4798 63 2302 2301 2312 2319
4799 63 2314 2313 2312 2318
4800 63 2314 2313 2312 2319
4801 63 2314 2313 2324 2330
4802 63 2314 2313 2324 2331
4803 63 2326 2325 2324 2330
4804 63 2326 2325 2324 2331
4805 63 2326 2325 2336 2342
4806 63 2326 2325 2336 2343
4807 63 2338 2337 2336 2342
4808 63 2338 2337 2336 2343
4809 63 2338 2337 2348 2354
4810 63 2338 2337 2348 2355
4811 63 2350 2349 2348 2354
4812 63 2350 2349 2348 2355
4813 63 2350 2349 2360 2366
4814 63 2350 2349 2360 2367
4815 63 2362 2361 2360 2366
4816 63 2362 2361 2360 2367
4817 63 2362 2361 2372 2378
4818 63 2362 2361 2372 2379
4819 63 2374 2373 2372 2378
4820 63 2374 2373 2372 2379
4821 63 2374 2373 2384 2390
4822 63 2374 2373 2384 2391
4823 63 2386 2385 2384 2390
4824 63 2386 2385 2384 2391
4825 63 2386 2385 2396 2402
4826 63 2386 2385 2396 2403
4827 63 2411 2410 2422 2428
4828 63 2411 2410 2422 2429
4829 63 2424 2423 2422 2428
4830 63 2424 2423 2422 2429
4831 63 2424 2423 2434 2440
4832 63 2424 2423 2434 2441
4833 63 2436 2435 2434 2440
4834 63 2436 2435 2434 2441
4835 63 2436 2435 2446 2452
4836 63 2436 2435 2446 2453
4837 63 2448 2447 2446 2452
4838 63 2448 2447 2446 2453
4839 63 2448 2447 2458 2464
4840 63 2448 2447 2458 2465
4841 63 2460 2459 2458 2464
4842 63 2460 2459 2458 2465
4843 63 2460 2459 2470 2476
4844 63 2460 2459 2470 2477
4845 63 2472 2471 2470 2476
4846 63 2472 2471 2470 2477
4847 63 2472 2471 2482 2488
4848 63 2472 2471 2482 2489
4849 63 2484 2483 2482 2488
4850 63 2484 2483 2482 2489
4851 63 2484 2483 2494 2500
4852 63 2484 2483 2494 2501
4853 63 2496 2495 2494 2500
4854 63 2496 2495 2494 2501
4855 63 2496 2495 2506 2512
4856 63 2496 2495 2506 2513
4857 63 2508 2507 2506 2512
4858 63 2508 2507 2506 2513
4859 63 2508 2507 2518 2524
4860 63 2508 2507 2518 2525
4861 63 2520 2519 2518 2524
4862 63 2520 2519 2518 2525
4863 63 2520 2519 2530 2536
4864 63 2520 2519 2530 2537
4865 63 2532 2531 2530 2536
4866 63 2532 2531 2530 2537
4867 63 2532 2531 2542 2548
4868 63 2532 2531 2542 2549
4869 63 2544 2543 2542 2548
4870 63 2544 2543 2542 2549
4871 63 2544 2543 2554 2560
4872 63 2544 2543 2554 2561
4873 63 2556 2555 2554 2560
4874 63 2556 2555 2554 2561
4875 63 2556 2555 2566 2572
4876 63 2556 2555 2566 2573
4877 63 2568 2567 2566 2572
4878 63 2568 2567 2566 2573
4879 63 2568 2567 2578 2584
4880 63 2568 2567 2578 2585
4881 63 2580 2579 2578 2584
4882 63 2580 2579 2578 2585
4883 63 2580 2579 2590 2596
4884 63 2580 2579 2590 2597
4885 63 2592 2591 2590 2596
4886 63 2592 2591 2590 2597
4887 63 2592 2591 2602 2608
4888 63 2592 2591 2602 2609
4889 63 2604 2603 2602 2608
4890 63 2604 2603 2602 2609
4891 63 2604 2603 2614 2620
4892 63 2604 2603 2614 2621
4893 63 2616 2615 2614 2620
4894 63 2616 2615 2614 2621
4895 63 2616 2615 2626 2632
4896 63 2616 2615 2626 2633
4897 63 2628 2627 2626 2632
4898 63 2628 2627 2626 2633
4899 63 2628 2627 2638 2644
4900 63 2628 2627 2638 2645
4901 63 2640 2639 2638 2644
4902 63 2640 2639 2638 2645
4903 63 2640 2639 2650 2656
4904 63 2640 2639 2650 2657
4905 63 2652 2651 2650 2656
4906 63 2652 2651 2650 2657
4907 63 2652 2651 2662 2668
4908 63 2652 2651 2662 2669
4909 63 2664 2663 2662 2668
4910 63 2664 2663 2662 2669
4911 63 2664 2663 2674 2680
4912 63 2664 2663 2674 2681
4913 63 2676 2675 2674 2680
4914 63 2676 2675 2674 2681
4915 63 2676 2675 2686 2692
4916 63 2676 2675 2686 2693
4917 63 2688 2687 2686 2692
4918 63 2688 2687 2686 2693
4919 63 2688 2687 2698 2704
4920 63 2688 2687 2698 2705
4921 63 2700 2699 2698 2704
4922 63 2700 2699 2698 2705
4923 63 2700 2699 2710 2716
4924 63 2700 2699 2710 2717
4925 63 2712 2711 2710 2716
4926 63 2712 2711 2710 2717
4927 63 2712 2711 2722 2728
4928 63 2712 2711 2722 2729
4929 63 2724 2723 2722 2728
4930 63 2724 2723 2722 2729
4931 63 2724 2723 2734 2740
4932 63 2724 2723 2734 2741
4933 63 2736 2735 2734 2740
4934 63 2736 2735 2734 2741
4935 63 2736 2735 2746 2752
4936 63 2736 2735 2746 2753
4937 63 2748 2747 2746 2752
4938 63 2748 2747 2746 2753
4939 63 2748 2747 2758 2764
4940 63 2748 2747 2758 2765
4941 63 2760 2759 2758 2764
4942 63 2760 2759 2758 2765
4943 63 2760 2759 2770 2776
4944 63 2760 2759 2770 2777
4945 63 2772 2771 2770 2776
4946 63 2772 2771 2770 2777
4947 63 2772 2771 2782 2788
4948 63 2772 2771 2782 2789
4949 63 2784 2783 2782 2788
4950 63 2784 2783 2782 2789
4951 63 2784 2783 2794 2800
4952 63 2784 2783 2794 2801
4953 63 2796 2795 2794 2800
4954 63 2796 2795 2794 2801
4955 63 2796 2795 2806 2812
4956 63 2796 2795 2806 2813
4957 63 2808 2807 2806 2812
4958 63 2808 2807 2806 2813
4959 63 2808 2807 2818 2824
4960 63 2808 2807 2818 2825
4961 63 2820 2819 2818 2824
4962 63 2820 2819 2818 2825
4963 63 2820 2819 2830 2836
4964 63 2820 2819 2830 2837
4965 63 2832 2831 2830 2836
4966 63 2832 2831 2830 2837
4967 63 2832 2831 2842 2848
4968 63 2832 2831 2842 2849
4969 63 2844 2843 2842 2848
4970 63 2844 2843 2842 2849
4971 63 2844 2843 2854 2860
4972 63 2844 2843 2854 2861
4973 63 2856 2855 2854 2860
4974 63 2856 2855 2854 2861
4975 63 2856 2855 2866 2872
4976 63 2856 2855 2866 2873
4977 63 2868 2867 2866 2872
4978 63 2868 2867 2866 2873
4979 63 2868 2867 2878 2884
4980 63 2868 2867 2878 2885
4981 63 2880 2879 2878 2884
4982 63 2880 2879 2878 2885
4983 63 2880 2879 2890 2896
4984 63 2880 2879 2890 2897
4985 63 2892 2891 2890 2896
4986 63 2892 2891 2890 2897
4987 63 2892 2891 2902 2908
4988 63 2892 2891 2902 2909
4989 63 2904 2903 2902 2908
4990 63 2904 2903 2902 2909
4991 63 2904 2903 2914 2920
4992 63 2904 2903 2914 2921
4993 63 2916 2915 2914 2920
4994 63 2916 2915 2914 2921
4995 63 2916 2915 2926 2932
4996 63 2916 2915 2926 2933
4997 63 2928 2927 2926 2932
4998 63 2928 2927 2926 2933
4999 63 2928 2927 2938 2944
5000 63 2928 2927 2938 2945
5001 63 2940 2939 2938 2944
5002 63 2940 2939 2938 2945
5003 63 2940 2939 2950 2956
5004 63 2940 2939 2950 2957
5005 63 2952 2951 2950 2956
5006 63 2952 2951 2950 2957
5007 63 2952 2951 2962 2968
5008 63 2952 2951 2962 2969
5009 63 2964 2963 2962 2968
5010 63 2964 2963 2962 2969
5011 63 2964 2963 2974 2980
5012 63 2964 2963 2974 2981
5013 63 2976 2975 2974 2980
5014 63 2976 2975 2974 2981
5015 63 2976 2975 2986 2992
5016 63 2976 2975 2986 2993
5017 63 2988 2987 2986 2992
5018 63 2988 2987 2986 2993
5019 63 2988 2987 2998 3004
5020 63 2988 2987 2998 3005
5021 63 3013 3012 3024 3030
5022 63 3013 3012 3024 3031
5023 63 3026 3025 3024 3030
5024 63 3026 3025 3024 3031
5025 63 3026 3025 3036 3042
5026 63 3026 3025 3036 3043
5027 63 3038 3037 3036 3042
5028 63 3038 3037 3036 3043
5029 63 3038 3037 3048 3054
5030 63 3038 3037 3048 3055
5031 63 3050 3049 3048 3054
5032 63 3050 3049 3048 3055
5033 63 3050 3049 3060 3066
5034 63 3050 3049 3060 3067
5035 63 3062 3061 3060 3066
5036 63 3062 3061 3060 3067
5037 63 3062 3061 3072 3078
5038 63 3062 3061 3072 3079
5039 63 3074 3073 3072 3078
5040 63 3074 3073 3072 3079
5041 63 3074 3073 3084 3090
5042 63 3074 3073 3084 3091
5043 63 3086 3085 3084 3090
5044 63 3086 3085 3084 3091
5045 63 3086 3085 3096 3102
5046 63 3086 3085 3096 3103
5047 63 3098 3097 3096 3102
5048 63 3098 3097 3096 3103
5049 63 3098 3097 3108 3114
5050 63 3098 3097 3108 3115
5051 63 3110 3109 3108 3114
5052 63 3110 3109 3108 3115
5053 63 3110 3109 3120 3126
5054 63 3110 3109 3120 3127
5055 63 3122 3121 3120 3126
5056 63 3122 3121 3120 3127
5057 63 3122 3121 3132 3138
5058 63 3122 3121 3132 3139
5059 63 3134 3133 3132 3138
5060 63 3134 3133 3132 3139
5061 63 3134 3133 3144 3150
5062 63 3134 3133 3144 3151
5063 63 3146 3145 3144 3150
5064 63 3146 3145 3144 3151
5065 63 3146 3145 3156 3162
5066 63 3146 3145 3156 3163
5067 63 3158 3157 3156 3162
5068 63 3158 3157 3156 3163
5069 63 3158 3157 3168 3174
5070 63 3158 3157 3168 3175
5071 63 3170 3169 3168 3174
5072 63 3170 3169 3168 3175
5073 63 3170 3169 3180 3186
5074 63 3170 3169 3180 3187
5075 63 3182 3181 3180 3186
5076 63 3182 3181 3180 3187
5077 63 3182 3181 3192 3198
5078 63 3182 3181 3192 3199
5079 63 3194 3193 3192 3198
5080 63 3194 3193 3192 3199
5081 63 3194 3193 3204 3210
5082 63 3194 3193 3204 3211
5083 63 3206 3205 3204 3210
5084 63 3206 3205 3204 3211
5085 63 3206 3205 3216 3222
5086 63 3206 3205 3216 3223
5087 63 3218 3217 3216 3222
5088 63 3218 3217 3216 3223
5089 63 3218 3217 3228 3234
5090 63 3218 3217 3228 3235
5091 63 3230 3229 3228 3234
5092 63 3230 3229 3228 3235
5093 63 3230 3229 3240 3246
5094 63 3230 3229 3240 3247
5095 63 3242 3241 3240 3246
5096 63 3242 3241 3240 3247
5097 63 3242 3241 3252 3258
5098 63 3242 3241 3252 3259
5099 63 3254 3253 3252 3258
5100 63 3254 3253 3252 3259
5101 63 3254 3253 3264 3270
5102 63 3254 3253 3264 3271
5103 63 3266 3265 3264 3270
5104 63 3266 3265 3264 3271
5105 63 3266 3265 3276 3282
5106 63 3266 3265 3276 3283
5107 63 3278 3277 3276 3282
5108 63 3278 3277 3276 3283
5109 63 3278 3277 3288 3294
5110 63 3278 3277 3288 3295
5111 63 3290 3289 3288 3294
5112 63 3290 3289 3288 3295
5113 63 3290 3289 3300 3306
5114 63 3290 3289 3300 3307
5115 63 3302 3301 3300 3306
5116 63 3302 3301 3300 3307
5117 63 3302 3301 3312 3318
5118 63 3302 3301 3312 3319
5119 63 3314 3313 3312 3318
5120 63 3314 3313 3312 3319
5121 63 3314 3313 3324 3330
5122 63 3314 3313 3324 3331
5123 63 3326 3325 3324 3330
5124 63 3326 3325 3324 3331
5125 63 3326 3325 3336 3342
5126 63 3326 3325 3336 3343
5127 63 3338 3337 3336 3342
5128 63 3338 3337 3336 3343
5129 63 3338 3337 3348 3354
5130 63 3338 3337 3348 3355
5131 63 3350 3349 3348 3354
5132 63 3350 3349 3348 3355
5133 63 3350 3349 3360 3366
5134 63 3350 3349 3360 3367
5135 63 3362 3361 3360 3366
5136 63 3362 3361 3360 3367
5137 63 3362 3361 3372 3378
5138 63 3362 3361 3372 3379
5139 63 3374 3373 3372 3378
5140 63 3374 3373 3372 3379
5141 63 3374 3373 3384 3390
5142 63 3374 3373 3384 3391
5143 63 3386 3385 3384 3390
5144 63 3386 3385 3384 3391
5145 63 3386 3385 3396 3402
5146 63 3386 3385 3396 3403
5147 63 3398 3397 3396 3402
5148 63 3398 3397 3396 3403
5149 63 3398 3397 3408 3414
5150 63 3398 3397 3408 3415
5151 63 3410 3409 3408 3414
5152 63 3410 3409 3408 3415
5153 63 3410 3409 3420 3426
5154 63 3410 3409 3420 3427
5155 63 3422 3421 3420 3426
5156 63 3422 3421 3420 3427
5157 63 3422 3421 3432 3438
5158 63 3422 3421 3432 3439
5159 63 3434 3433 3432 3438
5160 63 3434 3433 3432 3439
5161 63 3434 3433 3444 3450
5162 63 3434 3433 3444 3451
5163 63 3446 3445 3444 3450
5164 63 3446 3445 3444 3451
5165 63 3446 3445 3456 3462
5166 63 3446 3445 3456 3463
5167 63 3458 3457 3456 3462
5168 63 3458 3457 3456 3463
5169 63 3458 3457 3468 3474
5170 63 3458 3457 3468 3475
5171 63 3470 3469 3468 3474
5172 63 3470 3469 3468 3475
5173 63 3470 3469 3480 3486
5174 63 3470 3469 3480 3487
5175 63 3482 3481 3480 3486
5176 63 3482 3481 3480 3487
5177 63 3482 3481 3492 3498
5178 63 3482 3481 3492 3499
5179 63 3494 3493 3492 3498
5180 63 3494 3493 3492 3499
5181 63 3494 3493 3504 3510
5182 63 3494 3493 3504 3511
5183 63 3506 3505 3504 3510
5184 63 3506 3505 3504 3511
5185 63 3506 3505 3516 3522
5186 63 3506 3505 3516 3523
5187 63 3518 3517 3516 3522
5188 63 3518 3517 3516 3523
5189 63 3518 3517 3528 3534
5190 63 3518 3517 3528 3535
5191 63 3530 3529 3528 3534
5192 63 3530 3529 3528 3535
5193 63 3530 3529 3540 3546
5194 63 3530 3529 3540 3547
5195 63 3542 3541 3540 3546
5196 63 3542 3541 3540 3547
5197 63 3542 3541 3552 3558
5198 63 3542 3541 3552 3559
5199 63 3554 3553 3552 3558
5200 63 3554 3553 3552 3559
5201 63 3554 3553 3564 3570
5202 63 3554 3553 3564 3571
5203 63 3566 3565 3564 3570
5204 63 3566 3565 3564 3571
5205 63 3566 3565 3576 3582
5206 63 3566 3565 3576 3583
5207 63 3578 3577 3576 3582
5208 63 3578 3577 3576 3583
5209 63 3578 3577 3588 3594
5210 63 3578 3577 3588 3595
5211 63 3590 3589 3588 3594
5212 63 3590 3589 3588 3595
5213 63 3590 3589 3600 3606
5214 63 3590 3589 3600 3607
5215 63 3615 3614 3626 3632
5216 63 3615 3614 3626 3633
5217 63 3628 3627 3626 3632
5218 63 3628 3627 3626 3633
5219 63 3628 3627 3638 3644
5220 63 3628 3627 3638 3645
5221 63 3640 3639 3638 3644
5222 63 3640 3639 3638 3645
5223 63 3640 3639 3650 3656
5224 63 3640 3639 3650 3657
5225 63 3652 3651 3650 3656
5226 63 3652 3651 3650 3657
5227 63 3652 3651 3662 3668
5228 63 3652 3651 3662 3669
5229 63 3664 3663 3662 3668
5230 63 3664 3663 3662 3669
5231 63 3664 3663 3674 3680
5232 63 3664 3663 3674 3681
5233 63 3676 3675 3674 3680
5234 63 3676 3675 3674 3681
5235 63 3676 3675 3686 3692
5236 63 3676 3675 3686 3693
5237 63 3688 3687 3686 3692
5238 63 3688 3687 3686 3693
5239 63 3688 3687 3698 3704
5240 63 3688 3687 3698 3705
5241 63 3700 3699 3698 3704
5242 63 3700 3699 3698 3705
5243 63 3700 3699 3710 3716
5244 63 3700 3699 3710 3717
5245 63 3712 3711 3710 3716
5246 63 3712 3711 3710 3717
5247 63 3712 3711 3722 3728
5248 63 3712 3711 3722 3729
5249 63 3724 3723 3722 3728
5250 63 3724 3723 3722 3729
5251 63 3724 3723 3734 3740
5252 63 3724 3723 3734 3741
5253 63 3736 3735 3734 3740
5254 63 3736 3735 3734 3741
5255 63 3736 3735 3746 3752
5256 63 3736 3735 3746 3753
5257 63 3748 3747 3746 3752
5258 63 3748 3747 3746 3753
5259 63 3748 3747 3758 3764
5260 63 3748 3747 3758 3765
5261 63 3760 3759 3758 3764
5262 63 3760 3759 3758 3765
5263 63 3760 3759 3770 3776
5264 63 3760 3759 3770 3777
5265 63 3772 3771 3770 3776
5266 63 3772 3771 3770 3777
5267 63 3772 3771 3782 3788
5268 63 3772 3771 3782 3789
5269 63 3784 3783 3782 3788
5270 63 3784 3783 3782 3789
5271 63 3784 3783 3794 3800
5272 63 3784 3783 3794 3801
5273 63 3796 3795 3794 3800
5274 63 3796 3795 3794 3801
5275 63 3796 3795 3806 3812
5276 63 3796 3795 3806 3813
5277 63 3808 3807 3806 3812
5278 63 3808 3807 3806 3813
5279 63 3808 3807 3818 3824
5280 63 3808 3807 3818 3825
5281 63 3820 3819 3818 3824
5282 63 3820 3819 3818 3825
5283 63 3820 3819 3830 3836
5284 63 3820 3819 3830 3837
5285 63 3832 3831 3830 3836
5286 63 3832 3831 3830 3837
5287 63 3832 3831 3842 3848
5288 63 3832 3831 3842 3849
5289 63 3844 3843 3842 3848
5290 63 3844 3843 3842 3849
5291 63 3844 3843 3854 3860
5292 63 3844 3843 3854 3861
5293 63 3856 3855 3854 3860
5294 63 3856 3855 3854 3861
5295 63 3856 3855 3866 3872
5296 63 3856 3855 3866 3873
5297 63 3868 3867 3866 3872
5298 63 3868 3867 3866 3873
5299 63 3868 3867 3878 3884
5300 63 3868 3867 3878 3885
5301 63 3880 3879 3878 3884
5302 63 3880 3879 3878 3885
5303 63 3880 3879 3890 3896
5304 63 3880 3879 3890 3897
5305 63 3892 3891 3890 3896
5306 63 3892 3891 3890 3897
5307 63 3892 3891 3902 3908
5308 63 3892 3891 3902 3909
5309 63 3904 3903 3902 3908
5310 63 3904 3903 3902 3909
5311 63 3904 3903 3914 3920
5312 63 3904 3903 3914 3921
5313 63 3916 3915 3914 3920
5314 63 3916 3915 3914 3921
5315 63 3916 3915 3926 3932
5316 63 3916 3915 3926 3933
5317 63 3928 3927 3926 3932
5318 63 3928 3927 3926 3933
5319 63 3928 3927 3938 3944
5320 63 3928 3927 3938 3945
5321 63 3940 3939 3938 3944
5322 63 3940 3939 3938 3945
5323 63 3940 3939 3950 3956
5324 63 3940 3939 3950 3957
5325 63 3952 3951 3950 3956
5326 63 3952 3951 3950 3957
5327 63 3952 3951 3962 3968
5328 63 3952 3951 3962 3969
5329 63 3964 3963 3962 3968
5330 63 3964 3963 3962 3969
5331 63 3964 3963 3974 3980
5332 63 3964 3963 3974 3981
5333 63 3976 3975 3974 3980
5334 63 3976 3975 3974 3981
5335 63 3976 3975 3986 3992
5336 63 3976 3975 3986 3993
5337 63 3988 3987 3986 3992
5338 63 3988 3987 3986 3993
5339 63 3988 3987 3998 4004
5340 63 3988 3987 3998 4005
5341 63 4000 3999 3998 4004
5342 63 4000 3999 3998 4005
5343 63 4000 3999 4010 4016
5344 63 4000 3999 4010 4017
5345 63 4012 4011 4010 4016
5346 63 4012 4011 4010 4017
5347 63 4012 4011 4022 4028
5348 63 4012 4011 4022 4029
5349 63 4024 4023 4022 4028
5350 63 4024 4023 4022 4029
5351 63 4024 4023 4034 4040
5352 63 4024 4023 4034 4041
5353 63 4036 4035 4034 4040
5354 63 4036 4035 4034 4041
5355 63 4036 4035 4046 4052
5356 63 4036 4035 4046 4053
5357 63 4048 4047 4046 4052
5358 63 4048 4047 4046 4053
5359 63 4048 4047 4058 4064
5360 63 4048 4047 4058 4065
5361 63 4060 4059 4058 4064
5362 63 4060 4059 4058 4065
5363 63 4060 4059 4070 4076
5364 63 4060 4059 4070 4077
5365 63 4072 4071 4070 4076
5366 63 4072 4071 4070 4077
5367 63 4072 4071 4082 4088
5368 63 4072 4071 4082 4089
5369 63 4084 4083 4082 4088
5370 63 4084 4083 4082 4089
5371 63 4084 4083 4094 4100
5372 63 4084 4083 4094 4101
5373 63 4096 4095 4094 4100
5374 63 4096 4095 4094 4101
5375 63 4096 4095 4106 4112
5376 63 4096 4095 4106 4113
5377 63 4108 4107 4106 4112
5378 63 4108 4107 4106 4113
5379 63 4108 4107 4118 4124
5380 63 4108 4107 4118 4125
5381 63 4120 4119 4118 4124
5382 63 4120 4119 4118 4125
5383 63 4120 4119 4130 4136
5384 63 4120 4119 4130 4137
5385 63 4132 4131 4130 4136
5386 63 4132 4131 4130 4137
5387 63 4132 4131 4142 4148
5388 63 4132 4131 4142 4149
5389 63 4144 4143 4142 4148
5390 63 4144 4143 4142 4149
5391 63 4144 4143 4154 4160
5392 63 4144 4143 4154 4161
5393 63 4156 4155 4154 4160
5394 63 4156 4155 4154 4161
5395 63 4156 4155 4166 4172
5396 63 4156 4155 4166 4173
5397 63 4168 4167 4166 4172
5398 63 4168 4167 4166 4173
5399 63 4168 4167 4178 4184
5400 63 4168 4167 4178 4185
5401 63 4180 4179 4178 4184
5402 63 4180 4179 4178 4185
5403 63 4180 4179 4190 4196
5404 63 4180 4179 4190 4197
5405 63 4192 4191 4190 4196
5406 63 4192 4191 4190 4197
5407 63 4192 4191 4202 4208
5408 63 4192 4191 4202 4209
5409 63 4217 4216 4228 4234
5410 63 4217 4216 4228 4235
5411 63 4230 4229 4228 4234
5412 63 4230 4229 4228 4235
5413 63 4230 4229 4240 4246
5414 63 4230 4229 4240 4247
5415 63 4242 4241 4240 4246
5416 63 4242 4241 4240 4247
5417 63 4242 4241 4252 4258
5418 63 4242 4241 4252 4259
5419 63 4254 4253 4252 4258
5420 63 4254 4253 4252 4259
5421 63 4254 4253 4264 4270
5422 63 4254 4253 4264 4271
5423 63 4266 4265 4264 4270
5424 63 4266 4265 4264 4271
5425 63 4266 4265 4276 4282
5426 63 4266 4265 4276 4283
5427 63 4278 4277 4276 4282
5428 63 4278 4277 4276 4283
5429 63 4278 4277 4288 4294
5430 63 4278 4277 4288 4295
5431 63 4290 4289 4288 4294
5432 63 4290 4289 4288 4295
5433 63 4290 4289 4300 4306
5434 63 4290 4289 4300 4307
5435 63 4302 4301 4300 4306
5436 63 4302 4301 4300 4307
5437 63 4302 4301 4312 4318
5438 63 4302 4301 4312 4319
5439 63 4314 4313 4312 4318
5440 63 4314 4313 4312 4319
5441 63 4314 4313 4324 4330
5442 63 4314 4313 4324 4331
5443 63 4326 4325 4324 4330
5444 63 4326 4325 4324 4331
5445 63 4326 4325 4336 4342
5446 63 4326 4325 4336 4343
5447 63 4338 4337 4336 4342
5448 63 4338 4337 4336 4343
5449 63 4338 4337 4348 4354
5450 63 4338 4337 4348 4355
5451 63 4350 4349 4348 4354
5452 63 4350 4349 4348 4355
5453 63 4350 4349 4360 4366
5454 63 4350 4349 4360 4367
5455 63 4362 4361 4360 4366
5456 63 4362 4361 4360 4367
5457 63 4362 4361 4372 4378
5458 63 4362 4361 4372 4379
5459 63 4374 4373 4372 4378
5460 63 4374 4373 4372 4379
5461 63 4374 4373 4384 4390
5462 63 4374 4373 4384 4391
5463 63 4386 4385 4384 4390
5464 63 4386 4385 4384 4391
5465 63 4386 4385 4396 4402
5466 63 4386 4385 4396 4403
5467 63 4398 4397 4396 4402
5468 63 4398 4397 4396 4403
5469 63 4398 4397 4408 4414
5470 63 4398 4397 4408 4415
5471 63 4410 4409 4408 4414
5472 63 4410 4409 4408 4415
5473 63 4410 4409 4420 4426
5474 63 4410 4409 4420 4427
5475 63 4422 4421 4420 4426
5476 63 4422 4421 4420 4427
5477 63 4422 4421 4432 4438
5478 63 4422 4421 4432 4439
5479 63 4434 4433 4432 4438
5480 63 4434 4433 4432 4439
5481 63 4434 4433 4444 4450
5482 63 4434 4433 4444 4451
5483 63 4446 4445 4444 4450
5484 63 4446 4445 4444 4451
5485 63 4446 4445 4456 4462
5486 63 4446 4445 4456 4463
5487 63 4458 4457 4456 4462
5488 63 4458 4457 4456 4463
5489 63 4458 4457 4468 4474
5490 63 4458 4457 4468 4475
5491 63 4470 4469 4468 4474
5492 63 4470 4469 4468 4475
5493 63 4470 4469 4480 4486
5494 63 4470 4469 4480 4487
5495 63 4482 4481 4480 4486
5496 63 4482 4481 4480 4487
5497 63 4482 4481 4492 4498
5498 63 4482 4481 4492 4499
5499 63 4494 4493 4492 4498
5500 63 4494 4493 4492 4499
5501 63 4494 4493 4504 4510
5502 63 4494 4493 4504 4511
5503 63 4506 4505 4504 4510
5504 63 4506 4505 4504 4511
5505 63 4506 4505 4516 4522
5506 63 4506 4505 4516 4523
5507 63 4518 4517 4516 4522
5508 63 4518 4517 4516 4523
5509 63 4518 4517 4528 4534
5510 63 4518 4517 4528 4535
5511 63 4530 4529 4528 4534
5512 63 4530 4529 4528 4535
5513 63 4530 4529 4540 4546
5514 63 4530 4529 4540 4547
5515 63 4542 4541 4540 4546
5516 63 4542 4541 4540 4547
5517 63 4542 4541 4552 4558
5518 63 4542 4541 4552 4559
5519 63 4554 4553 4552 4558
5520 63 4554 4553 4552 4559
5521 63 4554 4553 4564 4570
5522 63 4554 4553 4564 4571
5523 63 4566 4565 4564 4570
5524 63 4566 4565 4564 4571
5525 63 4566 4565 4576 4582
5526 63 4566 4565 4576 4583
5527 63 4578 4577 4576 4582
5528 63 4578 4577 4576 4583
5529 63 4578 4577 4588 4594
5530 63 4578 4577 4588 4595
5531 63 4590 4589 4588 4594
5532 63 4590 4589 4588 4595
5533 63 4590 4589 4600 4606
5534 63 4590 4589 4600 4607
5535 63 4602 4601 4600 4606
5536 63 4602 4601 4600 4607
5537 63 4602 4601 4612 4618
5538 63 4602 4601 4612 4619
5539 63 4614 4613 4612 4618
5540 63 4614 4613 4612 4619
5541 63 4614 4613 4624 4630
5542 63 4614 4613 4624 4631
5543 63 4626 4625 4624 4630
5544 63 4626 4625 4624 4631
5545 63 4626 4625 4636 4642
5546 63 4626 4625 4636 4643
5547 63 4638 4637 4636 4642
5548 63 4638 4637 4636 4643
5549 63 4638 4637 4648 4654
5550 63 4638 4637 4648 4655
5551 63 4650 4649 4648 4654
5552 63 4650 4649 4648 4655
5553 63 4650 4649 4660 4666
5554 63 4650 4649 4660 4667
5555 63 4662 4661 4660 4666
5556 63 4662 4661 4660 4667
5557 63 4662 4661 4672 4678
5558 63 4662 4661 4672 4679
5559 63 4674 4673 4672 4678
5560 63 4674 4673 4672 4679
5561 63 4674 4673 4684 4690
5562 63 4674 4673 4684 4691
5563 63 4686 4685 4684 4690
5564 63 4686 4685 4684 4691
5565 63 4686 4685 4696 4702
5566 63 4686 4685 4696 4703
5567 63 4698 4697 4696 4702
5568 63 4698 4697 4696 4703
5569 63 4698 4697 4708 4714
5570 63 4698 4697 4708 4715
5571 63 4710 4709 4708 4714
5572 63 4710 4709 4708 4715
5573 63 4710 4709 4720 4726
5574 63 4710 4709 4720 4727
5575 63 4722 4721 4720 4726
5576 63 4722 4721 4720 4727
5577 63 4722 4721 4732 4738
5578 63 4722 4721 4732 4739
5579 63 4734 4733 4732 4738
5580 63 4734 4733 4732 4739
5581 63 4734 4733 4744 4750
5582 63 4734 4733 4744 4751
5583 63 4746 4745 4744 4750
5584 63 4746 4745 4744 4751
5585 63 4746 4745 4756 4762
5586 63 4746 4745 4756 4763
5587 63 4758 4757 4756 4762
5588 63 4758 4757 4756 4763
5589 63 4758 4757 4768 4774
5590 63 4758 4757 4768 4775
5591 63 4770 4769 4768 4774
5592 63 4770 4769 4768 4775
5593 63 4770 4769 4780 4786
5594 63 4770 4769 4780 4787
5595 63 4782 4781 4780 4786
5596 63 4782 4781 4780 4787
5597 63 4782 4781 4792 4798
5598 63 4782 4781 4792 4799
5599 63 4794 4793 4792 4798
5600 63 4794 4793 4792 4799
5601 63 4794 4793 4804 4810
5602 63 4794 4793 4804 4811
5603 63 4819 4818 4830 4836
5604 63 4819 4818 4830 4837
5605 63 4832 4831 4830 4836
5606 63 4832 4831 4830 4837
5607 63 4832 4831 4842 4848
5608 63 4832 4831 4842 4849
5609 63 4844 4843 4842 4848
5610 63 4844 4843 4842 4849
5611 63 4844 4843 4854 4860
5612 63 4844 4843 4854 4861
5613 63 4856 4855 4854 4860
5614 63 4856 4855 4854 4861
5615 63 4856 4855 4866 4872
5616 63 4856 4855 4866 4873
5617 63 4868 4867 4866 4872
5618 63 4868 4867 4866 4873
5619 63 4868 4867 4878 4884
5620 63 4868 4867 4878 4885
5621 63 4880 4879 4878 4884
5622 63 4880 4879 4878 4885
5623 63 4880 4879 4890 4896
5624 63 4880 4879 4890 4897
5625 63 4892 4891 4890 4896
5626 63 4892 4891 4890 4897
5627 63 4892 4891 4902 4908
5628 63 4892 4891 4902 4909
5629 63 4904 4903 4902 4908
5630 63 4904 4903 4902 4909
5631 63 4904 4903 4914 4920
5632 63 4904 4903 4914 4921
5633 63 4916 4915 4914 4920
5634 63 4916 4915 4914 4921
5635 63 4916 4915 4926 4932
5636 63 4916 4915 4926 4933
5637 63 4928 4927 4926 4932
5638 63 4928 4927 4926 4933
5639 63 4928 4927 4938 4944
5640 63 4928 4927 4938 4945
5641 63 4940 4939 4938 4944
5642 63 4940 4939 4938 4945
5643 63 4940 4939 4950 4956
5644 63 4940 4939 4950 4957
5645 63 4952 4951 4950 4956
5646 63 4952 4951 4950 4957
5647 63 4952 4951 4962 4968
5648 63 4952 4951 4962 4969
5649 63 4964 4963 4962 4968
5650 63 4964 4963 4962 4969
5651 63 4964 4963 4974 4980
5652 63 4964 4963 4974 4981
5653 63 4976 4975 4974 4980
5654 63 4976 4975 4974 4981
5655 63 4976 4975 4986 4992
5656 63 4976 4975 4986 4993
5657 63 4988 4987 4986 4992
5658 63 4988 4987 4986 4993
5659 63 4988 4987 4998 5004
5660 63 4988 4987 4998 5005
5661 63 5000 4999 4998 5004
5662 63 5000 4999 4998 5005
5663 63 5000 4999 5010 5016
5664 63 5000 4999 5010 5017
5665 63 5012 5011 5010 5016
5666 63 5012 5011 5010 5017
5667 63 5012 5011 5022 5028
5668 63 5012 5011 5022 5029
5669 63 5024 5023 5022 5028
5670 63 5024 5023 5022 5029
5671 63 5024 5023 5034 5040
5672 63 5024 5023 5034 5041
5673 63 5036 5035 5034 5040
5674 63 5036 5035 5034 5041
5675 63 5036 5035 5046 5052
5676 63 5036 5035 5046 5053
5677 63 5048 5047 5046 5052
5678 63 5048 5047 5046 5053
5679 63 5048 5047 5058 5064
5680 63 5048 5047 5058 5065
5681 63 5060 5059 5058 5064
5682 63 5060 5059 5058 5065
5683 63 5060 5059 5070 5076
5684 63 5060 5059 5070 5077
5685 63 5072 5071 5070 5076
5686 63 5072 5071 5070 5077
5687 63 5072 5071 5082 5088
5688 63 5072 5071 5082 5089
5689 63 5084 5083 5082 5088
5690 63 5084 5083 5082 5089
5691 63 5084 5083 5094 5100
5692 63 5084 5083 5094 5101
5693 63 5096 5095 5094 5100
5694 63 5096 5095 5094 5101
5695 63 5096 5095 5106 5112
5696 63 5096 5095 5106 5113
5697 63 5108 5107 5106 5112
5698 63 5108 5107 5106 5113
5699 63 5108 5107 5118 5124
5700 63 5108 5107 5118 5125
5701 63 5120 5119 5118 5124
5702 63 5120 5119 5118 5125
5703 63 5120 5119 5130 5136
5704 63 5120 5119 5130 5137
5705 63 5132 5131 5130 5136
5706 63 5132 5131 5130 5137
5707 63 5132 5131 5142 5148
5708 63 5132 5131 5142 5149
5709 63 5144 5143 5142 5148
5710 63 5144 5143 5142 5149
5711 63 5144 5143 5154 5160
5712 63 5144 5143 5154 5161
5713 63 5156 5155 5154 5160
5714 63 5156 5155 5154 5161
5715 63 5156 5155 5166 5172
5716 63 5156 5155 5166 5173
5717 63 5168 5167 5166 5172
5718 63 5168 5167 5166 5173
5719 63 5168 5167 5178 5184
5720 63 5168 5167 5178 5185
5721 63 5180 5179 5178 5184
5722 63 5180 5179 5178 5185
5723 63 5180 5179 5190 5196
5724 63 5180 5179 5190 5197
5725 63 5192 5191 5190 5196
5726 63 5192 5191 5190 5197
5727 63 5192 5191 5202 5208
5728 63 5192 5191 5202 5209
5729 63 5204 5203 5202 5208
5730 63 5204 5203 5202 5209
5731 63 5204 5203 5214 5220
5732 63 5204 5203 5214 5221
5733 63 5216 5215 5214 5220
5734 63 5216 5215 5214 5221
5735 63 5216 5215 5226 5232
5736 63 5216 5215 5226 5233
5737 63 5228 5227 5226 5232
5738 63 5228 5227 5226 5233
5739 63 5228 5227 5238 5244
5740 63 5228 5227 5238 5245
5741 63 5240 5239 5238 5244
5742 63 5240 5239 5238 5245
5743 63 5240 5239 5250 5256
5744 63 5240 5239 5250 5257
5745 63 5252 5251 5250 5256
5746 63 5252 5251 5250 5257
5747 63 5252 5251 5262 5268
5748 63 5252 5251 5262 5269
5749 63 5264 5263 5262 5268
5750 63 5264 5263 5262 5269
5751 63 5264 5263 5274 5280
5752 63 5264 5263 5274 5281
5753 63 5276 5275 5274 5280
5754 63 5276 5275 5274 5281
5755 63 5276 5275 5286 5292
5756 63 5276 5275 5286 5293
5757 63 5288 5287 5286 5292
5758 63 5288 5287 5286 5293
5759 63 5288 5287 5298 5304
5760 63 5288 5287 5298 5305
5761 63 5300 5299 5298 5304
5762 63 5300 5299 5298 5305
5763 63 5300 5299 5310 5316
5764 63 5300 5299 5310 5317
5765 63 5312 5311 5310 5316
5766 63 5312 5311 5310 5317
5767 63 5312 5311 5322 5328
5768 63 5312 5311 5322 5329
5769 63 5324 5323 5322 5328
5770 63 5324 5323 5322 5329
5771 63 5324 5323 5334 5340
5772 63 5324 5323 5334 5341
5773 63 5336 5335 5334 5340
5774 63 5336 5335 5334 5341
5775 63 5336 5335 5346 5352
5776 63 5336 5335 5346 5353
5777 63 5348 5347 5346 5352
5778 63 5348 5347 5346 5353
5779 63 5348 5347 5358 5364
5780 63 5348 5347 5358 5365
5781 63 5360 5359 5358 5364
5782 63 5360 5359 5358 5365
5783 63 5360 5359 5370 5376
5784 63 5360 5359 5370 5377
5785 63 5372 5371 5370 5376
5786 63 5372 5371 5370 5377
5787 63 5372 5371 5382 5388
5788 63 5372 5371 5382 5389
5789 63 5384 5383 5382 5388
5790 63 5384 5383 5382 5389
5791 63 5384 5383 5394 5400
5792 63 5384 5383 5394 5401
5793 63 5396 5395 5394 5400
5794 63 5396 5395 5394 5401
5795 63 5396 5395 5406 5412
5796 63 5396 5395 5406 5413
5797 63 5421 5420 5432 5438
5798 63 5421 5420 5432 5439
5799 63 5434 5433 5432 5438
5800 63 5434 5433 5432 5439
5801 63 5434 5433 5444 5450
5802 63 5434 5433 5444 5451
5803 63 5446 5445 5444 5450
5804 63 5446 5445 5444 5451
5805 63 5446 5445 5456 5462
5806 63 5446 5445 5456 5463
5807 63 5458 5457 5456 5462
5808 63 5458 5457 5456 5463
5809 63 5458 5457 5468 5474
5810 63 5458 5457 5468 5475
5811 63 5470 5469 5468 5474
5812 63 5470 5469 5468 5475
5813 63 5470 5469 5480 5486
5814 63 5470 5469 5480 5487
5815 63 5482 5481 5480 5486
5816 63 5482 5481 5480 5487
5817 63 5482 5481 5492 5498
5818 63 5482 5481 5492 5499
5819 63 5494 5493 5492 5498
5820 63 5494 5493 5492 5499
5821 63 5494 5493 5504 5510
5822 63 5494 5493 5504 5511
5823 63 5506 5505 5504 5510
5824 63 5506 5505 5504 5511
5825 63 5506 5505 5516 5522
5826 63 5506 5505 5516 5523
5827 63 5518 5517 5516 5522
5828 63 5518 5517 5516 5523
5829 63 5518 5517 5528 5534
5830 63 5518 5517 5528 5535
5831 63 5530 5529 5528 5534
5832 63 5530 5529 5528 5535
5833 63 5530 5529 5540 5546
5834 63 5530 5529 5540 5547
5835 63 5542 5541 5540 5546
5836 63 5542 5541 5540 5547
5837 63 5542 5541 5552 5558
5838 63 5542 5541 5552 5559
5839 63 5554 5553 5552 5558
5840 63 5554 5553 5552 5559
5841 63 5554 5553 5564 5570
5842 63 5554 5553 5564 5571
5843 63 5566 5565 5564 5570
5844 63 5566 5565 5564 5571
5845 63 5566 5565 5576 5582
5846 63 5566 5565 5576 5583
5847 63 5578 5577 5576 5582
5848 63 5578 5577 5576 5583
5849 63 5578 5577 5588 5594
5850 63 5578 5577 5588 5595
5851 63 5590 5589 5588 5594
5852 63 5590 5589 5588 5595
5853 63 5590 5589 5600 5606
5854 63 5590 5589 5600 5607
5855 63 5602 5601 5600 5606
5856 63 5602 5601 5600 5607
5857 63 5602 5601 5612 5618
5858 63 5602 5601 5612 5619
5859 63 5614 5613 5612 5618
5860 63 5614 5613 5612 5619
5861 63 5614 5613 5624 5630
5862 63 5614 5613 5624 5631
5863 63 5626 5625 5624 5630
5864 63 5626 5625 5624 5631
5865 63 5626 5625 5636 5642
5866 63 5626 5625 5636 5643
5867 63 5638 5637 5636 5642
5868 63 5638 5637 5636 5643
5869 63 5638 5637 5648 5654
5870 63 5638 5637 5648 5655
5871 63 5650 5649 5648 5654
5872 63 5650 5649 5648 5655
5873 63 5650 5649 5660 5666
5874 63 5650 5649 5660 5667
5875 63 5662 5661 5660 5666
5876 63 5662 5661 5660 5667
5877 63 5662 5661 5672 5678
5878 63 5662 5661 5672 5679
5879 63 5674 5673 5672 5678
5880 63 5674 5673 5672 5679
5881 63 5674 5673 5684 5690
5882 63 5674 5673 5684 5691
5883 63 5686 5685 5684 5690
5884 63 5686 5685 5684 5691
5885 63 5686 5685 5696 5702
5886 63 5686 5685 5696 5703
5887 63 5698 5697 5696 5702
5888 63 5698 5697 5696 5703
5889 63 5698 5697 5708 5714
5890 63 5698 5697 5708 5715
5891 63 5710 5709 5708 5714
5892 63 5710 5709 5708 5715
5893 63 5710 5709 5720 5726
5894 63 5710 5709 5720 5727
5895 63 5722 5721 5720 5726
5896 63 5722 5721 5720 5727
5897 63 5722 5721 5732 5738
5898 63 5722 5721 5732 5739
5899 63 5734 5733 5732 5738
5900 63 5734 5733 5732 5739
5901 63 5734 5733 5744 5750
5902 63 5734 5733 5744 5751
5903 63 5746 5745 5744 5750
5904 63 5746 5745 5744 5751
5905 63 5746 5745 5756 5762
5906 63 5746 5745 5756 5763
5907 63 5758 5757 5756 5762
5908 63 5758 5757 5756 5763
5909 63 5758 5757 5768 5774
5910 63 5758 5757 5768 5775
5911 63 5770 5769 5768 5774
5912 63 5770 5769 5768 5775
5913 63 5770 5769 5780 5786
5914 63 5770 5769 5780 5787
5915 63 5782 5781 5780 5786
5916 63 5782 5781 5780 5787
5917 63 5782 5781 5792 5798
5918 63 5782 5781 5792 5799
5919 63 5794 5793 5792 5798
5920 63 5794 5793 5792 5799
5921 63 5794 5793 5804 5810
5922 63 5794 5793 5804 5811
5923 63 5806 5805 5804 5810
5924 63 5806 5805 5804 5811
5925 63 5806 5805 5816 5822
5926 63 5806 5805 5816 5823
5927 63 5818 5817 5816 5822
5928 63 5818 5817 5816 5823
5929 63 5818 5817 5828 5834
5930 63 5818 5817 5828 5835
5931 63 5830 5829 5828 5834
5932 63 5830 5829 5828 5835
5933 63 5830 5829 5840 5846
5934 63 5830 5829 5840 5847
5935 63 5842 5841 5840 5846
5936 63 5842 5841 5840 5847
5937 63 5842 5841 5852 5858
5938 63 5842 5841 5852 5859
5939 63 5854 5853 5852 5858
5940 63 5854 5853 5852 5859
5941 63 5854 5853 5864 5870
5942 63 5854 5853 5864 5871
5943 63 5866 5865 5864 5870
5944 63 5866 5865 5864 5871
5945 63 5866 5865 5876 5882
5946 63 5866 5865 5876 5883
5947 63 5878 5877 5876 5882
5948 63 5878 5877 5876 5883
5949 63 5878 5877 5888 5894
5950 63 5878 5877 5888 5895
5951 63 5890 5889 5888 5894
5952 63 5890 5889 5888 5895
5953 63 5890 5889 5900 5906
5954 63 5890 5889 5900 5907
5955 63 5902 5901 5900 5906
5956 63 5902 5901 5900 5907
5957 63 5902 5901 5912 5918
5958 63 5902 5901 5912 5919
5959 63 5914 5913 5912 5918
5960 63 5914 5913 5912 5919
5961 63 5914 5913 5924 5930
5962 63 5914 5913 5924 5931
5963 63 5926 5925 5924 5930
5964 63 5926 5925 5924 5931
5965 63 5926 5925 5936 5942
5966 63 5926 5925 5936 5943
5967 63 5938 5937 5936 5942
5968 63 5938 5937 5936 5943
5969 63 5938 5937 5948 5954
5970 63 5938 5937 5948 5955
5971 63 5950 5949 5948 5954
5972 63 5950 5949 5948 5955
5973 63 5950 5949 5960 5966
5974 63 5950 5949 5960 5967
5975 63 5962 5961 5960 5966
5976 63 5962 5961 5960 5967
5977 63 5962 5961 5972 5978
5978 63 5962 5961 5972 5979
5979 63 5974 5973 5972 5978
5980 63 5974 5973 5972 5979
5981 63 5974 5973 5984 5990
5982 63 5974 5973 5984 5991
5983 63 5986 5985 5984 5990
5984 63 5986 5985 5984 5991
5985 63 5986 5985 5996 6002
5986 63 5986 5985 5996 6003
5987 63 5998 5997 5996 6002
5988 63 5998 5997 5996 6003
5989 63 5998 5997 6008 6014
5990 63 5998 5997 6008 6015
5991 119 596 590 591 598
5992 119 597 590 591 598
5993 119 596 590 591 599
5994 119 597 590 591 599
5995 119 1198 1192 1193 1200
5996 119 1199 1192 1193 1200
5997 119 1198 1192 1193 1201
5998 119 1199 1192 1193 1201
5999 119 1800 1794 1795 1802
6000 119 1801 1794 1795 1802
6001 119 1800 1794 1795 1803
6002 119 1801 1794 1795 1803
6003 119 2402 2396 2397 2404
6004 119 2403 2396 2397 2404
6005 119 2402 2396 2397 2405
6006 119 2403 2396 2397 2405
6007 119 3004 2998 2999 3006
6008 119 3005 2998 2999 3006
6009 119 3004 2998 2999 3007
6010 119 3005 2998 2999 3007
6011 119 3606 3600 3601 3608
6012 119 3607 3600 3601 3608
6013 119 3606 3600 3601 3609
6014 119 3607 3600 3601 3609
6015 119 4208 4202 4203 4210
6016 119 4209 4202 4203 4210
6017 119 4208 4202 4203 4211
6018 119 4209 4202 4203 4211
6019 119 4810 4804 4805 4812
6020 119 4811 4804 4805 4812
6021 119 4810 4804 4805 4813
6022 119 4811 4804 4805 4813
6023 119 5412 5406 5407 5414
6024 119 5413 5406 5407 5414
6025 119 5412 5406 5407 5415
6026 119 5413 5406 5407 5415
6027 119 6014 6008 6009 6016
6028 119 6015 6008 6009 6016
6029 119 6014 6008 6009 6017
6030 119 6015 6008 6009 6017
6031 125 7 1 2 10
6032 125 8 1 2 10
6033 125 9 1 2 10
6034 125 609 603 604 612
6035 125 610 603 604 612
6036 125 611 603 604 612
6037 125 1211 1205 1206 1214
6038 125 1212 1205 1206 1214
6039 125 1213 1205 1206 1214
6040 125 1813 1807 1808 1816
6041 125 1814 1807 1808 1816
6042 125 1815 1807 1808 1816
6043 125 2415 2409 2410 2418
6044 125 2416 2409 2410 2418
6045 125 2417 2409 2410 2418
6046 125 3017 3011 3012 3020
6047 125 3018 3011 3012 3020
6048 125 3019 3011 3012 3020
6049 125 3619 3613 3614 3622
6050 125 3620 3613 3614 3622
6051 125 3621 3613 3614 3622
6052 125 4221 4215 4216 4224
6053 125 4222 4215 4216 4224
6054 125 4223 4215 4216 4224
6055 125 4823 4817 4818 4826
6056 125 4824 4817 4818 4826
6057 125 4825 4817 4818 4826
6058 125 5425 5419 5420 5428
6059 125 5426 5419 5420 5428
6060 125 5427 5419 5420 5428
6061 127 10 2 14 20
6062 127 10 2 14 21
6063 127 20 14 15 22
6064 127 21 14 15 22
6065 127 22 15 26 32
6066 127 22 15 26 33
6067 127 32 26 27 34
6068 127 33 26 27 34
6069 127 34 27 38 44
6070 127 34 27 38 45
6071 127 44 38 39 46
6072 127 45 38 39 46
6073 127 46 39 50 56
6074 127 46 39 50 57
6075 127 56 50 51 58
6076 127 57 50 51 58
6077 127 58 51 62 68
6078 127 58 51 62 69
6079 127 68 62 63 70
6080 127 69 62 63 70
6081 127 70 63 74 80
6082 127 70 63 74 81
6083 127 80 74 75 82
6084 127 81 74 75 82
6085 127 82 75 86 92
6086 127 82 75 86 93
6087 127 92 86 87 94
6088 127 93 86 87 94
6089 127 94 87 98 104
6090 127 94 87 98 105
6091 127 104 98 99 106
6092 127 105 98 99 106
6093 127 106 99 110 116
6094 127 106 99 110 117
6095 127 116 110 111 118
6096 127 117 110 111 118
6097 127 118 111 122 128
6098 127 118 111 122 129
6099 127 128 122 123 130
6100 127 129 122 123 130
6101 127 130 123 134 140
6102 127 130 123 134 141
6103 127 140 134 135 142
6104 127 141 134 135 142
6105 127 142 135 146 152
6106 127 142 135 146 153
6107 127 152 146 147 154
6108 127 153 146 147 154
6109 127 154 147 158 164
6110 127 154 147 158 165
6111 127 164 158 159 166
6112 127 165 158 159 166
6113 127 166 159 170 176
6114 127 166 159 170 177
6115 127 176 170 171 178
6116 127 177 170 171 178
6117 127 178 171 182 188
6118 127 178 171 182 189
6119 127 188 182 183 190
6120 127 189 182 183 190
6121 127 190 183 194 200
6122 127 190 183 194 201
6123 127 200 194 195 202
6124 127 201 194 195 202
6125 127 202 195 206 212
6126 127 202 195 206 213
6127 127 212 206 207 214
6128 127 213 206 207 214
6129 127 214 207 218 224
6130 127 214 207 218 225
6131 127 224 218 219 226
6132 127 225 218 219 226
6133 127 226 219 230 236
6134 127 226 219 230 237
6135 127 236 230 231 238
6136 127 237 230 231 238
6137 127 238 231 242 248
6138 127 238 231 242 249
6139 127 248 242 243 250
6140 127 249 242 243 250
6141 127 250 243 254 260
6142 127 250 243 254 261
6143 127 260 254 255 262
6144 127 261 254 255 262
6145 127 262 255 266 272
6146 127 262 255 266 273
6147 127 272 266 267 274
6148 127 273 266 267 274
6149 127 274 267 278 284
6150 127 274 267 278 285
6151 127 284 278 279 286
6152 127 285 278 279 286
6153 127 286 279 290 296
6154 127 286 279 290 297
6155 127 296 290 291 298
6156 127 297 290 291 298
6157 127 298 291 302 308
6158 127 298 291 302 309
6159 127 308 302 303 310
6160 127 309 302 303 310
6161 127 310 303 314 320
6162 127 310 303 314 321
6163 127 320 314 315 322
6164 127 321 314 315 322
6165 127 322 315 326 332
6166 127 322 315 326 333
6167 127 332 326 327 334
6168 127 333 326 327 334
6169 127 334 327 338 344
6170 127 334 327 338 345
6171 127 344 338 339 346
6172 127 345 338 339 346
6173 127 346 339 350 356
6174 127 346 339 350 357
6175 127 356 350 351 358
6176 127 357 350 351 358
6177 127 358 351 362 368
6178 127 358 351 362 369
6179 127 368 362 363 370
6180 127 369 362 363 370
6181 127 370 363 374 380
6182 127 370 363 374 381
6183 127 380 374 375 382
6184 127 381 374 375 382
6185 127 382 375 386 392
6186 127 382 375 386 393
6187 127 392 386 387 394
6188 127 393 386 387 394
6189 127 394 387 398 404
6190 127 394 387 398 405
6191 127 404 398 399 406
6192 127 405 398 399 406
6193 127 406 399 410 416
6194 127 406 399 410 417
6195 127 416 410 411 418
6196 127 417 410 411 418
6197 127 418 411 422 428
6198 127 418 411 422 429
6199 127 428 422 423 430
6200 127 429 422 423 430
6201 127 430 423 434 440
6202 127 430 423 434 441
6203 127 440 434 435 442
6204 127 441 434 435 442
6205 127 442 435 446 452
6206 127 442 435 446 453
6207 127 452 446 447 454
6208 127 453 446 447 454
6209 127 454 447 458 464
6210 127 454 447 458 465
6211 127 464 458 459 466
6212 127 465 458 459 466
6213 127 466 459 470 476
6214 127 466 459 470 477
6215 127 476 470 471 478
6216 127 477 470 471 478
6217 127 478 471 482 488
6218 127 478 471 482 489
6219 127 488 482 483 490
6220 127 489 482 483 490
6221 127 490 483 494 500
6222 127 490 483 494 501
6223 127 500 494 495 502
6224 127 501 494 495 502
6225 127 502 495 506 512
6226 127 502 495 506 513
6227 127 512 506 507 514
6228 127 513 506 507 514
6229 127 514 507 518 524
6230 127 514 507 518 525
6231 127 524 518 519 526
6232 127 525 518 519 526
6233 127 526 519 530 536
6234 127 526 519 530 537
6235 127 536 530 531 538
6236 127 537 530 531 538
6237 127 538 531 542 548
6238 127 538 531 542 549
6239 127 548 542 543 550
6240 127 549 542 543 550
6241 127 550 543 554 560
6242 127 550 543 554 561
6243 127 560 554 555 562
6244 127 561 554 555 562
6245 127 562 555 566 572
6246 127 562 555 566 573
6247 127 572 566 567 574
6248 127 573 566 567 574
6249 127 574 567 578 584
6250 127 574 567 578 585
6251 127 584 578 579 586
6252 127 585 578 579 586
6253 127 586 579 590 596
6254 127 586 579 590 597
6255 127 612 604 616 622
6256 127 612 604 616 623
6257 127 622 616 617 624
6258 127 623 616 617 624
6259 127 624 617 628 634
6260 127 624 617 628 635
6261 127 634 628 629 636
6262 127 635 628 629 636
6263 127 636 629 640 646
6264 127 636 629 640 647
6265 127 646 640 641 648
6266 127 647 640 641 648
6267 127 648 641 652 658
6268 127 648 641 652 659
6269 127 658 652 653 660
6270 127 659 652 653 660
6271 127 660 653 664 670
6272 127 660 653 664 671
6273 127 670 664 665 672
6274 127 671 664 665 672
6275 127 672 665 676 682
6276 127 672 665 676 683
6277 127 682 676 677 684
6278 127 683 676 677 684
6279 127 684 677 688 694
6280 127 684 677 688 695
6281 127 694 688 689 696
6282 127 695 688 689 696
6283 127 696 689 700 706
6284 127 696 689 700 707
6285 127 706 700 701 708
6286 127 707 700 701 708
6287 127 708 701 712 718
6288 127 708 701 712 719
6289 127 718 712 713 720
6290 127 719 712 713 720
6291 127 720 713 724 730
6292 127 720 713 724 731
6293 127 730 724 725 732
6294 127 731 724 725 732
6295 127 732 725 736 742
6296 127 732 725 736 743
6297 127 742 736 737 744
6298 127 743 736 737 744
6299 127 744 737 748 754
6300 127 744 737 748 755
6301 127 754 748 749 756
6302 127 755 748 749 756
6303 127 756 749 760 766
6304 127 756 749 760 767
6305 127 766 760 761 768
6306 127 767 760 761 768
6307 127 768 761 772 778
6308 127 768 761 772 779
6309 127 778 772 773 780
6310 127 779 772 773 780
6311 127 780 773 784 790
6312 127 780 773 784 791
6313 127 790 784 785 792
6314 127 791 784 785 792
6315 127 792 785 796 802
6316 127 792 785 796 803
6317 127 802 796 797 804
6318 127 803 796 797 804
6319 127 804 797 808 814
6320 127 804 797 808 815
6321 127 814 808 809 816
6322 127 815 808 809 816
6323 127 816 809 820 826
6324 127 816 809 820 827
6325 127 826 820 821 828
6326 127 827 820 821 828
6327 127 828 821 832 838
6328 127 828 821 832 839
6329 127 838 832 833 840
6330 127 839 832 833 840
6331 127 840 833 844 850
6332 127 840 833 844 851
6333 127 850 844 845 852
6334 127 851 844 845 852
6335 127 852 845 856 862
6336 127 852 845 856 863
6337 127 862 856 857 864
6338 127 863 856 857 864
6339 127 864 857 868 874
6340 127 864 857 868 875
6341 127 874 868 869 876
6342 127 875 868 869 876
6343 127 876 869 880 886
6344 127 876 869 880 887
6345 127 886 880 881 888
6346 127 887 880 881 888
6347 127 888 881 892 898
6348 127 888 881 892 899
6349 127 898 892 893 900
6350 127 899 892 893 900
6351 127 900 893 904 910
6352 127 900 893 904 911
6353 127 910 904 905 912
6354 127 911 904 905 912
6355 127 912 905 916 922
6356 127 912 905 916 923
6357 127 922 916 917 924
6358 127 923 916 917 924
6359 127 924 917 928 934
6360 127 924 917 928 935
6361 127 934 928 929 936
6362 127 935 928 929 936
6363 127 936 929 940 946
6364 127 936 929 940 947
6365 127 946 940 941 948
6366 127 947 940 941 948
6367 127 948 941 952 958
6368 127 948 941 952 959
6369 127 958 952 953 960
6370 127 959 952 953 960
6371 127 960 953 964 970
6372 127 960 953 964 971
6373 127 970 964 965 972
6374 127 971 964 965 972
6375 127 972 965 976 982
6376 127 972 965 976 983
6377 127 982 976 977 984
6378 127 983 976 977 984
6379 127 984 977 988 994
6380 127 984 977 988 995
6381 127 994 988 989 996
6382 127 995 988 989 996
6383 127 996 989 1000 1006
6384 127 996 989 1000 1007
6385 127 1006 1000 1001 1008
6386 127 1007 1000 1001 1008
6387 127 1008 1001 1012 1018
6388 127 1008 1001 1012 1019
6389 127 1018 1012 1013 1020
6390 127 1019 1012 1013 1020
6391 127 1020 1013 1024 1030
6392 127 1020 1013 1024 1031
6393 127 1030 1024 1025 1032
6394 127 1031 1024 1025 1032
6395 127 1032 1025 1036 1042
6396 127 1032 1025 1036 1043
6397 127 1042 1036 1037 1044
6398 127 1043 1036 1037 1044
6399 127 1044 1037 1048 1054
6400 127 1044 1037 1048 1055
6401 127 1054 1048 1049 1056
6402 127 1055 1048 1049 1056
6403 127 1056 1049 1060 1066
6404 127 1056 1049 1060 1067
6405 127 1066 1060 1061 1068
6406 127 1067 1060 1061 1068
6407 127 1068 1061 1072 1078
6408 127 1068 1061 1072 1079
6409 127 1078 1072 1073 1080
6410 127 1079 1072 1073 1080
6411 127 1080 1073 1084 1090
6412 127 1080 1073 1084 1091
6413 127 1090 1084 1085 1092
6414 127 1091 1084 1085 1092
6415 127 1092 1085 1096 1102
6416 127 1092 1085 1096 1103
6417 127 1102 1096 1097 1104
6418 127 1103 1096 1097 1104
6419 127 1104 1097 1108 1114
6420 127 1104 1097 1108 1115
6421 127 1114 1108 1109 1116
6422 127 1115 1108 1109 1116
6423 127 1116 1109 1120 1126
6424 127 1116 1109 1120 1127
6425 127 1126 1120 1121 1128
6426 127 1127 1120 1121 1128
6427 127 1128 1121 1132 1138
6428 127 1128 1121 1132 1139
6429 127 1138 1132 1133 1140
6430 127 1139 1132 1133 1140
6431 127 1140 1133 1144 1150
6432 127 1140 1133 1144 1151
6433 127 1150 1144 1145 1152
6434 127 1151 1144 1145 1152
6435 127 1152 1145 1156 1162
6436 127 1152 1145 1156 1163
6437 127 1162 1156 1157 1164
6438 127 1163 1156 1157 1164
6439 127 1164 1157 1168 1174
6440 127 1164 1157 1168 1175
6441 127 1174 1168 1169 1176
6442 127 1175 1168 1169 1176
6443 127 1176 1169 1180 1186
6444 127 1176 1169 1180 1187
6445 127 1186 1180 1181 1188
6446 127 1187 1180 1181 1188
6447 127 1188 1181 1192 1198
6448 127 1188 1181 1192 1199
6449 127 1214 1206 1218 1224
6450 127 1214 1206 1218 1225
6451 127 1224 1218 1219 1226
6452 127 1225 1218 1219 1226
6453 127 1226 1219 1230 1236
6454 127 1226 1219 1230 1237
6455 127 1236 1230 1231 1238
6456 127 1237 1230 1231 1238
6457 127 1238 1231 1242 1248
6458 127 1238 1231 1242 1249
6459 127 1248 1242 1243 1250
6460 127 1249 1242 1243 1250
6461 127 1250 1243 1254 1260
6462 127 1250 1243 1254 1261
6463 127 1260 1254 1255 1262
6464 127 1261 1254 1255 1262
6465 127 1262 1255 1266 1272
6466 127 1262 1255 1266 1273
6467 127 1272 1266 1267 1274
6468 127 1273 1266 1267 1274
6469 127 1274 1267 1278 1284
6470 127 1274 1267 1278 1285
6471 127 1284 1278 1279 1286
6472 127 1285 1278 1279 1286
6473 127 1286 1279 1290 1296
6474 127 1286 1279 1290 1297
6475 127 1296 1290 1291 1298
6476 127 1297 1290 1291 1298
6477 127 1298 1291 1302 1308
6478 127 1298 1291 1302 1309
6479 127 1308 1302 1303 1310
6480 127 1309 1302 1303 1310
6481 127 1310 1303 1314 1320
6482 127 1310 1303 1314 1321
6483 127 1320 1314 1315 1322
6484 127 1321 1314 1315 1322
6485 127 1322 1315 1326 1332
6486 127 1322 1315 1326 1333
6487 127 1332 1326 1327 1334
6488 127 1333 1326 1327 1334
6489 127 1334 1327 1338 1344
6490 127 1334 1327 1338 1345
6491 127 1344 1338 1339 1346
6492 127 1345 1338 1339 1346
6493 127 1346 1339 1350 1356
6494 127 1346 1339 1350 1357
6495 127 1356 1350 1351 1358
6496 127 1357 1350 1351 1358
6497 127 1358 1351 1362 1368
6498 127 1358 1351 1362 1369
6499 127 1368 1362 1363 1370
6500 127 1369 1362 1363 1370
6501 127 1370 1363 1374 1380
6502 127 1370 1363 1374 1381
6503 127 1380 1374 1375 1382
6504 127 1381 1374 1375 1382
6505 127 1382 1375 1386 1392
6506 127 1382 1375 1386 1393
6507 127 1392 1386 1387 1394
6508 127 1393 1386 1387 1394
6509 127 1394 1387 1398 1404
6510 127 1394 1387 1398 1405
6511 127 1404 1398 1399 1406
6512 127 1405 1398 1399 1406
6513 127 1406 1399 1410 1416
6514 127 1406 1399 1410 1417
6515 127 1416 1410 1411 1418
6516 127 1417 1410 1411 1418
6517 127 1418 1411 1422 1428
6518 127 1418 1411 1422 1429
6519 127 1428 1422 1423 1430
6520 127 1429 1422 1423 1430
6521 127 1430 1423 1434 1440
6522 127 1430 1423 1434 1441
6523 127 1440 1434 1435 1442
6524 127 1441 1434 1435 1442
6525 127 1442 1435 1446 1452
6526 127 1442 1435 1446 1453
6527 127 1452 1446 1447 1454
6528 127 1453 1446 1447 1454
6529 127 1454 1447 1458 1464
6530 127 1454 1447 1458 1465
6531 127 1464 1458 1459 1466
6532 127 1465 1458 1459 1466
6533 127 1466 1459 1470 1476
6534 127 1466 1459 1470 1477
6535 127 1476 1470 1471 1478
6536 127 1477 1470 1471 1478
6537 127 1478 1471 1482 1488
6538 127 1478 1471 1482 1489
6539 127 1488 1482 1483 1490
6540 127 1489 1482 1483 1490
6541 127 1490 1483 1494 1500
6542 127 1490 1483 1494 1501
6543 127 1500 1494 1495 1502
6544 127 1501 1494 1495 1502
6545 127 1502 1495 1506 1512
6546 127 1502 1495 1506 1513
6547 127 1512 1506 1507 1514
6548 127 1513 1506 1507 1514
6549 127 1514 1507 1518 1524
6550 127 1514 1507 1518 1525
6551 127 1524 1518 1519 1526
6552 127 1525 1518 1519 1526
6553 127 1526 1519 1530 1536
6554 127 1526 1519 1530 1537
6555 127 1536 1530 1531 1538
6556 127 1537 1530 1531 1538
6557 127 1538 1531 1542 1548
6558 127 1538 1531 1542 1549
6559 127 1548 1542 1543 1550
6560 127 1549 1542 1543 1550
6561 127 1550 1543 1554 1560
6562 127 1550 1543 1554 1561
6563 127 1560 1554 1555 1562
6564 127 1561 1554 1555 1562
6565 127 1562 1555 1566 1572
6566 127 1562 1555 1566 1573
6567 127 1572 1566 1567 1574
6568 127 1573 1566 1567 1574
6569 127 1574 1567 1578 1584
6570 127 1574 1567 1578 1585
6571 127 1584 1578 1579 1586
6572 127 1585 1578 1579 1586
6573 127 1586 1579 1590 1596
6574 127 1586 1579 1590 1597
6575 127 1596 1590 1591 1598
6576 127 1597 1590 1591 1598
6577 127 1598 1591 1602 1608
6578 127 1598 1591 1602 1609
6579 127 1608 1602 1603 1610
6580 127 1609 1602 1603 1610
6581 127 1610 1603 1614 1620
6582 127 1610 1603 1614 1621
6583 127 1620 1614 1615 1622
6584 127 1621 1614 1615 1622
6585 127 1622 1615 1626 1632
6586 127 1622 1615 1626 1633
6587 127 1632 1626 1627 1634
6588 127 1633 1626 1627 1634
6589 127 1634 1627 1638 1644
6590 127 1634 1627 1638 1645
6591 127 1644 1638 1639 1646
6592 127 1645 1638 1639 1646
6593 127 1646 1639 1650 1656
6594 127 1646 1639 1650 1657
6595 127 1656 1650 1651 1658
6596 127 1657 1650 1651 1658
6597 127 1658 1651 1662 1668
6598 127 1658 1651 1662 1669
6599 127 1668 1662 1663 1670
6600 127 1669 1662 1663 1670
6601 127 1670 1663 1674 1680
6602 127 1670 1663 1674 1681
6603 127 1680 1674 1675 1682
6604 127 1681 1674 1675 1682
6605 127 1682 1675 1686 1692
6606 127 1682 1675 1686 1693
6607 127 1692 1686 1687 1694
6608 127 1693 1686 1687 1694
6609 127 1694 1687 1698 1704
6610 127 1694 1687 1698 1705
6611 127 1704 1698 1699 1706
6612 127 1705 1698 1699 1706
6613 127 1706 1699 1710 1716
6614 127 1706 1699 1710 1717
6615 127 1716 1710 1711 1718
6616 127 1717 1710 1711 1718
6617 127 1718 1711 1722 1728
6618 127 1718 1711 1722 1729
6619 127 1728 1722 1723 1730
6620 127 1729 1722 1723 1730
6621 127 1730 1723 1734 1740
6622 127 1730 1723 1734 1741
6623 127 1740 1734 1735 1742
6624 127 1741 1734 1735 1742
6625 127 1742 1735 1746 1752
6626 127 1742 1735 1746 1753
6627 127 1752 1746 1747 1754
6628 127 1753 1746 1747 1754
6629 127 1754 1747 1758 1764
6630 127 1754 1747 1758 1765
6631 127 1764 1758 1759 1766
6632 127 1765 1758 1759 1766
6633 127 1766 1759 1770 1776
6634 127 1766 1759 1770 1777
6635 127 1776 1770 1771 1778
6636 127 1777 1770 1771 1778
6637 127 1778 1771 1782 1788
6638 127 1778 1771 1782 1789
6639 127 1788 1782 1783 1790
6640 127 1789 1782 1783 1790
6641 127 1790 1783 1794 1800
6642 127 1790 1783 1794 1801
6643 127 1816 1808 1820 1826
6644 127 1816 1808 1820 1827
6645 127 1826 1820 1821 1828
6646 127 1827 1820 1821 1828
6647 127 1828 1821 1832 1838
6648 127 1828 1821 1832 1839
6649 127 1838 1832 1833 1840
6650 127 1839 1832 1833 1840
6651 127 1840 1833 1844 1850
6652 127 1840 1833 1844 1851
6653 127 1850 1844 1845 1852
6654 127 1851 1844 1845 1852
6655 127 1852 1845 1856 1862
6656 127 1852 1845 1856 1863
6657 127 1862 1856 1857 1864
6658 127 1863 1856 1857 1864
6659 127 1864 1857 1868 1874
6660 127 1864 1857 1868 1875
6661 127 1874 1868 1869 1876
6662 127 1875 1868 1869 1876
6663 127 1876 1869 1880 1886
6664 127 1876 1869 1880 1887
6665 127 1886 1880 1881 1888
6666 127 1887 1880 1881 1888
6667 127 1888 1881 1892 1898
6668 127 1888 1881 1892 1899
6669 127 1898 1892 1893 1900
6670 127 1899 1892 1893 1900
6671 127 1900 1893 1904 1910
6672 127 1900 1893 1904 1911
6673 127 1910 1904 1905 1912
6674 127 1911 1904 1905 1912
6675 127 1912 1905 1916 1922
6676 127 1912 1905 1916 1923
6677 127 1922 1916 1917 1924
6678 127 1923 1916 1917 1924
6679 127 1924 1917 1928 1934
6680 127 1924 1917 1928 1935
6681 127 1934 1928 1929 1936
6682 127 1935 1928 1929 1936
6683 127 1936 1929 1940 1946
6684 127 1936 1929 1940 1947
6685 127 1946 1940 1941 1948
6686 127 1947 1940 1941 1948
6687 127 1948 1941 1952 1958
6688 127 1948 1941 1952 1959
6689 127 1958 1952 1953 1960
6690 127 1959 1952 1953 1960
6691 127 1960 1953 1964 1970
6692 127 1960 1953 1964 1971
6693 127 1970 1964 1965 1972
6694 127 1971 1964 1965 1972
6695 127 1972 1965 1976 1982
6696 127 1972 1965 1976 1983
6697 127 1982 1976 1977 1984
6698 127 1983 1976 1977 1984
6699 127 1984 1977 1988 1994
6700 127 1984 1977 1988 1995
6701 127 1994 1988 1989 1996
6702 127 1995 1988 1989 1996
6703 127 1996 1989 2000 2006
6704 127 1996 1989 2000 2007
6705 127 2006 2000 2001 2008
6706 127 2007 2000 2001 2008
6707 127 2008 2001 2012 2018
6708 127 2008 2001 2012 2019
6709 127 2018 2012 2013 2020
6710 127 2019 2012 2013 2020
6711 127 2020 2013 2024 2030
6712 127 2020 2013 2024 2031
6713 127 2030 2024 2025 2032
6714 127 2031 2024 2025 2032
6715 127 2032 2025 2036 2042
6716 127 2032 2025 2036 2043
6717 127 2042 2036 2037 2044
6718 127 2043 2036 2037 2044
6719 127 2044 2037 2048 2054
6720 127 2044 2037 2048 2055
6721 127 2054 2048 2049 2056
6722 127 2055 2048 2049 2056
6723 127 2056 2049 2060 2066
6724 127 2056 2049 2060 2067
6725 127 2066 2060 2061 2068
6726 127 2067 2060 2061 2068
6727 127 2068 2061 2072 2078
6728 127 2068 2061 2072 2079
6729 127 2078 2072 2073 2080
6730 127 2079 2072 2073 2080
6731 127 2080 2073 2084 2090
6732 127 2080 2073 2084 2091
6733 127 2090 2084 2085 2092
6734 127 2091 2084 2085 2092
6735 127 2092 2085 2096 2102
6736 127 2092 2085 2096 2103
6737 127 2102 2096 2097 2104
6738 127 2103 2096 2097 2104
6739 127 2104 2097 2108 2114
6740 127 2104 2097 2108 2115
6741 127 2114 2108 2109 2116
6742 127 2115 2108 2109 2116
6743 127 2116 2109 2120 2126
6744 127 2116 2109 2120 2127
6745 127 2126 2120 2121 2128
6746 127 2127 2120 2121 2128
6747 127 2128 2121 2132 2138
6748 127 2128 2121 2132 2139
6749 127 2138 2132 2133 2140
6750 127 2139 2132 2133 2140
6751 127 2140 2133 2144 2150
6752 127 2140 2133 2144 2151
6753 127 2150 2144 2145 2152
6754 127 2151 2144 2145 2152
6755 127 2152 2145 2156 2162
6756 127 2152 2145 2156 2163
6757 127 2162 2156 2157 2164
6758 127 2163 2156 2157 2164
6759 127 2164 2157 2168 2174
6760 127 2164 2157 2168 2175
6761 127 2174 2168 2169 2176
6762 127 2175 2168 2169 2176
6763 127 2176 2169 2180 2186
6764 127 2176 2169 2180 2187
6765 127 2186 2180 2181 2188
6766 127 2187 2180 2181 2188
6767 127 2188 2181 2192 2198
6768 127 2188 2181 2192 2199
6769 127 2198 2192 2193 2200
6770 127 2199 2192 2193 2200
6771 127 2200 2193 2204 2210
6772 127 2200 2193 2204 2211
6773 127 2210 2204 2205 2212
6774 127 2211 2204 2205 2212
6775 127 2212 2205 2216 2222
6776 127 2212 2205 2216 2223
6777 127 2222 2216 2217 2224
6778 127 2223 2216 2217 2224
6779 127 2224 2217 2228 2234
6780 127 2224 2217 2228 2235
6781 127 2234 2228 2229 2236
6782 127 2235 2228 2229 2236
6783 127 2236 2229 2240 2246
6784 127 2236 2229 2240 2247
6785 127 2246 2240 2241 2248
6786 127 2247 2240 2241 2248
6787 127 2248 2241 2252 2258
6788 127 2248 2241 2252 2259
6789 127 2258 2252 2253 2260
6790 127 2259 2252 2253 2260
6791 127 2260 2253 2264 2270
6792 127 2260 2253 2264 2271
6793 127 2270 2264 2265 2272
6794 127 2271 2264 2265 2272
6795 127 2272 2265 2276 2282
6796 127 2272 2265 2276 2283
6797 127 2282 2276 2277 2284
6798 127 2283 2276 2277 2284
6799 127 2284 2277 2288 2294
6800 127 2284 2277 2288 2295
6801 127 2294 2288 2289 2296
6802 127 2295 2288 2289 2296
6803 127 2296 2289 2300 2306
6804 127 2296 2289 2300 2307
6805 127 2306 2300 2301 2308
6806 127 2307 2300 2301 2308
6807 127 2308 2301 2312 2318
6808 127 2308 2301 2312 2319
6809 127 2318 2312 2313 2320
6810 127 2319 2312 2313 2320
6811 127 2320 2313 2324 2330
6812 127 2320 2313 2324 2331
6813 127 2330 2324 2325 2332
6814 127 2331 2324 2325 2332
6815 127 2332 2325 2336 2342
6816 127 2332 2325 2336 2343
6817 127 2342 2336 2337 2344
6818 127 2343 2336 2337 2344
6819 127 2344 2337 2348 2354
6820 127 2344 2337 2348 2355
6821 127 2354 2348 2349 2356
6822 127 2355 2348 2349 2356
6823 127 2356 2349 2360 2366
6824 127 2356 2349 2360 2367
6825 127 2366 2360 2361 2368
6826 127 2367 2360 2361 2368
6827 127 2368 2361 2372 2378
6828 127 2368 2361 2372 2379
6829 127 2378 2372 2373 2380
6830 127 2379 2372 2373 2380
6831 127 2380 2373 2384 2390
6832 127 2380 2373 2384 2391
6833 127 2390 2384 2385 2392
6834 127 2391 2384 2385 2392
6835 127 2392 2385 2396 2402
6836 127 2392 2385 2396 2403
6837 127 2418 2410 2422 2428
6838 127 2418 2410 2422 2429
6839 127 2428 2422 2423 2430
6840 127 2429 2422 2423 2430
6841 127 2430 2423 2434 2440
6842 127 2430 2423 2434 2441
6843 127 2440 2434 2435 2442
6844 127 2441 2434 2435 2442
6845 127 2442 2435 2446 2452
6846 127 2442 2435 2446 2453
6847 127 2452 2446 2447 2454
6848 127 2453 2446 2447 2454
6849 127 2454 2447 2458 2464
6850 127 2454 2447 2458 2465
6851 127 2464 2458 2459 2466
6852 127 2465 2458 2459 2466
6853 127 2466 2459 2470 2476
6854 127 2466 2459 2470 2477
6855 127 2476 2470 2471 2478
6856 127 2477 2470 2471 2478
6857 127 2478 2471 2482 2488
6858 127 2478 2471 2482 2489
6859 127 2488 2482 2483 2490
6860 127 2489 2482 2483 2490
6861 127 2490 2483 2494 2500
6862 127 2490 2483 2494 2501
6863 127 2500 2494 2495 2502
6864 127 2501 2494 2495 2502
6865 127 2502 2495 2506 2512
6866 127 2502 2495 2506 2513
6867 127 2512 2506 2507 2514
6868 127 2513 2506 2507 2514
6869 127 2514 2507 2518 2524
6870 127 2514 2507 2518 2525
6871 127 2524 2518 2519 2526
6872 127 2525 2518 2519 2526
6873 127 2526 2519 2530 2536
6874 127 2526 2519 2530 2537
6875 127 2536 2530 2531 2538
6876 127 2537 2530 2531 2538
6877 127 2538 2531 2542 2548
6878 127 2538 2531 2542 2549
6879 127 2548 2542 2543 2550
6880 127 2549 2542 2543 2550
6881 127 2550 2543 2554 2560
6882 127 2550 2543 2554 2561
6883 127 2560 2554 2555 2562
6884 127 2561 2554 2555 2562
6885 127 2562 2555 2566 2572
6886 127 2562 2555 2566 2573
6887 127 2572 2566 2567 2574
6888 127 2573 2566 2567 2574
6889 127 2574 2567 2578 2584
6890 127 2574 2567 2578 2585
6891 127 2584 2578 2579 2586
6892 127 2585 2578 2579 2586
6893 127 2586 2579 2590 2596
6894 127 2586 2579 2590 2597
6895 127 2596 2590 2591 2598
6896 127 2597 2590 2591 2598
6897 127 2598 2591 2602 2608
6898 127 2598 2591 2602 2609
6899 127 2608 2602 2603 2610
6900 127 2609 2602 2603 2610
6901 127 2610 2603 2614 2620
6902 127 2610 2603 2614 2621
6903 127 2620 2614 2615 2622
6904 127 2621 2614 2615 2622
6905 127 2622 2615 2626 2632
6906 127 2622 2615 2626 2633
6907 127 2632 2626 2627 2634
6908 127 2633 2626 2627 2634
6909 127 2634 2627 2638 2644
6910 127 2634 2627 2638 2645
6911 127 2644 2638 2639 2646
6912 127 2645 2638 2639 2646
6913 127 2646 2639 2650 2656
6914 127 2646 2639 2650 2657
6915 127 2656 2650 2651 2658
6916 127 2657 2650 2651 2658
6917 127 2658 2651 2662 2668
6918 127 2658 2651 2662 2669
6919 127 2668 2662 2663 2670
6920 127 2669 2662 2663 2670
6921 127 2670 2663 2674 2680
6922 127 2670 2663 2674 2681
6923 127 2680 2674 2675 2682
6924 127 2681 2674 2675 2682
6925 127 2682 2675 2686 2692
6926 127 2682 2675 2686 2693
6927 127 2692 2686 2687 2694
6928 127 2693 2686 2687 2694
6929 127 2694 2687 2698 2704
6930 127 2694 2687 2698 2705
6931 127 2704 2698 2699 2706
6932 127 2705 2698 2699 2706
6933 127 2706 2699 2710 2716
6934 127 2706 2699 2710 2717
6935 127 2716 2710 2711 2718
6936 127 2717 2710 2711 2718
6937 127 2718 2711 2722 2728
6938 127 2718 2711 2722 2729
6939 127 2728 2722 2723 2730
6940 127 2729 2722 2723 2730
6941 127 2730 2723 2734 2740
6942 127 2730 2723 2734 2741
6943 127 2740 2734 2735 2742
6944 127 2741 2734 2735 2742
6945 127 2742 2735 2746 2752
6946 127 2742 2735 2746 2753
6947 127 2752 2746 2747 2754
6948 127 2753 2746 2747 2754
6949 127 2754 2747 2758 2764
6950 127 2754 2747 2758 2765
6951 127 2764 2758 2759 2766
6952 127 2765 2758 2759 2766
6953 127 2766 2759 2770 2776
6954 127 2766 2759 2770 2777
6955 127 2776 2770 2771 2778
6956 127 2777 2770 2771 2778
6957 127 2778 2771 2782 2788
6958 127 2778 2771 2782 2789
6959 127 2788 2782 2783 2790
6960 127 2789 2782 2783 2790
6961 127 2790 2783 2794 2800
6962 127 2790 2783 2794 2801
6963 127 2800 2794 2795 2802
6964 127 2801 2794 2795 2802
6965 127 2802 2795 2806 2812
6966 127 2802 2795 2806 2813
6967 127 2812 2806 2807 2814
6968 127 2813 2806 2807 2814
6969 127 2814 2807 2818 2824
6970 127 2814 2807 2818 2825
6971 127 2824 2818 2819 2826
6972 127 2825 2818 2819 2826
6973 127 2826 2819 2830 2836
6974 127 2826 2819 2830 2837
6975 127 2836 2830 2831 2838
6976 127 2837 2830 2831 2838
6977 127 2838 2831 2842 2848
6978 127 2838 2831 2842 2849
6979 127 2848 2842 2843 2850
6980 127 2849 2842 2843 2850
6981 127 2850 2843 2854 2860
6982 127 2850 2843 2854 2861
6983 127 2860 2854 2855 2862
6984 127 2861 2854 2855 2862
6985 127 2862 2855 2866 2872
6986 127 2862 2855 2866 2873
6987 127 2872 2866 2867 2874
6988 127 2873 2866 2867 2874
6989 127 2874 2867 2878 2884
6990 127 2874 2867 2878 2885
6991 127 2884 2878 2879 2886
6992 127 2885 2878 2879 2886
6993 127 2886 2879 2890 2896
6994 127 2886 2879 2890 2897
6995 127 2896 2890 2891 2898
6996 127 2897 2890 2891 2898
6997 127 2898 2891 2902 2908
6998 127 2898 2891 2902 2909
6999 127 2908 2902 2903 2910
7000 127 2909 2902 2903 2910
7001 127 2910 2903 2914 2920
7002 127 2910 2903 2914 2921
7003 127 2920 2914 2915 2922
7004 127 2921 2914 2915 2922
7005 127 2922 2915 2926 2932
7006 127 2922 2915 2926 2933
7007 127 2932 2926 2927 2934
7008 127 2933 2926 2927 2934
7009 127 2934 2927 2938 2944
7010 127 2934 2927 2938 2945
7011 127 2944 2938 2939 2946
7012 127 2945 2938 2939 2946
7013 127 2946 2939 2950 2956
7014 127 2946 2939 2950 2957
7015 127 2956 2950 2951 2958
7016 127 2957 2950 2951 2958
7017 127 2958 2951 2962 2968
7018 127 2958 2951 2962 2969
7019 127 2968 2962 2963 2970
7020 127 2969 2962 2963 2970
7021 127 2970 2963 2974 2980
7022 127 2970 2963 2974 2981
7023 127 2980 2974 2975 2982
7024 127 2981 2974 2975 2982
7025 127 2982 2975 2986 2992
7026 127 2982 2975 2986 2993
7027 127 2992 2986 2987 2994
7028 127 2993 2986 2987 2994
7029 127 2994 2987 2998 3004
7030 127 2994 2987 2998 3005
7031 127 3020 3012 3024 3030
7032 127 3020 3012 3024 3031
7033 127 3030 3024 3025 3032
7034 127 3031 3024 3025 3032
7035 127 3032 3025 3036 3042
7036 127 3032 3025 3036 3043
7037 127 3042 3036 3037 3044
7038 127 3043 3036 3037 3044
7039 127 3044 3037 3048 3054
7040 127 3044 3037 3048 3055
7041 127 3054 3048 3049 3056
7042 127 3055 3048 3049 3056
7043 127 3056 3049 3060 3066
7044 127 3056 3049 3060 3067
7045 127 3066 3060 3061 3068
7046 127 3067 3060 3061 3068
7047 127 3068 3061 3072 3078
7048 127 3068 3061 3072 3079
7049 127 3078 3072 3073 3080
7050 127 3079 3072 3073 3080
7051 127 3080 3073 3084 3090
7052 127 3080 3073 3084 3091
7053 127 3090 3084 3085 3092
7054 127 3091 3084 3085 3092
7055 127 3092 3085 3096 3102
7056 127 3092 3085 3096 3103
7057 127 3102 3096 3097 3104
7058 127 3103 3096 3097 3104
7059 127 3104 3097 3108 3114
7060 127 3104 3097 3108 3115
7061 127 3114 3108 3109 3116
7062 127 3115 3108 3109 3116
7063 127 3116 3109 3120 3126
7064 127 3116 3109 3120 3127
7065 127 3126 3120 3121 3128
7066 127 3127 3120 3121 3128
7067 127 3128 3121 3132 3138
7068 127 3128 3121 3132 3139
7069 127 3138 3132 3133 3140
7070 127 3139 3132 3133 3140
7071 127 3140 3133 3144 3150
7072 127 3140 3133 3144 3151
7073 127 3150 3144 3145 3152
7074 127 3151 3144 3145 3152
7075 127 3152 3145 3156 3162
7076 127 3152 3145 3156 3163
7077 127 3162 3156 3157 3164
7078 127 3163 3156 3157 3164
7079 127 3164 3157 3168 3174
7080 127 3164 3157 3168 3175
7081 127 3174 3168 3169 3176
7082 127 3175 3168 3169 3176
7083 127 3176 3169 3180 3186
7084 127 3176 3169 3180 3187
7085 127 3186 3180 3181 3188
7086 127 3187 3180 3181 3188
7087 127 3188 3181 3192 3198
7088 127 3188 3181 3192 3199
7089 127 3198 3192 3193 3200
7090 127 3199 3192 3193 3200
7091 127 3200 3193 3204 3210
7092 127 3200 3193 3204 3211
7093 127 3210 3204 3205 3212
7094 127 3211 3204 3205 3212
7095 127 3212 3205 3216 3222
7096 127 3212 3205 3216 3223
7097 127 3222 3216 3217 3224
7098 127 3223 3216 3217 3224
7099 127 3224 3217 3228 3234
7100 127 3224 3217 3228 3235
7101 127 3234 3228 3229 3236
7102 127 3235 3228 3229 3236
7103 127 3236 3229 3240 3246
7104 127 3236 3229 3240 3247
7105 127 3246 3240 3241 3248
7106 127 3247 3240 3241 3248
7107 127 3248 3241 3252 3258
7108 127 3248 3241 3252 3259
7109 127 3258 3252 3253 3260
7110 127 3259 3252 3253 3260
7111 127 3260 3253 3264 3270
7112 127 3260 3253 3264 3271
7113 127 3270 3264 3265 3272
7114 127 3271 3264 3265 3272
7115 127 3272 3265 3276 3282
7116 127 3272 3265 3276 3283
7117 127 3282 3276 3277 3284
7118 127 3283 3276 3277 3284
7119 127 3284 3277 3288 3294
7120 127 3284 3277 3288 3295
7121 127 3294 3288 3289 3296
7122 127 3295 3288 3289 3296
7123 127 3296 3289 3300 3306
7124 127 3296 3289 3300 3307
7125 127 3306 3300 3301 3308
7126 127 3307 3300 3301 3308
7127 127 3308 3301 3312 3318
7128 127 3308 3301 3312 3319
7129 127 3318 3312 3313 3320
7130 127 3319 3312 3313 3320
7131 127 3320 3313 3324 3330
7132 127 3320 3313 3324 3331
7133 127 3330 3324 3325 3332
7134 127 3331 3324 3325 3332
7135 127 3332 3325 3336 3342
7136 127 3332 3325 3336 3343
7137 127 3342 3336 3337 3344
7138 127 3343 3336 3337 3344
7139 127 3344 3337 3348 3354
7140 127 3344 3337 3348 3355
7141 127 3354 3348 3349 3356
7142 127 3355 3348 3349 3356
7143 127 3356 3349 3360 3366
7144 127 3356 3349 3360 3367
7145 127 3366 3360 3361 3368
7146 127 3367 3360 3361 3368
7147 127 3368 3361 3372 3378
7148 127 3368 3361 3372 3379
7149 127 3378 3372 3373 3380
7150 127 3379 3372 3373 3380
7151 127 3380 3373 3384 3390
7152 127 3380 3373 3384 3391
7153 127 3390 3384 3385 3392
7154 127 3391 3384 3385 3392
7155 127 3392 3385 3396 3402
7156 127 3392 3385 3396 3403
7157 127 3402 3396 3397 3404
7158 127 3403 3396 3397 3404
7159 127 3404 3397 3408 3414
7160 127 3404 3397 3408 3415
7161 127 3414 3408 3409 3416
7162 127 3415 3408 3409 3416
7163 127 3416 3409 3420 3426
7164 127 3416 3409 3420 3427
7165 127 3426 3420 3421 3428
7166 127 3427 3420 3421 3428
7167 127 3428 3421 3432 3438
7168 127 3428 3421 3432 3439
7169 127 3438 3432 3433 3440
7170 127 3439 3432 3433 3440
7171 127 3440 3433 3444 3450
7172 127 3440 3433 3444 3451
7173 127 3450 3444 3445 3452
7174 127 3451 3444 3445 3452
7175 127 3452 3445 3456 3462
7176 127 3452 3445 3456 3463
7177 127 3462 3456 3457 3464
7178 127 3463 3456 3457 3464
7179 127 3464 3457 3468 3474
7180 127 3464 3457 3468 3475
7181 127 3474 3468 3469 3476
7182 127 3475 3468 3469 3476
7183 127 3476 3469 3480 3486
7184 127 3476 3469 3480 3487
7185 127 3486 3480 3481 3488
7186 127 3487 3480 3481 3488
7187 127 3488 3481 3492 3498
7188 127 3488 3481 3492 3499
7189 127 3498 3492 3493 3500
7190 127 3499 3492 3493 3500
7191 127 3500 3493 3504 3510
7192 127 3500 3493 3504 3511
7193 127 3510 3504 3505 3512
7194 127 3511 3504 3505 3512
7195 127 3512 3505 3516 3522
7196 127 3512 3505 3516 3523
7197 127 3522 3516 3517 3524
7198 127 3523 3516 3517 3524
7199 127 3524 3517 3528 3534
7200 127 3524 3517 3528 3535
7201 127 3534 3528 3529 3536
7202 127 3535 3528 3529 3536
7203 127 3536 3529 3540 3546
7204 127 3536 3529 3540 3547
7205 127 3546 3540 3541 3548
7206 127 3547 3540 3541 3548
7207 127 3548 3541 3552 3558
7208 127 3548 3541 3552 3559
7209 127 3558 3552 3553 3560
7210 127 3559 3552 3553 3560
7211 127 3560 3553 3564 3570
7212 127 3560 3553 3564 3571
7213 127 3570 3564 3565 3572
7214 127 3571 3564 3565 3572
7215 127 3572 3565 3576 3582
7216 127 3572 3565 3576 3583
7217 127 3582 3576 3577 3584
7218 127 3583 3576 3577 3584
7219 127 3584 3577 3588 3594
7220 127 3584 3577 3588 3595
7221 127 3594 3588 3589 3596
7222 127 3595 3588 3589 3596
7223 127 3596 3589 3600 3606
7224 127 3596 3589 3600 3607
7225 127 3622 3614 3626 3632
7226 127 3622 3614 3626 3633
7227 127 3632 3626 3627 3634
7228 127 3633 3626 3627 3634
7229 127 3634 3627 3638 3644
7230 127 3634 3627 3638 3645
7231 127 3644 3638 3639 3646
7232 127 3645 3638 3639 3646
7233 127 3646 3639 3650 3656
7234 127 3646 3639 3650 3657
7235 127 3656 3650 3651 3658
7236 127 3657 3650 3651 3658
7237 127 3658 3651 3662 3668
7238 127 3658 3651 3662 3669
7239 127 3668 3662 3663 3670
7240 127 3669 3662 3663 3670
7241 127 3670 3663 3674 3680
7242 127 3670 3663 3674 3681
7243 127 3680 3674 3675 3682
7244 127 3681 3674 3675 3682
7245 127 3682 3675 3686 3692
7246 127 3682 3675 3686 3693
7247 127 3692 3686 3687 3694
7248 127 3693 3686 3687 3694
7249 127 3694 3687 3698 3704
7250 127 3694 3687 3698 3705
7251 127 3704 3698 3699 3706
7252 127 3705 3698 3699 3706
7253 127 3706 3699 3710 3716
7254 127 3706 3699 3710 3717
7255 127 3716 3710 3711 3718
7256 127 3717 3710 3711 3718
7257 127 3718 3711 3722 3728
7258 127 3718 3711 3722 3729
7259 127 3728 3722 3723 3730
7260 127 3729 3722 3723 3730
7261 127 3730 3723 3734 3740
7262 127 3730 3723 3734 3741
7263 127 3740 3734 3735 3742
7264 127 3741 3734 3735 3742
7265 127 3742 3735 3746 3752
7266 127 3742 3735 3746 3753
7267 127 3752 3746 3747 3754
7268 127 3753 3746 3747 3754
7269 127 3754 3747 3758 3764
7270 127 3754 3747 3758 3765
7271 127 3764 3758 3759 3766
7272 127 3765 3758 3759 3766
7273 127 3766 3759 3770 3776
7274 127 3766 3759 3770 3777
7275 127 3776 3770 3771 3778
7276 127 3777 3770 3771 3778
7277 127 3778 3771 3782 3788
7278 127 3778 3771 3782 3789
7279 127 3788 3782 3783 3790
7280 127 3789 3782 3783 3790
7281 127 3790 3783 3794 3800
7282 127 3790 3783 3794 3801
7283 127 3800 3794 3795 3802
7284 127 3801 3794 3795 3802
7285 127 3802 3795 3806 3812
7286 127 3802 3795 3806 3813
7287 127 3812 3806 3807 3814
7288 127 3813 3806 3807 3814
7289 127 3814 3807 3818 3824
7290 127 3814 3807 3818 3825
7291 127 3824 3818 3819 3826
7292 127 3825 3818 3819 3826
7293 127 3826 3819 3830 3836
7294 127 3826 3819 3830 3837
7295 127 3836 3830 3831 3838
7296 127 3837 3830 3831 3838
7297 127 3838 3831 3842 3848
7298 127 3838 3831 3842 3849
7299 127 3848 3842 3843 3850
7300 127 3849 3842 3843 3850
7301 127 3850 3843 3854 3860
7302 127 3850 3843 3854 3861
7303 127 3860 3854 3855 3862
7304 127 3861 3854 3855 3862
7305 127 3862 3855 3866 3872
7306 127 3862 3855 3866 3873
7307 127 3872 3866 3867 3874
7308 127 3873 3866 3867 3874
7309 127 3874 3867 3878 3884
7310 127 3874 3867 3878 3885
7311 127 3884 3878 3879 3886
7312 127 3885 3878 3879 3886
7313 127 3886 3879 3890 3896
7314 127 3886 3879 3890 3897
7315 127 3896 3890 3891 3898
7316 127 3897 3890 3891 3898
7317 127 3898 3891 3902 3908
7318 127 3898 3891 3902 3909
7319 127 3908 3902 3903 3910
7320 127 3909 3902 3903 3910
7321 127 3910 3903 3914 3920
7322 127 3910 3903 3914 3921
7323 127 3920 3914 3915 3922
7324 127 3921 3914 3915 3922
7325 127 3922 3915 3926 3932
7326 127 3922 3915 3926 3933
7327 127 3932 3926 3927 3934
7328 127 3933 3926 3927 3934
7329 127 3934 3927 3938 3944
7330 127 3934 3927 3938 3945
7331 127 3944 3938 3939 3946
7332 127 3945 3938 3939 3946
7333 127 3946 3939 3950 3956
7334 127 3946 3939 3950 3957
7335 127 3956 3950 3951 3958
7336 127 3957 3950 3951 3958
7337 127 3958 3951 3962 3968
7338 127 3958 3951 3962 3969
7339 127 3968 3962 3963 3970
7340 127 3969 3962 3963 3970
7341 127 3970 3963 3974 3980
7342 127 3970 3963 3974 3981
7343 127 3980 3974 3975 3982
7344 127 3981 3974 3975 3982
7345 127 3982 3975 3986 3992
7346 127 3982 3975 3986 3993
7347 127 3992 3986 3987 3994
7348 127 3993 3986 3987 3994
7349 127 3994 3987 3998 4004
7350 127 3994 3987 3998 4005
7351 127 4004 3998 3999 4006
7352 127 4005 3998 3999 4006
7353 127 4006 3999 4010 4016
7354 127 4006 3999 4010 4017
7355 127 4016 4010 4011 4018
7356 127 4017 4010 4011 4018
7357 127 4018 4011 4022 4028
7358 127 4018 4011 4022 4029
7359 127 4028 4022 4023 4030
7360 127 4029 4022 4023 4030
7361 127 4030 4023 4034 4040
7362 127 4030 4023 4034 4041
7363 127 4040 4034 4035 4042
7364 127 4041 4034 4035 4042
7365 127 4042 4035 4046 4052
7366 127 4042 4035 4046 4053
7367 127 4052 4046 4047 4054
7368 127 4053 4046 4047 4054
7369 127 4054 4047 4058 4064
7370 127 4054 4047 4058 4065
7371 127 4064 4058 4059 4066
7372 127 4065 4058 4059 4066
7373 127 4066 4059 4070 4076
7374 127 4066 4059 4070 4077
7375 127 4076 4070 4071 4078
7376 127 4077 4070 4071 4078
7377 127 4078 4071 4082 4088
7378 127 4078 4071 4082 4089
7379 127 4088 4082 4083 4090
7380 127 4089 4082 4083 4090
7381 127 4090 4083 4094 4100
7382 127 4090 4083 4094 4101
7383 127 4100 4094 4095 4102
7384 127 4101 4094 4095 4102
7385 127 4102 4095 4106 4112
7386 127 4102 4095 4106 4113
7387 127 4112 4106 4107 4114
7388 127 4113 4106 4107 4114
7389 127 4114 4107 4118 4124
7390 127 4114 4107 4118 4125
7391 127 4124 4118 4119 4126
7392 127 4125 4118 4119 4126
7393 127 4126 4119 4130 4136
7394 127 4126 4119 4130 4137
7395 127 4136 4130 4131 4138
7396 127 4137 4130 4131 4138
7397 127 4138 4131 4142 4148
7398 127 4138 4131 4142 4149
7399 127 4148 4142 4143 4150
7400 127 4149 4142 4143 4150
7401 127 4150 4143 4154 4160
7402 127 4150 4143 4154 4161
7403 127 4160 4154 4155 4162
7404 127 4161 4154 4155 4162
7405 127 4162 4155 4166 4172
7406 127 4162 4155 4166 4173
7407 127 4172 4166 4167 4174
7408 127 4173 4166 4167 4174
7409 127 4174 4167 4178 4184
7410 127 4174 4167 4178 4185
7411 127 4184 4178 4179 4186
7412 127 4185 4178 4179 4186
7413 127 4186 4179 4190 4196
7414 127 4186 4179 4190 4197
7415 127 4196 4190 4191 4198
7416 127 4197 4190 4191 4198
7417 127 4198 4191 4202 4208
7418 127 4198 4191 4202 4209
7419 127 4224 4216 4228 4234
7420 127 4224 4216 4228 4235
7421 127 4234 4228 4229 4236
7422 127 4235 4228 4229 4236
7423 127 4236 4229 4240 4246
7424 127 4236 4229 4240 4247
7425 127 4246 4240 4241 4248
7426 127 4247 4240 4241 4248
7427 127 4248 4241 4252 4258
7428 127 4248 4241 4252 4259
7429 127 4258 4252 4253 4260
7430 127 4259 4252 4253 4260
7431 127 4260 4253 4264 4270
7432 127 4260 4253 4264 4271
7433 127 4270 4264 4265 4272
7434 127 4271 4264 4265 4272
7435 127 4272 4265 4276 4282
7436 127 4272 4265 4276 4283
7437 127 4282 4276 4277 4284
7438 127 4283 4276 4277 4284
7439 127 4284 4277 4288 4294
7440 127 4284 4277 4288 4295
7441 127 4294 4288 4289 4296
7442 127 4295 4288 4289 4296
7443 127 4296 4289 4300 4306
7444 127 4296 4289 4300 4307
7445 127 4306 4300 4301 4308
7446 127 4307 4300 4301 4308
7447 127 4308 4301 4312 4318
7448 127 4308 4301 4312 4319
7449 127 4318 4312 4313 4320
7450 127 4319 4312 4313 4320
7451 127 4320 4313 4324 4330
7452 127 4320 4313 4324 4331
7453 127 4330 4324 4325 4332
7454 127 4331 4324 4325 4332
7455 127 4332 4325 4336 4342
7456 127 4332 4325 4336 4343
7457 127 4342 4336 4337 4344
7458 127 4343 4336 4337 4344
7459 127 4344 4337 4348 4354
7460 127 4344 4337 4348 4355
7461 127 4354 4348 4349 4356
7462 127 4355 4348 4349 4356
7463 127 4356 4349 4360 4366
7464 127 4356 4349 4360 4367
7465 127 4366 4360 4361 4368
7466 127 4367 4360 4361 4368
7467 127 4368 4361 4372 4378
7468 127 4368 4361 4372 4379
7469 127 4378 4372 4373 4380
7470 127 4379 4372 4373 4380
7471 127 4380 4373 4384 4390
7472 127 4380 4373 4384 4391
7473 127 4390 4384 4385 4392
7474 127 4391 4384 4385 4392
7475 127 4392 4385 4396 4402
7476 127 4392 4385 4396 4403
7477 127 4402 4396 4397 4404
7478 127 4403 4396 4397 4404
7479 127 4404 4397 4408 4414
7480 127 4404 4397 4408 4415
7481 127 4414 4408 4409 4416
7482 127 4415 4408 4409 4416
7483 127 4416 4409 4420 4426
7484 127 4416 4409 4420 4427
7485 127 4426 4420 4421 4428
7486 127 4427 4420 4421 4428
7487 127 4428 4421 4432 4438
7488 127 4428 4421 4432 4439
7489 127 4438 4432 4433 4440
7490 127 4439 4432 4433 4440
7491 127 4440 4433 4444 4450
7492 127 4440 4433 4444 4451
7493 127 4450 4444 4445 4452
7494 127 4451 4444 4445 4452
7495 127 4452 4445 4456 4462
7496 127 4452 4445 4456 4463
7497 127 4462 4456 4457 4464
7498 127 4463 4456 4457 4464
7499 127 4464 4457 4468 4474
7500 127 4464 4457 4468 4475
7501 127 4474 4468 4469 4476
7502 127 4475 4468 4469 4476
7503 127 4476 4469 4480 4486
7504 127 4476 4469 4480 4487
7505 127 4486 4480 4481 4488
7506 127 4487 4480 4481 4488
7507 127 4488 4481 4492 4498
7508 127 4488 4481 4492 4499
7509 127 4498 4492 4493 4500
7510 127 4499 4492 4493 4500
7511 127 4500 4493 4504 4510
7512 127 4500 4493 4504 4511
7513 127 4510 4504 4505 4512
7514 127 4511 4504 4505 4512
7515 127 4512 4505 4516 4522
7516 127 4512 4505 4516 4523
7517 127 4522 4516 4517 4524
7518 127 4523 4516 4517 4524
7519 127 4524 4517 4528 4534
7520 127 4524 4517 4528 4535
7521 127 4534 4528 4529 4536
7522 127 4535 4528 4529 4536
7523 127 4536 4529 4540 4546
7524 127 4536 4529 4540 4547
7525 127 4546 4540 4541 4548
7526 127 4547 4540 4541 4548
7527 127 4548 4541 4552 4558
7528 127 4548 4541 4552 4559
7529 127 4558 4552 4553 4560
7530 127 4559 4552 4553 4560
7531 127 4560 4553 4564 4570
7532 127 4560 4553 4564 4571
7533 127 4570 4564 4565 4572
7534 127 4571 4564 4565 4572
7535 127 4572 4565 4576 4582
7536 127 4572 4565 4576 4583
7537 127 4582 4576 4577 4584
7538 127 4583 4576 4577 4584
7539 127 4584 4577 4588 4594
7540 127 4584 4577 4588 4595
7541 127 4594 4588 4589 4596
7542 127 4595 4588 4589 4596
7543 127 4596 4589 4600 4606
7544 127 4596 4589 4600 4607
7545 127 4606 4600 4601 4608
7546 127 4607 4600 4601 4608
7547 127 4608 4601 4612 4618
7548 127 4608 4601 4612 4619
7549 127 4618 4612 4613 4620
7550 127 4619 4612 4613 4620
7551 127 4620 4613 4624 4630
7552 127 4620 4613 4624 4631
7553 127 4630 4624 4625 4632
7554 127 4631 4624 4625 4632
7555 127 4632 4625 4636 4642
7556 127 4632 4625 4636 4643
7557 127 4642 4636 4637 4644
7558 127 4643 4636 4637 4644
7559 127 4644 4637 4648 4654
7560 127 4644 4637 4648 4655
7561 127 4654 4648 4649 4656
7562 127 4655 4648 4649 4656
7563 127 4656 4649 4660 4666
7564 127 4656 4649 4660 4667
7565 127 4666 4660 4661 4668
7566 127 4667 4660 4661 4668
7567 127 4668 4661 4672 4678
7568 127 4668 4661 4672 4679
7569 127 4678 4672 4673 4680
7570 127 4679 4672 4673 4680
7571 127 4680 4673 4684 4690
7572 127 4680 4673 4684 4691
7573 127 4690 4684 4685 4692
7574 127 4691 4684 4685 4692
7575 127 4692 4685 4696 4702
7576 127 4692 4685 4696 4703
7577 127 4702 4696 4697 4704
7578 127 4703 4696 4697 4704
7579 127 4704 4697 4708 4714
7580 127 4704 4697 4708 4715
7581 127 4714 4708 4709 4716
7582 127 4715 4708 4709 4716
7583 127 4716 4709 4720 4726
7584 127 4716 4709 4720 4727
7585 127 4726 4720 4721 4728
7586 127 4727 4720 4721 4728
7587 127 4728 4721 4732 4738
7588 127 4728 4721 4732 4739
7589 127 4738 4732 4733 4740
7590 127 4739 4732 4733 4740
7591 127 4740 4733 4744 4750
7592 127 4740 4733 4744 4751
7593 127 4750 4744 4745 4752
7594 127 4751 4744 4745 4752
7595 127 4752 4745 4756 4762
7596 127 4752 4745 4756 4763
7597 127 4762 4756 4757 4764
7598 127 4763 4756 4757 4764
7599 127 4764 4757 4768 4774
7600 127 4764 4757 4768 4775
7601 127 4774 4768 4769 4776
7602 127 4775 4768 4769 4776
7603 127 4776 4769 4780 4786
7604 127 4776 4769 4780 4787
7605 127 4786 4780 4781 4788
7606 127 4787 4780 4781 4788
7607 127 4788 4781 4792 4798
7608 127 4788 4781 4792 4799
7609 127 4798 4792 4793 4800
7610 127 4799 4792 4793 4800
7611 127 4800 4793 4804 4810
7612 127 4800 4793 4804 4811
7613 127 4826 4818 4830 4836
7614 127 4826 4818 4830 4837
7615 127 4836 4830 4831 4838
7616 127 4837 4830 4831 4838
7617 127 4838 4831 4842 4848
7618 127 4838 4831 4842 4849
7619 127 4848 4842 4843 4850
7620 127 4849 4842 4843 4850
7621 127 4850 4843 4854 4860
7622 127 4850 4843 4854 4861
7623 127 4860 4854 4855 4862
7624 127 4861 4854 4855 4862
7625 127 4862 4855 4866 4872
7626 127 4862 4855 4866 4873
7627 127 4872 4866 4867 4874
7628 127 4873 4866 4867 4874
7629 127 4874 4867 4878 4884
7630 127 4874 4867 4878 4885
7631 127 4884 4878 4879 4886
7632 127 4885 4878 4879 4886
7633 127 4886 4879 4890 4896
7634 127 4886 4879 4890 4897
7635 127 4896 4890 4891 4898
7636 127 4897 4890 4891 4898
7637 127 4898 4891 4902 4908
7638 127 4898 4891 4902 4909
7639 127 4908 4902 4903 4910
7640 127 4909 4902 4903 4910
7641 127 4910 4903 4914 4920
7642 127 4910 4903 4914 4921
7643 127 4920 4914 4915 4922
7644 127 4921 4914 4915 4922
7645 127 4922 4915 4926 4932
7646 127 4922 4915 4926 4933
7647 127 4932 4926 4927 4934
7648 127 4933 4926 4927 4934
7649 127 4934 4927 4938 4944
7650 127 4934 4927 4938 4945
7651 127 4944 4938 4939 4946
7652 127 4945 4938 4939 4946
7653 127 4946 4939 4950 4956
7654 127 4946 4939 4950 4957
7655 127 4956 4950 4951 4958
7656 127 4957 4950 4951 4958
7657 127 4958 4951 4962 4968
7658 127 4958 4951 4962 4969
7659 127 4968 4962 4963 4970
7660 127 4969 4962 4963 4970
7661 127 4970 4963 4974 4980
7662 127 4970 4963 4974 4981
7663 127 4980 4974 4975 4982
7664 127 4981 4974 4975 4982
7665 127 4982 4975 4986 4992
7666 127 4982 4975 4986 4993
7667 127 4992 4986 4987 4994
7668 127 4993 4986 4987 4994
7669 127 4994 4987 4998 5004
7670 127 4994 4987 4998 5005
7671 127 5004 4998 4999 5006
7672 127 5005 4998 4999 5006
7673 127 5006 4999 5010 5016
7674 127 5006 4999 5010 5017
7675 127 5016 5010 5011 5018
7676 127 5017 5010 5011 5018
7677 127 5018 5011 5022 5028
7678 127 5018 5011 5022 5029
7679 127 5028 5022 5023 5030
7680 127 5029 5022 5023 5030
7681 127 5030 5023 5034 5040
7682 127 5030 5023 5034 5041
7683 127 5040 5034 5035 5042
7684 127 5041 5034 5035 5042
7685 127 5042 5035 5046 5052
7686 127 5042 5035 5046 5053
7687 127 5052 5046 5047 5054
7688 127 5053 5046 5047 5054
7689 127 5054 5047 5058 5064
7690 127 5054 5047 5058 5065
7691 127 5064 5058 5059 5066
7692 127 5065 5058 5059 5066
7693 127 5066 5059 5070 5076
7694 127 5066 5059 5070 5077
7695 127 5076 5070 5071 5078
7696 127 5077 5070 5071 5078
7697 127 5078 5071 5082 5088
7698 127 5078 5071 5082 5089
7699 127 5088 5082 5083 5090
7700 127 5089 5082 5083 5090
7701 127 5090 5083 5094 5100
7702 127 5090 5083 5094 5101
7703 127 5100 5094 5095 5102
7704 127 5101 5094 5095 5102
7705 127 5102 5095 5106 5112
7706 127 5102 5095 5106 5113
7707 127 5112 5106 5107 5114
7708 127 5113 5106 5107 5114
7709 127 5114 5107 5118 5124
7710 127 5114 5107 5118 5125
7711 127 5124 5118 5119 5126
7712 127 5125 5118 5119 5126
7713 127 5126 5119 5130 5136
7714 127 5126 5119 5130 5137
7715 127 5136 5130 5131 5138
7716 127 5137 5130 5131 5138
7717 127 5138 5131 5142 5148
7718 127 5138 5131 5142 5149
7719 127 5148 5142 5143 5150
7720 127 5149 5142 5143 5150
7721 127 5150 5143 5154 5160
7722 127 5150 5143 5154 5161
7723 127 5160 5154 5155 5162
7724 127 5161 5154 5155 5162
7725 127 5162 5155 5166 5172
7726 127 5162 5155 5166 5173
7727 127 5172 5166 5167 5174
7728 127 5173 5166 5167 5174
7729 127 5174 5167 5178 5184
7730 127 5174 5167 5178 5185
7731 127 5184 5178 5179 5186
7732 127 5185 5178 5179 5186
7733 127 5186 5179 5190 5196
7734 127 5186 5179 5190 5197
7735 127 5196 5190 5191 5198
7736 127 5197 5190 5191 5198
7737 127 5198 5191 5202 5208
7738 127 5198 5191 5202 5209
7739 127 5208 5202 5203 5210
7740 127 5209 5202 5203 5210
7741 127 5210 5203 5214 5220
7742 127 5210 5203 5214 5221
7743 127 5220 5214 5215 5222
7744 127 5221 5214 5215 5222
7745 127 5222 5215 5226 5232
7746 127 5222 5215 5226 5233
7747 127 5232 5226 5227 5234
7748 127 5233 5226 5227 5234
7749 127 5234 5227 5238 5244
7750 127 5234 5227 5238 5245
7751 127 5244 5238 5239 5246
7752 127 5245 5238 5239 5246
7753 127 5246 5239 5250 5256
7754 127 5246 5239 5250 5257
7755 127 5256 5250 5251 5258
7756 127 5257 5250 5251 5258
7757 127 5258 5251 5262 5268
7758 127 5258 5251 5262 5269
7759 127 5268 5262 5263 5270
7760 127 5269 5262 5263 5270
7761 127 5270 5263 5274 5280
7762 127 5270 5263 5274 5281
7763 127 5280 5274 5275 5282
7764 127 5281 5274 5275 5282
7765 127 5282 5275 5286 5292
7766 127 5282 5275 5286 5293
7767 127 5292 5286 5287 5294
7768 127 5293 5286 5287 5294
7769 127 5294 5287 5298 5304
7770 127 5294 5287 5298 5305
7771 127 5304 5298 5299 5306
7772 127 5305 5298 5299 5306
7773 127 5306 5299 5310 5316
7774 127 5306 5299 5310 5317
7775 127 5316 5310 5311 5318
7776 127 5317 5310 5311 5318
7777 127 5318 5311 5322 5328
7778 127 5318 5311 5322 5329
7779 127 5328 5322 5323 5330
7780 127 5329 5322 5323 5330
7781 127 5330 5323 5334 5340
7782 127 5330 5323 5334 5341
7783 127 5340 5334 5335 5342
7784 127 5341 5334 5335 5342
7785 127 5342 5335 5346 5352
7786 127 5342 5335 5346 5353
7787 127 5352 5346 5347 5354
7788 127 5353 5346 5347 5354
7789 127 5354 5347 5358 5364
7790 127 5354 5347 5358 5365
7791 127 5364 5358 5359 5366
7792 127 5365 5358 5359 5366
7793 127 5366 5359 5370 5376
7794 127 5366 5359 5370 5377
7795 127 5376 5370 5371 5378
7796 127 5377 5370 5371 5378
7797 127 5378 5371 5382 5388
7798 127 5378 5371 5382 5389
7799 127 5388 5382 5383 5390
7800 127 5389 5382 5383 5390
7801 127 5390 5383 5394 5400
7802 127 5390 5383 5394 5401
7803 127 5400 5394 5395 5402
7804 127 5401 5394 5395 5402
7805 127 5402 5395 5406 5412
7806 127 5402 5395 5406 5413
7807 127 5428 5420 5432 5438
7808 127 5428 5420 5432 5439
7809 127 5438 5432 5433 5440
7810 127 5439 5432 5433 5440
7811 127 5440 5433 5444 5450
7812 127 5440 5433 5444 5451
7813 127 5450 5444 5445 5452
7814 127 5451 5444 5445 5452
7815 127 5452 5445 5456 5462
7816 127 5452 5445 5456 5463
7817 127 5462 5456 5457 5464
7818 127 5463 5456 5457 5464
7819 127 5464 5457 5468 5474
7820 127 5464 5457 5468 5475
7821 127 5474 5468 5469 5476
7822 127 5475 5468 5469 5476
7823 127 5476 5469 5480 5486
7824 127 5476 5469 5480 5487
7825 127 5486 5480 5481 5488
7826 127 5487 5480 5481 5488
7827 127 5488 5481 5492 5498
7828 127 5488 5481 5492 5499
7829 127 5498 5492 5493 5500
7830 127 5499 5492 5493 5500
7831 127 5500 5493 5504 5510
7832 127 5500 5493 5504 5511
7833 127 5510 5504 5505 5512
7834 127 5511 5504 5505 5512
7835 127 5512 5505 5516 5522
7836 127 5512 5505 5516 5523
7837 127 5522 5516 5517 5524
7838 127 5523 5516 5517 5524
7839 127 5524 5517 5528 5534
7840 127 5524 5517 5528 5535
7841 127 5534 5528 5529 5536
7842 127 5535 5528 5529 5536
7843 127 5536 5529 5540 5546
7844 127 5536 5529 5540 5547
7845 127 5546 5540 5541 5548
7846 127 5547 5540 5541 5548
7847 127 5548 5541 5552 5558
7848 127 5548 5541 5552 5559
7849 127 5558 5552 5553 5560
7850 127 5559 5552 5553 5560
7851 127 5560 5553 5564 5570
7852 127 5560 5553 5564 5571
7853 127 5570 5564 5565 5572
7854 127 5571 5564 5565 5572
7855 127 5572 5565 5576 5582
7856 127 5572 5565 5576 5583
7857 127 5582 5576 5577 5584
7858 127 5583 5576 5577 5584
7859 127 5584 5577 5588 5594
7860 127 5584 5577 5588 5595
7861 127 5594 5588 5589 5596
7862 127 5595 5588 5589 5596
7863 127 5596 5589 5600 5606
7864 127 5596 5589 5600 5607
7865 127 5606 5600 5601 5608
7866 127 5607 5600 5601 5608
7867 127 5608 5601 5612 5618
7868 127 5608 5601 5612 5619
7869 127 5618 5612 5613 5620
7870 127 5619 5612 5613 5620
7871 127 5620 5613 5624 5630
7872 127 5620 5613 5624 5631
7873 127 5630 5624 5625 5632
7874 127 5631 5624 5625 5632
7875 127 5632 5625 5636 5642
7876 127 5632 5625 5636 5643
7877 127 5642 5636 5637 5644
7878 127 5643 5636 5637 5644
7879 127 5644 5637 5648 5654
7880 127 5644 5637 5648 5655
7881 127 5654 5648 5649 5656
7882 127 5655 5648 5649 5656
7883 127 5656 5649 5660 5666
7884 127 5656 5649 5660 5667
7885 127 5666 5660 5661 5668
7886 127 5667 5660 5661 5668
7887 127 5668 5661 5672 5678
7888 127 5668 5661 5672 5679
7889 127 5678 5672 5673 5680
7890 127 5679 5672 5673 5680
7891 127 5680 5673 5684 5690
7892 127 5680 5673 5684 5691
7893 127 5690 5684 5685 5692
7894 127 5691 5684 5685 5692
7895 127 5692 5685 5696 5702
7896 127 5692 5685 5696 5703
7897 127 5702 5696 5697 5704
7898 127 5703 5696 5697 5704
7899 127 5704 5697 5708 5714
7900 127 5704 5697 5708 5715
7901 127 5714 5708 5709 5716
7902 127 5715 5708 5709 5716
7903 127 5716 5709 5720 5726
7904 127 5716 5709 5720 5727
7905 127 5726 5720 5721 5728
7906 127 5727 5720 5721 5728
7907 127 5728 5721 5732 5738
7908 127 5728 5721 5732 5739
7909 127 5738 5732 5733 5740
7910 127 5739 5732 5733 5740
7911 127 5740 5733 5744 5750
7912 127 5740 5733 5744 5751
7913 127 5750 5744 5745 5752
7914 127 5751 5744 5745 5752
7915 127 5752 5745 5756 5762
7916 127 5752 5745 5756 5763
7917 127 5762 5756 5757 5764
7918 127 5763 5756 5757 5764
7919 127 5764 5757 5768 5774
7920 127 5764 5757 5768 5775
7921 127 5774 5768 5769 5776
7922 127 5775 5768 5769 5776
7923 127 5776 5769 5780 5786
7924 127 5776 5769 5780 5787
7925 127 5786 5780 5781 5788
7926 127 5787 5780 5781 5788
7927 127 5788 5781 5792 5798
7928 127 5788 5781 5792 5799
7929 127 5798 5792 5793 5800
7930 127 5799 5792 5793 5800
7931 127 5800 5793 5804 5810
7932 127 5800 5793 5804 5811
7933 127 5810 5804 5805 5812
7934 127 5811 5804 5805 5812
7935 127 5812 5805 5816 5822
7936 127 5812 5805 5816 5823
7937 127 5822 5816 5817 5824
7938 127 5823 5816 5817 5824
7939 127 5824 5817 5828 5834
7940 127 5824 5817 5828 5835
7941 127 5834 5828 5829 5836
7942 127 5835 5828 5829 5836
7943 127 5836 5829 5840 5846
7944 127 5836 5829 5840 5847
7945 127 5846 5840 5841 5848
7946 127 5847 5840 5841 5848
7947 127 5848 5841 5852 5858
7948 127 5848 5841 5852 5859
7949 127 5858 5852 5853 5860
7950 127 5859 5852 5853 5860
7951 127 5860 5853 5864 5870
7952 127 5860 5853 5864 5871
7953 127 5870 5864 5865 5872
7954 127 5871 5864 5865 5872
7955 127 5872 5865 5876 5882
7956 127 5872 5865 5876 5883
7957 127 5882 5876 5877 5884
7958 127 5883 5876 5877 5884
7959 127 5884 5877 5888 5894
7960 127 5884 5877 5888 5895
7961 127 5894 5888 5889 5896
7962 127 5895 5888 5889 5896
7963 127 5896 5889 5900 5906
7964 127 5896 5889 5900 5907
7965 127 5906 5900 5901 5908
7966 127 5907 5900 5901 5908
7967 127 5908 5901 5912 5918
7968 127 5908 5901 5912 5919
7969 127 5918 5912 5913 5920
7970 127 5919 5912 5913 5920
7971 127 5920 5913 5924 5930
7972 127 5920 5913 5924 5931
7973 127 5930 5924 5925 5932
7974 127 5931 5924 5925 5932
7975 127 5932 5925 5936 5942
7976 127 5932 5925 5936 5943
7977 127 5942 5936 5937 5944
7978 127 5943 5936 5937 5944
7979 127 5944 5937 5948 5954
7980 127 5944 5937 5948 5955
7981 127 5954 5948 5949 5956
7982 127 5955 5948 5949 5956
7983 127 5956 5949 5960 5966
7984 127 5956 5949 5960 5967
7985 127 5966 5960 5961 5968
7986 127 5967 5960 5961 5968
7987 127 5968 5961 5972 5978
7988 127 5968 5961 5972 5979
7989 127 5978 5972 5973 5980
7990 127 5979 5972 5973 5980
7991 127 5980 5973 5984 5990
7992 127 5980 5973 5984 5991
7993 127 5990 5984 5985 5992
7994 127 5991 5984 5985 5992
7995 127 5992 5985 5996 6002
7996 127 5992 5985 5996 6003
7997 127 6002 5996 5997 6004
7998 127 6003 5996 5997 6004
7999 127 6004 5997 6008 6014
8000 127 6004 5997 6008 6015
8001 136 1 2 3 4
8002 136 603 604 605 606
8003 136 1205 1206 1207 1208
8004 136 1807 1808 1809 1810
8005 136 2409 2410 2411 2412
8006 136 3011 3012 3013 3014
8007 136 3613 3614 3615 3616
8008 136 4215 4216 4217 4218
8009 136 4817 4818 4819 4820
8010 136 5419 5420 5421 5422
8011 139 590 591 592 593
8012 139 1192 1193 1194 1195
8013 139 1794 1795 1796 1797
8014 139 2396 2397 2398 2399
8015 139 2998 2999 3000 3001
8016 139 3600 3601 3602 3603
8017 139 4202 4203 4204 4205
8018 139 4804 4805 4806 4807
8019 139 5406 5407 5408 5409
8020 139 6008 6009 6010 6011
8021 140 14 15 16 17
8022 140 4 3 2 14
8023 140 26 27 28 29
8024 140 17 16 15 26
8025 140 38 39 40 41
8026 140 29 28 27 38
8027 140 50 51 52 53
8028 140 41 40 39 50
8029 140 62 63 64 65
8030 140 53 52 51 62
8031 140 74 75 76 77
8032 140 65 64 63 74
8033 140 86 87 88 89
8034 140 77 76 75 86
8035 140 98 99 100 101
8036 140 89 88 87 98
8037 140 110 111 112 113
8038 140 101 100 99 110
8039 140 122 123 124 125
8040 140 113 112 111 122
8041 140 134 135 136 137
8042 140 125 124 123 134
8043 140 146 147 148 149
8044 140 137 136 135 146
8045 140 158 159 160 161
8046 140 149 148 147 158
8047 140 170 171 172 173
8048 140 161 160 159 170
8049 140 182 183 184 185
8050 140 173 172 171 182
8051 140 194 195 196 197
8052 140 185 184 183 194
8053 140 206 207 208 209
8054 140 197 196 195 206
8055 140 218 219 220 221
8056 140 209 208 207 218
8057 140 230 231 232 233
8058 140 221 220 219 230
8059 140 242 243 244 245
8060 140 233 232 231 242
8061 140 254 255 256 257
8062 140 245 244 243 254
8063 140 266 267 268 269
8064 140 257 256 255 266
8065 140 278 279 280 281
8066 140 269 268 267 278
8067 140 290 291 292 293
8068 140 281 280 279 290
8069 140 302 303 304 305
8070 140 293 292 291 302
8071 140 314 315 316 317
8072 140 305 304 303 314
8073 140 326 327 328 329
8074 140 317 316 315 326
8075 140 338 339 340 341
8076 140 329 328 327 338
8077 140 350 351 352 353
8078 140 341 340 339 350
8079 140 362 363 364 365
8080 140 353 352 351 362
8081 140 374 375 376 377
8082 140 365 364 363 374
8083 140 386 387 388 389
8084 140 377 376 375 386
8085 140 398 399 400 401
8086 140 389 388 387 398
8087 140 410 411 412 413
8088 140 401 400 399 410
8089 140 422 423 424 425
8090 140 413 412 411 422
8091 140 434 435 436 437
8092 140 425 424 423 434
8093 140 446 447 448 449
8094 140 437 436 435 446
8095 140 458 459 460 461
8096 140 449 448 447 458
8097 140 470 471 472 473
8098 140 461 460 459 470
8099 140 482 483 484 485
8100 140 473 472 471 482
8101 140 494 495 496 497
8102 140 485 484 483 494
8103 140 506 507 508 509
8104 140 497 496 495 506
8105 140 518 519 520 521
8106 140 509 508 507 518
8107 140 530 531 532 533
8108 140 521 520 519 530
8109 140 542 543 544 545
8110 140 533 532 531 542
8111 140 554 555 556 557
8112 140 545 544 543 554
8113 140 566 567 568 569
8114 140 557 556 555 566
8115 140 578 579 580 581
8116 140 569 568 567 578
8117 140 581 580 579 590
8118 140 616 617 618 619
8119 140 606 605 604 616
8120 140 628 629 630 631
8121 140 619 618 617 628
8122 140 640 641 642 643
8123 140 631 630 629 640
8124 140 652 653 654 655
8125 140 643 642 641 652
8126 140 664 665 666 667
8127 140 655 654 653 664
8128 140 676 677 678 679
8129 140 667 666 665 676
8130 140 688 689 690 691
8131 140 679 678 677 688
8132 140 700 701 702 703
8133 140 691 690 689 700
8134 140 712 713 714 715
8135 140 703 702 701 712
8136 140 724 725 726 727
8137 140 715 714 713 724
8138 140 736 737 738 739
8139 140 727 726 725 736
8140 140 748 749 750 751
8141 140 739 738 737 748
8142 140 760 761 762 763
8143 140 751 750 749 760
8144 140 772 773 774 775
8145 140 763 762 761 772
8146 140 784 785 786 787
8147 140 775 774 773 784
8148 140 796 797 798 799
8149 140 787 786 785 796
8150 140 808 809 810 811
8151 140 799 798 797 808
8152 140 820 821 822 823
8153 140 811 810 809 820
8154 140 832 833 834 835
8155 140 823 822 821 832
8156 140 844 845 846 847
8157 140 835 834 833 844
8158 140 856 857 858 859
8159 140 847 846 845 856
8160 140 868 869 870 871
8161 140 859 858 857 868
8162 140 880 881 882 883
8163 140 871 870 869 880
8164 140 892 893 894 895
8165 140 883 882 881 892
8166 140 904 905 906 907
8167 140 895 894 893 904
8168 140 916 917 918 919
8169 140 907 906 905 916
8170 140 928 929 930 931
8171 140 919 918 917 928
8172 140 940 941 942 943
8173 140 931 930 929 940
8174 140 952 953 954 955
8175 140 943 942 941 952
8176 140 964 965 966 967
8177 140 955 954 953 964
8178 140 976 977 978 979
8179 140 967 966 965 976
8180 140 988 989 990 991
8181 140 979 978 977 988
8182 140 1000 1001 1002 1003
8183 140 991 990 989 1000
8184 140 1012 1013 1014 1015
8185 140 1003 1002 1001 1012
8186 140 1024 1025 1026 1027
8187 140 1015 1014 1013 1024
8188 140 1036 1037 1038 1039
8189 140 1027 1026 1025 1036
8190 140 1048 1049 1050 1051
8191 140 1039 1038 1037 1048
8192 140 1060 1061 1062 1063
8193 140 1051 1050 1049 1060
8194 140 1072 1073 1074 1075
8195 140 1063 1062 1061 1072
8196 140 1084 1085 1086 1087
8197 140 1075 1074 1073 1084
8198 140 1096 1097 1098 1099
8199 140 1087 1086 1085 1096
8200 140 1108 1109 1110 1111
8201 140 1099 1098 1097 1108
8202 140 1120 1121 1122 1123
8203 140 1111 1110 1109 1120
8204 140 1132 1133 1134 1135
8205 140 1123 1122 1121 1132
8206 140 1144 1145 1146 1147
8207 140 1135 1134 1133 1144
8208 140 1156 1157 1158 1159
8209 140 1147 1146 1145 1156
8210 140 1168 1169 1170 1171
8211 140 1159 1158 1157 1168
8212 140 1180 1181 1182 1183
8213 140 1171 1170 1169 1180
8214 140 1183 1182 1181 1192
8215 140 1218 1219 1220 1221
8216 140 1208 1207 1206 1218
8217 140 1230 1231 1232 1233
8218 140 1221 1220 1219 1230
8219 140 1242 1243 1244 1245
8220 140 1233 1232 1231 1242
8221 140 1254 1255 1256 1257
8222 140 1245 1244 1243 1254
8223 140 1266 1267 1268 1269
8224 140 1257 1256 1255 1266
8225 140 1278 1279 1280 1281
8226 140 1269 1268 1267 1278
8227 140 1290 1291 1292 1293
8228 140 1281 1280 1279 1290
8229 140 1302 1303 1304 1305
8230 140 1293 1292 1291 1302
8231 140 1314 1315 1316 1317
8232 140 1305 1304 1303 1314
8233 140 1326 1327 1328 1329
8234 140 1317 1316 1315 1326
8235 140 1338 1339 1340 1341
8236 140 1329 1328 1327 1338
8237 140 1350 1351 1352 1353
8238 140 1341 1340 1339 1350
8239 140 1362 1363 1364 1365
8240 140 1353 1352 1351 1362
8241 140 1374 1375 1376 1377
8242 140 1365 1364 1363 1374
8243 140 1386 1387 1388 1389
8244 140 1377 1376 1375 1386
8245 140 1398 1399 1400 1401
8246 140 1389 1388 1387 1398
8247 140 1410 1411 1412 1413
8248 140 1401 1400 1399 1410
8249 140 1422 1423 1424 1425
8250 140 1413 1412 1411 1422
8251 140 1434 1435 1436 1437
8252 140 1425 1424 1423 1434
8253 140 1446 1447 1448 1449
8254 140 1437 1436 1435 1446
8255 140 1458 1459 1460 1461
8256 140 1449 1448 1447 1458
8257 140 1470 1471 1472 1473
8258 140 1461 1460 1459 1470
8259 140 1482 1483 1484 1485
8260 140 1473 1472 1471 1482
8261 140 1494 1495 1496 1497
8262 140 1485 1484 1483 1494
8263 140 1506 1507 1508 1509
8264 140 1497 1496 1495 1506
8265 140 1518 1519 1520 1521
8266 140 1509 1508 1507 1518
8267 140 1530 1531 1532 1533
8268 140 1521 1520 1519 1530
8269 140 1542 1543 1544 1545
8270 140 1533 1532 1531 1542
8271 140 1554 1555 1556 1557
8272 140 1545 1544 1543 1554
8273 140 1566 1567 1568 1569
8274 140 1557 1556 1555 1566
8275 140 1578 1579 1580 1581
8276 140 1569 1568 1567 1578
8277 140 1590 1591 1592 1593
8278 140 1581 1580 1579 1590
8279 140 1602 1603 1604 1605
8280 140 1593 1592 1591 1602
8281 140 1614 1615 1616 1617
8282 140 1605 1604 1603 1614
8283 140 1626 1627 1628 1629
8284 140 1617 1616 1615 1626
8285 140 1638 1639 1640 1641
8286 140 1629 1628 1627 1638
8287 140 1650 1651 1652 1653
8288 140 1641 1640 1639 1650
8289 140 1662 1663 1664 1665
8290 140 1653 1652 1651 1662
8291 140 1674 1675 1676 1677
8292 140 1665 1664 1663 1674
8293 140 1686 1687 1688 1689
8294 140 1677 1676 1675 1686
8295 140 1698 1699 1700 1701
8296 140 1689 1688 1687 1698
8297 140 1710 1711 1712 1713
8298 140 1701 1700 1699 1710
8299 140 1722 1723 1724 1725
8300 140 1713 1712 1711 1722
8301 140 1734 1735 1736 1737
8302 140 1725 1724 1723 1734
8303 140 1746 1747 1748 1749
8304 140 1737 1736 1735 1746
8305 140 1758 1759 1760 1761
8306 140 1749 1748 1747 1758
8307 140 1770 1771 1772 1773
8308 140 1761 1760 1759 1770
8309 140 1782 1783 1784 1785
8310 140 1773 1772 1771 1782
8311 140 1785 1784 1783 1794
8312 140 1820 1821 1822 1823
8313 140 1810 1809 1808 1820
8314 140 1832 1833 1834 1835
8315 140 1823 1822 1821 1832
8316 140 1844 1845 1846 1847
8317 140 1835 1834 1833 1844
8318 140 1856 1857 1858 1859
8319 140 1847 1846 1845 1856
8320 140 1868 1869 1870 1871
8321 140 1859 1858 1857 1868
8322 140 1880 1881 1882 1883
8323 140 1871 1870 1869 1880
8324 140 1892 1893 1894 1895
8325 140 1883 1882 1881 1892
8326 140 1904 1905 1906 1907
8327 140 1895 1894 1893 1904
8328 140 1916 1917 1918 1919
8329 140 1907 1906 1905 1916
8330 140 1928 1929 1930 1931
8331 140 1919 1918 1917 1928
8332 140 1940 1941 1942 1943
8333 140 1931 1930 1929 1940
8334 140 1952 1953 1954 1955
8335 140 1943 1942 1941 1952
8336 140 1964 1965 1966 1967
8337 140 1955 1954 1953 1964
8338 140 1976 1977 1978 1979
8339 140 1967 1966 1965 1976
8340 140 1988 1989 1990 1991
8341 140 1979 1978 1977 1988
8342 140 2000 2001 2002 2003
8343 140 1991 1990 1989 2000
8344 140 2012 2013 2014 2015
8345 140 2003 2002 2001 2012
8346 140 2024 2025 2026 2027
8347 140 2015 2014 2013 2024
8348 140 2036 2037 2038 2039
8349 140 2027 2026 2025 2036
8350 140 2048 2049 2050 2051
8351 140 2039 2038 2037 2048
8352 140 2060 2061 2062 2063
8353 140 2051 2050 2049 2060
8354 140 2072 2073 2074 2075
8355 140 2063 2062 2061 2072
8356 140 2084 2085 2086 2087
8357 140 2075 2074 2073 2084
8358 140 2096 2097 2098 2099
8359 140 2087 2086 2085 2096
8360 140 2108 2109 2110 2111
8361 140 2099 2098 2097 2108
8362 140 2120 2121 2122 2123
8363 140 2111 2110 2109 2120
8364 140 2132 2133 2134 2135
8365 140 2123 2122 2121 2132
8366 140 2144 2145 2146 2147
8367 140 2135 2134 2133 2144
8368 140 2156 2157 2158 2159
8369 140 2147 2146 2145 2156
8370 140 2168 2169 2170 2171
8371 140 2159 2158 2157 2168
8372 140 2180 2181 2182 2183
8373 140 2171 2170 2169 2180
8374 140 2192 2193 2194 2195
8375 140 2183 2182 2181 2192
8376 140 2204 2205 2206 2207
8377 140 2195 2194 2193 2204
8378 140 2216 2217 2218 2219
8379 140 2207 2206 2205 2216
8380 140 2228 2229 2230 2231
8381 140 2219 2218 2217 2228
8382 140 2240 2241 2242 2243
8383 140 2231 2230 2229 2240
8384 140 2252 2253 2254 2255
8385 140 2243 2242 2241 2252
8386 140 2264 2265 2266 2267
8387 140 2255 2254 2253 2264
8388 140 2276 2277 2278 2279
8389 140 2267 2266 2265 2276
8390 140 2288 2289 2290 2291
8391 140 2279 2278 2277 2288
8392 140 2300 2301 2302 2303
8393 140 2291 2290 2289 2300
8394 140 2312 2313 2314 2315
8395 140 2303 2302 2301 2312
8396 140 2324 2325 2326 2327
8397 140 2315 2314 2313 2324
8398 140 2336 2337 2338 2339
8399 140 2327 2326 2325 2336
8400 140 2348 2349 2350 2351
8401 140 2339 2338 2337 2348
8402 140 2360 2361 2362 2363
8403 140 2351 2350 2349 2360
8404 140 2372 2373 2374 2375
8405 140 2363 2362 2361 2372
8406 140 2384 2385 2386 2387
8407 140 2375 2374 2373 2384
8408 140 2387 2386 2385 2396
8409 140 2422 2423 2424 2425
8410 140 2412 2411 2410 2422
8411 140 2434 2435 2436 2437
8412 140 2425 2424 2423 2434
8413 140 2446 2447 2448 2449
8414 140 2437 2436 2435 2446
8415 140 2458 2459 2460 2461
8416 140 2449 2448 2447 2458
8417 140 2470 2471 2472 2473
8418 140 2461 2460 2459 2470
8419 140 2482 2483 2484 2485
8420 140 2473 2472 2471 2482
8421 140 2494 2495 2496 2497
8422 140 2485 2484 2483 2494
8423 140 2506 2507 2508 2509
8424 140 2497 2496 2495 2506
8425 140 2518 2519 2520 2521
8426 140 2509 2508 2507 2518
8427 140 2530 2531 2532 2533
8428 140 2521 2520 2519 2530
8429 140 2542 2543 2544 2545
8430 140 2533 2532 2531 2542
8431 140 2554 2555 2556 2557
8432 140 2545 2544 2543 2554
8433 140 2566 2567 2568 2569
8434 140 2557 2556 2555 2566
8435 140 2578 2579 2580 2581
8436 140 2569 2568 2567 2578
8437 140 2590 2591 2592 2593
8438 140 2581 2580 2579 2590
8439 140 2602 2603 2604 2605
8440 140 2593 2592 2591 2602
8441 140 2614 2615 2616 2617
8442 140 2605 2604 2603 2614
8443 140 2626 2627 2628 2629
8444 140 2617 2616 2615 2626
8445 140 2638 2639 2640 2641
8446 140 2629 2628 2627 2638
8447 140 2650 2651 2652 2653
8448 140 2641 2640 2639 2650
8449 140 2662 2663 2664 2665
8450 140 2653 2652 2651 2662
8451 140 2674 2675 2676 2677
8452 140 2665 2664 2663 2674
8453 140 2686 2687 2688 2689
8454 140 2677 2676 2675 2686
8455 140 2698 2699 2700 2701
8456 140 2689 2688 2687 2698
8457 140 2710 2711 2712 2713
8458 140 2701 2700 2699 2710
8459 140 2722 2723 2724 2725
8460 140 2713 2712 2711 2722
8461 140 2734 2735 2736 2737
8462 140 2725 2724 2723 2734
8463 140 2746 2747 2748 2749
8464 140 2737 2736 2735 2746
8465 140 2758 2759 2760 2761
8466 140 2749 2748 2747 2758
8467 140 2770 2771 2772 2773
8468 140 2761 2760 2759 2770
8469 140 2782 2783 2784 2785
8470 140 2773 2772 2771 2782
8471 140 2794 2795 2796 2797
8472 140 2785 2784 2783 2794
8473 140 2806 2807 2808 2809
8474 140 2797 2796 2795 2806
8475 140 2818 2819 2820 2821
8476 140 2809 2808 2807 2818
8477 140 2830 2831 2832 2833
8478 140 2821 2820 2819 2830
8479 140 2842 2843 2844 2845
8480 140 2833 2832 2831 2842
8481 140 2854 2855 2856 2857
8482 140 2845 2844 2843 2854
8483 140 2866 2867 2868 2869
8484 140 2857 2856 2855 2866
8485 140 2878 2879 2880 2881
8486 140 2869 2868 2867 2878
8487 140 2890 2891 2892 2893
8488 140 2881 2880 2879 2890
8489 140 2902 2903 2904 2905
8490 140 2893 2892 2891 2902
8491 140 2914 2915 2916 2917
8492 140 2905 2904 2903 2914
8493 140 2926 2927 2928 2929
8494 140 2917 2916 2915 2926
8495 140 2938 2939 2940 2941
8496 140 2929 2928 2927 2938
8497 140 2950 2951 2952 2953
8498 140 2941 2940 2939 2950
8499 140 2962 2963 2964 2965
8500 140 2953 2952 2951 2962
8501 140 2974 2975 2976 2977
8502 140 2965 2964 2963 2974
8503 140 2986 2987 2988 2989
8504 140 2977 2976 2975 2986
8505 140 2989 2988 2987 2998
8506 140 3024 3025 3026 3027
8507 140 3014 3013 3012 3024
8508 140 3036 3037 3038 3039
8509 140 3027 3026 3025 3036
8510 140 3048 3049 3050 3051
8511 140 3039 3038 3037 3048
8512 140 3060 3061 3062 3063
8513 140 3051 3050 3049 3060
8514 140 3072 3073 3074 3075
8515 140 3063 3062 3061 3072
8516 140 3084 3085 3086 3087
8517 140 3075 3074 3073 3084
8518 140 3096 3097 3098 3099
8519 140 3087 3086 3085 3096
8520 140 3108 3109 3110 3111
8521 140 3099 3098 3097 3108
8522 140 3120 3121 3122 3123
8523 140 3111 3110 3109 3120
8524 140 3132 3133 3134 3135
8525 140 3123 3122 3121 3132
8526 140 3144 3145 3146 3147
8527 140 3135 3134 3133 3144
8528 140 3156 3157 3158 3159
8529 140 3147 3146 3145 3156
8530 140 3168 3169 3170 3171
8531 140 3159 3158 3157 3168
8532 140 3180 3181 3182 3183
8533 140 3171 3170 3169 3180
8534 140 3192 3193 3194 3195
8535 140 3183 3182 3181 3192
8536 140 3204 3205 3206 3207
8537 140 3195 3194 3193 3204
8538 140 3216 3217 3218 3219
8539 140 3207 3206 3205 3216
8540 140 3228 3229 3230 3231
8541 140 3219 3218 3217 3228
8542 140 3240 3241 3242 3243
8543 140 3231 3230 3229 3240
8544 140 3252 3253 3254 3255
8545 140 3243 3242 3241 3252
8546 140 3264 3265 3266 3267
8547 140 3255 3254 3253 3264
8548 140 3276 3277 3278 3279
8549 140 3267 3266 3265 3276
8550 140 3288 3289 3290 3291
8551 140 3279 3278 3277 3288
8552 140 3300 3301 3302 3303
8553 140 3291 3290 3289 3300
8554 140 3312 3313 3314 3315
8555 140 3303 3302 3301 3312
8556 140 3324 3325 3326 3327
8557 140 3315 3314 3313 3324
8558 140 3336 3337 3338 3339
8559 140 3327 3326 3325 3336
8560 140 3348 3349 3350 3351
8561 140 3339 3338 3337 3348
8562 140 3360 3361 3362 3363
8563 140 3351 3350 3349 3360
8564 140 3372 3373 3374 3375
8565 140 3363 3362 3361 3372
8566 140 3384 3385 3386 3387
8567 140 3375 3374 3373 3384
8568 140 3396 3397 3398 3399
8569 140 3387 3386 3385 3396
8570 140 3408 3409 3410 3411
8571 140 3399 3398 3397 3408
8572 140 3420 3421 3422 3423
8573 140 3411 3410 3409 3420
8574 140 3432 3433 3434 3435
8575 140 3423 3422 3421 3432
8576 140 3444 3445 3446 3447
8577 140 3435 3434 3433 3444
8578 140 3456 3457 3458 3459
8579 140 3447 3446 3445 3456
8580 140 3468 3469 3470 3471
8581 140 3459 3458 3457 3468
8582 140 3480 3481 3482 3483
8583 140 3471 3470 3469 3480
8584 140 3492 3493 3494 3495
8585 140 3483 3482 3481 3492
8586 140 3504 3505 3506 3507
8587 140 3495 3494 3493 3504
8588 140 3516 3517 3518 3519
8589 140 3507 3506 3505 3516
8590 140 3528 3529 3530 3531
8591 140 3519 3518 3517 3528
8592 140 3540 3541 3542 3543
8593 140 3531 3530 3529 3540
8594 140 3552 3553 3554 3555
8595 140 3543 3542 3541 3552
8596 140 3564 3565 3566 3567
8597 140 3555 3554 3553 3564
8598 140 3576 3577 3578 3579
8599 140 3567 3566 3565 3576
8600 140 3588 3589 3590 3591
8601 140 3579 3578 3577 3588
8602 140 3591 3590 3589 3600
8603 140 3626 3627 3628 3629
8604 140 3616 3615 3614 3626
8605 140 3638 3639 3640 3641
8606 140 3629 3628 3627 3638
8607 140 3650 3651 3652 3653
8608 140 3641 3640 3639 3650
8609 140 3662 3663 3664 3665
8610 140 3653 3652 3651 3662
8611 140 3674 3675 3676 3677
8612 140 3665 3664 3663 3674
8613 140 3686 3687 3688 3689
8614 140 3677 3676 3675 3686
8615 140 3698 3699 3700 3701
8616 140 3689 3688 3687 3698
8617 140 3710 3711 3712 3713
8618 140 3701 3700 3699 3710
8619 140 3722 3723 3724 3725
8620 140 3713 3712 3711 3722
8621 140 3734 3735 3736 3737
8622 140 3725 3724 3723 3734
8623 140 3746 3747 3748 3749
8624 140 3737 3736 3735 3746
8625 140 3758 3759 3760 3761
8626 140 3749 3748 3747 3758
8627 140 3770 3771 3772 3773
8628 140 3761 3760 3759 3770
8629 140 3782 3783 3784 3785
8630 140 3773 3772 3771 3782
8631 140 3794 3795 3796 3797
8632 140 3785 3784 3783 3794
8633 140 3806 3807 3808 3809
8634 140 3797 3796 3795 3806
8635 140 3818 3819 3820 3821
8636 140 3809 3808 3807 3818
8637 140 3830 3831 3832 3833
8638 140 3821 3820 3819 3830
8639 140 3842 3843 3844 3845
8640 140 3833 3832 3831 3842
8641 140 3854 3855 3856 3857
8642 140 3845 3844 3843 3854
8643 140 3866 3867 3868 3869
8644 140 3857 3856 3855 3866
8645 140 3878 3879 3880 3881
8646 140 3869 3868 3867 3878
8647 140 3890 3891 3892 3893
8648 140 3881 3880 3879 3890
8649 140 3902 3903 3904 3905
8650 140 3893 3892 3891 3902
8651 140 3914 3915 3916 3917
8652 140 3905 3904 3903 3914
8653 140 3926 3927 3928 3929
8654 140 3917 3916 3915 3926
8655 140 3938 3939 3940 3941
8656 140 3929 3928 3927 3938
8657 140 3950 3951 3952 3953
8658 140 3941 3940 3939 3950
8659 140 3962 3963 3964 3965
8660 140 3953 3952 3951 3962
8661 140 3974 3975 3976 3977
8662 140 3965 3964 3963 3974
8663 140 3986 3987 3988 3989
8664 140 3977 3976 3975 3986
8665 140 3998 3999 4000 4001
8666 140 3989 3988 3987 3998
8667 140 4010 4011 4012 4013
8668 140 4001 4000 3999 4010
8669 140 4022 4023 4024 4025
8670 140 4013 4012 4011 4022
8671 140 4034 4035 4036 4037
8672 140 4025 4024 4023 4034
8673 140 4046 4047 4048 4049
8674 140 4037 4036 4035 4046
8675 140 4058 4059 4060 4061
8676 140 4049 4048 4047 4058
8677 140 4070 4071 4072 4073
8678 140 4061 4060 4059 4070
8679 140 4082 4083 4084 4085
8680 140 4073 4072 4071 4082
8681 140 4094 4095 4096 4097
8682 140 4085 4084 4083 4094
8683 140 4106 4107 4108 4109
8684 140 4097 4096 4095 4106
8685 140 4118 4119 4120 4121
8686 140 4109 4108 4107 4118
8687 140 4130 4131 4132 4133
8688 140 4121 4120 4119 4130
8689 140 4142 4143 4144 4145
8690 140 4133 4132 4131 4142
8691 140 4154 4155 4156 4157
8692 140 4145 4144 4143 4154
8693 140 4166 4167 4168 4169
8694 140 4157 4156 4155 4166
8695 140 4178 4179 4180 4181
8696 140 4169 4168 4167 4178
8697 140 4190 4191 4192 4193
8698 140 4181 4180 4179 4190
8699 140 4193 4192 4191 4202
8700 140 4228 4229 4230 4231
8701 140 4218 4217 4216 4228
8702 140 4240 4241 4242 4243
8703 140 4231 4230 4229 4240
8704 140 4252 4253 4254 4255
8705 140 4243 4242 4241 4252
8706 140 4264 4265 4266 4267
8707 140 4255 4254 4253 4264
8708 140 4276 4277 4278 4279
8709 140 4267 4266 4265 4276
8710 140 4288 4289 4290 4291
8711 140 4279 4278 4277 4288
8712 140 4300 4301 4302 4303
8713 140 4291 4290 4289 4300
8714 140 4312 4313 4314 4315
8715 140 4303 4302 4301 4312
8716 140 4324 4325 4326 4327
8717 140 4315 4314 4313 4324
8718 140 4336 4337 4338 4339
8719 140 4327 4326 4325 4336
8720 140 4348 4349 4350 4351
8721 140 4339 4338 4337 4348
8722 140 4360 4361 4362 4363
8723 140 4351 4350 4349 4360
8724 140 4372 4373 4374 4375
8725 140 4363 4362 4361 4372
8726 140 4384 4385 4386 4387
8727 140 4375 4374 4373 4384
8728 140 4396 4397 4398 4399
8729 140 4387 4386 4385 4396
8730 140 4408 4409 4410 4411
8731 140 4399 4398 4397 4408
8732 140 4420 4421 4422 4423
8733 140 4411 4410 4409 4420
8734 140 4432 4433 4434 4435
8735 140 4423 4422 4421 4432
8736 140 4444 4445 4446 4447
8737 140 4435 4434 4433 4444
8738 140 4456 4457 4458 4459
8739 140 4447 4446 4445 4456
8740 140 4468 4469 4470 4471
8741 140 4459 4458 4457 4468
8742 140 4480 4481 4482 4483
8743 140 4471 4470 4469 4480
8744 140 4492 4493 4494 4495
8745 140 4483 4482 4481 4492
8746 140 4504 4505 4506 4507
8747 140 4495 4494 4493 4504
8748 140 4516 4517 4518 4519
8749 140 4507 4506 4505 4516
8750 140 4528 4529 4530 4531
8751 140 4519 4518 4517 4528
8752 140 4540 4541 4542 4543
8753 140 4531 4530 4529 4540
8754 140 4552 4553 4554 4555
8755 140 4543 4542 4541 4552
8756 140 4564 4565 4566 4567
8757 140 4555 4554 4553 4564
8758 140 4576 4577 4578 4579
8759 140 4567 4566 4565 4576
8760 140 4588 4589 4590 4591
8761 140 4579 4578 4577 4588
8762 140 4600 4601 4602 4603
8763 140 4591 4590 4589 4600
8764 140 4612 4613 4614 4615
8765 140 4603 4602 4601 4612
8766 140 4624 4625 4626 4627
8767 140 4615 4614 4613 4624
8768 140 4636 4637 4638 4639
8769 140 4627 4626 4625 4636
8770 140 4648 4649 4650 4651
8771 140 4639 4638 4637 4648
8772 140 4660 4661 4662 4663
8773 140 4651 4650 4649 4660
8774 140 4672 4673 4674 4675
8775 140 4663 4662 4661 4672
8776 140 4684 4685 4686 4687
8777 140 4675 4674 4673 4684
8778 140 4696 4697 4698 4699
8779 140 4687 4686 4685 4696
8780 140 4708 4709 4710 4711
8781 140 4699 4698 4697 4708
8782 140 4720 4721 4722 4723
8783 140 4711 4710 4709 4720
8784 140 4732 4733 4734 4735
8785 140 4723 4722 4721 4732
8786 140 4744 4745 4746 4747
8787 140 4735 4734 4733 4744
8788 140 4756 4757 4758 4759
8789 140 4747 4746 4745 4756
8790 140 4768 4769 4770 4771
8791 140 4759 4758 4757 4768
8792 140 4780 4781 4782 4783
8793 140 4771 4770 4769 4780
8794 140 4792 4793 4794 4795
8795 140 4783 4782 4781 4792
8796 140 4795 4794 4793 4804
8797 140 4830 4831 4832 4833
8798 140 4820 4819 4818 4830
8799 140 4842 4843 4844 4845
8800 140 4833 4832 4831 4842
8801 140 4854 4855 4856 4857
8802 140 4845 4844 4843 4854
8803 140 4866 4867 4868 4869
8804 140 4857 4856 4855 4866
8805 140 4878 4879 4880 4881
8806 140 4869 4868 4867 4878
8807 140 4890 4891 4892 4893
8808 140 4881 4880 4879 4890
8809 140 4902 4903 4904 4905
8810 140 4893 4892 4891 4902
8811 140 4914 4915 4916 4917
8812 140 4905 4904 4903 4914
8813 140 4926 4927 4928 4929
8814 140 4917 4916 4915 4926
8815 140 4938 4939 4940 4941
8816 140 4929 4928 4927 4938
8817 140 4950 4951 4952 4953
8818 140 4941 4940 4939 4950
8819 140 4962 4963 4964 4965
8820 140 4953 4952 4951 4962
8821 140 4974 4975 4976 4977
8822 140 4965 4964 4963 4974
8823 140 4986 4987 4988 4989
8824 140 4977 4976 4975 4986
8825 140 4998 4999 5000 5001
8826 140 4989 4988 4987 4998
8827 140 5010 5011 5012 5013
8828 140 5001 5000 4999 5010
8829 140 5022 5023 5024 5025
8830 140 5013 5012 5011 5022
8831 140 5034 5035 5036 5037
8832 140 5025 5024 5023 5034
8833 140 5046 5047 5048 5049
8834 140 5037 5036 5035 5046
8835 140 5058 5059 5060 5061
8836 140 5049 5048 5047 5058
8837 140 5070 5071 5072 5073
8838 140 5061 5060 5059 5070
8839 140 5082 5083 5084 5085
8840 140 5073 5072 5071 5082
8841 140 5094 5095 5096 5097
8842 140 5085 5084 5083 5094
8843 140 5106 5107 5108 5109
8844 140 5097 5096 5095 5106
8845 140 5118 5119 5120 5121
8846 140 5109 5108 5107 5118
8847 140 5130 5131 5132 5133
8848 140 5121 5120 5119 5130
8849 140 5142 5143 5144 5145
8850 140 5133 5132 5131 5142
8851 140 5154 5155 5156 5157
8852 140 5145 5144 5143 5154
8853 140 5166 5167 5168 5169
8854 140 5157 5156 5155 5166
8855 140 5178 5179 5180 5181
8856 140 5169 5168 5167 5178
8857 140 5190 5191 5192 5193
8858 140 5181 5180 5179 5190
8859 140 5202 5203 5204 5205
8860 140 5193 5192 5191 5202
8861 140 5214 5215 5216 5217
8862 140 5205 5204 5203 5214
8863 140 5226 5227 5228 5229
8864 140 5217 5216 5215 5226
8865 140 5238 5239 5240 5241
8866 140 5229 5228 5227 5238
8867 140 5250 5251 5252 5253
8868 140 5241 5240 5239 5250
8869 140 5262 5263 5264 5265
8870 140 5253 5252 5251 5262
8871 140 5274 5275 5276 5277
8872 140 5265 5264 5263 5274
8873 140 5286 5287 5288 5289
8874 140 5277 5276 5275 5286
8875 140 5298 5299 5300 5301
8876 140 5289 5288 5287 5298
8877 140 5310 5311 5312 5313
8878 140 5301 5300 5299 5310
8879 140 5322 5323 5324 5325
8880 140 5313 5312 5311 5322
8881 140 5334 5335 5336 5337
8882 140 5325 5324 5323 5334
8883 140 5346 5347 5348 5349
8884 140 5337 5336 5335 5346
8885 140 5358 5359 5360 5361
8886 140 5349 5348 5347 5358
8887 140 5370 5371 5372 5373
8888 140 5361 5360 5359 5370
8889 140 5382 5383 5384 5385
8890 140 5373 5372 5371 5382
8891 140 5394 5395 5396 5397
8892 140 5385 5384 5383 5394
8893 140 5397 5396 5395 5406
8894 140 5432 5433 5434 5435
8895 140 5422 5421 5420 5432
8896 140 5444 5445 5446 5447
8897 140 5435 5434 5433 5444
8898 140 5456 5457 5458 5459
8899 140 5447 5446 5445 5456
8900 140 5468 5469 5470 5471
8901 140 5459 5458 5457 5468
8902 140 5480 5481 5482 5483
8903 140 5471 5470 5469 5480
8904 140 5492 5493 5494 5495
8905 140 5483 5482 5481 5492
8906 140 5504 5505 5506 5507
8907 140 5495 5494 5493 5504
8908 140 5516 5517 5518 5519
8909 140 5507 5506 5505 5516
8910 140 5528 5529 5530 5531
8911 140 5519 5518 5517 5528
8912 140 5540 5541 5542 5543
8913 140 5531 5530 5529 5540
8914 140 5552 5553 5554 5555
8915 140 5543 5542 5541 5552
8916 140 5564 5565 5566 5567
8917 140 5555 5554 5553 5564
8918 140 5576 5577 5578 5579
8919 140 5567 5566 5565 5576
8920 140 5588 5589 5590 5591
8921 140 5579 5578 5577 5588
8922 140 5600 5601 5602 5603
8923 140 5591 5590 5589 5600
8924 140 5612 5613 5614 5615
8925 140 5603 5602 5601 5612
8926 140 5624 5625 5626 5627
8927 140 5615 5614 5613 5624
8928 140 5636 5637 5638 5639
8929 140 5627 5626 5625 5636
8930 140 5648 5649 5650 5651
8931 140 5639 5638 5637 5648
8932 140 5660 5661 5662 5663
8933 140 5651 5650 5649 5660
8934 140 5672 5673 5674 5675
8935 140 5663 5662 5661 5672
8936 140 5684 5685 5686 5687
8937 140 5675 5674 5673 5684
8938 140 5696 5697 5698 5699
8939 140 5687 5686 5685 5696
8940 140 5708 5709 5710 5711
8941 140 5699 5698 5697 5708
8942 140 5720 5721 5722 5723
8943 140 5711 5710 5709 5720
8944 140 5732 5733 5734 5735
8945 140 5723 5722 5721 5732
8946 140 5744 5745 5746 5747
8947 140 5735 5734 5733 5744
8948 140 5756 5757 5758 5759
8949 140 5747 5746 5745 5756
8950 140 5768 5769 5770 5771
8951 140 5759 5758 5757 5768
8952 140 5780 5781 5782 5783
8953 140 5771 5770 5769 5780
8954 140 5792 5793 5794 5795
8955 140 5783 5782 5781 5792
8956 140 5804 5805 5806 5807
8957 140 5795 5794 5793 5804
8958 140 5816 5817 5818 5819
8959 140 5807 5806 5805 5816
8960 140 5828 5829 5830 5831
8961 140 5819 5818 5817 5828
8962 140 5840 5841 5842 5843
8963 140 5831 5830 5829 5840
8964 140 5852 5853 5854 5855
8965 140 5843 5842 5841 5852
8966 140 5864 5865 5866 5867
8967 140 5855 5854 5853 5864
8968 140 5876 5877 5878 5879
8969 140 5867 5866 5865 5876
8970 140 5888 5889 5890 5891
8971 140 5879 5878 5877 5888
8972 140 5900 5901 5902 5903
8973 140 5891 5890 5889 5900
8974 140 5912 5913 5914 5915
8975 140 5903 5902 5901 5912
8976 140 5924 5925 5926 5927
8977 140 5915 5914 5913 5924
8978 140 5936 5937 5938 5939
8979 140 5927 5926 5925 5936
8980 140 5948 5949 5950 5951
8981 140 5939 5938 5937 5948
8982 140 5960 5961 5962 5963
8983 140 5951 5950 5949 5960
8984 140 5972 5973 5974 5975
8985 140 5963 5962 5961 5972
8986 140 5984 5985 5986 5987
8987 140 5975 5974 5973 5984
8988 140 5996 5997 5998 5999
8989 140 5987 5986 5985 5996
8990 140 5999 5998 5997 6008
8991 155 593 592 591 598
8992 155 593 592 591 599
8993 155 1195 1194 1193 1200
8994 155 1195 1194 1193 1201
8995 155 1797 1796 1795 1802
8996 155 1797 1796 1795 1803
8997 155 2399 2398 2397 2404
8998 155 2399 2398 2397 2405
8999 155 3001 3000 2999 3006
9000 155 3001 3000 2999 3007
9001 155 3603 3602 3601 3608
9002 155 3603 3602 3601 3609
9003 155 4205 4204 4203 4210
9004 155 4205 4204 4203 4211
9005 155 4807 4806 4805 4812
9006 155 4807 4806 4805 4813
9007 155 5409 5408 5407 5414
9008 155 5409 5408 5407 5415
9009 155 6011 6010 6009 6016
9010 155 6011 6010 6009 6017
9011 156 4 3 2 10
9012 156 17 16 15 22
9013 156 29 28 27 34
9014 156 41 40 39 46
9015 156 53 52 51 58
9016 156 65 64 63 70
9017 156 77 76 75 82
9018 156 89 88 87 94
9019 156 101 100 99 106
9020 156 113 112 111 118
9021 156 125 124 123 130
9022 156 137 136 135 142
9023 156 149 148 147 154
9024 156 161 160 159 166
9025 156 173 172 171 178
9026 156 185 184 183 190
9027 156 197 196 195 202
9028 156 209 208 207 214
9029 156 221 220 219 226
9030 156 233 232 231 238
9031 156 245 244 243 250
9032 156 257 256 255 262
9033 156 269 268 267 274
9034 156 281 280 279 286
9035 156 293 292 291 298
9036 156 305 304 303 310
9037 156 317 316 315 322
9038 156 329 328 327 334
9039 156 341 340 339 346
9040 156 353 352 351 358
9041 156 365 364 363 370
9042 156 377 376 375 382
9043 156 389 388 387 394
9044 156 401 400 399 406
9045 156 413 412 411 418
9046 156 425 424 423 430
9047 156 437 436 435 442
9048 156 449 448 447 454
9049 156 461 460 459 466
9050 156 473 472 471 478
9051 156 485 484 483 490
9052 156 497 496 495 502
9053 156 509 508 507 514
9054 156 521 520 519 526
9055 156 533 532 531 538
9056 156 545 544 543 550
9057 156 557 556 555 562
9058 156 569 568 567 574
9059 156 581 580 579 586
9060 156 606 605 604 612
9061 156 619 618 617 624
9062 156 631 630 629 636
9063 156 643 642 641 648
9064 156 655 654 653 660
9065 156 667 666 665 672
9066 156 679 678 677 684
9067 156 691 690 689 696
9068 156 703 702 701 708
9069 156 715 714 713 720
9070 156 727 726 725 732
9071 156 739 738 737 744
9072 156 751 750 749 756
9073 156 763 762 761 768
9074 156 775 774 773 780
9075 156 787 786 785 792
9076 156 799 798 797 804
9077 156 811 810 809 816
9078 156 823 822 821 828
9079 156 835 834 833 840
9080 156 847 846 845 852
9081 156 859 858 857 864
9082 156 871 870 869 876
9083 156 883 882 881 888
9084 156 895 894 893 900
9085 156 907 906 905 912
9086 156 919 918 917 924
9087 156 931 930 929 936
9088 156 943 942 941 948
9089 156 955 954 953 960
9090 156 967 966 965 972
9091 156 979 978 977 984
9092 156 991 990 989 996
9093 156 1003 1002 1001 1008
9094 156 1015 1014 1013 1020
9095 156 1027 1026 1025 1032
9096 156 1039 1038 1037 1044
9097 156 1051 1050 1049 1056
9098 156 1063 1062 1061 1068
9099 156 1075 1074 1073 1080
9100 156 1087 1086 1085 1092
9101 156 1099 1098 1097 1104
9102 156 1111 1110 1109 1116
9103 156 1123 1122 1121 1128
9104 156 1135 1134 1133 1140
9105 156 1147 1146 1145 1152
9106 156 1159 1158 1157 1164
9107 156 1171 1170 1169 1176
9108 156 1183 1182 1181 1188
9109 156 1208 1207 1206 1214
9110 156 1221 1220 1219 1226
9111 156 1233 1232 1231 1238
9112 156 1245 1244 1243 1250
9113 156 1257 1256 1255 1262
9114 156 1269 1268 1267 1274
9115 156 1281 1280 1279 1286
9116 156 1293 1292 1291 1298
9117 156 1305 1304 1303 1310
9118 156 1317 1316 1315 1322
9119 156 1329 1328 1327 1334
9120 156 1341 1340 1339 1346
9121 156 1353 1352 1351 1358
9122 156 1365 1364 1363 1370
9123 156 1377 1376 1375 1382
9124 156 1389 1388 1387 1394
9125 156 1401 1400 1399 1406
9126 156 1413 1412 1411 1418
9127 156 1425 1424 1423 1430
9128 156 1437 1436 1435 1442
9129 156 1449 1448 1447 1454
9130 156 1461 1460 1459 1466
9131 156 1473 1472 1471 1478
9132 156 1485 1484 1483 1490
9133 156 1497 1496 1495 1502
9134 156 1509 1508 1507 1514
9135 156 1521 1520 1519 1526
9136 156 1533 1532 1531 1538
9137 156 1545 1544 1543 1550
9138 156 1557 1556 1555 1562
9139 156 1569 1568 1567 1574
9140 156 1581 1580 1579 1586
9141 156 1593 1592 1591 1598
9142 156 1605 1604 1603 1610
9143 156 1617 1616 1615 1622
9144 156 1629 1628 1627 1634
9145 156 1641 1640 1639 1646
9146 156 1653 1652 1651 1658
9147 156 1665 1664 1663 1670
9148 156 1677 1676 1675 1682
9149 156 1689 1688 1687 1694
9150 156 1701 1700 1699 1706
9151 156 1713 1712 1711 1718
9152 156 1725 1724 1723 1730
9153 156 1737 1736 1735 1742
9154 156 1749 1748 1747 1754
9155 156 1761 1760 1759 1766
9156 156 1773 1772 1771 1778
9157 156 1785 1784 1783 1790
9158 156 1810 1809 1808 1816
9159 156 1823 1822 1821 1828
9160 156 1835 1834 1833 1840
9161 156 1847 1846 1845 1852
9162 156 1859 1858 1857 1864
9163 156 1871 1870 1869 1876
9164 156 1883 1882 1881 1888
9165 156 1895 1894 1893 1900
9166 156 1907 1906 1905 1912
9167 156 1919 1918 1917 1924
9168 156 1931 1930 1929 1936
9169 156 1943 1942 1941 1948
9170 156 1955 1954 1953 1960
9171 156 1967 1966 1965 1972
9172 156 1979 1978 1977 1984
9173 156 1991 1990 1989 1996
9174 156 2003 2002 2001 2008
9175 156 2015 2014 2013 2020
9176 156 2027 2026 2025 2032
9177 156 2039 2038 2037 2044
9178 156 2051 2050 2049 2056
9179 156 2063 2062 2061 2068
9180 156 2075 2074 2073 2080
9181 156 2087 2086 2085 2092
9182 156 2099 2098 2097 2104
9183 156 2111 2110 2109 2116
9184 156 2123 2122 2121 2128
9185 156 2135 2134 2133 2140
9186 156 2147 2146 2145 2152
9187 156 2159 2158 2157 2164
9188 156 2171 2170 2169 2176
9189 156 2183 2182 2181 2188
9190 156 2195 2194 2193 2200
9191 156 2207 2206 2205 2212
9192 156 2219 2218 2217 2224
9193 156 2231 2230 2229 2236
9194 156 2243 2242 2241 2248
9195 156 2255 2254 2253 2260
9196 156 2267 2266 2265 2272
9197 156 2279 2278 2277 2284
9198 156 2291 2290 2289 2296
9199 156 2303 2302 2301 2308
9200 156 2315 2314 2313 2320
9201 156 2327 2326 2325 2332
9202 156 2339 2338 2337 2344
9203 156 2351 2350 2349 2356
9204 156 2363 2362 2361 2368
9205 156 2375 2374 2373 2380
9206 156 2387 2386 2385 2392
9207 156 2412 2411 2410 2418
9208 156 2425 2424 2423 2430
9209 156 2437 2436 2435 2442
9210 156 2449 2448 2447 2454
9211 156 2461 2460 2459 2466
9212 156 2473 2472 2471 2478
9213 156 2485 2484 2483 2490
9214 156 2497 2496 2495 2502
9215 156 2509 2508 2507 2514
9216 156 2521 2520 2519 2526
9217 156 2533 2532 2531 2538
9218 156 2545 2544 2543 2550
9219 156 2557 2556 2555 2562
9220 156 2569 2568 2567 2574
9221 156 2581 2580 2579 2586
9222 156 2593 2592 2591 2598
9223 156 2605 2604 2603 2610
9224 156 2617 2616 2615 2622
9225 156 2629 2628 2627 2634
9226 156 2641 2640 2639 2646
9227 156 2653 2652 2651 2658
9228 156 2665 2664 2663 2670
9229 156 2677 2676 2675 2682
9230 156 2689 2688 2687 2694
9231 156 2701 2700 2699 2706
9232 156 2713 2712 2711 2718
9233 156 2725 2724 2723 2730
9234 156 2737 2736 2735 2742
9235 156 2749 2748 2747 2754
9236 156 2761 2760 2759 2766
9237 156 2773 2772 2771 2778
9238 156 2785 2784 2783 2790
9239 156 2797 2796 2795 2802
9240 156 2809 2808 2807 2814
9241 156 2821 2820 2819 2826
9242 156 2833 2832 2831 2838
9243 156 2845 2844 2843 2850
9244 156 2857 2856 2855 2862
9245 156 2869 2868 2867 2874
9246 156 2881 2880 2879 2886
9247 156 2893 2892 2891 2898
9248 156 2905 2904 2903 2910
9249 156 2917 2916 2915 2922
9250 156 2929 2928 2927 2934
9251 156 2941 2940 2939 2946
9252 156 2953 2952 2951 2958
9253 156 2965 2964 2963 2970
9254 156 2977 2976 2975 2982
9255 156 2989 2988 2987 2994
9256 156 3014 3013 3012 3020
9257 156 3027 3026 3025 3032
9258 156 3039 3038 3037 3044
9259 156 3051 3050 3049 3056
9260 156 3063 3062 3061 3068
9261 156 3075 3074 3073 3080
9262 156 3087 3086 3085 3092
9263 156 3099 3098 3097 3104
9264 156 3111 3110 3109 3116
9265 156 3123 3122 3121 3128
9266 156 3135 3134 3133 3140
9267 156 3147 3146 3145 3152
9268 156 3159 3158 3157 3164
9269 156 3171 3170 3169 3176
9270 156 3183 3182 3181 3188
9271 156 3195 3194 3193 3200
9272 156 3207 3206 3205 3212
9273 156 3219 3218 3217 3224
9274 156 3231 3230 3229 3236
9275 156 3243 3242 3241 3248
9276 156 3255 3254 3253 3260
9277 156 3267 3266 3265 3272
9278 156 3279 3278 3277 3284
9279 156 3291 3290 3289 3296
9280 156 3303 3302 3301 3308
9281 156 3315 3314 3313 3320
9282 156 3327 3326 3325 3332
9283 156 3339 3338 3337 3344
9284 156 3351 3350 3349 3356
9285 156 3363 3362 3361 3368
9286 156 3375 3374 3373 3380
9287 156 3387 3386 3385 3392
9288 156 3399 3398 3397 3404
9289 156 3411 3410 3409 3416
9290 156 3423 3422 3421 3428
9291 156 3435 3434 3433 3440
9292 156 3447 3446 3445 3452
9293 156 3459 3458 3457 3464
9294 156 3471 3470 3469 3476
9295 156 3483 3482 3481 3488
9296 156 3495 3494 3493 3500
9297 156 3507 3506 3505 3512
9298 156 3519 3518 3517 3524
9299 156 3531 3530 3529 3536
9300 156 3543 3542 3541 3548
9301 156 3555 3554 3553 3560
9302 156 3567 3566 3565 3572
9303 156 3579 3578 3577 3584
9304 156 3591 3590 3589 3596
9305 156 3616 3615 3614 3622
9306 156 3629 3628 3627 3634
9307 156 3641 3640 3639 3646
9308 156 3653 3652 3651 3658
9309 156 3665 3664 3663 3670
9310 156 3677 3676 3675 3682
9311 156 3689 3688 3687 3694
9312 156 3701 3700 3699 3706
9313 156 3713 3712 3711 3718
9314 156 3725 3724 3723 3730
9315 156 3737 3736 3735 3742
9316 156 3749 3748 3747 3754
9317 156 3761 3760 3759 3766
9318 156 3773 3772 3771 3778
9319 156 3785 3784 3783 3790
9320 156 3797 3796 3795 3802
9321 156 3809 3808 3807 3814
9322 156 3821 3820 3819 3826
9323 156 3833 3832 3831 3838
9324 156 3845 3844 3843 3850
9325 156 3857 3856 3855 3862
9326 156 3869 3868 3867 3874
9327 156 3881 3880 3879 3886
9328 156 3893 3892 3891 3898
9329 156 3905 3904 3903 3910
9330 156 3917 3916 3915 3922
9331 156 3929 3928 3927 3934
9332 156 3941 3940 3939 3946
9333 156 3953 3952 3951 3958
9334 156 3965 3964 3963 3970
9335 156 3977 3976 3975 3982
9336 156 3989 3988 3987 3994
9337 156 4001 4000 3999 4006
9338 156 4013 4012 4011 4018
9339 156 4025 4024 4023 4030
9340 156 4037 4036 4035 4042
9341 156 4049 4048 4047 4054
9342 156 4061 4060 4059 4066
9343 156 4073 4072 4071 4078
9344 156 4085 4084 4083 4090
9345 156 4097 4096 4095 4102
9346 156 4109 4108 4107 4114
9347 156 4121 4120 4119 4126
9348 156 4133 4132 4131 4138
9349 156 4145 4144 4143 4150
9350 156 4157 4156 4155 4162
9351 156 4169 4168 4167 4174
9352 156 4181 4180 4179 4186
9353 156 4193 4192 4191 4198
9354 156 4218 4217 4216 4224
9355 156 4231 4230 4229 4236
9356 156 4243 4242 4241 4248
9357 156 4255 4254 4253 4260
9358 156 4267 4266 4265 4272
9359 156 4279 4278 4277 4284
9360 156 4291 4290 4289 4296
9361 156 4303 4302 4301 4308
9362 156 4315 4314 4313 4320
9363 156 4327 4326 4325 4332
9364 156 4339 4338 4337 4344
9365 156 4351 4350 4349 4356
9366 156 4363 4362 4361 4368
9367 156 4375 4374 4373 4380
9368 156 4387 4386 4385 4392
9369 156 4399 4398 4397 4404
9370 156 4411 4410 4409 4416
9371 156 4423 4422 4421 4428
9372 156 4435 4434 4433 4440
9373 156 4447 4446 4445 4452
9374 156 4459 4458 4457 4464
9375 156 4471 4470 4469 4476
9376 156 4483 4482 4481 4488
9377 156 4495 4494 4493 4500
9378 156 4507 4506 4505 4512
9379 156 4519 4518 4517 4524
9380 156 4531 4530 4529 4536
9381 156 4543 4542 4541 4548
9382 156 4555 4554 4553 4560
9383 156 4567 4566 4565 4572
9384 156 4579 4578 4577 4584
9385 156 4591 4590 4589 4596
9386 156 4603 4602 4601 4608
9387 156 4615 4614 4613 4620
9388 156 4627 4626 4625 4632
9389 156 4639 4638 4637 4644
9390 156 4651 4650 4649 4656
9391 156 4663 4662 4661 4668
9392 156 4675 4674 4673 4680
9393 156 4687 4686 4685 4692
9394 156 4699 4698 4697 4704
9395 156 4711 4710 4709 4716
9396 156 4723 4722 4721 4728
9397 156 4735 4734 4733 4740
9398 156 4747 4746 4745 4752
9399 156 4759 4758 4757 4764
9400 156 4771 4770 4769 4776
9401 156 4783 4782 4781 4788
9402 156 4795 4794 4793 4800
9403 156 4820 4819 4818 4826
9404 156 4833 4832 4831 4838
9405 156 4845 4844 4843 4850
9406 156 4857 4856 4855 4862
9407 156 4869 4868 4867 4874
9408 156 4881 4880 4879 4886
9409 156 4893 4892 4891 4898
9410 156 4905 4904 4903 4910
9411 156 4917 4916 4915 4922
9412 156 4929 4928 4927 4934
9413 156 4941 4940 4939 4946
9414 156 4953 4952 4951 4958
9415 156 4965 4964 4963 4970
9416 156 4977 4976 4975 4982
9417 156 4989 4988 4987 4994
9418 156 5001 5000 4999 5006
9419 156 5013 5012 5011 5018
9420 156 5025 5024 5023 5030
9421 156 5037 5036 5035 5042
9422 156 5049 5048 5047 5054
9423 156 5061 5060 5059 5066
9424 156 5073 5072 5071 5078
9425 156 5085 5084 5083 5090
9426 156 5097 5096 5095 5102
9427 156 5109 5108 5107 5114
9428 156 5121 5120 5119 5126
9429 156 5133 5132 5131 5138
9430 156 5145 5144 5143 5150
9431 156 5157 5156 5155 5162
9432 156 5169 5168 5167 5174
9433 156 5181 5180 5179 5186
9434 156 5193 5192 5191 5198
9435 156 5205 5204 5203 5210
9436 156 5217 5216 5215 5222
9437 156 5229 5228 5227 5234
9438 156 5241 5240 5239 5246
9439 156 5253 5252 5251 5258
9440 156 5265 5264 5263 5270
9441 156 5277 5276 5275 5282
9442 156 5289 5288 5287 5294
9443 156 5301 5300 5299 5306
9444 156 5313 5312 5311 5318
9445 156 5325 5324 5323 5330
9446 156 5337 5336 5335 5342
9447 156 5349 5348 5347 5354
9448 156 5361 5360 5359 5366
9449 156 5373 5372 5371 5378
9450 156 5385 5384 5383 5390
9451 156 5397 5396 5395 5402
9452 156 5422 5421 5420 5428
9453 156 5435 5434 5433 5440
9454 156 5447 5446 5445 5452
9455 156 5459 5458 5457 5464
9456 156 5471 5470 5469 5476
9457 156 5483 5482 5481 5488
9458 156 5495 5494 5493 5500
9459 156 5507 5506 5505 5512
9460 156 5519 5518 5517 5524
9461 156 5531 5530 5529 5536
9462 156 5543 5542 5541 5548
9463 156 5555 5554 5553 5560
9464 156 5567 5566 5565 5572
9465 156 5579 5578 5577 5584
9466 156 5591 5590 5589 5596
9467 156 5603 5602 5601 5608
9468 156 5615 5614 5613 5620
9469 156 5627 5626 5625 5632
9470 156 5639 5638 5637 5644
9471 156 5651 5650 5649 5656
9472 156 5663 5662 5661 5668
9473 156 5675 5674 5673 5680
9474 156 5687 5686 5685 5692
9475 156 5699 5698 5697 5704
9476 156 5711 5710 5709 5716
9477 156 5723 5722 5721 5728
9478 156 5735 5734 5733 5740
9479 156 5747 5746 5745 5752
9480 156 5759 5758 5757 5764
9481 156 5771 5770 5769 5776
9482 156 5783 5782 5781 5788
9483 156 5795 5794 5793 5800
9484 156 5807 5806 5805 5812
9485 156 5819 5818 5817 5824
9486 156 5831 5830 5829 5836
9487 156 5843 5842 5841 5848
9488 156 5855 5854 5853 5860
9489 156 5867 5866 5865 5872
9490 156 5879 5878 5877 5884
9491 156 5891 5890 5889 5896
9492 156 5903 5902 5901 5908
9493 156 5915 5914 5913 5920
9494 156 5927 5926 5925 5932
9495 156 5939 5938 5937 5944
9496 156 5951 5950 5949 5956
9497 156 5963 5962 5961 5968
9498 156 5975 5974 5973 5980
9499 156 5987 5986 5985 5992
9500 156 5999 5998 5997 6004
