1 15 435 443 444 445
2 15 887 895 896 897
3 15 1339 1347 1348 1349
4 15 1791 1799 1800 1801
5 15 2243 2251 2252 2253
6 15 2695 2703 2704 2705
7 15 3147 3155 3156 3157
8 15 3599 3607 3608 3609
9 15 4051 4059 4060 4061
10 15 4503 4511 4512 4513
11 23 434 435 443 444
12 23 886 887 895 896
13 23 1338 1339 1347 1348
14 23 1790 1791 1799 1800
15 23 2242 2243 2251 2252
16 23 2694 2695 2703 2704
17 23 3146 3147 3155 3156
18 23 3598 3599 3607 3608
19 23 4050 4051 4059 4060
20 23 4502 4503 4511 4512
21 23 436 435 443 444
22 23 888 887 895 896
23 23 1340 1339 1347 1348
24 23 1792 1791 1799 1800
25 23 2244 2243 2251 2252
26 23 2696 2695 2703 2704
27 23 3148 3147 3155 3156
28 23 3600 3599 3607 3608
29 23 4052 4051 4059 4060
30 23 4504 4503 4511 4512
31 24 1 2 11 12
32 24 3 2 11 12
33 24 2 11 12 13
34 24 13 12 20 21
35 24 12 20 21 22
36 24 22 21 29 30
37 24 21 29 30 31
38 24 31 30 38 39
39 24 30 38 39 40
40 24 40 39 47 48
41 24 39 47 48 49
42 24 49 48 56 57
43 24 48 56 57 58
44 24 58 57 65 66
45 24 57 65 66 67
46 24 67 66 74 75
47 24 66 74 75 76
48 24 76 75 83 84
49 24 75 83 84 85
50 24 85 84 92 93
51 24 84 92 93 94
52 24 94 93 101 102
53 24 93 101 102 103
54 24 103 102 110 111
55 24 102 110 111 112
56 24 112 111 119 120
57 24 111 119 120 121
58 24 121 120 128 129
59 24 120 128 129 130
60 24 130 129 137 138
61 24 129 137 138 139
62 24 139 138 146 147
63 24 138 146 147 148
64 24 148 147 155 156
65 24 147 155 156 157
66 24 157 156 164 165
67 24 156 164 165 166
68 24 166 165 173 174
69 24 165 173 174 175
70 24 175 174 182 183
71 24 174 182 183 184
72 24 184 183 191 192
73 24 183 191 192 193
74 24 193 192 200 201
75 24 192 200 201 202
76 24 202 201 209 210
77 24 201 209 210 211
78 24 211 210 218 219
79 24 210 218 219 220
80 24 220 219 227 228
81 24 219 227 228 229
82 24 229 228 236 237
83 24 228 236 237 238
84 24 238 237 245 246
85 24 237 245 246 247
86 24 247 246 254 255
87 24 246 254 255 256
88 24 256 255 263 264
89 24 255 263 264 265
90 24 265 264 272 273
91 24 264 272 273 274
92 24 274 273 281 282
93 24 273 281 282 283
94 24 283 282 290 291
95 24 282 290 291 292
96 24 292 291 299 300
97 24 291 299 300 301
98 24 301 300 308 309
99 24 300 308 309 310
100 24 310 309 317 318
101 24 309 317 318 319
102 24 319 318 326 327
103 24 318 326 327 328
104 24 328 327 335 336
105 24 327 335 336 337
106 24 337 336 344 345
107 24 336 344 345 346
108 24 346 345 353 354
109 24 345 353 354 355
110 24 355 354 362 363
111 24 354 362 363 364
112 24 364 363 371 372
113 24 363 371 372 373
114 24 373 372 380 381
115 24 372 380 381 382
116 24 382 381 389 390
117 24 381 389 390 391
118 24 391 390 398 399
119 24 390 398 399 400
120 24 400 399 407 408
121 24 399 407 408 409
122 24 409 408 416 417
123 24 408 416 417 418
124 24 418 417 425 426
125 24 417 425 426 427
126 24 427 426 434 435
127 24 426 434 435 436
128 24 453 454 463 464
129 24 455 454 463 464
130 24 454 463 464 465
131 24 465 464 472 473
132 24 464 472 473 474
133 24 474 473 481 482
134 24 473 481 482 483
135 24 483 482 490 491
136 24 482 490 491 492
137 24 492 491 499 500
138 24 491 499 500 501
139 24 501 500 508 509
140 24 500 508 509 510
141 24 510 509 517 518
142 24 509 517 518 519
143 24 519 518 526 527
144 24 518 526 527 528
145 24 528 527 535 536
146 24 527 535 536 537
147 24 537 536 544 545
148 24 536 544 545 546
149 24 546 545 553 554
150 24 545 553 554 555
151 24 555 554 562 563
152 24 554 562 563 564
153 24 564 563 571 572
154 24 563 571 572 573
155 24 573 572 580 581
156 24 572 580 581 582
157 24 582 581 589 590
158 24 581 589 590 591
159 24 591 590 598 599
160 24 590 598 599 600
161 24 600 599 607 608
162 24 599 607 608 609
163 24 609 608 616 617
164 24 608 616 617 618
165 24 618 617 625 626
166 24 617 625 626 627
167 24 627 626 634 635
168 24 626 634 635 636
169 24 636 635 643 644
170 24 635 643 644 645
171 24 645 644 652 653
172 24 644 652 653 654
173 24 654 653 661 662
174 24 653 661 662 663
175 24 663 662 670 671
176 24 662 670 671 672
177 24 672 671 679 680
178 24 671 679 680 681
179 24 681 680 688 689
180 24 680 688 689 690
181 24 690 689 697 698
182 24 689 697 698 699
183 24 699 698 706 707
184 24 698 706 707 708
185 24 708 707 715 716
186 24 707 715 716 717
187 24 717 716 724 725
188 24 716 724 725 726
189 24 726 725 733 734
190 24 725 733 734 735
191 24 735 734 742 743
192 24 734 742 743 744
193 24 744 743 751 752
194 24 743 751 752 753
195 24 753 752 760 761
196 24 752 760 761 762
197 24 762 761 769 770
198 24 761 769 770 771
199 24 771 770 778 779
200 24 770 778 779 780
201 24 780 779 787 788
202 24 779 787 788 789
203 24 789 788 796 797
204 24 788 796 797 798
205 24 798 797 805 806
206 24 797 805 806 807
207 24 807 806 814 815
208 24 806 814 815 816
209 24 816 815 823 824
210 24 815 823 824 825
211 24 825 824 832 833
212 24 824 832 833 834
213 24 834 833 841 842
214 24 833 841 842 843
215 24 843 842 850 851
216 24 842 850 851 852
217 24 852 851 859 860
218 24 851 859 860 861
219 24 861 860 868 869
220 24 860 868 869 870
221 24 870 869 877 878
222 24 869 877 878 879
223 24 879 878 886 887
224 24 878 886 887 888
225 24 905 906 915 916
226 24 907 906 915 916
227 24 906 915 916 917
228 24 917 916 924 925
229 24 916 924 925 926
230 24 926 925 933 934
231 24 925 933 934 935
232 24 935 934 942 943
233 24 934 942 943 944
234 24 944 943 951 952
235 24 943 951 952 953
236 24 953 952 960 961
237 24 952 960 961 962
238 24 962 961 969 970
239 24 961 969 970 971
240 24 971 970 978 979
241 24 970 978 979 980
242 24 980 979 987 988
243 24 979 987 988 989
244 24 989 988 996 997
245 24 988 996 997 998
246 24 998 997 1005 1006
247 24 997 1005 1006 1007
248 24 1007 1006 1014 1015
249 24 1006 1014 1015 1016
250 24 1016 1015 1023 1024
251 24 1015 1023 1024 1025
252 24 1025 1024 1032 1033
253 24 1024 1032 1033 1034
254 24 1034 1033 1041 1042
255 24 1033 1041 1042 1043
256 24 1043 1042 1050 1051
257 24 1042 1050 1051 1052
258 24 1052 1051 1059 1060
259 24 1051 1059 1060 1061
260 24 1061 1060 1068 1069
261 24 1060 1068 1069 1070
262 24 1070 1069 1077 1078
263 24 1069 1077 1078 1079
264 24 1079 1078 1086 1087
265 24 1078 1086 1087 1088
266 24 1088 1087 1095 1096
267 24 1087 1095 1096 1097
268 24 1097 1096 1104 1105
269 24 1096 1104 1105 1106
270 24 1106 1105 1113 1114
271 24 1105 1113 1114 1115
272 24 1115 1114 1122 1123
273 24 1114 1122 1123 1124
274 24 1124 1123 1131 1132
275 24 1123 1131 1132 1133
276 24 1133 1132 1140 1141
277 24 1132 1140 1141 1142
278 24 1142 1141 1149 1150
279 24 1141 1149 1150 1151
280 24 1151 1150 1158 1159
281 24 1150 1158 1159 1160
282 24 1160 1159 1167 1168
283 24 1159 1167 1168 1169
284 24 1169 1168 1176 1177
285 24 1168 1176 1177 1178
286 24 1178 1177 1185 1186
287 24 1177 1185 1186 1187
288 24 1187 1186 1194 1195
289 24 1186 1194 1195 1196
290 24 1196 1195 1203 1204
291 24 1195 1203 1204 1205
292 24 1205 1204 1212 1213
293 24 1204 1212 1213 1214
294 24 1214 1213 1221 1222
295 24 1213 1221 1222 1223
296 24 1223 1222 1230 1231
297 24 1222 1230 1231 1232
298 24 1232 1231 1239 1240
299 24 1231 1239 1240 1241
300 24 1241 1240 1248 1249
301 24 1240 1248 1249 1250
302 24 1250 1249 1257 1258
303 24 1249 1257 1258 1259
304 24 1259 1258 1266 1267
305 24 1258 1266 1267 1268
306 24 1268 1267 1275 1276
307 24 1267 1275 1276 1277
308 24 1277 1276 1284 1285
309 24 1276 1284 1285 1286
310 24 1286 1285 1293 1294
311 24 1285 1293 1294 1295
312 24 1295 1294 1302 1303
313 24 1294 1302 1303 1304
314 24 1304 1303 1311 1312
315 24 1303 1311 1312 1313
316 24 1313 1312 1320 1321
317 24 1312 1320 1321 1322
318 24 1322 1321 1329 1330
319 24 1321 1329 1330 1331
320 24 1331 1330 1338 1339
321 24 1330 1338 1339 1340
322 24 1357 1358 1367 1368
323 24 1359 1358 1367 1368
324 24 1358 1367 1368 1369
325 24 1369 1368 1376 1377
326 24 1368 1376 1377 1378
327 24 1378 1377 1385 1386
328 24 1377 1385 1386 1387
329 24 1387 1386 1394 1395
330 24 1386 1394 1395 1396
331 24 1396 1395 1403 1404
332 24 1395 1403 1404 1405
333 24 1405 1404 1412 1413
334 24 1404 1412 1413 1414
335 24 1414 1413 1421 1422
336 24 1413 1421 1422 1423
337 24 1423 1422 1430 1431
338 24 1422 1430 1431 1432
339 24 1432 1431 1439 1440
340 24 1431 1439 1440 1441
341 24 1441 1440 1448 1449
342 24 1440 1448 1449 1450
343 24 1450 1449 1457 1458
344 24 1449 1457 1458 1459
345 24 1459 1458 1466 1467
346 24 1458 1466 1467 1468
347 24 1468 1467 1475 1476
348 24 1467 1475 1476 1477
349 24 1477 1476 1484 1485
350 24 1476 1484 1485 1486
351 24 1486 1485 1493 1494
352 24 1485 1493 1494 1495
353 24 1495 1494 1502 1503
354 24 1494 1502 1503 1504
355 24 1504 1503 1511 1512
356 24 1503 1511 1512 1513
357 24 1513 1512 1520 1521
358 24 1512 1520 1521 1522
359 24 1522 1521 1529 1530
360 24 1521 1529 1530 1531
361 24 1531 1530 1538 1539
362 24 1530 1538 1539 1540
363 24 1540 1539 1547 1548
364 24 1539 1547 1548 1549
365 24 1549 1548 1556 1557
366 24 1548 1556 1557 1558
367 24 1558 1557 1565 1566
368 24 1557 1565 1566 1567
369 24 1567 1566 1574 1575
370 24 1566 1574 1575 1576
371 24 1576 1575 1583 1584
372 24 1575 1583 1584 1585
373 24 1585 1584 1592 1593
374 24 1584 1592 1593 1594
375 24 1594 1593 1601 1602
376 24 1593 1601 1602 1603
377 24 1603 1602 1610 1611
378 24 1602 1610 1611 1612
379 24 1612 1611 1619 1620
380 24 1611 1619 1620 1621
381 24 1621 1620 1628 1629
382 24 1620 1628 1629 1630
383 24 1630 1629 1637 1638
384 24 1629 1637 1638 1639
385 24 1639 1638 1646 1647
386 24 1638 1646 1647 1648
387 24 1648 1647 1655 1656
388 24 1647 1655 1656 1657
389 24 1657 1656 1664 1665
390 24 1656 1664 1665 1666
391 24 1666 1665 1673 1674
392 24 1665 1673 1674 1675
393 24 1675 1674 1682 1683
394 24 1674 1682 1683 1684
395 24 1684 1683 1691 1692
396 24 1683 1691 1692 1693
397 24 1693 1692 1700 1701
398 24 1692 1700 1701 1702
399 24 1702 1701 1709 1710
400 24 1701 1709 1710 1711
401 24 1711 1710 1718 1719
402 24 1710 1718 1719 1720
403 24 1720 1719 1727 1728
404 24 1719 1727 1728 1729
405 24 1729 1728 1736 1737
406 24 1728 1736 1737 1738
407 24 1738 1737 1745 1746
408 24 1737 1745 1746 1747
409 24 1747 1746 1754 1755
410 24 1746 1754 1755 1756
411 24 1756 1755 1763 1764
412 24 1755 1763 1764 1765
413 24 1765 1764 1772 1773
414 24 1764 1772 1773 1774
415 24 1774 1773 1781 1782
416 24 1773 1781 1782 1783
417 24 1783 1782 1790 1791
418 24 1782 1790 1791 1792
419 24 1809 1810 1819 1820
420 24 1811 1810 1819 1820
421 24 1810 1819 1820 1821
422 24 1821 1820 1828 1829
423 24 1820 1828 1829 1830
424 24 1830 1829 1837 1838
425 24 1829 1837 1838 1839
426 24 1839 1838 1846 1847
427 24 1838 1846 1847 1848
428 24 1848 1847 1855 1856
429 24 1847 1855 1856 1857
430 24 1857 1856 1864 1865
431 24 1856 1864 1865 1866
432 24 1866 1865 1873 1874
433 24 1865 1873 1874 1875
434 24 1875 1874 1882 1883
435 24 1874 1882 1883 1884
436 24 1884 1883 1891 1892
437 24 1883 1891 1892 1893
438 24 1893 1892 1900 1901
439 24 1892 1900 1901 1902
440 24 1902 1901 1909 1910
441 24 1901 1909 1910 1911
442 24 1911 1910 1918 1919
443 24 1910 1918 1919 1920
444 24 1920 1919 1927 1928
445 24 1919 1927 1928 1929
446 24 1929 1928 1936 1937
447 24 1928 1936 1937 1938
448 24 1938 1937 1945 1946
449 24 1937 1945 1946 1947
450 24 1947 1946 1954 1955
451 24 1946 1954 1955 1956
452 24 1956 1955 1963 1964
453 24 1955 1963 1964 1965
454 24 1965 1964 1972 1973
455 24 1964 1972 1973 1974
456 24 1974 1973 1981 1982
457 24 1973 1981 1982 1983
458 24 1983 1982 1990 1991
459 24 1982 1990 1991 1992
460 24 1992 1991 1999 2000
461 24 1991 1999 2000 2001
462 24 2001 2000 2008 2009
463 24 2000 2008 2009 2010
464 24 2010 2009 2017 2018
465 24 2009 2017 2018 2019
466 24 2019 2018 2026 2027
467 24 2018 2026 2027 2028
468 24 2028 2027 2035 2036
469 24 2027 2035 2036 2037
470 24 2037 2036 2044 2045
471 24 2036 2044 2045 2046
472 24 2046 2045 2053 2054
473 24 2045 2053 2054 2055
474 24 2055 2054 2062 2063
475 24 2054 2062 2063 2064
476 24 2064 2063 2071 2072
477 24 2063 2071 2072 2073
478 24 2073 2072 2080 2081
479 24 2072 2080 2081 2082
480 24 2082 2081 2089 2090
481 24 2081 2089 2090 2091
482 24 2091 2090 2098 2099
483 24 2090 2098 2099 2100
484 24 2100 2099 2107 2108
485 24 2099 2107 2108 2109
486 24 2109 2108 2116 2117
487 24 2108 2116 2117 2118
488 24 2118 2117 2125 2126
489 24 2117 2125 2126 2127
490 24 2127 2126 2134 2135
491 24 2126 2134 2135 2136
492 24 2136 2135 2143 2144
493 24 2135 2143 2144 2145
494 24 2145 2144 2152 2153
495 24 2144 2152 2153 2154
496 24 2154 2153 2161 2162
497 24 2153 2161 2162 2163
498 24 2163 2162 2170 2171
499 24 2162 2170 2171 2172
500 24 2172 2171 2179 2180
501 24 2171 2179 2180 2181
502 24 2181 2180 2188 2189
503 24 2180 2188 2189 2190
504 24 2190 2189 2197 2198
505 24 2189 2197 2198 2199
506 24 2199 2198 2206 2207
507 24 2198 2206 2207 2208
508 24 2208 2207 2215 2216
509 24 2207 2215 2216 2217
510 24 2217 2216 2224 2225
511 24 2216 2224 2225 2226
512 24 2226 2225 2233 2234
513 24 2225 2233 2234 2235
514 24 2235 2234 2242 2243
515 24 2234 2242 2243 2244
516 24 2261 2262 2271 2272
517 24 2263 2262 2271 2272
518 24 2262 2271 2272 2273
519 24 2273 2272 2280 2281
520 24 2272 2280 2281 2282
521 24 2282 2281 2289 2290
522 24 2281 2289 2290 2291
523 24 2291 2290 2298 2299
524 24 2290 2298 2299 2300
525 24 2300 2299 2307 2308
526 24 2299 2307 2308 2309
527 24 2309 2308 2316 2317
528 24 2308 2316 2317 2318
529 24 2318 2317 2325 2326
530 24 2317 2325 2326 2327
531 24 2327 2326 2334 2335
532 24 2326 2334 2335 2336
533 24 2336 2335 2343 2344
534 24 2335 2343 2344 2345
535 24 2345 2344 2352 2353
536 24 2344 2352 2353 2354
537 24 2354 2353 2361 2362
538 24 2353 2361 2362 2363
539 24 2363 2362 2370 2371
540 24 2362 2370 2371 2372
541 24 2372 2371 2379 2380
542 24 2371 2379 2380 2381
543 24 2381 2380 2388 2389
544 24 2380 2388 2389 2390
545 24 2390 2389 2397 2398
546 24 2389 2397 2398 2399
547 24 2399 2398 2406 2407
548 24 2398 2406 2407 2408
549 24 2408 2407 2415 2416
550 24 2407 2415 2416 2417
551 24 2417 2416 2424 2425
552 24 2416 2424 2425 2426
553 24 2426 2425 2433 2434
554 24 2425 2433 2434 2435
555 24 2435 2434 2442 2443
556 24 2434 2442 2443 2444
557 24 2444 2443 2451 2452
558 24 2443 2451 2452 2453
559 24 2453 2452 2460 2461
560 24 2452 2460 2461 2462
561 24 2462 2461 2469 2470
562 24 2461 2469 2470 2471
563 24 2471 2470 2478 2479
564 24 2470 2478 2479 2480
565 24 2480 2479 2487 2488
566 24 2479 2487 2488 2489
567 24 2489 2488 2496 2497
568 24 2488 2496 2497 2498
569 24 2498 2497 2505 2506
570 24 2497 2505 2506 2507
571 24 2507 2506 2514 2515
572 24 2506 2514 2515 2516
573 24 2516 2515 2523 2524
574 24 2515 2523 2524 2525
575 24 2525 2524 2532 2533
576 24 2524 2532 2533 2534
577 24 2534 2533 2541 2542
578 24 2533 2541 2542 2543
579 24 2543 2542 2550 2551
580 24 2542 2550 2551 2552
581 24 2552 2551 2559 2560
582 24 2551 2559 2560 2561
583 24 2561 2560 2568 2569
584 24 2560 2568 2569 2570
585 24 2570 2569 2577 2578
586 24 2569 2577 2578 2579
587 24 2579 2578 2586 2587
588 24 2578 2586 2587 2588
589 24 2588 2587 2595 2596
590 24 2587 2595 2596 2597
591 24 2597 2596 2604 2605
592 24 2596 2604 2605 2606
593 24 2606 2605 2613 2614
594 24 2605 2613 2614 2615
595 24 2615 2614 2622 2623
596 24 2614 2622 2623 2624
597 24 2624 2623 2631 2632
598 24 2623 2631 2632 2633
599 24 2633 2632 2640 2641
600 24 2632 2640 2641 2642
601 24 2642 2641 2649 2650
602 24 2641 2649 2650 2651
603 24 2651 2650 2658 2659
604 24 2650 2658 2659 2660
605 24 2660 2659 2667 2668
606 24 2659 2667 2668 2669
607 24 2669 2668 2676 2677
608 24 2668 2676 2677 2678
609 24 2678 2677 2685 2686
610 24 2677 2685 2686 2687
611 24 2687 2686 2694 2695
612 24 2686 2694 2695 2696
613 24 2713 2714 2723 2724
614 24 2715 2714 2723 2724
615 24 2714 2723 2724 2725
616 24 2725 2724 2732 2733
617 24 2724 2732 2733 2734
618 24 2734 2733 2741 2742
619 24 2733 2741 2742 2743
620 24 2743 2742 2750 2751
621 24 2742 2750 2751 2752
622 24 2752 2751 2759 2760
623 24 2751 2759 2760 2761
624 24 2761 2760 2768 2769
625 24 2760 2768 2769 2770
626 24 2770 2769 2777 2778
627 24 2769 2777 2778 2779
628 24 2779 2778 2786 2787
629 24 2778 2786 2787 2788
630 24 2788 2787 2795 2796
631 24 2787 2795 2796 2797
632 24 2797 2796 2804 2805
633 24 2796 2804 2805 2806
634 24 2806 2805 2813 2814
635 24 2805 2813 2814 2815
636 24 2815 2814 2822 2823
637 24 2814 2822 2823 2824
638 24 2824 2823 2831 2832
639 24 2823 2831 2832 2833
640 24 2833 2832 2840 2841
641 24 2832 2840 2841 2842
642 24 2842 2841 2849 2850
643 24 2841 2849 2850 2851
644 24 2851 2850 2858 2859
645 24 2850 2858 2859 2860
646 24 2860 2859 2867 2868
647 24 2859 2867 2868 2869
648 24 2869 2868 2876 2877
649 24 2868 2876 2877 2878
650 24 2878 2877 2885 2886
651 24 2877 2885 2886 2887
652 24 2887 2886 2894 2895
653 24 2886 2894 2895 2896
654 24 2896 2895 2903 2904
655 24 2895 2903 2904 2905
656 24 2905 2904 2912 2913
657 24 2904 2912 2913 2914
658 24 2914 2913 2921 2922
659 24 2913 2921 2922 2923
660 24 2923 2922 2930 2931
661 24 2922 2930 2931 2932
662 24 2932 2931 2939 2940
663 24 2931 2939 2940 2941
664 24 2941 2940 2948 2949
665 24 2940 2948 2949 2950
666 24 2950 2949 2957 2958
667 24 2949 2957 2958 2959
668 24 2959 2958 2966 2967
669 24 2958 2966 2967 2968
670 24 2968 2967 2975 2976
671 24 2967 2975 2976 2977
672 24 2977 2976 2984 2985
673 24 2976 2984 2985 2986
674 24 2986 2985 2993 2994
675 24 2985 2993 2994 2995
676 24 2995 2994 3002 3003
677 24 2994 3002 3003 3004
678 24 3004 3003 3011 3012
679 24 3003 3011 3012 3013
680 24 3013 3012 3020 3021
681 24 3012 3020 3021 3022
682 24 3022 3021 3029 3030
683 24 3021 3029 3030 3031
684 24 3031 3030 3038 3039
685 24 3030 3038 3039 3040
686 24 3040 3039 3047 3048
687 24 3039 3047 3048 3049
688 24 3049 3048 3056 3057
689 24 3048 3056 3057 3058
690 24 3058 3057 3065 3066
691 24 3057 3065 3066 3067
692 24 3067 3066 3074 3075
693 24 3066 3074 3075 3076
694 24 3076 3075 3083 3084
695 24 3075 3083 3084 3085
696 24 3085 3084 3092 3093
697 24 3084 3092 3093 3094
698 24 3094 3093 3101 3102
699 24 3093 3101 3102 3103
700 24 3103 3102 3110 3111
701 24 3102 3110 3111 3112
702 24 3112 3111 3119 3120
703 24 3111 3119 3120 3121
704 24 3121 3120 3128 3129
705 24 3120 3128 3129 3130
706 24 3130 3129 3137 3138
707 24 3129 3137 3138 3139
708 24 3139 3138 3146 3147
709 24 3138 3146 3147 3148
710 24 3165 3166 3175 3176
711 24 3167 3166 3175 3176
712 24 3166 3175 3176 3177
713 24 3177 3176 3184 3185
714 24 3176 3184 3185 3186
715 24 3186 3185 3193 3194
716 24 3185 3193 3194 3195
717 24 3195 3194 3202 3203
718 24 3194 3202 3203 3204
719 24 3204 3203 3211 3212
720 24 3203 3211 3212 3213
721 24 3213 3212 3220 3221
722 24 3212 3220 3221 3222
723 24 3222 3221 3229 3230
724 24 3221 3229 3230 3231
725 24 3231 3230 3238 3239
726 24 3230 3238 3239 3240
727 24 3240 3239 3247 3248
728 24 3239 3247 3248 3249
729 24 3249 3248 3256 3257
730 24 3248 3256 3257 3258
731 24 3258 3257 3265 3266
732 24 3257 3265 3266 3267
733 24 3267 3266 3274 3275
734 24 3266 3274 3275 3276
735 24 3276 3275 3283 3284
736 24 3275 3283 3284 3285
737 24 3285 3284 3292 3293
738 24 3284 3292 3293 3294
739 24 3294 3293 3301 3302
740 24 3293 3301 3302 3303
741 24 3303 3302 3310 3311
742 24 3302 3310 3311 3312
743 24 3312 3311 3319 3320
744 24 3311 3319 3320 3321
745 24 3321 3320 3328 3329
746 24 3320 3328 3329 3330
747 24 3330 3329 3337 3338
748 24 3329 3337 3338 3339
749 24 3339 3338 3346 3347
750 24 3338 3346 3347 3348
751 24 3348 3347 3355 3356
752 24 3347 3355 3356 3357
753 24 3357 3356 3364 3365
754 24 3356 3364 3365 3366
755 24 3366 3365 3373 3374
756 24 3365 3373 3374 3375
757 24 3375 3374 3382 3383
758 24 3374 3382 3383 3384
759 24 3384 3383 3391 3392
760 24 3383 3391 3392 3393
761 24 3393 3392 3400 3401
762 24 3392 3400 3401 3402
763 24 3402 3401 3409 3410
764 24 3401 3409 3410 3411
765 24 3411 3410 3418 3419
766 24 3410 3418 3419 3420
767 24 3420 3419 3427 3428
768 24 3419 3427 3428 3429
769 24 3429 3428 3436 3437
770 24 3428 3436 3437 3438
771 24 3438 3437 3445 3446
772 24 3437 3445 3446 3447
773 24 3447 3446 3454 3455
774 24 3446 3454 3455 3456
775 24 3456 3455 3463 3464
776 24 3455 3463 3464 3465
777 24 3465 3464 3472 3473
778 24 3464 3472 3473 3474
779 24 3474 3473 3481 3482
780 24 3473 3481 3482 3483
781 24 3483 3482 3490 3491
782 24 3482 3490 3491 3492
783 24 3492 3491 3499 3500
784 24 3491 3499 3500 3501
785 24 3501 3500 3508 3509
786 24 3500 3508 3509 3510
787 24 3510 3509 3517 3518
788 24 3509 3517 3518 3519
789 24 3519 3518 3526 3527
790 24 3518 3526 3527 3528
791 24 3528 3527 3535 3536
792 24 3527 3535 3536 3537
793 24 3537 3536 3544 3545
794 24 3536 3544 3545 3546
795 24 3546 3545 3553 3554
796 24 3545 3553 3554 3555
797 24 3555 3554 3562 3563
798 24 3554 3562 3563 3564
799 24 3564 3563 3571 3572
800 24 3563 3571 3572 3573
801 24 3573 3572 3580 3581
802 24 3572 3580 3581 3582
803 24 3582 3581 3589 3590
804 24 3581 3589 3590 3591
805 24 3591 3590 3598 3599
806 24 3590 3598 3599 3600
807 24 3617 3618 3627 3628
808 24 3619 3618 3627 3628
809 24 3618 3627 3628 3629
810 24 3629 3628 3636 3637
811 24 3628 3636 3637 3638
812 24 3638 3637 3645 3646
813 24 3637 3645 3646 3647
814 24 3647 3646 3654 3655
815 24 3646 3654 3655 3656
816 24 3656 3655 3663 3664
817 24 3655 3663 3664 3665
818 24 3665 3664 3672 3673
819 24 3664 3672 3673 3674
820 24 3674 3673 3681 3682
821 24 3673 3681 3682 3683
822 24 3683 3682 3690 3691
823 24 3682 3690 3691 3692
824 24 3692 3691 3699 3700
825 24 3691 3699 3700 3701
826 24 3701 3700 3708 3709
827 24 3700 3708 3709 3710
828 24 3710 3709 3717 3718
829 24 3709 3717 3718 3719
830 24 3719 3718 3726 3727
831 24 3718 3726 3727 3728
832 24 3728 3727 3735 3736
833 24 3727 3735 3736 3737
834 24 3737 3736 3744 3745
835 24 3736 3744 3745 3746
836 24 3746 3745 3753 3754
837 24 3745 3753 3754 3755
838 24 3755 3754 3762 3763
839 24 3754 3762 3763 3764
840 24 3764 3763 3771 3772
841 24 3763 3771 3772 3773
842 24 3773 3772 3780 3781
843 24 3772 3780 3781 3782
844 24 3782 3781 3789 3790
845 24 3781 3789 3790 3791
846 24 3791 3790 3798 3799
847 24 3790 3798 3799 3800
848 24 3800 3799 3807 3808
849 24 3799 3807 3808 3809
850 24 3809 3808 3816 3817
851 24 3808 3816 3817 3818
852 24 3818 3817 3825 3826
853 24 3817 3825 3826 3827
854 24 3827 3826 3834 3835
855 24 3826 3834 3835 3836
856 24 3836 3835 3843 3844
857 24 3835 3843 3844 3845
858 24 3845 3844 3852 3853
859 24 3844 3852 3853 3854
860 24 3854 3853 3861 3862
861 24 3853 3861 3862 3863
862 24 3863 3862 3870 3871
863 24 3862 3870 3871 3872
864 24 3872 3871 3879 3880
865 24 3871 3879 3880 3881
866 24 3881 3880 3888 3889
867 24 3880 3888 3889 3890
868 24 3890 3889 3897 3898
869 24 3889 3897 3898 3899
870 24 3899 3898 3906 3907
871 24 3898 3906 3907 3908
872 24 3908 3907 3915 3916
873 24 3907 3915 3916 3917
874 24 3917 3916 3924 3925
875 24 3916 3924 3925 3926
876 24 3926 3925 3933 3934
877 24 3925 3933 3934 3935
878 24 3935 3934 3942 3943
879 24 3934 3942 3943 3944
880 24 3944 3943 3951 3952
881 24 3943 3951 3952 3953
882 24 3953 3952 3960 3961
883 24 3952 3960 3961 3962
884 24 3962 3961 3969 3970
885 24 3961 3969 3970 3971
886 24 3971 3970 3978 3979
887 24 3970 3978 3979 3980
888 24 3980 3979 3987 3988
889 24 3979 3987 3988 3989
890 24 3989 3988 3996 3997
891 24 3988 3996 3997 3998
892 24 3998 3997 4005 4006
893 24 3997 4005 4006 4007
894 24 4007 4006 4014 4015
895 24 4006 4014 4015 4016
896 24 4016 4015 4023 4024
897 24 4015 4023 4024 4025
898 24 4025 4024 4032 4033
899 24 4024 4032 4033 4034
900 24 4034 4033 4041 4042
901 24 4033 4041 4042 4043
902 24 4043 4042 4050 4051
903 24 4042 4050 4051 4052
904 24 4069 4070 4079 4080
905 24 4071 4070 4079 4080
906 24 4070 4079 4080 4081
907 24 4081 4080 4088 4089
908 24 4080 4088 4089 4090
909 24 4090 4089 4097 4098
910 24 4089 4097 4098 4099
911 24 4099 4098 4106 4107
912 24 4098 4106 4107 4108
913 24 4108 4107 4115 4116
914 24 4107 4115 4116 4117
915 24 4117 4116 4124 4125
916 24 4116 4124 4125 4126
917 24 4126 4125 4133 4134
918 24 4125 4133 4134 4135
919 24 4135 4134 4142 4143
920 24 4134 4142 4143 4144
921 24 4144 4143 4151 4152
922 24 4143 4151 4152 4153
923 24 4153 4152 4160 4161
924 24 4152 4160 4161 4162
925 24 4162 4161 4169 4170
926 24 4161 4169 4170 4171
927 24 4171 4170 4178 4179
928 24 4170 4178 4179 4180
929 24 4180 4179 4187 4188
930 24 4179 4187 4188 4189
931 24 4189 4188 4196 4197
932 24 4188 4196 4197 4198
933 24 4198 4197 4205 4206
934 24 4197 4205 4206 4207
935 24 4207 4206 4214 4215
936 24 4206 4214 4215 4216
937 24 4216 4215 4223 4224
938 24 4215 4223 4224 4225
939 24 4225 4224 4232 4233
940 24 4224 4232 4233 4234
941 24 4234 4233 4241 4242
942 24 4233 4241 4242 4243
943 24 4243 4242 4250 4251
944 24 4242 4250 4251 4252
945 24 4252 4251 4259 4260
946 24 4251 4259 4260 4261
947 24 4261 4260 4268 4269
948 24 4260 4268 4269 4270
949 24 4270 4269 4277 4278
950 24 4269 4277 4278 4279
951 24 4279 4278 4286 4287
952 24 4278 4286 4287 4288
953 24 4288 4287 4295 4296
954 24 4287 4295 4296 4297
955 24 4297 4296 4304 4305
956 24 4296 4304 4305 4306
957 24 4306 4305 4313 4314
958 24 4305 4313 4314 4315
959 24 4315 4314 4322 4323
960 24 4314 4322 4323 4324
961 24 4324 4323 4331 4332
962 24 4323 4331 4332 4333
963 24 4333 4332 4340 4341
964 24 4332 4340 4341 4342
965 24 4342 4341 4349 4350
966 24 4341 4349 4350 4351
967 24 4351 4350 4358 4359
968 24 4350 4358 4359 4360
969 24 4360 4359 4367 4368
970 24 4359 4367 4368 4369
971 24 4369 4368 4376 4377
972 24 4368 4376 4377 4378
973 24 4378 4377 4385 4386
974 24 4377 4385 4386 4387
975 24 4387 4386 4394 4395
976 24 4386 4394 4395 4396
977 24 4396 4395 4403 4404
978 24 4395 4403 4404 4405
979 24 4405 4404 4412 4413
980 24 4404 4412 4413 4414
981 24 4414 4413 4421 4422
982 24 4413 4421 4422 4423
983 24 4423 4422 4430 4431
984 24 4422 4430 4431 4432
985 24 4432 4431 4439 4440
986 24 4431 4439 4440 4441
987 24 4441 4440 4448 4449
988 24 4440 4448 4449 4450
989 24 4450 4449 4457 4458
990 24 4449 4457 4458 4459
991 24 4459 4458 4466 4467
992 24 4458 4466 4467 4468
993 24 4468 4467 4475 4476
994 24 4467 4475 4476 4477
995 24 4477 4476 4484 4485
996 24 4476 4484 4485 4486
997 24 4486 4485 4493 4494
998 24 4485 4493 4494 4495
999 24 4495 4494 4502 4503
1000 24 4494 4502 4503 4504
1001 24 11 12 20 21
1002 24 20 21 29 30
1003 24 2 11 12 20
1004 24 29 30 38 39
1005 24 12 20 21 29
1006 24 38 39 47 48
1007 24 21 29 30 38
1008 24 47 48 56 57
1009 24 30 38 39 47
1010 24 56 57 65 66
1011 24 39 47 48 56
1012 24 65 66 74 75
1013 24 48 56 57 65
1014 24 74 75 83 84
1015 24 57 65 66 74
1016 24 83 84 92 93
1017 24 66 74 75 83
1018 24 92 93 101 102
1019 24 75 83 84 92
1020 24 101 102 110 111
1021 24 84 92 93 101
1022 24 110 111 119 120
1023 24 93 101 102 110
1024 24 119 120 128 129
1025 24 102 110 111 119
1026 24 128 129 137 138
1027 24 111 119 120 128
1028 24 137 138 146 147
1029 24 120 128 129 137
1030 24 146 147 155 156
1031 24 129 137 138 146
1032 24 155 156 164 165
1033 24 138 146 147 155
1034 24 164 165 173 174
1035 24 147 155 156 164
1036 24 173 174 182 183
1037 24 156 164 165 173
1038 24 182 183 191 192
1039 24 165 173 174 182
1040 24 191 192 200 201
1041 24 174 182 183 191
1042 24 200 201 209 210
1043 24 183 191 192 200
1044 24 209 210 218 219
1045 24 192 200 201 209
1046 24 218 219 227 228
1047 24 201 209 210 218
1048 24 227 228 236 237
1049 24 210 218 219 227
1050 24 236 237 245 246
1051 24 219 227 228 236
1052 24 245 246 254 255
1053 24 228 236 237 245
1054 24 254 255 263 264
1055 24 237 245 246 254
1056 24 263 264 272 273
1057 24 246 254 255 263
1058 24 272 273 281 282
1059 24 255 263 264 272
1060 24 281 282 290 291
1061 24 264 272 273 281
1062 24 290 291 299 300
1063 24 273 281 282 290
1064 24 299 300 308 309
1065 24 282 290 291 299
1066 24 308 309 317 318
1067 24 291 299 300 308
1068 24 317 318 326 327
1069 24 300 308 309 317
1070 24 326 327 335 336
1071 24 309 317 318 326
1072 24 335 336 344 345
1073 24 318 326 327 335
1074 24 344 345 353 354
1075 24 327 335 336 344
1076 24 353 354 362 363
1077 24 336 344 345 353
1078 24 362 363 371 372
1079 24 345 353 354 362
1080 24 371 372 380 381
1081 24 354 362 363 371
1082 24 380 381 389 390
1083 24 363 371 372 380
1084 24 389 390 398 399
1085 24 372 380 381 389
1086 24 398 399 407 408
1087 24 381 389 390 398
1088 24 407 408 416 417
1089 24 390 398 399 407
1090 24 416 417 425 426
1091 24 399 407 408 416
1092 24 425 426 434 435
1093 24 408 416 417 425
1094 24 417 425 426 434
1095 24 426 434 435 443
1096 24 463 464 472 473
1097 24 472 473 481 482
1098 24 454 463 464 472
1099 24 481 482 490 491
1100 24 464 472 473 481
1101 24 490 491 499 500
1102 24 473 481 482 490
1103 24 499 500 508 509
1104 24 482 490 491 499
1105 24 508 509 517 518
1106 24 491 499 500 508
1107 24 517 518 526 527
1108 24 500 508 509 517
1109 24 526 527 535 536
1110 24 509 517 518 526
1111 24 535 536 544 545
1112 24 518 526 527 535
1113 24 544 545 553 554
1114 24 527 535 536 544
1115 24 553 554 562 563
1116 24 536 544 545 553
1117 24 562 563 571 572
1118 24 545 553 554 562
1119 24 571 572 580 581
1120 24 554 562 563 571
1121 24 580 581 589 590
1122 24 563 571 572 580
1123 24 589 590 598 599
1124 24 572 580 581 589
1125 24 598 599 607 608
1126 24 581 589 590 598
1127 24 607 608 616 617
1128 24 590 598 599 607
1129 24 616 617 625 626
1130 24 599 607 608 616
1131 24 625 626 634 635
1132 24 608 616 617 625
1133 24 634 635 643 644
1134 24 617 625 626 634
1135 24 643 644 652 653
1136 24 626 634 635 643
1137 24 652 653 661 662
1138 24 635 643 644 652
1139 24 661 662 670 671
1140 24 644 652 653 661
1141 24 670 671 679 680
1142 24 653 661 662 670
1143 24 679 680 688 689
1144 24 662 670 671 679
1145 24 688 689 697 698
1146 24 671 679 680 688
1147 24 697 698 706 707
1148 24 680 688 689 697
1149 24 706 707 715 716
1150 24 689 697 698 706
1151 24 715 716 724 725
1152 24 698 706 707 715
1153 24 724 725 733 734
1154 24 707 715 716 724
1155 24 733 734 742 743
1156 24 716 724 725 733
1157 24 742 743 751 752
1158 24 725 733 734 742
1159 24 751 752 760 761
1160 24 734 742 743 751
1161 24 760 761 769 770
1162 24 743 751 752 760
1163 24 769 770 778 779
1164 24 752 760 761 769
1165 24 778 779 787 788
1166 24 761 769 770 778
1167 24 787 788 796 797
1168 24 770 778 779 787
1169 24 796 797 805 806
1170 24 779 787 788 796
1171 24 805 806 814 815
1172 24 788 796 797 805
1173 24 814 815 823 824
1174 24 797 805 806 814
1175 24 823 824 832 833
1176 24 806 814 815 823
1177 24 832 833 841 842
1178 24 815 823 824 832
1179 24 841 842 850 851
1180 24 824 832 833 841
1181 24 850 851 859 860
1182 24 833 841 842 850
1183 24 859 860 868 869
1184 24 842 850 851 859
1185 24 868 869 877 878
1186 24 851 859 860 868
1187 24 877 878 886 887
1188 24 860 868 869 877
1189 24 869 877 878 886
1190 24 878 886 887 895
1191 24 915 916 924 925
1192 24 924 925 933 934
1193 24 906 915 916 924
1194 24 933 934 942 943
1195 24 916 924 925 933
1196 24 942 943 951 952
1197 24 925 933 934 942
1198 24 951 952 960 961
1199 24 934 942 943 951
1200 24 960 961 969 970
1201 24 943 951 952 960
1202 24 969 970 978 979
1203 24 952 960 961 969
1204 24 978 979 987 988
1205 24 961 969 970 978
1206 24 987 988 996 997
1207 24 970 978 979 987
1208 24 996 997 1005 1006
1209 24 979 987 988 996
1210 24 1005 1006 1014 1015
1211 24 988 996 997 1005
1212 24 1014 1015 1023 1024
1213 24 997 1005 1006 1014
1214 24 1023 1024 1032 1033
1215 24 1006 1014 1015 1023
1216 24 1032 1033 1041 1042
1217 24 1015 1023 1024 1032
1218 24 1041 1042 1050 1051
1219 24 1024 1032 1033 1041
1220 24 1050 1051 1059 1060
1221 24 1033 1041 1042 1050
1222 24 1059 1060 1068 1069
1223 24 1042 1050 1051 1059
1224 24 1068 1069 1077 1078
1225 24 1051 1059 1060 1068
1226 24 1077 1078 1086 1087
1227 24 1060 1068 1069 1077
1228 24 1086 1087 1095 1096
1229 24 1069 1077 1078 1086
1230 24 1095 1096 1104 1105
1231 24 1078 1086 1087 1095
1232 24 1104 1105 1113 1114
1233 24 1087 1095 1096 1104
1234 24 1113 1114 1122 1123
1235 24 1096 1104 1105 1113
1236 24 1122 1123 1131 1132
1237 24 1105 1113 1114 1122
1238 24 1131 1132 1140 1141
1239 24 1114 1122 1123 1131
1240 24 1140 1141 1149 1150
1241 24 1123 1131 1132 1140
1242 24 1149 1150 1158 1159
1243 24 1132 1140 1141 1149
1244 24 1158 1159 1167 1168
1245 24 1141 1149 1150 1158
1246 24 1167 1168 1176 1177
1247 24 1150 1158 1159 1167
1248 24 1176 1177 1185 1186
1249 24 1159 1167 1168 1176
1250 24 1185 1186 1194 1195
1251 24 1168 1176 1177 1185
1252 24 1194 1195 1203 1204
1253 24 1177 1185 1186 1194
1254 24 1203 1204 1212 1213
1255 24 1186 1194 1195 1203
1256 24 1212 1213 1221 1222
1257 24 1195 1203 1204 1212
1258 24 1221 1222 1230 1231
1259 24 1204 1212 1213 1221
1260 24 1230 1231 1239 1240
1261 24 1213 1221 1222 1230
1262 24 1239 1240 1248 1249
1263 24 1222 1230 1231 1239
1264 24 1248 1249 1257 1258
1265 24 1231 1239 1240 1248
1266 24 1257 1258 1266 1267
1267 24 1240 1248 1249 1257
1268 24 1266 1267 1275 1276
1269 24 1249 1257 1258 1266
1270 24 1275 1276 1284 1285
1271 24 1258 1266 1267 1275
1272 24 1284 1285 1293 1294
1273 24 1267 1275 1276 1284
1274 24 1293 1294 1302 1303
1275 24 1276 1284 1285 1293
1276 24 1302 1303 1311 1312
1277 24 1285 1293 1294 1302
1278 24 1311 1312 1320 1321
1279 24 1294 1302 1303 1311
1280 24 1320 1321 1329 1330
1281 24 1303 1311 1312 1320
1282 24 1329 1330 1338 1339
1283 24 1312 1320 1321 1329
1284 24 1321 1329 1330 1338
1285 24 1330 1338 1339 1347
1286 24 1367 1368 1376 1377
1287 24 1376 1377 1385 1386
1288 24 1358 1367 1368 1376
1289 24 1385 1386 1394 1395
1290 24 1368 1376 1377 1385
1291 24 1394 1395 1403 1404
1292 24 1377 1385 1386 1394
1293 24 1403 1404 1412 1413
1294 24 1386 1394 1395 1403
1295 24 1412 1413 1421 1422
1296 24 1395 1403 1404 1412
1297 24 1421 1422 1430 1431
1298 24 1404 1412 1413 1421
1299 24 1430 1431 1439 1440
1300 24 1413 1421 1422 1430
1301 24 1439 1440 1448 1449
1302 24 1422 1430 1431 1439
1303 24 1448 1449 1457 1458
1304 24 1431 1439 1440 1448
1305 24 1457 1458 1466 1467
1306 24 1440 1448 1449 1457
1307 24 1466 1467 1475 1476
1308 24 1449 1457 1458 1466
1309 24 1475 1476 1484 1485
1310 24 1458 1466 1467 1475
1311 24 1484 1485 1493 1494
1312 24 1467 1475 1476 1484
1313 24 1493 1494 1502 1503
1314 24 1476 1484 1485 1493
1315 24 1502 1503 1511 1512
1316 24 1485 1493 1494 1502
1317 24 1511 1512 1520 1521
1318 24 1494 1502 1503 1511
1319 24 1520 1521 1529 1530
1320 24 1503 1511 1512 1520
1321 24 1529 1530 1538 1539
1322 24 1512 1520 1521 1529
1323 24 1538 1539 1547 1548
1324 24 1521 1529 1530 1538
1325 24 1547 1548 1556 1557
1326 24 1530 1538 1539 1547
1327 24 1556 1557 1565 1566
1328 24 1539 1547 1548 1556
1329 24 1565 1566 1574 1575
1330 24 1548 1556 1557 1565
1331 24 1574 1575 1583 1584
1332 24 1557 1565 1566 1574
1333 24 1583 1584 1592 1593
1334 24 1566 1574 1575 1583
1335 24 1592 1593 1601 1602
1336 24 1575 1583 1584 1592
1337 24 1601 1602 1610 1611
1338 24 1584 1592 1593 1601
1339 24 1610 1611 1619 1620
1340 24 1593 1601 1602 1610
1341 24 1619 1620 1628 1629
1342 24 1602 1610 1611 1619
1343 24 1628 1629 1637 1638
1344 24 1611 1619 1620 1628
1345 24 1637 1638 1646 1647
1346 24 1620 1628 1629 1637
1347 24 1646 1647 1655 1656
1348 24 1629 1637 1638 1646
1349 24 1655 1656 1664 1665
1350 24 1638 1646 1647 1655
1351 24 1664 1665 1673 1674
1352 24 1647 1655 1656 1664
1353 24 1673 1674 1682 1683
1354 24 1656 1664 1665 1673
1355 24 1682 1683 1691 1692
1356 24 1665 1673 1674 1682
1357 24 1691 1692 1700 1701
1358 24 1674 1682 1683 1691
1359 24 1700 1701 1709 1710
1360 24 1683 1691 1692 1700
1361 24 1709 1710 1718 1719
1362 24 1692 1700 1701 1709
1363 24 1718 1719 1727 1728
1364 24 1701 1709 1710 1718
1365 24 1727 1728 1736 1737
1366 24 1710 1718 1719 1727
1367 24 1736 1737 1745 1746
1368 24 1719 1727 1728 1736
1369 24 1745 1746 1754 1755
1370 24 1728 1736 1737 1745
1371 24 1754 1755 1763 1764
1372 24 1737 1745 1746 1754
1373 24 1763 1764 1772 1773
1374 24 1746 1754 1755 1763
1375 24 1772 1773 1781 1782
1376 24 1755 1763 1764 1772
1377 24 1781 1782 1790 1791
1378 24 1764 1772 1773 1781
1379 24 1773 1781 1782 1790
1380 24 1782 1790 1791 1799
1381 24 1819 1820 1828 1829
1382 24 1828 1829 1837 1838
1383 24 1810 1819 1820 1828
1384 24 1837 1838 1846 1847
1385 24 1820 1828 1829 1837
1386 24 1846 1847 1855 1856
1387 24 1829 1837 1838 1846
1388 24 1855 1856 1864 1865
1389 24 1838 1846 1847 1855
1390 24 1864 1865 1873 1874
1391 24 1847 1855 1856 1864
1392 24 1873 1874 1882 1883
1393 24 1856 1864 1865 1873
1394 24 1882 1883 1891 1892
1395 24 1865 1873 1874 1882
1396 24 1891 1892 1900 1901
1397 24 1874 1882 1883 1891
1398 24 1900 1901 1909 1910
1399 24 1883 1891 1892 1900
1400 24 1909 1910 1918 1919
1401 24 1892 1900 1901 1909
1402 24 1918 1919 1927 1928
1403 24 1901 1909 1910 1918
1404 24 1927 1928 1936 1937
1405 24 1910 1918 1919 1927
1406 24 1936 1937 1945 1946
1407 24 1919 1927 1928 1936
1408 24 1945 1946 1954 1955
1409 24 1928 1936 1937 1945
1410 24 1954 1955 1963 1964
1411 24 1937 1945 1946 1954
1412 24 1963 1964 1972 1973
1413 24 1946 1954 1955 1963
1414 24 1972 1973 1981 1982
1415 24 1955 1963 1964 1972
1416 24 1981 1982 1990 1991
1417 24 1964 1972 1973 1981
1418 24 1990 1991 1999 2000
1419 24 1973 1981 1982 1990
1420 24 1999 2000 2008 2009
1421 24 1982 1990 1991 1999
1422 24 2008 2009 2017 2018
1423 24 1991 1999 2000 2008
1424 24 2017 2018 2026 2027
1425 24 2000 2008 2009 2017
1426 24 2026 2027 2035 2036
1427 24 2009 2017 2018 2026
1428 24 2035 2036 2044 2045
1429 24 2018 2026 2027 2035
1430 24 2044 2045 2053 2054
1431 24 2027 2035 2036 2044
1432 24 2053 2054 2062 2063
1433 24 2036 2044 2045 2053
1434 24 2062 2063 2071 2072
1435 24 2045 2053 2054 2062
1436 24 2071 2072 2080 2081
1437 24 2054 2062 2063 2071
1438 24 2080 2081 2089 2090
1439 24 2063 2071 2072 2080
1440 24 2089 2090 2098 2099
1441 24 2072 2080 2081 2089
1442 24 2098 2099 2107 2108
1443 24 2081 2089 2090 2098
1444 24 2107 2108 2116 2117
1445 24 2090 2098 2099 2107
1446 24 2116 2117 2125 2126
1447 24 2099 2107 2108 2116
1448 24 2125 2126 2134 2135
1449 24 2108 2116 2117 2125
1450 24 2134 2135 2143 2144
1451 24 2117 2125 2126 2134
1452 24 2143 2144 2152 2153
1453 24 2126 2134 2135 2143
1454 24 2152 2153 2161 2162
1455 24 2135 2143 2144 2152
1456 24 2161 2162 2170 2171
1457 24 2144 2152 2153 2161
1458 24 2170 2171 2179 2180
1459 24 2153 2161 2162 2170
1460 24 2179 2180 2188 2189
1461 24 2162 2170 2171 2179
1462 24 2188 2189 2197 2198
1463 24 2171 2179 2180 2188
1464 24 2197 2198 2206 2207
1465 24 2180 2188 2189 2197
1466 24 2206 2207 2215 2216
1467 24 2189 2197 2198 2206
1468 24 2215 2216 2224 2225
1469 24 2198 2206 2207 2215
1470 24 2224 2225 2233 2234
1471 24 2207 2215 2216 2224
1472 24 2233 2234 2242 2243
1473 24 2216 2224 2225 2233
1474 24 2225 2233 2234 2242
1475 24 2234 2242 2243 2251
1476 24 2271 2272 2280 2281
1477 24 2280 2281 2289 2290
1478 24 2262 2271 2272 2280
1479 24 2289 2290 2298 2299
1480 24 2272 2280 2281 2289
1481 24 2298 2299 2307 2308
1482 24 2281 2289 2290 2298
1483 24 2307 2308 2316 2317
1484 24 2290 2298 2299 2307
1485 24 2316 2317 2325 2326
1486 24 2299 2307 2308 2316
1487 24 2325 2326 2334 2335
1488 24 2308 2316 2317 2325
1489 24 2334 2335 2343 2344
1490 24 2317 2325 2326 2334
1491 24 2343 2344 2352 2353
1492 24 2326 2334 2335 2343
1493 24 2352 2353 2361 2362
1494 24 2335 2343 2344 2352
1495 24 2361 2362 2370 2371
1496 24 2344 2352 2353 2361
1497 24 2370 2371 2379 2380
1498 24 2353 2361 2362 2370
1499 24 2379 2380 2388 2389
1500 24 2362 2370 2371 2379
1501 24 2388 2389 2397 2398
1502 24 2371 2379 2380 2388
1503 24 2397 2398 2406 2407
1504 24 2380 2388 2389 2397
1505 24 2406 2407 2415 2416
1506 24 2389 2397 2398 2406
1507 24 2415 2416 2424 2425
1508 24 2398 2406 2407 2415
1509 24 2424 2425 2433 2434
1510 24 2407 2415 2416 2424
1511 24 2433 2434 2442 2443
1512 24 2416 2424 2425 2433
1513 24 2442 2443 2451 2452
1514 24 2425 2433 2434 2442
1515 24 2451 2452 2460 2461
1516 24 2434 2442 2443 2451
1517 24 2460 2461 2469 2470
1518 24 2443 2451 2452 2460
1519 24 2469 2470 2478 2479
1520 24 2452 2460 2461 2469
1521 24 2478 2479 2487 2488
1522 24 2461 2469 2470 2478
1523 24 2487 2488 2496 2497
1524 24 2470 2478 2479 2487
1525 24 2496 2497 2505 2506
1526 24 2479 2487 2488 2496
1527 24 2505 2506 2514 2515
1528 24 2488 2496 2497 2505
1529 24 2514 2515 2523 2524
1530 24 2497 2505 2506 2514
1531 24 2523 2524 2532 2533
1532 24 2506 2514 2515 2523
1533 24 2532 2533 2541 2542
1534 24 2515 2523 2524 2532
1535 24 2541 2542 2550 2551
1536 24 2524 2532 2533 2541
1537 24 2550 2551 2559 2560
1538 24 2533 2541 2542 2550
1539 24 2559 2560 2568 2569
1540 24 2542 2550 2551 2559
1541 24 2568 2569 2577 2578
1542 24 2551 2559 2560 2568
1543 24 2577 2578 2586 2587
1544 24 2560 2568 2569 2577
1545 24 2586 2587 2595 2596
1546 24 2569 2577 2578 2586
1547 24 2595 2596 2604 2605
1548 24 2578 2586 2587 2595
1549 24 2604 2605 2613 2614
1550 24 2587 2595 2596 2604
1551 24 2613 2614 2622 2623
1552 24 2596 2604 2605 2613
1553 24 2622 2623 2631 2632
1554 24 2605 2613 2614 2622
1555 24 2631 2632 2640 2641
1556 24 2614 2622 2623 2631
1557 24 2640 2641 2649 2650
1558 24 2623 2631 2632 2640
1559 24 2649 2650 2658 2659
1560 24 2632 2640 2641 2649
1561 24 2658 2659 2667 2668
1562 24 2641 2649 2650 2658
1563 24 2667 2668 2676 2677
1564 24 2650 2658 2659 2667
1565 24 2676 2677 2685 2686
1566 24 2659 2667 2668 2676
1567 24 2685 2686 2694 2695
1568 24 2668 2676 2677 2685
1569 24 2677 2685 2686 2694
1570 24 2686 2694 2695 2703
1571 24 2723 2724 2732 2733
1572 24 2732 2733 2741 2742
1573 24 2714 2723 2724 2732
1574 24 2741 2742 2750 2751
1575 24 2724 2732 2733 2741
1576 24 2750 2751 2759 2760
1577 24 2733 2741 2742 2750
1578 24 2759 2760 2768 2769
1579 24 2742 2750 2751 2759
1580 24 2768 2769 2777 2778
1581 24 2751 2759 2760 2768
1582 24 2777 2778 2786 2787
1583 24 2760 2768 2769 2777
1584 24 2786 2787 2795 2796
1585 24 2769 2777 2778 2786
1586 24 2795 2796 2804 2805
1587 24 2778 2786 2787 2795
1588 24 2804 2805 2813 2814
1589 24 2787 2795 2796 2804
1590 24 2813 2814 2822 2823
1591 24 2796 2804 2805 2813
1592 24 2822 2823 2831 2832
1593 24 2805 2813 2814 2822
1594 24 2831 2832 2840 2841
1595 24 2814 2822 2823 2831
1596 24 2840 2841 2849 2850
1597 24 2823 2831 2832 2840
1598 24 2849 2850 2858 2859
1599 24 2832 2840 2841 2849
1600 24 2858 2859 2867 2868
1601 24 2841 2849 2850 2858
1602 24 2867 2868 2876 2877
1603 24 2850 2858 2859 2867
1604 24 2876 2877 2885 2886
1605 24 2859 2867 2868 2876
1606 24 2885 2886 2894 2895
1607 24 2868 2876 2877 2885
1608 24 2894 2895 2903 2904
1609 24 2877 2885 2886 2894
1610 24 2903 2904 2912 2913
1611 24 2886 2894 2895 2903
1612 24 2912 2913 2921 2922
1613 24 2895 2903 2904 2912
1614 24 2921 2922 2930 2931
1615 24 2904 2912 2913 2921
1616 24 2930 2931 2939 2940
1617 24 2913 2921 2922 2930
1618 24 2939 2940 2948 2949
1619 24 2922 2930 2931 2939
1620 24 2948 2949 2957 2958
1621 24 2931 2939 2940 2948
1622 24 2957 2958 2966 2967
1623 24 2940 2948 2949 2957
1624 24 2966 2967 2975 2976
1625 24 2949 2957 2958 2966
1626 24 2975 2976 2984 2985
1627 24 2958 2966 2967 2975
1628 24 2984 2985 2993 2994
1629 24 2967 2975 2976 2984
1630 24 2993 2994 3002 3003
1631 24 2976 2984 2985 2993
1632 24 3002 3003 3011 3012
1633 24 2985 2993 2994 3002
1634 24 3011 3012 3020 3021
1635 24 2994 3002 3003 3011
1636 24 3020 3021 3029 3030
1637 24 3003 3011 3012 3020
1638 24 3029 3030 3038 3039
1639 24 3012 3020 3021 3029
1640 24 3038 3039 3047 3048
1641 24 3021 3029 3030 3038
1642 24 3047 3048 3056 3057
1643 24 3030 3038 3039 3047
1644 24 3056 3057 3065 3066
1645 24 3039 3047 3048 3056
1646 24 3065 3066 3074 3075
1647 24 3048 3056 3057 3065
1648 24 3074 3075 3083 3084
1649 24 3057 3065 3066 3074
1650 24 3083 3084 3092 3093
1651 24 3066 3074 3075 3083
1652 24 3092 3093 3101 3102
1653 24 3075 3083 3084 3092
1654 24 3101 3102 3110 3111
1655 24 3084 3092 3093 3101
1656 24 3110 3111 3119 3120
1657 24 3093 3101 3102 3110
1658 24 3119 3120 3128 3129
1659 24 3102 3110 3111 3119
1660 24 3128 3129 3137 3138
1661 24 3111 3119 3120 3128
1662 24 3137 3138 3146 3147
1663 24 3120 3128 3129 3137
1664 24 3129 3137 3138 3146
1665 24 3138 3146 3147 3155
1666 24 3175 3176 3184 3185
1667 24 3184 3185 3193 3194
1668 24 3166 3175 3176 3184
1669 24 3193 3194 3202 3203
1670 24 3176 3184 3185 3193
1671 24 3202 3203 3211 3212
1672 24 3185 3193 3194 3202
1673 24 3211 3212 3220 3221
1674 24 3194 3202 3203 3211
1675 24 3220 3221 3229 3230
1676 24 3203 3211 3212 3220
1677 24 3229 3230 3238 3239
1678 24 3212 3220 3221 3229
1679 24 3238 3239 3247 3248
1680 24 3221 3229 3230 3238
1681 24 3247 3248 3256 3257
1682 24 3230 3238 3239 3247
1683 24 3256 3257 3265 3266
1684 24 3239 3247 3248 3256
1685 24 3265 3266 3274 3275
1686 24 3248 3256 3257 3265
1687 24 3274 3275 3283 3284
1688 24 3257 3265 3266 3274
1689 24 3283 3284 3292 3293
1690 24 3266 3274 3275 3283
1691 24 3292 3293 3301 3302
1692 24 3275 3283 3284 3292
1693 24 3301 3302 3310 3311
1694 24 3284 3292 3293 3301
1695 24 3310 3311 3319 3320
1696 24 3293 3301 3302 3310
1697 24 3319 3320 3328 3329
1698 24 3302 3310 3311 3319
1699 24 3328 3329 3337 3338
1700 24 3311 3319 3320 3328
1701 24 3337 3338 3346 3347
1702 24 3320 3328 3329 3337
1703 24 3346 3347 3355 3356
1704 24 3329 3337 3338 3346
1705 24 3355 3356 3364 3365
1706 24 3338 3346 3347 3355
1707 24 3364 3365 3373 3374
1708 24 3347 3355 3356 3364
1709 24 3373 3374 3382 3383
1710 24 3356 3364 3365 3373
1711 24 3382 3383 3391 3392
1712 24 3365 3373 3374 3382
1713 24 3391 3392 3400 3401
1714 24 3374 3382 3383 3391
1715 24 3400 3401 3409 3410
1716 24 3383 3391 3392 3400
1717 24 3409 3410 3418 3419
1718 24 3392 3400 3401 3409
1719 24 3418 3419 3427 3428
1720 24 3401 3409 3410 3418
1721 24 3427 3428 3436 3437
1722 24 3410 3418 3419 3427
1723 24 3436 3437 3445 3446
1724 24 3419 3427 3428 3436
1725 24 3445 3446 3454 3455
1726 24 3428 3436 3437 3445
1727 24 3454 3455 3463 3464
1728 24 3437 3445 3446 3454
1729 24 3463 3464 3472 3473
1730 24 3446 3454 3455 3463
1731 24 3472 3473 3481 3482
1732 24 3455 3463 3464 3472
1733 24 3481 3482 3490 3491
1734 24 3464 3472 3473 3481
1735 24 3490 3491 3499 3500
1736 24 3473 3481 3482 3490
1737 24 3499 3500 3508 3509
1738 24 3482 3490 3491 3499
1739 24 3508 3509 3517 3518
1740 24 3491 3499 3500 3508
1741 24 3517 3518 3526 3527
1742 24 3500 3508 3509 3517
1743 24 3526 3527 3535 3536
1744 24 3509 3517 3518 3526
1745 24 3535 3536 3544 3545
1746 24 3518 3526 3527 3535
1747 24 3544 3545 3553 3554
1748 24 3527 3535 3536 3544
1749 24 3553 3554 3562 3563
1750 24 3536 3544 3545 3553
1751 24 3562 3563 3571 3572
1752 24 3545 3553 3554 3562
1753 24 3571 3572 3580 3581
1754 24 3554 3562 3563 3571
1755 24 3580 3581 3589 3590
1756 24 3563 3571 3572 3580
1757 24 3589 3590 3598 3599
1758 24 3572 3580 3581 3589
1759 24 3581 3589 3590 3598
1760 24 3590 3598 3599 3607
1761 24 3627 3628 3636 3637
1762 24 3636 3637 3645 3646
1763 24 3618 3627 3628 3636
1764 24 3645 3646 3654 3655
1765 24 3628 3636 3637 3645
1766 24 3654 3655 3663 3664
1767 24 3637 3645 3646 3654
1768 24 3663 3664 3672 3673
1769 24 3646 3654 3655 3663
1770 24 3672 3673 3681 3682
1771 24 3655 3663 3664 3672
1772 24 3681 3682 3690 3691
1773 24 3664 3672 3673 3681
1774 24 3690 3691 3699 3700
1775 24 3673 3681 3682 3690
1776 24 3699 3700 3708 3709
1777 24 3682 3690 3691 3699
1778 24 3708 3709 3717 3718
1779 24 3691 3699 3700 3708
1780 24 3717 3718 3726 3727
1781 24 3700 3708 3709 3717
1782 24 3726 3727 3735 3736
1783 24 3709 3717 3718 3726
1784 24 3735 3736 3744 3745
1785 24 3718 3726 3727 3735
1786 24 3744 3745 3753 3754
1787 24 3727 3735 3736 3744
1788 24 3753 3754 3762 3763
1789 24 3736 3744 3745 3753
1790 24 3762 3763 3771 3772
1791 24 3745 3753 3754 3762
1792 24 3771 3772 3780 3781
1793 24 3754 3762 3763 3771
1794 24 3780 3781 3789 3790
1795 24 3763 3771 3772 3780
1796 24 3789 3790 3798 3799
1797 24 3772 3780 3781 3789
1798 24 3798 3799 3807 3808
1799 24 3781 3789 3790 3798
1800 24 3807 3808 3816 3817
1801 24 3790 3798 3799 3807
1802 24 3816 3817 3825 3826
1803 24 3799 3807 3808 3816
1804 24 3825 3826 3834 3835
1805 24 3808 3816 3817 3825
1806 24 3834 3835 3843 3844
1807 24 3817 3825 3826 3834
1808 24 3843 3844 3852 3853
1809 24 3826 3834 3835 3843
1810 24 3852 3853 3861 3862
1811 24 3835 3843 3844 3852
1812 24 3861 3862 3870 3871
1813 24 3844 3852 3853 3861
1814 24 3870 3871 3879 3880
1815 24 3853 3861 3862 3870
1816 24 3879 3880 3888 3889
1817 24 3862 3870 3871 3879
1818 24 3888 3889 3897 3898
1819 24 3871 3879 3880 3888
1820 24 3897 3898 3906 3907
1821 24 3880 3888 3889 3897
1822 24 3906 3907 3915 3916
1823 24 3889 3897 3898 3906
1824 24 3915 3916 3924 3925
1825 24 3898 3906 3907 3915
1826 24 3924 3925 3933 3934
1827 24 3907 3915 3916 3924
1828 24 3933 3934 3942 3943
1829 24 3916 3924 3925 3933
1830 24 3942 3943 3951 3952
1831 24 3925 3933 3934 3942
1832 24 3951 3952 3960 3961
1833 24 3934 3942 3943 3951
1834 24 3960 3961 3969 3970
1835 24 3943 3951 3952 3960
1836 24 3969 3970 3978 3979
1837 24 3952 3960 3961 3969
1838 24 3978 3979 3987 3988
1839 24 3961 3969 3970 3978
1840 24 3987 3988 3996 3997
1841 24 3970 3978 3979 3987
1842 24 3996 3997 4005 4006
1843 24 3979 3987 3988 3996
1844 24 4005 4006 4014 4015
1845 24 3988 3996 3997 4005
1846 24 4014 4015 4023 4024
1847 24 3997 4005 4006 4014
1848 24 4023 4024 4032 4033
1849 24 4006 4014 4015 4023
1850 24 4032 4033 4041 4042
1851 24 4015 4023 4024 4032
1852 24 4041 4042 4050 4051
1853 24 4024 4032 4033 4041
1854 24 4033 4041 4042 4050
1855 24 4042 4050 4051 4059
1856 24 4079 4080 4088 4089
1857 24 4088 4089 4097 4098
1858 24 4070 4079 4080 4088
1859 24 4097 4098 4106 4107
1860 24 4080 4088 4089 4097
1861 24 4106 4107 4115 4116
1862 24 4089 4097 4098 4106
1863 24 4115 4116 4124 4125
1864 24 4098 4106 4107 4115
1865 24 4124 4125 4133 4134
1866 24 4107 4115 4116 4124
1867 24 4133 4134 4142 4143
1868 24 4116 4124 4125 4133
1869 24 4142 4143 4151 4152
1870 24 4125 4133 4134 4142
1871 24 4151 4152 4160 4161
1872 24 4134 4142 4143 4151
1873 24 4160 4161 4169 4170
1874 24 4143 4151 4152 4160
1875 24 4169 4170 4178 4179
1876 24 4152 4160 4161 4169
1877 24 4178 4179 4187 4188
1878 24 4161 4169 4170 4178
1879 24 4187 4188 4196 4197
1880 24 4170 4178 4179 4187
1881 24 4196 4197 4205 4206
1882 24 4179 4187 4188 4196
1883 24 4205 4206 4214 4215
1884 24 4188 4196 4197 4205
1885 24 4214 4215 4223 4224
1886 24 4197 4205 4206 4214
1887 24 4223 4224 4232 4233
1888 24 4206 4214 4215 4223
1889 24 4232 4233 4241 4242
1890 24 4215 4223 4224 4232
1891 24 4241 4242 4250 4251
1892 24 4224 4232 4233 4241
1893 24 4250 4251 4259 4260
1894 24 4233 4241 4242 4250
1895 24 4259 4260 4268 4269
1896 24 4242 4250 4251 4259
1897 24 4268 4269 4277 4278
1898 24 4251 4259 4260 4268
1899 24 4277 4278 4286 4287
1900 24 4260 4268 4269 4277
1901 24 4286 4287 4295 4296
1902 24 4269 4277 4278 4286
1903 24 4295 4296 4304 4305
1904 24 4278 4286 4287 4295
1905 24 4304 4305 4313 4314
1906 24 4287 4295 4296 4304
1907 24 4313 4314 4322 4323
1908 24 4296 4304 4305 4313
1909 24 4322 4323 4331 4332
1910 24 4305 4313 4314 4322
1911 24 4331 4332 4340 4341
1912 24 4314 4322 4323 4331
1913 24 4340 4341 4349 4350
1914 24 4323 4331 4332 4340
1915 24 4349 4350 4358 4359
1916 24 4332 4340 4341 4349
1917 24 4358 4359 4367 4368
1918 24 4341 4349 4350 4358
1919 24 4367 4368 4376 4377
1920 24 4350 4358 4359 4367
1921 24 4376 4377 4385 4386
1922 24 4359 4367 4368 4376
1923 24 4385 4386 4394 4395
1924 24 4368 4376 4377 4385
1925 24 4394 4395 4403 4404
1926 24 4377 4385 4386 4394
1927 24 4403 4404 4412 4413
1928 24 4386 4394 4395 4403
1929 24 4412 4413 4421 4422
1930 24 4395 4403 4404 4412
1931 24 4421 4422 4430 4431
1932 24 4404 4412 4413 4421
1933 24 4430 4431 4439 4440
1934 24 4413 4421 4422 4430
1935 24 4439 4440 4448 4449
1936 24 4422 4430 4431 4439
1937 24 4448 4449 4457 4458
1938 24 4431 4439 4440 4448
1939 24 4457 4458 4466 4467
1940 24 4440 4448 4449 4457
1941 24 4466 4467 4475 4476
1942 24 4449 4457 4458 4466
1943 24 4475 4476 4484 4485
1944 24 4458 4466 4467 4475
1945 24 4484 4485 4493 4494
1946 24 4467 4475 4476 4484
1947 24 4493 4494 4502 4503
1948 24 4476 4484 4485 4493
1949 24 4485 4493 4494 4502
1950 24 4494 4502 4503 4511
1951 32 445 444 443 446
1952 32 445 444 443 447
1953 32 897 896 895 898
1954 32 897 896 895 899
1955 32 1349 1348 1347 1350
1956 32 1349 1348 1347 1351
1957 32 1801 1800 1799 1802
1958 32 1801 1800 1799 1803
1959 32 2253 2252 2251 2254
1960 32 2253 2252 2251 2255
1961 32 2705 2704 2703 2706
1962 32 2705 2704 2703 2707
1963 32 3157 3156 3155 3158
1964 32 3157 3156 3155 3159
1965 32 3609 3608 3607 3610
1966 32 3609 3608 3607 3611
1967 32 4061 4060 4059 4062
1968 32 4061 4060 4059 4063
1969 32 4513 4512 4511 4514
1970 32 4513 4512 4511 4515
1971 34 1 2 3 8
1972 34 1 2 3 9
1973 34 1 2 3 10
1974 34 3 2 1 4
1975 34 3 2 1 5
1976 34 3 2 1 6
1977 34 453 454 455 460
1978 34 453 454 455 461
1979 34 453 454 455 462
1980 34 455 454 453 456
1981 34 455 454 453 457
1982 34 455 454 453 458
1983 34 905 906 907 912
1984 34 905 906 907 913
1985 34 905 906 907 914
1986 34 907 906 905 908
1987 34 907 906 905 909
1988 34 907 906 905 910
1989 34 1357 1358 1359 1364
1990 34 1357 1358 1359 1365
1991 34 1357 1358 1359 1366
1992 34 1359 1358 1357 1360
1993 34 1359 1358 1357 1361
1994 34 1359 1358 1357 1362
1995 34 1809 1810 1811 1816
1996 34 1809 1810 1811 1817
1997 34 1809 1810 1811 1818
1998 34 1811 1810 1809 1812
1999 34 1811 1810 1809 1813
2000 34 1811 1810 1809 1814
2001 34 2261 2262 2263 2268
2002 34 2261 2262 2263 2269
2003 34 2261 2262 2263 2270
2004 34 2263 2262 2261 2264
2005 34 2263 2262 2261 2265
2006 34 2263 2262 2261 2266
2007 34 2713 2714 2715 2720
2008 34 2713 2714 2715 2721
2009 34 2713 2714 2715 2722
2010 34 2715 2714 2713 2716
2011 34 2715 2714 2713 2717
2012 34 2715 2714 2713 2718
2013 34 3165 3166 3167 3172
2014 34 3165 3166 3167 3173
2015 34 3165 3166 3167 3174
2016 34 3167 3166 3165 3168
2017 34 3167 3166 3165 3169
2018 34 3167 3166 3165 3170
2019 34 3617 3618 3619 3624
2020 34 3617 3618 3619 3625
2021 34 3617 3618 3619 3626
2022 34 3619 3618 3617 3620
2023 34 3619 3618 3617 3621
2024 34 3619 3618 3617 3622
2025 34 4069 4070 4071 4076
2026 34 4069 4070 4071 4077
2027 34 4069 4070 4071 4078
2028 34 4071 4070 4069 4072
2029 34 4071 4070 4069 4073
2030 34 4071 4070 4069 4074
2031 35 1 2 11 14
2032 35 1 2 11 15
2033 35 3 2 11 14
2034 35 3 2 11 15
2035 35 13 12 11 14
2036 35 13 12 11 15
2037 35 13 12 20 23
2038 35 13 12 20 24
2039 35 22 21 20 23
2040 35 22 21 20 24
2041 35 22 21 29 32
2042 35 22 21 29 33
2043 35 31 30 29 32
2044 35 31 30 29 33
2045 35 31 30 38 41
2046 35 31 30 38 42
2047 35 40 39 38 41
2048 35 40 39 38 42
2049 35 40 39 47 50
2050 35 40 39 47 51
2051 35 49 48 47 50
2052 35 49 48 47 51
2053 35 49 48 56 59
2054 35 49 48 56 60
2055 35 58 57 56 59
2056 35 58 57 56 60
2057 35 58 57 65 68
2058 35 58 57 65 69
2059 35 67 66 65 68
2060 35 67 66 65 69
2061 35 67 66 74 77
2062 35 67 66 74 78
2063 35 76 75 74 77
2064 35 76 75 74 78
2065 35 76 75 83 86
2066 35 76 75 83 87
2067 35 85 84 83 86
2068 35 85 84 83 87
2069 35 85 84 92 95
2070 35 85 84 92 96
2071 35 94 93 92 95
2072 35 94 93 92 96
2073 35 94 93 101 104
2074 35 94 93 101 105
2075 35 103 102 101 104
2076 35 103 102 101 105
2077 35 103 102 110 113
2078 35 103 102 110 114
2079 35 112 111 110 113
2080 35 112 111 110 114
2081 35 112 111 119 122
2082 35 112 111 119 123
2083 35 121 120 119 122
2084 35 121 120 119 123
2085 35 121 120 128 131
2086 35 121 120 128 132
2087 35 130 129 128 131
2088 35 130 129 128 132
2089 35 130 129 137 140
2090 35 130 129 137 141
2091 35 139 138 137 140
2092 35 139 138 137 141
2093 35 139 138 146 149
2094 35 139 138 146 150
2095 35 148 147 146 149
2096 35 148 147 146 150
2097 35 148 147 155 158
2098 35 148 147 155 159
2099 35 157 156 155 158
2100 35 157 156 155 159
2101 35 157 156 164 167
2102 35 157 156 164 168
2103 35 166 165 164 167
2104 35 166 165 164 168
2105 35 166 165 173 176
2106 35 166 165 173 177
2107 35 175 174 173 176
2108 35 175 174 173 177
2109 35 175 174 182 185
2110 35 175 174 182 186
2111 35 184 183 182 185
2112 35 184 183 182 186
2113 35 184 183 191 194
2114 35 184 183 191 195
2115 35 193 192 191 194
2116 35 193 192 191 195
2117 35 193 192 200 203
2118 35 193 192 200 204
2119 35 202 201 200 203
2120 35 202 201 200 204
2121 35 202 201 209 212
2122 35 202 201 209 213
2123 35 211 210 209 212
2124 35 211 210 209 213
2125 35 211 210 218 221
2126 35 211 210 218 222
2127 35 220 219 218 221
2128 35 220 219 218 222
2129 35 220 219 227 230
2130 35 220 219 227 231
2131 35 229 228 227 230
2132 35 229 228 227 231
2133 35 229 228 236 239
2134 35 229 228 236 240
2135 35 238 237 236 239
2136 35 238 237 236 240
2137 35 238 237 245 248
2138 35 238 237 245 249
2139 35 247 246 245 248
2140 35 247 246 245 249
2141 35 247 246 254 257
2142 35 247 246 254 258
2143 35 256 255 254 257
2144 35 256 255 254 258
2145 35 256 255 263 266
2146 35 256 255 263 267
2147 35 265 264 263 266
2148 35 265 264 263 267
2149 35 265 264 272 275
2150 35 265 264 272 276
2151 35 274 273 272 275
2152 35 274 273 272 276
2153 35 274 273 281 284
2154 35 274 273 281 285
2155 35 283 282 281 284
2156 35 283 282 281 285
2157 35 283 282 290 293
2158 35 283 282 290 294
2159 35 292 291 290 293
2160 35 292 291 290 294
2161 35 292 291 299 302
2162 35 292 291 299 303
2163 35 301 300 299 302
2164 35 301 300 299 303
2165 35 301 300 308 311
2166 35 301 300 308 312
2167 35 310 309 308 311
2168 35 310 309 308 312
2169 35 310 309 317 320
2170 35 310 309 317 321
2171 35 319 318 317 320
2172 35 319 318 317 321
2173 35 319 318 326 329
2174 35 319 318 326 330
2175 35 328 327 326 329
2176 35 328 327 326 330
2177 35 328 327 335 338
2178 35 328 327 335 339
2179 35 337 336 335 338
2180 35 337 336 335 339
2181 35 337 336 344 347
2182 35 337 336 344 348
2183 35 346 345 344 347
2184 35 346 345 344 348
2185 35 346 345 353 356
2186 35 346 345 353 357
2187 35 355 354 353 356
2188 35 355 354 353 357
2189 35 355 354 362 365
2190 35 355 354 362 366
2191 35 364 363 362 365
2192 35 364 363 362 366
2193 35 364 363 371 374
2194 35 364 363 371 375
2195 35 373 372 371 374
2196 35 373 372 371 375
2197 35 373 372 380 383
2198 35 373 372 380 384
2199 35 382 381 380 383
2200 35 382 381 380 384
2201 35 382 381 389 392
2202 35 382 381 389 393
2203 35 391 390 389 392
2204 35 391 390 389 393
2205 35 391 390 398 401
2206 35 391 390 398 402
2207 35 400 399 398 401
2208 35 400 399 398 402
2209 35 400 399 407 410
2210 35 400 399 407 411
2211 35 409 408 407 410
2212 35 409 408 407 411
2213 35 409 408 416 419
2214 35 409 408 416 420
2215 35 418 417 416 419
2216 35 418 417 416 420
2217 35 418 417 425 428
2218 35 418 417 425 429
2219 35 427 426 425 428
2220 35 427 426 425 429
2221 35 427 426 434 437
2222 35 427 426 434 438
2223 35 436 435 434 437
2224 35 436 435 434 438
2225 35 436 435 443 446
2226 35 436 435 443 447
2227 35 453 454 463 466
2228 35 453 454 463 467
2229 35 455 454 463 466
2230 35 455 454 463 467
2231 35 465 464 463 466
2232 35 465 464 463 467
2233 35 465 464 472 475
2234 35 465 464 472 476
2235 35 474 473 472 475
2236 35 474 473 472 476
2237 35 474 473 481 484
2238 35 474 473 481 485
2239 35 483 482 481 484
2240 35 483 482 481 485
2241 35 483 482 490 493
2242 35 483 482 490 494
2243 35 492 491 490 493
2244 35 492 491 490 494
2245 35 492 491 499 502
2246 35 492 491 499 503
2247 35 501 500 499 502
2248 35 501 500 499 503
2249 35 501 500 508 511
2250 35 501 500 508 512
2251 35 510 509 508 511
2252 35 510 509 508 512
2253 35 510 509 517 520
2254 35 510 509 517 521
2255 35 519 518 517 520
2256 35 519 518 517 521
2257 35 519 518 526 529
2258 35 519 518 526 530
2259 35 528 527 526 529
2260 35 528 527 526 530
2261 35 528 527 535 538
2262 35 528 527 535 539
2263 35 537 536 535 538
2264 35 537 536 535 539
2265 35 537 536 544 547
2266 35 537 536 544 548
2267 35 546 545 544 547
2268 35 546 545 544 548
2269 35 546 545 553 556
2270 35 546 545 553 557
2271 35 555 554 553 556
2272 35 555 554 553 557
2273 35 555 554 562 565
2274 35 555 554 562 566
2275 35 564 563 562 565
2276 35 564 563 562 566
2277 35 564 563 571 574
2278 35 564 563 571 575
2279 35 573 572 571 574
2280 35 573 572 571 575
2281 35 573 572 580 583
2282 35 573 572 580 584
2283 35 582 581 580 583
2284 35 582 581 580 584
2285 35 582 581 589 592
2286 35 582 581 589 593
2287 35 591 590 589 592
2288 35 591 590 589 593
2289 35 591 590 598 601
2290 35 591 590 598 602
2291 35 600 599 598 601
2292 35 600 599 598 602
2293 35 600 599 607 610
2294 35 600 599 607 611
2295 35 609 608 607 610
2296 35 609 608 607 611
2297 35 609 608 616 619
2298 35 609 608 616 620
2299 35 618 617 616 619
2300 35 618 617 616 620
2301 35 618 617 625 628
2302 35 618 617 625 629
2303 35 627 626 625 628
2304 35 627 626 625 629
2305 35 627 626 634 637
2306 35 627 626 634 638
2307 35 636 635 634 637
2308 35 636 635 634 638
2309 35 636 635 643 646
2310 35 636 635 643 647
2311 35 645 644 643 646
2312 35 645 644 643 647
2313 35 645 644 652 655
2314 35 645 644 652 656
2315 35 654 653 652 655
2316 35 654 653 652 656
2317 35 654 653 661 664
2318 35 654 653 661 665
2319 35 663 662 661 664
2320 35 663 662 661 665
2321 35 663 662 670 673
2322 35 663 662 670 674
2323 35 672 671 670 673
2324 35 672 671 670 674
2325 35 672 671 679 682
2326 35 672 671 679 683
2327 35 681 680 679 682
2328 35 681 680 679 683
2329 35 681 680 688 691
2330 35 681 680 688 692
2331 35 690 689 688 691
2332 35 690 689 688 692
2333 35 690 689 697 700
2334 35 690 689 697 701
2335 35 699 698 697 700
2336 35 699 698 697 701
2337 35 699 698 706 709
2338 35 699 698 706 710
2339 35 708 707 706 709
2340 35 708 707 706 710
2341 35 708 707 715 718
2342 35 708 707 715 719
2343 35 717 716 715 718
2344 35 717 716 715 719
2345 35 717 716 724 727
2346 35 717 716 724 728
2347 35 726 725 724 727
2348 35 726 725 724 728
2349 35 726 725 733 736
2350 35 726 725 733 737
2351 35 735 734 733 736
2352 35 735 734 733 737
2353 35 735 734 742 745
2354 35 735 734 742 746
2355 35 744 743 742 745
2356 35 744 743 742 746
2357 35 744 743 751 754
2358 35 744 743 751 755
2359 35 753 752 751 754
2360 35 753 752 751 755
2361 35 753 752 760 763
2362 35 753 752 760 764
2363 35 762 761 760 763
2364 35 762 761 760 764
2365 35 762 761 769 772
2366 35 762 761 769 773
2367 35 771 770 769 772
2368 35 771 770 769 773
2369 35 771 770 778 781
2370 35 771 770 778 782
2371 35 780 779 778 781
2372 35 780 779 778 782
2373 35 780 779 787 790
2374 35 780 779 787 791
2375 35 789 788 787 790
2376 35 789 788 787 791
2377 35 789 788 796 799
2378 35 789 788 796 800
2379 35 798 797 796 799
2380 35 798 797 796 800
2381 35 798 797 805 808
2382 35 798 797 805 809
2383 35 807 806 805 808
2384 35 807 806 805 809
2385 35 807 806 814 817
2386 35 807 806 814 818
2387 35 816 815 814 817
2388 35 816 815 814 818
2389 35 816 815 823 826
2390 35 816 815 823 827
2391 35 825 824 823 826
2392 35 825 824 823 827
2393 35 825 824 832 835
2394 35 825 824 832 836
2395 35 834 833 832 835
2396 35 834 833 832 836
2397 35 834 833 841 844
2398 35 834 833 841 845
2399 35 843 842 841 844
2400 35 843 842 841 845
2401 35 843 842 850 853
2402 35 843 842 850 854
2403 35 852 851 850 853
2404 35 852 851 850 854
2405 35 852 851 859 862
2406 35 852 851 859 863
2407 35 861 860 859 862
2408 35 861 860 859 863
2409 35 861 860 868 871
2410 35 861 860 868 872
2411 35 870 869 868 871
2412 35 870 869 868 872
2413 35 870 869 877 880
2414 35 870 869 877 881
2415 35 879 878 877 880
2416 35 879 878 877 881
2417 35 879 878 886 889
2418 35 879 878 886 890
2419 35 888 887 886 889
2420 35 888 887 886 890
2421 35 888 887 895 898
2422 35 888 887 895 899
2423 35 905 906 915 918
2424 35 905 906 915 919
2425 35 907 906 915 918
2426 35 907 906 915 919
2427 35 917 916 915 918
2428 35 917 916 915 919
2429 35 917 916 924 927
2430 35 917 916 924 928
2431 35 926 925 924 927
2432 35 926 925 924 928
2433 35 926 925 933 936
2434 35 926 925 933 937
2435 35 935 934 933 936
2436 35 935 934 933 937
2437 35 935 934 942 945
2438 35 935 934 942 946
2439 35 944 943 942 945
2440 35 944 943 942 946
2441 35 944 943 951 954
2442 35 944 943 951 955
2443 35 953 952 951 954
2444 35 953 952 951 955
2445 35 953 952 960 963
2446 35 953 952 960 964
2447 35 962 961 960 963
2448 35 962 961 960 964
2449 35 962 961 969 972
2450 35 962 961 969 973
2451 35 971 970 969 972
2452 35 971 970 969 973
2453 35 971 970 978 981
2454 35 971 970 978 982
2455 35 980 979 978 981
2456 35 980 979 978 982
2457 35 980 979 987 990
2458 35 980 979 987 991
2459 35 989 988 987 990
2460 35 989 988 987 991
2461 35 989 988 996 999
2462 35 989 988 996 1000
2463 35 998 997 996 999
2464 35 998 997 996 1000
2465 35 998 997 1005 1008
2466 35 998 997 1005 1009
2467 35 1007 1006 1005 1008
2468 35 1007 1006 1005 1009
2469 35 1007 1006 1014 1017
2470 35 1007 1006 1014 1018
2471 35 1016 1015 1014 1017
2472 35 1016 1015 1014 1018
2473 35 1016 1015 1023 1026
2474 35 1016 1015 1023 1027
2475 35 1025 1024 1023 1026
2476 35 1025 1024 1023 1027
2477 35 1025 1024 1032 1035
2478 35 1025 1024 1032 1036
2479 35 1034 1033 1032 1035
2480 35 1034 1033 1032 1036
2481 35 1034 1033 1041 1044
2482 35 1034 1033 1041 1045
2483 35 1043 1042 1041 1044
2484 35 1043 1042 1041 1045
2485 35 1043 1042 1050 1053
2486 35 1043 1042 1050 1054
2487 35 1052 1051 1050 1053
2488 35 1052 1051 1050 1054
2489 35 1052 1051 1059 1062
2490 35 1052 1051 1059 1063
2491 35 1061 1060 1059 1062
2492 35 1061 1060 1059 1063
2493 35 1061 1060 1068 1071
2494 35 1061 1060 1068 1072
2495 35 1070 1069 1068 1071
2496 35 1070 1069 1068 1072
2497 35 1070 1069 1077 1080
2498 35 1070 1069 1077 1081
2499 35 1079 1078 1077 1080
2500 35 1079 1078 1077 1081
2501 35 1079 1078 1086 1089
2502 35 1079 1078 1086 1090
2503 35 1088 1087 1086 1089
2504 35 1088 1087 1086 1090
2505 35 1088 1087 1095 1098
2506 35 1088 1087 1095 1099
2507 35 1097 1096 1095 1098
2508 35 1097 1096 1095 1099
2509 35 1097 1096 1104 1107
2510 35 1097 1096 1104 1108
2511 35 1106 1105 1104 1107
2512 35 1106 1105 1104 1108
2513 35 1106 1105 1113 1116
2514 35 1106 1105 1113 1117
2515 35 1115 1114 1113 1116
2516 35 1115 1114 1113 1117
2517 35 1115 1114 1122 1125
2518 35 1115 1114 1122 1126
2519 35 1124 1123 1122 1125
2520 35 1124 1123 1122 1126
2521 35 1124 1123 1131 1134
2522 35 1124 1123 1131 1135
2523 35 1133 1132 1131 1134
2524 35 1133 1132 1131 1135
2525 35 1133 1132 1140 1143
2526 35 1133 1132 1140 1144
2527 35 1142 1141 1140 1143
2528 35 1142 1141 1140 1144
2529 35 1142 1141 1149 1152
2530 35 1142 1141 1149 1153
2531 35 1151 1150 1149 1152
2532 35 1151 1150 1149 1153
2533 35 1151 1150 1158 1161
2534 35 1151 1150 1158 1162
2535 35 1160 1159 1158 1161
2536 35 1160 1159 1158 1162
2537 35 1160 1159 1167 1170
2538 35 1160 1159 1167 1171
2539 35 1169 1168 1167 1170
2540 35 1169 1168 1167 1171
2541 35 1169 1168 1176 1179
2542 35 1169 1168 1176 1180
2543 35 1178 1177 1176 1179
2544 35 1178 1177 1176 1180
2545 35 1178 1177 1185 1188
2546 35 1178 1177 1185 1189
2547 35 1187 1186 1185 1188
2548 35 1187 1186 1185 1189
2549 35 1187 1186 1194 1197
2550 35 1187 1186 1194 1198
2551 35 1196 1195 1194 1197
2552 35 1196 1195 1194 1198
2553 35 1196 1195 1203 1206
2554 35 1196 1195 1203 1207
2555 35 1205 1204 1203 1206
2556 35 1205 1204 1203 1207
2557 35 1205 1204 1212 1215
2558 35 1205 1204 1212 1216
2559 35 1214 1213 1212 1215
2560 35 1214 1213 1212 1216
2561 35 1214 1213 1221 1224
2562 35 1214 1213 1221 1225
2563 35 1223 1222 1221 1224
2564 35 1223 1222 1221 1225
2565 35 1223 1222 1230 1233
2566 35 1223 1222 1230 1234
2567 35 1232 1231 1230 1233
2568 35 1232 1231 1230 1234
2569 35 1232 1231 1239 1242
2570 35 1232 1231 1239 1243
2571 35 1241 1240 1239 1242
2572 35 1241 1240 1239 1243
2573 35 1241 1240 1248 1251
2574 35 1241 1240 1248 1252
2575 35 1250 1249 1248 1251
2576 35 1250 1249 1248 1252
2577 35 1250 1249 1257 1260
2578 35 1250 1249 1257 1261
2579 35 1259 1258 1257 1260
2580 35 1259 1258 1257 1261
2581 35 1259 1258 1266 1269
2582 35 1259 1258 1266 1270
2583 35 1268 1267 1266 1269
2584 35 1268 1267 1266 1270
2585 35 1268 1267 1275 1278
2586 35 1268 1267 1275 1279
2587 35 1277 1276 1275 1278
2588 35 1277 1276 1275 1279
2589 35 1277 1276 1284 1287
2590 35 1277 1276 1284 1288
2591 35 1286 1285 1284 1287
2592 35 1286 1285 1284 1288
2593 35 1286 1285 1293 1296
2594 35 1286 1285 1293 1297
2595 35 1295 1294 1293 1296
2596 35 1295 1294 1293 1297
2597 35 1295 1294 1302 1305
2598 35 1295 1294 1302 1306
2599 35 1304 1303 1302 1305
2600 35 1304 1303 1302 1306
2601 35 1304 1303 1311 1314
2602 35 1304 1303 1311 1315
2603 35 1313 1312 1311 1314
2604 35 1313 1312 1311 1315
2605 35 1313 1312 1320 1323
2606 35 1313 1312 1320 1324
2607 35 1322 1321 1320 1323
2608 35 1322 1321 1320 1324
2609 35 1322 1321 1329 1332
2610 35 1322 1321 1329 1333
2611 35 1331 1330 1329 1332
2612 35 1331 1330 1329 1333
2613 35 1331 1330 1338 1341
2614 35 1331 1330 1338 1342
2615 35 1340 1339 1338 1341
2616 35 1340 1339 1338 1342
2617 35 1340 1339 1347 1350
2618 35 1340 1339 1347 1351
2619 35 1357 1358 1367 1370
2620 35 1357 1358 1367 1371
2621 35 1359 1358 1367 1370
2622 35 1359 1358 1367 1371
2623 35 1369 1368 1367 1370
2624 35 1369 1368 1367 1371
2625 35 1369 1368 1376 1379
2626 35 1369 1368 1376 1380
2627 35 1378 1377 1376 1379
2628 35 1378 1377 1376 1380
2629 35 1378 1377 1385 1388
2630 35 1378 1377 1385 1389
2631 35 1387 1386 1385 1388
2632 35 1387 1386 1385 1389
2633 35 1387 1386 1394 1397
2634 35 1387 1386 1394 1398
2635 35 1396 1395 1394 1397
2636 35 1396 1395 1394 1398
2637 35 1396 1395 1403 1406
2638 35 1396 1395 1403 1407
2639 35 1405 1404 1403 1406
2640 35 1405 1404 1403 1407
2641 35 1405 1404 1412 1415
2642 35 1405 1404 1412 1416
2643 35 1414 1413 1412 1415
2644 35 1414 1413 1412 1416
2645 35 1414 1413 1421 1424
2646 35 1414 1413 1421 1425
2647 35 1423 1422 1421 1424
2648 35 1423 1422 1421 1425
2649 35 1423 1422 1430 1433
2650 35 1423 1422 1430 1434
2651 35 1432 1431 1430 1433
2652 35 1432 1431 1430 1434
2653 35 1432 1431 1439 1442
2654 35 1432 1431 1439 1443
2655 35 1441 1440 1439 1442
2656 35 1441 1440 1439 1443
2657 35 1441 1440 1448 1451
2658 35 1441 1440 1448 1452
2659 35 1450 1449 1448 1451
2660 35 1450 1449 1448 1452
2661 35 1450 1449 1457 1460
2662 35 1450 1449 1457 1461
2663 35 1459 1458 1457 1460
2664 35 1459 1458 1457 1461
2665 35 1459 1458 1466 1469
2666 35 1459 1458 1466 1470
2667 35 1468 1467 1466 1469
2668 35 1468 1467 1466 1470
2669 35 1468 1467 1475 1478
2670 35 1468 1467 1475 1479
2671 35 1477 1476 1475 1478
2672 35 1477 1476 1475 1479
2673 35 1477 1476 1484 1487
2674 35 1477 1476 1484 1488
2675 35 1486 1485 1484 1487
2676 35 1486 1485 1484 1488
2677 35 1486 1485 1493 1496
2678 35 1486 1485 1493 1497
2679 35 1495 1494 1493 1496
2680 35 1495 1494 1493 1497
2681 35 1495 1494 1502 1505
2682 35 1495 1494 1502 1506
2683 35 1504 1503 1502 1505
2684 35 1504 1503 1502 1506
2685 35 1504 1503 1511 1514
2686 35 1504 1503 1511 1515
2687 35 1513 1512 1511 1514
2688 35 1513 1512 1511 1515
2689 35 1513 1512 1520 1523
2690 35 1513 1512 1520 1524
2691 35 1522 1521 1520 1523
2692 35 1522 1521 1520 1524
2693 35 1522 1521 1529 1532
2694 35 1522 1521 1529 1533
2695 35 1531 1530 1529 1532
2696 35 1531 1530 1529 1533
2697 35 1531 1530 1538 1541
2698 35 1531 1530 1538 1542
2699 35 1540 1539 1538 1541
2700 35 1540 1539 1538 1542
2701 35 1540 1539 1547 1550
2702 35 1540 1539 1547 1551
2703 35 1549 1548 1547 1550
2704 35 1549 1548 1547 1551
2705 35 1549 1548 1556 1559
2706 35 1549 1548 1556 1560
2707 35 1558 1557 1556 1559
2708 35 1558 1557 1556 1560
2709 35 1558 1557 1565 1568
2710 35 1558 1557 1565 1569
2711 35 1567 1566 1565 1568
2712 35 1567 1566 1565 1569
2713 35 1567 1566 1574 1577
2714 35 1567 1566 1574 1578
2715 35 1576 1575 1574 1577
2716 35 1576 1575 1574 1578
2717 35 1576 1575 1583 1586
2718 35 1576 1575 1583 1587
2719 35 1585 1584 1583 1586
2720 35 1585 1584 1583 1587
2721 35 1585 1584 1592 1595
2722 35 1585 1584 1592 1596
2723 35 1594 1593 1592 1595
2724 35 1594 1593 1592 1596
2725 35 1594 1593 1601 1604
2726 35 1594 1593 1601 1605
2727 35 1603 1602 1601 1604
2728 35 1603 1602 1601 1605
2729 35 1603 1602 1610 1613
2730 35 1603 1602 1610 1614
2731 35 1612 1611 1610 1613
2732 35 1612 1611 1610 1614
2733 35 1612 1611 1619 1622
2734 35 1612 1611 1619 1623
2735 35 1621 1620 1619 1622
2736 35 1621 1620 1619 1623
2737 35 1621 1620 1628 1631
2738 35 1621 1620 1628 1632
2739 35 1630 1629 1628 1631
2740 35 1630 1629 1628 1632
2741 35 1630 1629 1637 1640
2742 35 1630 1629 1637 1641
2743 35 1639 1638 1637 1640
2744 35 1639 1638 1637 1641
2745 35 1639 1638 1646 1649
2746 35 1639 1638 1646 1650
2747 35 1648 1647 1646 1649
2748 35 1648 1647 1646 1650
2749 35 1648 1647 1655 1658
2750 35 1648 1647 1655 1659
2751 35 1657 1656 1655 1658
2752 35 1657 1656 1655 1659
2753 35 1657 1656 1664 1667
2754 35 1657 1656 1664 1668
2755 35 1666 1665 1664 1667
2756 35 1666 1665 1664 1668
2757 35 1666 1665 1673 1676
2758 35 1666 1665 1673 1677
2759 35 1675 1674 1673 1676
2760 35 1675 1674 1673 1677
2761 35 1675 1674 1682 1685
2762 35 1675 1674 1682 1686
2763 35 1684 1683 1682 1685
2764 35 1684 1683 1682 1686
2765 35 1684 1683 1691 1694
2766 35 1684 1683 1691 1695
2767 35 1693 1692 1691 1694
2768 35 1693 1692 1691 1695
2769 35 1693 1692 1700 1703
2770 35 1693 1692 1700 1704
2771 35 1702 1701 1700 1703
2772 35 1702 1701 1700 1704
2773 35 1702 1701 1709 1712
2774 35 1702 1701 1709 1713
2775 35 1711 1710 1709 1712
2776 35 1711 1710 1709 1713
2777 35 1711 1710 1718 1721
2778 35 1711 1710 1718 1722
2779 35 1720 1719 1718 1721
2780 35 1720 1719 1718 1722
2781 35 1720 1719 1727 1730
2782 35 1720 1719 1727 1731
2783 35 1729 1728 1727 1730
2784 35 1729 1728 1727 1731
2785 35 1729 1728 1736 1739
2786 35 1729 1728 1736 1740
2787 35 1738 1737 1736 1739
2788 35 1738 1737 1736 1740
2789 35 1738 1737 1745 1748
2790 35 1738 1737 1745 1749
2791 35 1747 1746 1745 1748
2792 35 1747 1746 1745 1749
2793 35 1747 1746 1754 1757
2794 35 1747 1746 1754 1758
2795 35 1756 1755 1754 1757
2796 35 1756 1755 1754 1758
2797 35 1756 1755 1763 1766
2798 35 1756 1755 1763 1767
2799 35 1765 1764 1763 1766
2800 35 1765 1764 1763 1767
2801 35 1765 1764 1772 1775
2802 35 1765 1764 1772 1776
2803 35 1774 1773 1772 1775
2804 35 1774 1773 1772 1776
2805 35 1774 1773 1781 1784
2806 35 1774 1773 1781 1785
2807 35 1783 1782 1781 1784
2808 35 1783 1782 1781 1785
2809 35 1783 1782 1790 1793
2810 35 1783 1782 1790 1794
2811 35 1792 1791 1790 1793
2812 35 1792 1791 1790 1794
2813 35 1792 1791 1799 1802
2814 35 1792 1791 1799 1803
2815 35 1809 1810 1819 1822
2816 35 1809 1810 1819 1823
2817 35 1811 1810 1819 1822
2818 35 1811 1810 1819 1823
2819 35 1821 1820 1819 1822
2820 35 1821 1820 1819 1823
2821 35 1821 1820 1828 1831
2822 35 1821 1820 1828 1832
2823 35 1830 1829 1828 1831
2824 35 1830 1829 1828 1832
2825 35 1830 1829 1837 1840
2826 35 1830 1829 1837 1841
2827 35 1839 1838 1837 1840
2828 35 1839 1838 1837 1841
2829 35 1839 1838 1846 1849
2830 35 1839 1838 1846 1850
2831 35 1848 1847 1846 1849
2832 35 1848 1847 1846 1850
2833 35 1848 1847 1855 1858
2834 35 1848 1847 1855 1859
2835 35 1857 1856 1855 1858
2836 35 1857 1856 1855 1859
2837 35 1857 1856 1864 1867
2838 35 1857 1856 1864 1868
2839 35 1866 1865 1864 1867
2840 35 1866 1865 1864 1868
2841 35 1866 1865 1873 1876
2842 35 1866 1865 1873 1877
2843 35 1875 1874 1873 1876
2844 35 1875 1874 1873 1877
2845 35 1875 1874 1882 1885
2846 35 1875 1874 1882 1886
2847 35 1884 1883 1882 1885
2848 35 1884 1883 1882 1886
2849 35 1884 1883 1891 1894
2850 35 1884 1883 1891 1895
2851 35 1893 1892 1891 1894
2852 35 1893 1892 1891 1895
2853 35 1893 1892 1900 1903
2854 35 1893 1892 1900 1904
2855 35 1902 1901 1900 1903
2856 35 1902 1901 1900 1904
2857 35 1902 1901 1909 1912
2858 35 1902 1901 1909 1913
2859 35 1911 1910 1909 1912
2860 35 1911 1910 1909 1913
2861 35 1911 1910 1918 1921
2862 35 1911 1910 1918 1922
2863 35 1920 1919 1918 1921
2864 35 1920 1919 1918 1922
2865 35 1920 1919 1927 1930
2866 35 1920 1919 1927 1931
2867 35 1929 1928 1927 1930
2868 35 1929 1928 1927 1931
2869 35 1929 1928 1936 1939
2870 35 1929 1928 1936 1940
2871 35 1938 1937 1936 1939
2872 35 1938 1937 1936 1940
2873 35 1938 1937 1945 1948
2874 35 1938 1937 1945 1949
2875 35 1947 1946 1945 1948
2876 35 1947 1946 1945 1949
2877 35 1947 1946 1954 1957
2878 35 1947 1946 1954 1958
2879 35 1956 1955 1954 1957
2880 35 1956 1955 1954 1958
2881 35 1956 1955 1963 1966
2882 35 1956 1955 1963 1967
2883 35 1965 1964 1963 1966
2884 35 1965 1964 1963 1967
2885 35 1965 1964 1972 1975
2886 35 1965 1964 1972 1976
2887 35 1974 1973 1972 1975
2888 35 1974 1973 1972 1976
2889 35 1974 1973 1981 1984
2890 35 1974 1973 1981 1985
2891 35 1983 1982 1981 1984
2892 35 1983 1982 1981 1985
2893 35 1983 1982 1990 1993
2894 35 1983 1982 1990 1994
2895 35 1992 1991 1990 1993
2896 35 1992 1991 1990 1994
2897 35 1992 1991 1999 2002
2898 35 1992 1991 1999 2003
2899 35 2001 2000 1999 2002
2900 35 2001 2000 1999 2003
2901 35 2001 2000 2008 2011
2902 35 2001 2000 2008 2012
2903 35 2010 2009 2008 2011
2904 35 2010 2009 2008 2012
2905 35 2010 2009 2017 2020
2906 35 2010 2009 2017 2021
2907 35 2019 2018 2017 2020
2908 35 2019 2018 2017 2021
2909 35 2019 2018 2026 2029
2910 35 2019 2018 2026 2030
2911 35 2028 2027 2026 2029
2912 35 2028 2027 2026 2030
2913 35 2028 2027 2035 2038
2914 35 2028 2027 2035 2039
2915 35 2037 2036 2035 2038
2916 35 2037 2036 2035 2039
2917 35 2037 2036 2044 2047
2918 35 2037 2036 2044 2048
2919 35 2046 2045 2044 2047
2920 35 2046 2045 2044 2048
2921 35 2046 2045 2053 2056
2922 35 2046 2045 2053 2057
2923 35 2055 2054 2053 2056
2924 35 2055 2054 2053 2057
2925 35 2055 2054 2062 2065
2926 35 2055 2054 2062 2066
2927 35 2064 2063 2062 2065
2928 35 2064 2063 2062 2066
2929 35 2064 2063 2071 2074
2930 35 2064 2063 2071 2075
2931 35 2073 2072 2071 2074
2932 35 2073 2072 2071 2075
2933 35 2073 2072 2080 2083
2934 35 2073 2072 2080 2084
2935 35 2082 2081 2080 2083
2936 35 2082 2081 2080 2084
2937 35 2082 2081 2089 2092
2938 35 2082 2081 2089 2093
2939 35 2091 2090 2089 2092
2940 35 2091 2090 2089 2093
2941 35 2091 2090 2098 2101
2942 35 2091 2090 2098 2102
2943 35 2100 2099 2098 2101
2944 35 2100 2099 2098 2102
2945 35 2100 2099 2107 2110
2946 35 2100 2099 2107 2111
2947 35 2109 2108 2107 2110
2948 35 2109 2108 2107 2111
2949 35 2109 2108 2116 2119
2950 35 2109 2108 2116 2120
2951 35 2118 2117 2116 2119
2952 35 2118 2117 2116 2120
2953 35 2118 2117 2125 2128
2954 35 2118 2117 2125 2129
2955 35 2127 2126 2125 2128
2956 35 2127 2126 2125 2129
2957 35 2127 2126 2134 2137
2958 35 2127 2126 2134 2138
2959 35 2136 2135 2134 2137
2960 35 2136 2135 2134 2138
2961 35 2136 2135 2143 2146
2962 35 2136 2135 2143 2147
2963 35 2145 2144 2143 2146
2964 35 2145 2144 2143 2147
2965 35 2145 2144 2152 2155
2966 35 2145 2144 2152 2156
2967 35 2154 2153 2152 2155
2968 35 2154 2153 2152 2156
2969 35 2154 2153 2161 2164
2970 35 2154 2153 2161 2165
2971 35 2163 2162 2161 2164
2972 35 2163 2162 2161 2165
2973 35 2163 2162 2170 2173
2974 35 2163 2162 2170 2174
2975 35 2172 2171 2170 2173
2976 35 2172 2171 2170 2174
2977 35 2172 2171 2179 2182
2978 35 2172 2171 2179 2183
2979 35 2181 2180 2179 2182
2980 35 2181 2180 2179 2183
2981 35 2181 2180 2188 2191
2982 35 2181 2180 2188 2192
2983 35 2190 2189 2188 2191
2984 35 2190 2189 2188 2192
2985 35 2190 2189 2197 2200
2986 35 2190 2189 2197 2201
2987 35 2199 2198 2197 2200
2988 35 2199 2198 2197 2201
2989 35 2199 2198 2206 2209
2990 35 2199 2198 2206 2210
2991 35 2208 2207 2206 2209
2992 35 2208 2207 2206 2210
2993 35 2208 2207 2215 2218
2994 35 2208 2207 2215 2219
2995 35 2217 2216 2215 2218
2996 35 2217 2216 2215 2219
2997 35 2217 2216 2224 2227
2998 35 2217 2216 2224 2228
2999 35 2226 2225 2224 2227
3000 35 2226 2225 2224 2228
3001 35 2226 2225 2233 2236
3002 35 2226 2225 2233 2237
3003 35 2235 2234 2233 2236
3004 35 2235 2234 2233 2237
3005 35 2235 2234 2242 2245
3006 35 2235 2234 2242 2246
3007 35 2244 2243 2242 2245
3008 35 2244 2243 2242 2246
3009 35 2244 2243 2251 2254
3010 35 2244 2243 2251 2255
3011 35 2261 2262 2271 2274
3012 35 2261 2262 2271 2275
3013 35 2263 2262 2271 2274
3014 35 2263 2262 2271 2275
3015 35 2273 2272 2271 2274
3016 35 2273 2272 2271 2275
3017 35 2273 2272 2280 2283
3018 35 2273 2272 2280 2284
3019 35 2282 2281 2280 2283
3020 35 2282 2281 2280 2284
3021 35 2282 2281 2289 2292
3022 35 2282 2281 2289 2293
3023 35 2291 2290 2289 2292
3024 35 2291 2290 2289 2293
3025 35 2291 2290 2298 2301
3026 35 2291 2290 2298 2302
3027 35 2300 2299 2298 2301
3028 35 2300 2299 2298 2302
3029 35 2300 2299 2307 2310
3030 35 2300 2299 2307 2311
3031 35 2309 2308 2307 2310
3032 35 2309 2308 2307 2311
3033 35 2309 2308 2316 2319
3034 35 2309 2308 2316 2320
3035 35 2318 2317 2316 2319
3036 35 2318 2317 2316 2320
3037 35 2318 2317 2325 2328
3038 35 2318 2317 2325 2329
3039 35 2327 2326 2325 2328
3040 35 2327 2326 2325 2329
3041 35 2327 2326 2334 2337
3042 35 2327 2326 2334 2338
3043 35 2336 2335 2334 2337
3044 35 2336 2335 2334 2338
3045 35 2336 2335 2343 2346
3046 35 2336 2335 2343 2347
3047 35 2345 2344 2343 2346
3048 35 2345 2344 2343 2347
3049 35 2345 2344 2352 2355
3050 35 2345 2344 2352 2356
3051 35 2354 2353 2352 2355
3052 35 2354 2353 2352 2356
3053 35 2354 2353 2361 2364
3054 35 2354 2353 2361 2365
3055 35 2363 2362 2361 2364
3056 35 2363 2362 2361 2365
3057 35 2363 2362 2370 2373
3058 35 2363 2362 2370 2374
3059 35 2372 2371 2370 2373
3060 35 2372 2371 2370 2374
3061 35 2372 2371 2379 2382
3062 35 2372 2371 2379 2383
3063 35 2381 2380 2379 2382
3064 35 2381 2380 2379 2383
3065 35 2381 2380 2388 2391
3066 35 2381 2380 2388 2392
3067 35 2390 2389 2388 2391
3068 35 2390 2389 2388 2392
3069 35 2390 2389 2397 2400
3070 35 2390 2389 2397 2401
3071 35 2399 2398 2397 2400
3072 35 2399 2398 2397 2401
3073 35 2399 2398 2406 2409
3074 35 2399 2398 2406 2410
3075 35 2408 2407 2406 2409
3076 35 2408 2407 2406 2410
3077 35 2408 2407 2415 2418
3078 35 2408 2407 2415 2419
3079 35 2417 2416 2415 2418
3080 35 2417 2416 2415 2419
3081 35 2417 2416 2424 2427
3082 35 2417 2416 2424 2428
3083 35 2426 2425 2424 2427
3084 35 2426 2425 2424 2428
3085 35 2426 2425 2433 2436
3086 35 2426 2425 2433 2437
3087 35 2435 2434 2433 2436
3088 35 2435 2434 2433 2437
3089 35 2435 2434 2442 2445
3090 35 2435 2434 2442 2446
3091 35 2444 2443 2442 2445
3092 35 2444 2443 2442 2446
3093 35 2444 2443 2451 2454
3094 35 2444 2443 2451 2455
3095 35 2453 2452 2451 2454
3096 35 2453 2452 2451 2455
3097 35 2453 2452 2460 2463
3098 35 2453 2452 2460 2464
3099 35 2462 2461 2460 2463
3100 35 2462 2461 2460 2464
3101 35 2462 2461 2469 2472
3102 35 2462 2461 2469 2473
3103 35 2471 2470 2469 2472
3104 35 2471 2470 2469 2473
3105 35 2471 2470 2478 2481
3106 35 2471 2470 2478 2482
3107 35 2480 2479 2478 2481
3108 35 2480 2479 2478 2482
3109 35 2480 2479 2487 2490
3110 35 2480 2479 2487 2491
3111 35 2489 2488 2487 2490
3112 35 2489 2488 2487 2491
3113 35 2489 2488 2496 2499
3114 35 2489 2488 2496 2500
3115 35 2498 2497 2496 2499
3116 35 2498 2497 2496 2500
3117 35 2498 2497 2505 2508
3118 35 2498 2497 2505 2509
3119 35 2507 2506 2505 2508
3120 35 2507 2506 2505 2509
3121 35 2507 2506 2514 2517
3122 35 2507 2506 2514 2518
3123 35 2516 2515 2514 2517
3124 35 2516 2515 2514 2518
3125 35 2516 2515 2523 2526
3126 35 2516 2515 2523 2527
3127 35 2525 2524 2523 2526
3128 35 2525 2524 2523 2527
3129 35 2525 2524 2532 2535
3130 35 2525 2524 2532 2536
3131 35 2534 2533 2532 2535
3132 35 2534 2533 2532 2536
3133 35 2534 2533 2541 2544
3134 35 2534 2533 2541 2545
3135 35 2543 2542 2541 2544
3136 35 2543 2542 2541 2545
3137 35 2543 2542 2550 2553
3138 35 2543 2542 2550 2554
3139 35 2552 2551 2550 2553
3140 35 2552 2551 2550 2554
3141 35 2552 2551 2559 2562
3142 35 2552 2551 2559 2563
3143 35 2561 2560 2559 2562
3144 35 2561 2560 2559 2563
3145 35 2561 2560 2568 2571
3146 35 2561 2560 2568 2572
3147 35 2570 2569 2568 2571
3148 35 2570 2569 2568 2572
3149 35 2570 2569 2577 2580
3150 35 2570 2569 2577 2581
3151 35 2579 2578 2577 2580
3152 35 2579 2578 2577 2581
3153 35 2579 2578 2586 2589
3154 35 2579 2578 2586 2590
3155 35 2588 2587 2586 2589
3156 35 2588 2587 2586 2590
3157 35 2588 2587 2595 2598
3158 35 2588 2587 2595 2599
3159 35 2597 2596 2595 2598
3160 35 2597 2596 2595 2599
3161 35 2597 2596 2604 2607
3162 35 2597 2596 2604 2608
3163 35 2606 2605 2604 2607
3164 35 2606 2605 2604 2608
3165 35 2606 2605 2613 2616
3166 35 2606 2605 2613 2617
3167 35 2615 2614 2613 2616
3168 35 2615 2614 2613 2617
3169 35 2615 2614 2622 2625
3170 35 2615 2614 2622 2626
3171 35 2624 2623 2622 2625
3172 35 2624 2623 2622 2626
3173 35 2624 2623 2631 2634
3174 35 2624 2623 2631 2635
3175 35 2633 2632 2631 2634
3176 35 2633 2632 2631 2635
3177 35 2633 2632 2640 2643
3178 35 2633 2632 2640 2644
3179 35 2642 2641 2640 2643
3180 35 2642 2641 2640 2644
3181 35 2642 2641 2649 2652
3182 35 2642 2641 2649 2653
3183 35 2651 2650 2649 2652
3184 35 2651 2650 2649 2653
3185 35 2651 2650 2658 2661
3186 35 2651 2650 2658 2662
3187 35 2660 2659 2658 2661
3188 35 2660 2659 2658 2662
3189 35 2660 2659 2667 2670
3190 35 2660 2659 2667 2671
3191 35 2669 2668 2667 2670
3192 35 2669 2668 2667 2671
3193 35 2669 2668 2676 2679
3194 35 2669 2668 2676 2680
3195 35 2678 2677 2676 2679
3196 35 2678 2677 2676 2680
3197 35 2678 2677 2685 2688
3198 35 2678 2677 2685 2689
3199 35 2687 2686 2685 2688
3200 35 2687 2686 2685 2689
3201 35 2687 2686 2694 2697
3202 35 2687 2686 2694 2698
3203 35 2696 2695 2694 2697
3204 35 2696 2695 2694 2698
3205 35 2696 2695 2703 2706
3206 35 2696 2695 2703 2707
3207 35 2713 2714 2723 2726
3208 35 2713 2714 2723 2727
3209 35 2715 2714 2723 2726
3210 35 2715 2714 2723 2727
3211 35 2725 2724 2723 2726
3212 35 2725 2724 2723 2727
3213 35 2725 2724 2732 2735
3214 35 2725 2724 2732 2736
3215 35 2734 2733 2732 2735
3216 35 2734 2733 2732 2736
3217 35 2734 2733 2741 2744
3218 35 2734 2733 2741 2745
3219 35 2743 2742 2741 2744
3220 35 2743 2742 2741 2745
3221 35 2743 2742 2750 2753
3222 35 2743 2742 2750 2754
3223 35 2752 2751 2750 2753
3224 35 2752 2751 2750 2754
3225 35 2752 2751 2759 2762
3226 35 2752 2751 2759 2763
3227 35 2761 2760 2759 2762
3228 35 2761 2760 2759 2763
3229 35 2761 2760 2768 2771
3230 35 2761 2760 2768 2772
3231 35 2770 2769 2768 2771
3232 35 2770 2769 2768 2772
3233 35 2770 2769 2777 2780
3234 35 2770 2769 2777 2781
3235 35 2779 2778 2777 2780
3236 35 2779 2778 2777 2781
3237 35 2779 2778 2786 2789
3238 35 2779 2778 2786 2790
3239 35 2788 2787 2786 2789
3240 35 2788 2787 2786 2790
3241 35 2788 2787 2795 2798
3242 35 2788 2787 2795 2799
3243 35 2797 2796 2795 2798
3244 35 2797 2796 2795 2799
3245 35 2797 2796 2804 2807
3246 35 2797 2796 2804 2808
3247 35 2806 2805 2804 2807
3248 35 2806 2805 2804 2808
3249 35 2806 2805 2813 2816
3250 35 2806 2805 2813 2817
3251 35 2815 2814 2813 2816
3252 35 2815 2814 2813 2817
3253 35 2815 2814 2822 2825
3254 35 2815 2814 2822 2826
3255 35 2824 2823 2822 2825
3256 35 2824 2823 2822 2826
3257 35 2824 2823 2831 2834
3258 35 2824 2823 2831 2835
3259 35 2833 2832 2831 2834
3260 35 2833 2832 2831 2835
3261 35 2833 2832 2840 2843
3262 35 2833 2832 2840 2844
3263 35 2842 2841 2840 2843
3264 35 2842 2841 2840 2844
3265 35 2842 2841 2849 2852
3266 35 2842 2841 2849 2853
3267 35 2851 2850 2849 2852
3268 35 2851 2850 2849 2853
3269 35 2851 2850 2858 2861
3270 35 2851 2850 2858 2862
3271 35 2860 2859 2858 2861
3272 35 2860 2859 2858 2862
3273 35 2860 2859 2867 2870
3274 35 2860 2859 2867 2871
3275 35 2869 2868 2867 2870
3276 35 2869 2868 2867 2871
3277 35 2869 2868 2876 2879
3278 35 2869 2868 2876 2880
3279 35 2878 2877 2876 2879
3280 35 2878 2877 2876 2880
3281 35 2878 2877 2885 2888
3282 35 2878 2877 2885 2889
3283 35 2887 2886 2885 2888
3284 35 2887 2886 2885 2889
3285 35 2887 2886 2894 2897
3286 35 2887 2886 2894 2898
3287 35 2896 2895 2894 2897
3288 35 2896 2895 2894 2898
3289 35 2896 2895 2903 2906
3290 35 2896 2895 2903 2907
3291 35 2905 2904 2903 2906
3292 35 2905 2904 2903 2907
3293 35 2905 2904 2912 2915
3294 35 2905 2904 2912 2916
3295 35 2914 2913 2912 2915
3296 35 2914 2913 2912 2916
3297 35 2914 2913 2921 2924
3298 35 2914 2913 2921 2925
3299 35 2923 2922 2921 2924
3300 35 2923 2922 2921 2925
3301 35 2923 2922 2930 2933
3302 35 2923 2922 2930 2934
3303 35 2932 2931 2930 2933
3304 35 2932 2931 2930 2934
3305 35 2932 2931 2939 2942
3306 35 2932 2931 2939 2943
3307 35 2941 2940 2939 2942
3308 35 2941 2940 2939 2943
3309 35 2941 2940 2948 2951
3310 35 2941 2940 2948 2952
3311 35 2950 2949 2948 2951
3312 35 2950 2949 2948 2952
3313 35 2950 2949 2957 2960
3314 35 2950 2949 2957 2961
3315 35 2959 2958 2957 2960
3316 35 2959 2958 2957 2961
3317 35 2959 2958 2966 2969
3318 35 2959 2958 2966 2970
3319 35 2968 2967 2966 2969
3320 35 2968 2967 2966 2970
3321 35 2968 2967 2975 2978
3322 35 2968 2967 2975 2979
3323 35 2977 2976 2975 2978
3324 35 2977 2976 2975 2979
3325 35 2977 2976 2984 2987
3326 35 2977 2976 2984 2988
3327 35 2986 2985 2984 2987
3328 35 2986 2985 2984 2988
3329 35 2986 2985 2993 2996
3330 35 2986 2985 2993 2997
3331 35 2995 2994 2993 2996
3332 35 2995 2994 2993 2997
3333 35 2995 2994 3002 3005
3334 35 2995 2994 3002 3006
3335 35 3004 3003 3002 3005
3336 35 3004 3003 3002 3006
3337 35 3004 3003 3011 3014
3338 35 3004 3003 3011 3015
3339 35 3013 3012 3011 3014
3340 35 3013 3012 3011 3015
3341 35 3013 3012 3020 3023
3342 35 3013 3012 3020 3024
3343 35 3022 3021 3020 3023
3344 35 3022 3021 3020 3024
3345 35 3022 3021 3029 3032
3346 35 3022 3021 3029 3033
3347 35 3031 3030 3029 3032
3348 35 3031 3030 3029 3033
3349 35 3031 3030 3038 3041
3350 35 3031 3030 3038 3042
3351 35 3040 3039 3038 3041
3352 35 3040 3039 3038 3042
3353 35 3040 3039 3047 3050
3354 35 3040 3039 3047 3051
3355 35 3049 3048 3047 3050
3356 35 3049 3048 3047 3051
3357 35 3049 3048 3056 3059
3358 35 3049 3048 3056 3060
3359 35 3058 3057 3056 3059
3360 35 3058 3057 3056 3060
3361 35 3058 3057 3065 3068
3362 35 3058 3057 3065 3069
3363 35 3067 3066 3065 3068
3364 35 3067 3066 3065 3069
3365 35 3067 3066 3074 3077
3366 35 3067 3066 3074 3078
3367 35 3076 3075 3074 3077
3368 35 3076 3075 3074 3078
3369 35 3076 3075 3083 3086
3370 35 3076 3075 3083 3087
3371 35 3085 3084 3083 3086
3372 35 3085 3084 3083 3087
3373 35 3085 3084 3092 3095
3374 35 3085 3084 3092 3096
3375 35 3094 3093 3092 3095
3376 35 3094 3093 3092 3096
3377 35 3094 3093 3101 3104
3378 35 3094 3093 3101 3105
3379 35 3103 3102 3101 3104
3380 35 3103 3102 3101 3105
3381 35 3103 3102 3110 3113
3382 35 3103 3102 3110 3114
3383 35 3112 3111 3110 3113
3384 35 3112 3111 3110 3114
3385 35 3112 3111 3119 3122
3386 35 3112 3111 3119 3123
3387 35 3121 3120 3119 3122
3388 35 3121 3120 3119 3123
3389 35 3121 3120 3128 3131
3390 35 3121 3120 3128 3132
3391 35 3130 3129 3128 3131
3392 35 3130 3129 3128 3132
3393 35 3130 3129 3137 3140
3394 35 3130 3129 3137 3141
3395 35 3139 3138 3137 3140
3396 35 3139 3138 3137 3141
3397 35 3139 3138 3146 3149
3398 35 3139 3138 3146 3150
3399 35 3148 3147 3146 3149
3400 35 3148 3147 3146 3150
3401 35 3148 3147 3155 3158
3402 35 3148 3147 3155 3159
3403 35 3165 3166 3175 3178
3404 35 3165 3166 3175 3179
3405 35 3167 3166 3175 3178
3406 35 3167 3166 3175 3179
3407 35 3177 3176 3175 3178
3408 35 3177 3176 3175 3179
3409 35 3177 3176 3184 3187
3410 35 3177 3176 3184 3188
3411 35 3186 3185 3184 3187
3412 35 3186 3185 3184 3188
3413 35 3186 3185 3193 3196
3414 35 3186 3185 3193 3197
3415 35 3195 3194 3193 3196
3416 35 3195 3194 3193 3197
3417 35 3195 3194 3202 3205
3418 35 3195 3194 3202 3206
3419 35 3204 3203 3202 3205
3420 35 3204 3203 3202 3206
3421 35 3204 3203 3211 3214
3422 35 3204 3203 3211 3215
3423 35 3213 3212 3211 3214
3424 35 3213 3212 3211 3215
3425 35 3213 3212 3220 3223
3426 35 3213 3212 3220 3224
3427 35 3222 3221 3220 3223
3428 35 3222 3221 3220 3224
3429 35 3222 3221 3229 3232
3430 35 3222 3221 3229 3233
3431 35 3231 3230 3229 3232
3432 35 3231 3230 3229 3233
3433 35 3231 3230 3238 3241
3434 35 3231 3230 3238 3242
3435 35 3240 3239 3238 3241
3436 35 3240 3239 3238 3242
3437 35 3240 3239 3247 3250
3438 35 3240 3239 3247 3251
3439 35 3249 3248 3247 3250
3440 35 3249 3248 3247 3251
3441 35 3249 3248 3256 3259
3442 35 3249 3248 3256 3260
3443 35 3258 3257 3256 3259
3444 35 3258 3257 3256 3260
3445 35 3258 3257 3265 3268
3446 35 3258 3257 3265 3269
3447 35 3267 3266 3265 3268
3448 35 3267 3266 3265 3269
3449 35 3267 3266 3274 3277
3450 35 3267 3266 3274 3278
3451 35 3276 3275 3274 3277
3452 35 3276 3275 3274 3278
3453 35 3276 3275 3283 3286
3454 35 3276 3275 3283 3287
3455 35 3285 3284 3283 3286
3456 35 3285 3284 3283 3287
3457 35 3285 3284 3292 3295
3458 35 3285 3284 3292 3296
3459 35 3294 3293 3292 3295
3460 35 3294 3293 3292 3296
3461 35 3294 3293 3301 3304
3462 35 3294 3293 3301 3305
3463 35 3303 3302 3301 3304
3464 35 3303 3302 3301 3305
3465 35 3303 3302 3310 3313
3466 35 3303 3302 3310 3314
3467 35 3312 3311 3310 3313
3468 35 3312 3311 3310 3314
3469 35 3312 3311 3319 3322
3470 35 3312 3311 3319 3323
3471 35 3321 3320 3319 3322
3472 35 3321 3320 3319 3323
3473 35 3321 3320 3328 3331
3474 35 3321 3320 3328 3332
3475 35 3330 3329 3328 3331
3476 35 3330 3329 3328 3332
3477 35 3330 3329 3337 3340
3478 35 3330 3329 3337 3341
3479 35 3339 3338 3337 3340
3480 35 3339 3338 3337 3341
3481 35 3339 3338 3346 3349
3482 35 3339 3338 3346 3350
3483 35 3348 3347 3346 3349
3484 35 3348 3347 3346 3350
3485 35 3348 3347 3355 3358
3486 35 3348 3347 3355 3359
3487 35 3357 3356 3355 3358
3488 35 3357 3356 3355 3359
3489 35 3357 3356 3364 3367
3490 35 3357 3356 3364 3368
3491 35 3366 3365 3364 3367
3492 35 3366 3365 3364 3368
3493 35 3366 3365 3373 3376
3494 35 3366 3365 3373 3377
3495 35 3375 3374 3373 3376
3496 35 3375 3374 3373 3377
3497 35 3375 3374 3382 3385
3498 35 3375 3374 3382 3386
3499 35 3384 3383 3382 3385
3500 35 3384 3383 3382 3386
3501 35 3384 3383 3391 3394
3502 35 3384 3383 3391 3395
3503 35 3393 3392 3391 3394
3504 35 3393 3392 3391 3395
3505 35 3393 3392 3400 3403
3506 35 3393 3392 3400 3404
3507 35 3402 3401 3400 3403
3508 35 3402 3401 3400 3404
3509 35 3402 3401 3409 3412
3510 35 3402 3401 3409 3413
3511 35 3411 3410 3409 3412
3512 35 3411 3410 3409 3413
3513 35 3411 3410 3418 3421
3514 35 3411 3410 3418 3422
3515 35 3420 3419 3418 3421
3516 35 3420 3419 3418 3422
3517 35 3420 3419 3427 3430
3518 35 3420 3419 3427 3431
3519 35 3429 3428 3427 3430
3520 35 3429 3428 3427 3431
3521 35 3429 3428 3436 3439
3522 35 3429 3428 3436 3440
3523 35 3438 3437 3436 3439
3524 35 3438 3437 3436 3440
3525 35 3438 3437 3445 3448
3526 35 3438 3437 3445 3449
3527 35 3447 3446 3445 3448
3528 35 3447 3446 3445 3449
3529 35 3447 3446 3454 3457
3530 35 3447 3446 3454 3458
3531 35 3456 3455 3454 3457
3532 35 3456 3455 3454 3458
3533 35 3456 3455 3463 3466
3534 35 3456 3455 3463 3467
3535 35 3465 3464 3463 3466
3536 35 3465 3464 3463 3467
3537 35 3465 3464 3472 3475
3538 35 3465 3464 3472 3476
3539 35 3474 3473 3472 3475
3540 35 3474 3473 3472 3476
3541 35 3474 3473 3481 3484
3542 35 3474 3473 3481 3485
3543 35 3483 3482 3481 3484
3544 35 3483 3482 3481 3485
3545 35 3483 3482 3490 3493
3546 35 3483 3482 3490 3494
3547 35 3492 3491 3490 3493
3548 35 3492 3491 3490 3494
3549 35 3492 3491 3499 3502
3550 35 3492 3491 3499 3503
3551 35 3501 3500 3499 3502
3552 35 3501 3500 3499 3503
3553 35 3501 3500 3508 3511
3554 35 3501 3500 3508 3512
3555 35 3510 3509 3508 3511
3556 35 3510 3509 3508 3512
3557 35 3510 3509 3517 3520
3558 35 3510 3509 3517 3521
3559 35 3519 3518 3517 3520
3560 35 3519 3518 3517 3521
3561 35 3519 3518 3526 3529
3562 35 3519 3518 3526 3530
3563 35 3528 3527 3526 3529
3564 35 3528 3527 3526 3530
3565 35 3528 3527 3535 3538
3566 35 3528 3527 3535 3539
3567 35 3537 3536 3535 3538
3568 35 3537 3536 3535 3539
3569 35 3537 3536 3544 3547
3570 35 3537 3536 3544 3548
3571 35 3546 3545 3544 3547
3572 35 3546 3545 3544 3548
3573 35 3546 3545 3553 3556
3574 35 3546 3545 3553 3557
3575 35 3555 3554 3553 3556
3576 35 3555 3554 3553 3557
3577 35 3555 3554 3562 3565
3578 35 3555 3554 3562 3566
3579 35 3564 3563 3562 3565
3580 35 3564 3563 3562 3566
3581 35 3564 3563 3571 3574
3582 35 3564 3563 3571 3575
3583 35 3573 3572 3571 3574
3584 35 3573 3572 3571 3575
3585 35 3573 3572 3580 3583
3586 35 3573 3572 3580 3584
3587 35 3582 3581 3580 3583
3588 35 3582 3581 3580 3584
3589 35 3582 3581 3589 3592
3590 35 3582 3581 3589 3593
3591 35 3591 3590 3589 3592
3592 35 3591 3590 3589 3593
3593 35 3591 3590 3598 3601
3594 35 3591 3590 3598 3602
3595 35 3600 3599 3598 3601
3596 35 3600 3599 3598 3602
3597 35 3600 3599 3607 3610
3598 35 3600 3599 3607 3611
3599 35 3617 3618 3627 3630
3600 35 3617 3618 3627 3631
3601 35 3619 3618 3627 3630
3602 35 3619 3618 3627 3631
3603 35 3629 3628 3627 3630
3604 35 3629 3628 3627 3631
3605 35 3629 3628 3636 3639
3606 35 3629 3628 3636 3640
3607 35 3638 3637 3636 3639
3608 35 3638 3637 3636 3640
3609 35 3638 3637 3645 3648
3610 35 3638 3637 3645 3649
3611 35 3647 3646 3645 3648
3612 35 3647 3646 3645 3649
3613 35 3647 3646 3654 3657
3614 35 3647 3646 3654 3658
3615 35 3656 3655 3654 3657
3616 35 3656 3655 3654 3658
3617 35 3656 3655 3663 3666
3618 35 3656 3655 3663 3667
3619 35 3665 3664 3663 3666
3620 35 3665 3664 3663 3667
3621 35 3665 3664 3672 3675
3622 35 3665 3664 3672 3676
3623 35 3674 3673 3672 3675
3624 35 3674 3673 3672 3676
3625 35 3674 3673 3681 3684
3626 35 3674 3673 3681 3685
3627 35 3683 3682 3681 3684
3628 35 3683 3682 3681 3685
3629 35 3683 3682 3690 3693
3630 35 3683 3682 3690 3694
3631 35 3692 3691 3690 3693
3632 35 3692 3691 3690 3694
3633 35 3692 3691 3699 3702
3634 35 3692 3691 3699 3703
3635 35 3701 3700 3699 3702
3636 35 3701 3700 3699 3703
3637 35 3701 3700 3708 3711
3638 35 3701 3700 3708 3712
3639 35 3710 3709 3708 3711
3640 35 3710 3709 3708 3712
3641 35 3710 3709 3717 3720
3642 35 3710 3709 3717 3721
3643 35 3719 3718 3717 3720
3644 35 3719 3718 3717 3721
3645 35 3719 3718 3726 3729
3646 35 3719 3718 3726 3730
3647 35 3728 3727 3726 3729
3648 35 3728 3727 3726 3730
3649 35 3728 3727 3735 3738
3650 35 3728 3727 3735 3739
3651 35 3737 3736 3735 3738
3652 35 3737 3736 3735 3739
3653 35 3737 3736 3744 3747
3654 35 3737 3736 3744 3748
3655 35 3746 3745 3744 3747
3656 35 3746 3745 3744 3748
3657 35 3746 3745 3753 3756
3658 35 3746 3745 3753 3757
3659 35 3755 3754 3753 3756
3660 35 3755 3754 3753 3757
3661 35 3755 3754 3762 3765
3662 35 3755 3754 3762 3766
3663 35 3764 3763 3762 3765
3664 35 3764 3763 3762 3766
3665 35 3764 3763 3771 3774
3666 35 3764 3763 3771 3775
3667 35 3773 3772 3771 3774
3668 35 3773 3772 3771 3775
3669 35 3773 3772 3780 3783
3670 35 3773 3772 3780 3784
3671 35 3782 3781 3780 3783
3672 35 3782 3781 3780 3784
3673 35 3782 3781 3789 3792
3674 35 3782 3781 3789 3793
3675 35 3791 3790 3789 3792
3676 35 3791 3790 3789 3793
3677 35 3791 3790 3798 3801
3678 35 3791 3790 3798 3802
3679 35 3800 3799 3798 3801
3680 35 3800 3799 3798 3802
3681 35 3800 3799 3807 3810
3682 35 3800 3799 3807 3811
3683 35 3809 3808 3807 3810
3684 35 3809 3808 3807 3811
3685 35 3809 3808 3816 3819
3686 35 3809 3808 3816 3820
3687 35 3818 3817 3816 3819
3688 35 3818 3817 3816 3820
3689 35 3818 3817 3825 3828
3690 35 3818 3817 3825 3829
3691 35 3827 3826 3825 3828
3692 35 3827 3826 3825 3829
3693 35 3827 3826 3834 3837
3694 35 3827 3826 3834 3838
3695 35 3836 3835 3834 3837
3696 35 3836 3835 3834 3838
3697 35 3836 3835 3843 3846
3698 35 3836 3835 3843 3847
3699 35 3845 3844 3843 3846
3700 35 3845 3844 3843 3847
3701 35 3845 3844 3852 3855
3702 35 3845 3844 3852 3856
3703 35 3854 3853 3852 3855
3704 35 3854 3853 3852 3856
3705 35 3854 3853 3861 3864
3706 35 3854 3853 3861 3865
3707 35 3863 3862 3861 3864
3708 35 3863 3862 3861 3865
3709 35 3863 3862 3870 3873
3710 35 3863 3862 3870 3874
3711 35 3872 3871 3870 3873
3712 35 3872 3871 3870 3874
3713 35 3872 3871 3879 3882
3714 35 3872 3871 3879 3883
3715 35 3881 3880 3879 3882
3716 35 3881 3880 3879 3883
3717 35 3881 3880 3888 3891
3718 35 3881 3880 3888 3892
3719 35 3890 3889 3888 3891
3720 35 3890 3889 3888 3892
3721 35 3890 3889 3897 3900
3722 35 3890 3889 3897 3901
3723 35 3899 3898 3897 3900
3724 35 3899 3898 3897 3901
3725 35 3899 3898 3906 3909
3726 35 3899 3898 3906 3910
3727 35 3908 3907 3906 3909
3728 35 3908 3907 3906 3910
3729 35 3908 3907 3915 3918
3730 35 3908 3907 3915 3919
3731 35 3917 3916 3915 3918
3732 35 3917 3916 3915 3919
3733 35 3917 3916 3924 3927
3734 35 3917 3916 3924 3928
3735 35 3926 3925 3924 3927
3736 35 3926 3925 3924 3928
3737 35 3926 3925 3933 3936
3738 35 3926 3925 3933 3937
3739 35 3935 3934 3933 3936
3740 35 3935 3934 3933 3937
3741 35 3935 3934 3942 3945
3742 35 3935 3934 3942 3946
3743 35 3944 3943 3942 3945
3744 35 3944 3943 3942 3946
3745 35 3944 3943 3951 3954
3746 35 3944 3943 3951 3955
3747 35 3953 3952 3951 3954
3748 35 3953 3952 3951 3955
3749 35 3953 3952 3960 3963
3750 35 3953 3952 3960 3964
3751 35 3962 3961 3960 3963
3752 35 3962 3961 3960 3964
3753 35 3962 3961 3969 3972
3754 35 3962 3961 3969 3973
3755 35 3971 3970 3969 3972
3756 35 3971 3970 3969 3973
3757 35 3971 3970 3978 3981
3758 35 3971 3970 3978 3982
3759 35 3980 3979 3978 3981
3760 35 3980 3979 3978 3982
3761 35 3980 3979 3987 3990
3762 35 3980 3979 3987 3991
3763 35 3989 3988 3987 3990
3764 35 3989 3988 3987 3991
3765 35 3989 3988 3996 3999
3766 35 3989 3988 3996 4000
3767 35 3998 3997 3996 3999
3768 35 3998 3997 3996 4000
3769 35 3998 3997 4005 4008
3770 35 3998 3997 4005 4009
3771 35 4007 4006 4005 4008
3772 35 4007 4006 4005 4009
3773 35 4007 4006 4014 4017
3774 35 4007 4006 4014 4018
3775 35 4016 4015 4014 4017
3776 35 4016 4015 4014 4018
3777 35 4016 4015 4023 4026
3778 35 4016 4015 4023 4027
3779 35 4025 4024 4023 4026
3780 35 4025 4024 4023 4027
3781 35 4025 4024 4032 4035
3782 35 4025 4024 4032 4036
3783 35 4034 4033 4032 4035
3784 35 4034 4033 4032 4036
3785 35 4034 4033 4041 4044
3786 35 4034 4033 4041 4045
3787 35 4043 4042 4041 4044
3788 35 4043 4042 4041 4045
3789 35 4043 4042 4050 4053
3790 35 4043 4042 4050 4054
3791 35 4052 4051 4050 4053
3792 35 4052 4051 4050 4054
3793 35 4052 4051 4059 4062
3794 35 4052 4051 4059 4063
3795 35 4069 4070 4079 4082
3796 35 4069 4070 4079 4083
3797 35 4071 4070 4079 4082
3798 35 4071 4070 4079 4083
3799 35 4081 4080 4079 4082
3800 35 4081 4080 4079 4083
3801 35 4081 4080 4088 4091
3802 35 4081 4080 4088 4092
3803 35 4090 4089 4088 4091
3804 35 4090 4089 4088 4092
3805 35 4090 4089 4097 4100
3806 35 4090 4089 4097 4101
3807 35 4099 4098 4097 4100
3808 35 4099 4098 4097 4101
3809 35 4099 4098 4106 4109
3810 35 4099 4098 4106 4110
3811 35 4108 4107 4106 4109
3812 35 4108 4107 4106 4110
3813 35 4108 4107 4115 4118
3814 35 4108 4107 4115 4119
3815 35 4117 4116 4115 4118
3816 35 4117 4116 4115 4119
3817 35 4117 4116 4124 4127
3818 35 4117 4116 4124 4128
3819 35 4126 4125 4124 4127
3820 35 4126 4125 4124 4128
3821 35 4126 4125 4133 4136
3822 35 4126 4125 4133 4137
3823 35 4135 4134 4133 4136
3824 35 4135 4134 4133 4137
3825 35 4135 4134 4142 4145
3826 35 4135 4134 4142 4146
3827 35 4144 4143 4142 4145
3828 35 4144 4143 4142 4146
3829 35 4144 4143 4151 4154
3830 35 4144 4143 4151 4155
3831 35 4153 4152 4151 4154
3832 35 4153 4152 4151 4155
3833 35 4153 4152 4160 4163
3834 35 4153 4152 4160 4164
3835 35 4162 4161 4160 4163
3836 35 4162 4161 4160 4164
3837 35 4162 4161 4169 4172
3838 35 4162 4161 4169 4173
3839 35 4171 4170 4169 4172
3840 35 4171 4170 4169 4173
3841 35 4171 4170 4178 4181
3842 35 4171 4170 4178 4182
3843 35 4180 4179 4178 4181
3844 35 4180 4179 4178 4182
3845 35 4180 4179 4187 4190
3846 35 4180 4179 4187 4191
3847 35 4189 4188 4187 4190
3848 35 4189 4188 4187 4191
3849 35 4189 4188 4196 4199
3850 35 4189 4188 4196 4200
3851 35 4198 4197 4196 4199
3852 35 4198 4197 4196 4200
3853 35 4198 4197 4205 4208
3854 35 4198 4197 4205 4209
3855 35 4207 4206 4205 4208
3856 35 4207 4206 4205 4209
3857 35 4207 4206 4214 4217
3858 35 4207 4206 4214 4218
3859 35 4216 4215 4214 4217
3860 35 4216 4215 4214 4218
3861 35 4216 4215 4223 4226
3862 35 4216 4215 4223 4227
3863 35 4225 4224 4223 4226
3864 35 4225 4224 4223 4227
3865 35 4225 4224 4232 4235
3866 35 4225 4224 4232 4236
3867 35 4234 4233 4232 4235
3868 35 4234 4233 4232 4236
3869 35 4234 4233 4241 4244
3870 35 4234 4233 4241 4245
3871 35 4243 4242 4241 4244
3872 35 4243 4242 4241 4245
3873 35 4243 4242 4250 4253
3874 35 4243 4242 4250 4254
3875 35 4252 4251 4250 4253
3876 35 4252 4251 4250 4254
3877 35 4252 4251 4259 4262
3878 35 4252 4251 4259 4263
3879 35 4261 4260 4259 4262
3880 35 4261 4260 4259 4263
3881 35 4261 4260 4268 4271
3882 35 4261 4260 4268 4272
3883 35 4270 4269 4268 4271
3884 35 4270 4269 4268 4272
3885 35 4270 4269 4277 4280
3886 35 4270 4269 4277 4281
3887 35 4279 4278 4277 4280
3888 35 4279 4278 4277 4281
3889 35 4279 4278 4286 4289
3890 35 4279 4278 4286 4290
3891 35 4288 4287 4286 4289
3892 35 4288 4287 4286 4290
3893 35 4288 4287 4295 4298
3894 35 4288 4287 4295 4299
3895 35 4297 4296 4295 4298
3896 35 4297 4296 4295 4299
3897 35 4297 4296 4304 4307
3898 35 4297 4296 4304 4308
3899 35 4306 4305 4304 4307
3900 35 4306 4305 4304 4308
3901 35 4306 4305 4313 4316
3902 35 4306 4305 4313 4317
3903 35 4315 4314 4313 4316
3904 35 4315 4314 4313 4317
3905 35 4315 4314 4322 4325
3906 35 4315 4314 4322 4326
3907 35 4324 4323 4322 4325
3908 35 4324 4323 4322 4326
3909 35 4324 4323 4331 4334
3910 35 4324 4323 4331 4335
3911 35 4333 4332 4331 4334
3912 35 4333 4332 4331 4335
3913 35 4333 4332 4340 4343
3914 35 4333 4332 4340 4344
3915 35 4342 4341 4340 4343
3916 35 4342 4341 4340 4344
3917 35 4342 4341 4349 4352
3918 35 4342 4341 4349 4353
3919 35 4351 4350 4349 4352
3920 35 4351 4350 4349 4353
3921 35 4351 4350 4358 4361
3922 35 4351 4350 4358 4362
3923 35 4360 4359 4358 4361
3924 35 4360 4359 4358 4362
3925 35 4360 4359 4367 4370
3926 35 4360 4359 4367 4371
3927 35 4369 4368 4367 4370
3928 35 4369 4368 4367 4371
3929 35 4369 4368 4376 4379
3930 35 4369 4368 4376 4380
3931 35 4378 4377 4376 4379
3932 35 4378 4377 4376 4380
3933 35 4378 4377 4385 4388
3934 35 4378 4377 4385 4389
3935 35 4387 4386 4385 4388
3936 35 4387 4386 4385 4389
3937 35 4387 4386 4394 4397
3938 35 4387 4386 4394 4398
3939 35 4396 4395 4394 4397
3940 35 4396 4395 4394 4398
3941 35 4396 4395 4403 4406
3942 35 4396 4395 4403 4407
3943 35 4405 4404 4403 4406
3944 35 4405 4404 4403 4407
3945 35 4405 4404 4412 4415
3946 35 4405 4404 4412 4416
3947 35 4414 4413 4412 4415
3948 35 4414 4413 4412 4416
3949 35 4414 4413 4421 4424
3950 35 4414 4413 4421 4425
3951 35 4423 4422 4421 4424
3952 35 4423 4422 4421 4425
3953 35 4423 4422 4430 4433
3954 35 4423 4422 4430 4434
3955 35 4432 4431 4430 4433
3956 35 4432 4431 4430 4434
3957 35 4432 4431 4439 4442
3958 35 4432 4431 4439 4443
3959 35 4441 4440 4439 4442
3960 35 4441 4440 4439 4443
3961 35 4441 4440 4448 4451
3962 35 4441 4440 4448 4452
3963 35 4450 4449 4448 4451
3964 35 4450 4449 4448 4452
3965 35 4450 4449 4457 4460
3966 35 4450 4449 4457 4461
3967 35 4459 4458 4457 4460
3968 35 4459 4458 4457 4461
3969 35 4459 4458 4466 4469
3970 35 4459 4458 4466 4470
3971 35 4468 4467 4466 4469
3972 35 4468 4467 4466 4470
3973 35 4468 4467 4475 4478
3974 35 4468 4467 4475 4479
3975 35 4477 4476 4475 4478
3976 35 4477 4476 4475 4479
3977 35 4477 4476 4484 4487
3978 35 4477 4476 4484 4488
3979 35 4486 4485 4484 4487
3980 35 4486 4485 4484 4488
3981 35 4486 4485 4493 4496
3982 35 4486 4485 4493 4497
3983 35 4495 4494 4493 4496
3984 35 4495 4494 4493 4497
3985 35 4495 4494 4502 4505
3986 35 4495 4494 4502 4506
3987 35 4504 4503 4502 4505
3988 35 4504 4503 4502 4506
3989 35 4504 4503 4511 4514
3990 35 4504 4503 4511 4515
3991 40 443 444 445 450
3992 40 443 444 445 451
3993 40 443 444 445 452
3994 40 895 896 897 902
3995 40 895 896 897 903
3996 40 895 896 897 904
3997 40 1347 1348 1349 1354
3998 40 1347 1348 1349 1355
3999 40 1347 1348 1349 1356
4000 40 1799 1800 1801 1806
4001 40 1799 1800 1801 1807
4002 40 1799 1800 1801 1808
4003 40 2251 2252 2253 2258
4004 40 2251 2252 2253 2259
4005 40 2251 2252 2253 2260
4006 40 2703 2704 2705 2710
4007 40 2703 2704 2705 2711
4008 40 2703 2704 2705 2712
4009 40 3155 3156 3157 3162
4010 40 3155 3156 3157 3163
4011 40 3155 3156 3157 3164
4012 40 3607 3608 3609 3614
4013 40 3607 3608 3609 3615
4014 40 3607 3608 3609 3616
4015 40 4059 4060 4061 4066
4016 40 4059 4060 4061 4067
4017 40 4059 4060 4061 4068
4018 40 4511 4512 4513 4518
4019 40 4511 4512 4513 4519
4020 40 4511 4512 4513 4520
4021 42 439 435 443 444
4022 42 891 887 895 896
4023 42 1343 1339 1347 1348
4024 42 1795 1791 1799 1800
4025 42 2247 2243 2251 2252
4026 42 2699 2695 2703 2704
4027 42 3151 3147 3155 3156
4028 42 3603 3599 3607 3608
4029 42 4055 4051 4059 4060
4030 42 4507 4503 4511 4512
4031 43 11 12 13 17
4032 43 11 12 13 18
4033 43 11 12 13 19
4034 43 4 1 2 11
4035 43 5 1 2 11
4036 43 6 1 2 11
4037 43 8 3 2 11
4038 43 9 3 2 11
4039 43 10 3 2 11
4040 43 20 21 22 26
4041 43 20 21 22 27
4042 43 20 21 22 28
4043 43 17 13 12 20
4044 43 18 13 12 20
4045 43 19 13 12 20
4046 43 29 30 31 35
4047 43 29 30 31 36
4048 43 29 30 31 37
4049 43 26 22 21 29
4050 43 27 22 21 29
4051 43 28 22 21 29
4052 43 38 39 40 44
4053 43 38 39 40 45
4054 43 38 39 40 46
4055 43 35 31 30 38
4056 43 36 31 30 38
4057 43 37 31 30 38
4058 43 47 48 49 53
4059 43 47 48 49 54
4060 43 47 48 49 55
4061 43 44 40 39 47
4062 43 45 40 39 47
4063 43 46 40 39 47
4064 43 56 57 58 62
4065 43 56 57 58 63
4066 43 56 57 58 64
4067 43 53 49 48 56
4068 43 54 49 48 56
4069 43 55 49 48 56
4070 43 65 66 67 71
4071 43 65 66 67 72
4072 43 65 66 67 73
4073 43 62 58 57 65
4074 43 63 58 57 65
4075 43 64 58 57 65
4076 43 74 75 76 80
4077 43 74 75 76 81
4078 43 74 75 76 82
4079 43 71 67 66 74
4080 43 72 67 66 74
4081 43 73 67 66 74
4082 43 83 84 85 89
4083 43 83 84 85 90
4084 43 83 84 85 91
4085 43 80 76 75 83
4086 43 81 76 75 83
4087 43 82 76 75 83
4088 43 92 93 94 98
4089 43 92 93 94 99
4090 43 92 93 94 100
4091 43 89 85 84 92
4092 43 90 85 84 92
4093 43 91 85 84 92
4094 43 101 102 103 107
4095 43 101 102 103 108
4096 43 101 102 103 109
4097 43 98 94 93 101
4098 43 99 94 93 101
4099 43 100 94 93 101
4100 43 110 111 112 116
4101 43 110 111 112 117
4102 43 110 111 112 118
4103 43 107 103 102 110
4104 43 108 103 102 110
4105 43 109 103 102 110
4106 43 119 120 121 125
4107 43 119 120 121 126
4108 43 119 120 121 127
4109 43 116 112 111 119
4110 43 117 112 111 119
4111 43 118 112 111 119
4112 43 128 129 130 134
4113 43 128 129 130 135
4114 43 128 129 130 136
4115 43 125 121 120 128
4116 43 126 121 120 128
4117 43 127 121 120 128
4118 43 137 138 139 143
4119 43 137 138 139 144
4120 43 137 138 139 145
4121 43 134 130 129 137
4122 43 135 130 129 137
4123 43 136 130 129 137
4124 43 146 147 148 152
4125 43 146 147 148 153
4126 43 146 147 148 154
4127 43 143 139 138 146
4128 43 144 139 138 146
4129 43 145 139 138 146
4130 43 155 156 157 161
4131 43 155 156 157 162
4132 43 155 156 157 163
4133 43 152 148 147 155
4134 43 153 148 147 155
4135 43 154 148 147 155
4136 43 164 165 166 170
4137 43 164 165 166 171
4138 43 164 165 166 172
4139 43 161 157 156 164
4140 43 162 157 156 164
4141 43 163 157 156 164
4142 43 173 174 175 179
4143 43 173 174 175 180
4144 43 173 174 175 181
4145 43 170 166 165 173
4146 43 171 166 165 173
4147 43 172 166 165 173
4148 43 182 183 184 188
4149 43 182 183 184 189
4150 43 182 183 184 190
4151 43 179 175 174 182
4152 43 180 175 174 182
4153 43 181 175 174 182
4154 43 191 192 193 197
4155 43 191 192 193 198
4156 43 191 192 193 199
4157 43 188 184 183 191
4158 43 189 184 183 191
4159 43 190 184 183 191
4160 43 200 201 202 206
4161 43 200 201 202 207
4162 43 200 201 202 208
4163 43 197 193 192 200
4164 43 198 193 192 200
4165 43 199 193 192 200
4166 43 209 210 211 215
4167 43 209 210 211 216
4168 43 209 210 211 217
4169 43 206 202 201 209
4170 43 207 202 201 209
4171 43 208 202 201 209
4172 43 218 219 220 224
4173 43 218 219 220 225
4174 43 218 219 220 226
4175 43 215 211 210 218
4176 43 216 211 210 218
4177 43 217 211 210 218
4178 43 227 228 229 233
4179 43 227 228 229 234
4180 43 227 228 229 235
4181 43 224 220 219 227
4182 43 225 220 219 227
4183 43 226 220 219 227
4184 43 236 237 238 242
4185 43 236 237 238 243
4186 43 236 237 238 244
4187 43 233 229 228 236
4188 43 234 229 228 236
4189 43 235 229 228 236
4190 43 245 246 247 251
4191 43 245 246 247 252
4192 43 245 246 247 253
4193 43 242 238 237 245
4194 43 243 238 237 245
4195 43 244 238 237 245
4196 43 254 255 256 260
4197 43 254 255 256 261
4198 43 254 255 256 262
4199 43 251 247 246 254
4200 43 252 247 246 254
4201 43 253 247 246 254
4202 43 263 264 265 269
4203 43 263 264 265 270
4204 43 263 264 265 271
4205 43 260 256 255 263
4206 43 261 256 255 263
4207 43 262 256 255 263
4208 43 272 273 274 278
4209 43 272 273 274 279
4210 43 272 273 274 280
4211 43 269 265 264 272
4212 43 270 265 264 272
4213 43 271 265 264 272
4214 43 281 282 283 287
4215 43 281 282 283 288
4216 43 281 282 283 289
4217 43 278 274 273 281
4218 43 279 274 273 281
4219 43 280 274 273 281
4220 43 290 291 292 296
4221 43 290 291 292 297
4222 43 290 291 292 298
4223 43 287 283 282 290
4224 43 288 283 282 290
4225 43 289 283 282 290
4226 43 299 300 301 305
4227 43 299 300 301 306
4228 43 299 300 301 307
4229 43 296 292 291 299
4230 43 297 292 291 299
4231 43 298 292 291 299
4232 43 308 309 310 314
4233 43 308 309 310 315
4234 43 308 309 310 316
4235 43 305 301 300 308
4236 43 306 301 300 308
4237 43 307 301 300 308
4238 43 317 318 319 323
4239 43 317 318 319 324
4240 43 317 318 319 325
4241 43 314 310 309 317
4242 43 315 310 309 317
4243 43 316 310 309 317
4244 43 326 327 328 332
4245 43 326 327 328 333
4246 43 326 327 328 334
4247 43 323 319 318 326
4248 43 324 319 318 326
4249 43 325 319 318 326
4250 43 335 336 337 341
4251 43 335 336 337 342
4252 43 335 336 337 343
4253 43 332 328 327 335
4254 43 333 328 327 335
4255 43 334 328 327 335
4256 43 344 345 346 350
4257 43 344 345 346 351
4258 43 344 345 346 352
4259 43 341 337 336 344
4260 43 342 337 336 344
4261 43 343 337 336 344
4262 43 353 354 355 359
4263 43 353 354 355 360
4264 43 353 354 355 361
4265 43 350 346 345 353
4266 43 351 346 345 353
4267 43 352 346 345 353
4268 43 362 363 364 368
4269 43 362 363 364 369
4270 43 362 363 364 370
4271 43 359 355 354 362
4272 43 360 355 354 362
4273 43 361 355 354 362
4274 43 371 372 373 377
4275 43 371 372 373 378
4276 43 371 372 373 379
4277 43 368 364 363 371
4278 43 369 364 363 371
4279 43 370 364 363 371
4280 43 380 381 382 386
4281 43 380 381 382 387
4282 43 380 381 382 388
4283 43 377 373 372 380
4284 43 378 373 372 380
4285 43 379 373 372 380
4286 43 389 390 391 395
4287 43 389 390 391 396
4288 43 389 390 391 397
4289 43 386 382 381 389
4290 43 387 382 381 389
4291 43 388 382 381 389
4292 43 398 399 400 404
4293 43 398 399 400 405
4294 43 398 399 400 406
4295 43 395 391 390 398
4296 43 396 391 390 398
4297 43 397 391 390 398
4298 43 407 408 409 413
4299 43 407 408 409 414
4300 43 407 408 409 415
4301 43 404 400 399 407
4302 43 405 400 399 407
4303 43 406 400 399 407
4304 43 416 417 418 422
4305 43 416 417 418 423
4306 43 416 417 418 424
4307 43 413 409 408 416
4308 43 414 409 408 416
4309 43 415 409 408 416
4310 43 425 426 427 431
4311 43 425 426 427 432
4312 43 425 426 427 433
4313 43 422 418 417 425
4314 43 423 418 417 425
4315 43 424 418 417 425
4316 43 434 435 436 440
4317 43 434 435 436 441
4318 43 434 435 436 442
4319 43 431 427 426 434
4320 43 432 427 426 434
4321 43 433 427 426 434
4322 43 440 436 435 443
4323 43 441 436 435 443
4324 43 442 436 435 443
4325 43 463 464 465 469
4326 43 463 464 465 470
4327 43 463 464 465 471
4328 43 456 453 454 463
4329 43 457 453 454 463
4330 43 458 453 454 463
4331 43 460 455 454 463
4332 43 461 455 454 463
4333 43 462 455 454 463
4334 43 472 473 474 478
4335 43 472 473 474 479
4336 43 472 473 474 480
4337 43 469 465 464 472
4338 43 470 465 464 472
4339 43 471 465 464 472
4340 43 481 482 483 487
4341 43 481 482 483 488
4342 43 481 482 483 489
4343 43 478 474 473 481
4344 43 479 474 473 481
4345 43 480 474 473 481
4346 43 490 491 492 496
4347 43 490 491 492 497
4348 43 490 491 492 498
4349 43 487 483 482 490
4350 43 488 483 482 490
4351 43 489 483 482 490
4352 43 499 500 501 505
4353 43 499 500 501 506
4354 43 499 500 501 507
4355 43 496 492 491 499
4356 43 497 492 491 499
4357 43 498 492 491 499
4358 43 508 509 510 514
4359 43 508 509 510 515
4360 43 508 509 510 516
4361 43 505 501 500 508
4362 43 506 501 500 508
4363 43 507 501 500 508
4364 43 517 518 519 523
4365 43 517 518 519 524
4366 43 517 518 519 525
4367 43 514 510 509 517
4368 43 515 510 509 517
4369 43 516 510 509 517
4370 43 526 527 528 532
4371 43 526 527 528 533
4372 43 526 527 528 534
4373 43 523 519 518 526
4374 43 524 519 518 526
4375 43 525 519 518 526
4376 43 535 536 537 541
4377 43 535 536 537 542
4378 43 535 536 537 543
4379 43 532 528 527 535
4380 43 533 528 527 535
4381 43 534 528 527 535
4382 43 544 545 546 550
4383 43 544 545 546 551
4384 43 544 545 546 552
4385 43 541 537 536 544
4386 43 542 537 536 544
4387 43 543 537 536 544
4388 43 553 554 555 559
4389 43 553 554 555 560
4390 43 553 554 555 561
4391 43 550 546 545 553
4392 43 551 546 545 553
4393 43 552 546 545 553
4394 43 562 563 564 568
4395 43 562 563 564 569
4396 43 562 563 564 570
4397 43 559 555 554 562
4398 43 560 555 554 562
4399 43 561 555 554 562
4400 43 571 572 573 577
4401 43 571 572 573 578
4402 43 571 572 573 579
4403 43 568 564 563 571
4404 43 569 564 563 571
4405 43 570 564 563 571
4406 43 580 581 582 586
4407 43 580 581 582 587
4408 43 580 581 582 588
4409 43 577 573 572 580
4410 43 578 573 572 580
4411 43 579 573 572 580
4412 43 589 590 591 595
4413 43 589 590 591 596
4414 43 589 590 591 597
4415 43 586 582 581 589
4416 43 587 582 581 589
4417 43 588 582 581 589
4418 43 598 599 600 604
4419 43 598 599 600 605
4420 43 598 599 600 606
4421 43 595 591 590 598
4422 43 596 591 590 598
4423 43 597 591 590 598
4424 43 607 608 609 613
4425 43 607 608 609 614
4426 43 607 608 609 615
4427 43 604 600 599 607
4428 43 605 600 599 607
4429 43 606 600 599 607
4430 43 616 617 618 622
4431 43 616 617 618 623
4432 43 616 617 618 624
4433 43 613 609 608 616
4434 43 614 609 608 616
4435 43 615 609 608 616
4436 43 625 626 627 631
4437 43 625 626 627 632
4438 43 625 626 627 633
4439 43 622 618 617 625
4440 43 623 618 617 625
4441 43 624 618 617 625
4442 43 634 635 636 640
4443 43 634 635 636 641
4444 43 634 635 636 642
4445 43 631 627 626 634
4446 43 632 627 626 634
4447 43 633 627 626 634
4448 43 643 644 645 649
4449 43 643 644 645 650
4450 43 643 644 645 651
4451 43 640 636 635 643
4452 43 641 636 635 643
4453 43 642 636 635 643
4454 43 652 653 654 658
4455 43 652 653 654 659
4456 43 652 653 654 660
4457 43 649 645 644 652
4458 43 650 645 644 652
4459 43 651 645 644 652
4460 43 661 662 663 667
4461 43 661 662 663 668
4462 43 661 662 663 669
4463 43 658 654 653 661
4464 43 659 654 653 661
4465 43 660 654 653 661
4466 43 670 671 672 676
4467 43 670 671 672 677
4468 43 670 671 672 678
4469 43 667 663 662 670
4470 43 668 663 662 670
4471 43 669 663 662 670
4472 43 679 680 681 685
4473 43 679 680 681 686
4474 43 679 680 681 687
4475 43 676 672 671 679
4476 43 677 672 671 679
4477 43 678 672 671 679
4478 43 688 689 690 694
4479 43 688 689 690 695
4480 43 688 689 690 696
4481 43 685 681 680 688
4482 43 686 681 680 688
4483 43 687 681 680 688
4484 43 697 698 699 703
4485 43 697 698 699 704
4486 43 697 698 699 705
4487 43 694 690 689 697
4488 43 695 690 689 697
4489 43 696 690 689 697
4490 43 706 707 708 712
4491 43 706 707 708 713
4492 43 706 707 708 714
4493 43 703 699 698 706
4494 43 704 699 698 706
4495 43 705 699 698 706
4496 43 715 716 717 721
4497 43 715 716 717 722
4498 43 715 716 717 723
4499 43 712 708 707 715
4500 43 713 708 707 715
4501 43 714 708 707 715
4502 43 724 725 726 730
4503 43 724 725 726 731
4504 43 724 725 726 732
4505 43 721 717 716 724
4506 43 722 717 716 724
4507 43 723 717 716 724
4508 43 733 734 735 739
4509 43 733 734 735 740
4510 43 733 734 735 741
4511 43 730 726 725 733
4512 43 731 726 725 733
4513 43 732 726 725 733
4514 43 742 743 744 748
4515 43 742 743 744 749
4516 43 742 743 744 750
4517 43 739 735 734 742
4518 43 740 735 734 742
4519 43 741 735 734 742
4520 43 751 752 753 757
4521 43 751 752 753 758
4522 43 751 752 753 759
4523 43 748 744 743 751
4524 43 749 744 743 751
4525 43 750 744 743 751
4526 43 760 761 762 766
4527 43 760 761 762 767
4528 43 760 761 762 768
4529 43 757 753 752 760
4530 43 758 753 752 760
4531 43 759 753 752 760
4532 43 769 770 771 775
4533 43 769 770 771 776
4534 43 769 770 771 777
4535 43 766 762 761 769
4536 43 767 762 761 769
4537 43 768 762 761 769
4538 43 778 779 780 784
4539 43 778 779 780 785
4540 43 778 779 780 786
4541 43 775 771 770 778
4542 43 776 771 770 778
4543 43 777 771 770 778
4544 43 787 788 789 793
4545 43 787 788 789 794
4546 43 787 788 789 795
4547 43 784 780 779 787
4548 43 785 780 779 787
4549 43 786 780 779 787
4550 43 796 797 798 802
4551 43 796 797 798 803
4552 43 796 797 798 804
4553 43 793 789 788 796
4554 43 794 789 788 796
4555 43 795 789 788 796
4556 43 805 806 807 811
4557 43 805 806 807 812
4558 43 805 806 807 813
4559 43 802 798 797 805
4560 43 803 798 797 805
4561 43 804 798 797 805
4562 43 814 815 816 820
4563 43 814 815 816 821
4564 43 814 815 816 822
4565 43 811 807 806 814
4566 43 812 807 806 814
4567 43 813 807 806 814
4568 43 823 824 825 829
4569 43 823 824 825 830
4570 43 823 824 825 831
4571 43 820 816 815 823
4572 43 821 816 815 823
4573 43 822 816 815 823
4574 43 832 833 834 838
4575 43 832 833 834 839
4576 43 832 833 834 840
4577 43 829 825 824 832
4578 43 830 825 824 832
4579 43 831 825 824 832
4580 43 841 842 843 847
4581 43 841 842 843 848
4582 43 841 842 843 849
4583 43 838 834 833 841
4584 43 839 834 833 841
4585 43 840 834 833 841
4586 43 850 851 852 856
4587 43 850 851 852 857
4588 43 850 851 852 858
4589 43 847 843 842 850
4590 43 848 843 842 850
4591 43 849 843 842 850
4592 43 859 860 861 865
4593 43 859 860 861 866
4594 43 859 860 861 867
4595 43 856 852 851 859
4596 43 857 852 851 859
4597 43 858 852 851 859
4598 43 868 869 870 874
4599 43 868 869 870 875
4600 43 868 869 870 876
4601 43 865 861 860 868
4602 43 866 861 860 868
4603 43 867 861 860 868
4604 43 877 878 879 883
4605 43 877 878 879 884
4606 43 877 878 879 885
4607 43 874 870 869 877
4608 43 875 870 869 877
4609 43 876 870 869 877
4610 43 886 887 888 892
4611 43 886 887 888 893
4612 43 886 887 888 894
4613 43 883 879 878 886
4614 43 884 879 878 886
4615 43 885 879 878 886
4616 43 892 888 887 895
4617 43 893 888 887 895
4618 43 894 888 887 895
4619 43 915 916 917 921
4620 43 915 916 917 922
4621 43 915 916 917 923
4622 43 908 905 906 915
4623 43 909 905 906 915
4624 43 910 905 906 915
4625 43 912 907 906 915
4626 43 913 907 906 915
4627 43 914 907 906 915
4628 43 924 925 926 930
4629 43 924 925 926 931
4630 43 924 925 926 932
4631 43 921 917 916 924
4632 43 922 917 916 924
4633 43 923 917 916 924
4634 43 933 934 935 939
4635 43 933 934 935 940
4636 43 933 934 935 941
4637 43 930 926 925 933
4638 43 931 926 925 933
4639 43 932 926 925 933
4640 43 942 943 944 948
4641 43 942 943 944 949
4642 43 942 943 944 950
4643 43 939 935 934 942
4644 43 940 935 934 942
4645 43 941 935 934 942
4646 43 951 952 953 957
4647 43 951 952 953 958
4648 43 951 952 953 959
4649 43 948 944 943 951
4650 43 949 944 943 951
4651 43 950 944 943 951
4652 43 960 961 962 966
4653 43 960 961 962 967
4654 43 960 961 962 968
4655 43 957 953 952 960
4656 43 958 953 952 960
4657 43 959 953 952 960
4658 43 969 970 971 975
4659 43 969 970 971 976
4660 43 969 970 971 977
4661 43 966 962 961 969
4662 43 967 962 961 969
4663 43 968 962 961 969
4664 43 978 979 980 984
4665 43 978 979 980 985
4666 43 978 979 980 986
4667 43 975 971 970 978
4668 43 976 971 970 978
4669 43 977 971 970 978
4670 43 987 988 989 993
4671 43 987 988 989 994
4672 43 987 988 989 995
4673 43 984 980 979 987
4674 43 985 980 979 987
4675 43 986 980 979 987
4676 43 996 997 998 1002
4677 43 996 997 998 1003
4678 43 996 997 998 1004
4679 43 993 989 988 996
4680 43 994 989 988 996
4681 43 995 989 988 996
4682 43 1005 1006 1007 1011
4683 43 1005 1006 1007 1012
4684 43 1005 1006 1007 1013
4685 43 1002 998 997 1005
4686 43 1003 998 997 1005
4687 43 1004 998 997 1005
4688 43 1014 1015 1016 1020
4689 43 1014 1015 1016 1021
4690 43 1014 1015 1016 1022
4691 43 1011 1007 1006 1014
4692 43 1012 1007 1006 1014
4693 43 1013 1007 1006 1014
4694 43 1023 1024 1025 1029
4695 43 1023 1024 1025 1030
4696 43 1023 1024 1025 1031
4697 43 1020 1016 1015 1023
4698 43 1021 1016 1015 1023
4699 43 1022 1016 1015 1023
4700 43 1032 1033 1034 1038
4701 43 1032 1033 1034 1039
4702 43 1032 1033 1034 1040
4703 43 1029 1025 1024 1032
4704 43 1030 1025 1024 1032
4705 43 1031 1025 1024 1032
4706 43 1041 1042 1043 1047
4707 43 1041 1042 1043 1048
4708 43 1041 1042 1043 1049
4709 43 1038 1034 1033 1041
4710 43 1039 1034 1033 1041
4711 43 1040 1034 1033 1041
4712 43 1050 1051 1052 1056
4713 43 1050 1051 1052 1057
4714 43 1050 1051 1052 1058
4715 43 1047 1043 1042 1050
4716 43 1048 1043 1042 1050
4717 43 1049 1043 1042 1050
4718 43 1059 1060 1061 1065
4719 43 1059 1060 1061 1066
4720 43 1059 1060 1061 1067
4721 43 1056 1052 1051 1059
4722 43 1057 1052 1051 1059
4723 43 1058 1052 1051 1059
4724 43 1068 1069 1070 1074
4725 43 1068 1069 1070 1075
4726 43 1068 1069 1070 1076
4727 43 1065 1061 1060 1068
4728 43 1066 1061 1060 1068
4729 43 1067 1061 1060 1068
4730 43 1077 1078 1079 1083
4731 43 1077 1078 1079 1084
4732 43 1077 1078 1079 1085
4733 43 1074 1070 1069 1077
4734 43 1075 1070 1069 1077
4735 43 1076 1070 1069 1077
4736 43 1086 1087 1088 1092
4737 43 1086 1087 1088 1093
4738 43 1086 1087 1088 1094
4739 43 1083 1079 1078 1086
4740 43 1084 1079 1078 1086
4741 43 1085 1079 1078 1086
4742 43 1095 1096 1097 1101
4743 43 1095 1096 1097 1102
4744 43 1095 1096 1097 1103
4745 43 1092 1088 1087 1095
4746 43 1093 1088 1087 1095
4747 43 1094 1088 1087 1095
4748 43 1104 1105 1106 1110
4749 43 1104 1105 1106 1111
4750 43 1104 1105 1106 1112
4751 43 1101 1097 1096 1104
4752 43 1102 1097 1096 1104
4753 43 1103 1097 1096 1104
4754 43 1113 1114 1115 1119
4755 43 1113 1114 1115 1120
4756 43 1113 1114 1115 1121
4757 43 1110 1106 1105 1113
4758 43 1111 1106 1105 1113
4759 43 1112 1106 1105 1113
4760 43 1122 1123 1124 1128
4761 43 1122 1123 1124 1129
4762 43 1122 1123 1124 1130
4763 43 1119 1115 1114 1122
4764 43 1120 1115 1114 1122
4765 43 1121 1115 1114 1122
4766 43 1131 1132 1133 1137
4767 43 1131 1132 1133 1138
4768 43 1131 1132 1133 1139
4769 43 1128 1124 1123 1131
4770 43 1129 1124 1123 1131
4771 43 1130 1124 1123 1131
4772 43 1140 1141 1142 1146
4773 43 1140 1141 1142 1147
4774 43 1140 1141 1142 1148
4775 43 1137 1133 1132 1140
4776 43 1138 1133 1132 1140
4777 43 1139 1133 1132 1140
4778 43 1149 1150 1151 1155
4779 43 1149 1150 1151 1156
4780 43 1149 1150 1151 1157
4781 43 1146 1142 1141 1149
4782 43 1147 1142 1141 1149
4783 43 1148 1142 1141 1149
4784 43 1158 1159 1160 1164
4785 43 1158 1159 1160 1165
4786 43 1158 1159 1160 1166
4787 43 1155 1151 1150 1158
4788 43 1156 1151 1150 1158
4789 43 1157 1151 1150 1158
4790 43 1167 1168 1169 1173
4791 43 1167 1168 1169 1174
4792 43 1167 1168 1169 1175
4793 43 1164 1160 1159 1167
4794 43 1165 1160 1159 1167
4795 43 1166 1160 1159 1167
4796 43 1176 1177 1178 1182
4797 43 1176 1177 1178 1183
4798 43 1176 1177 1178 1184
4799 43 1173 1169 1168 1176
4800 43 1174 1169 1168 1176
4801 43 1175 1169 1168 1176
4802 43 1185 1186 1187 1191
4803 43 1185 1186 1187 1192
4804 43 1185 1186 1187 1193
4805 43 1182 1178 1177 1185
4806 43 1183 1178 1177 1185
4807 43 1184 1178 1177 1185
4808 43 1194 1195 1196 1200
4809 43 1194 1195 1196 1201
4810 43 1194 1195 1196 1202
4811 43 1191 1187 1186 1194
4812 43 1192 1187 1186 1194
4813 43 1193 1187 1186 1194
4814 43 1203 1204 1205 1209
4815 43 1203 1204 1205 1210
4816 43 1203 1204 1205 1211
4817 43 1200 1196 1195 1203
4818 43 1201 1196 1195 1203
4819 43 1202 1196 1195 1203
4820 43 1212 1213 1214 1218
4821 43 1212 1213 1214 1219
4822 43 1212 1213 1214 1220
4823 43 1209 1205 1204 1212
4824 43 1210 1205 1204 1212
4825 43 1211 1205 1204 1212
4826 43 1221 1222 1223 1227
4827 43 1221 1222 1223 1228
4828 43 1221 1222 1223 1229
4829 43 1218 1214 1213 1221
4830 43 1219 1214 1213 1221
4831 43 1220 1214 1213 1221
4832 43 1230 1231 1232 1236
4833 43 1230 1231 1232 1237
4834 43 1230 1231 1232 1238
4835 43 1227 1223 1222 1230
4836 43 1228 1223 1222 1230
4837 43 1229 1223 1222 1230
4838 43 1239 1240 1241 1245
4839 43 1239 1240 1241 1246
4840 43 1239 1240 1241 1247
4841 43 1236 1232 1231 1239
4842 43 1237 1232 1231 1239
4843 43 1238 1232 1231 1239
4844 43 1248 1249 1250 1254
4845 43 1248 1249 1250 1255
4846 43 1248 1249 1250 1256
4847 43 1245 1241 1240 1248
4848 43 1246 1241 1240 1248
4849 43 1247 1241 1240 1248
4850 43 1257 1258 1259 1263
4851 43 1257 1258 1259 1264
4852 43 1257 1258 1259 1265
4853 43 1254 1250 1249 1257
4854 43 1255 1250 1249 1257
4855 43 1256 1250 1249 1257
4856 43 1266 1267 1268 1272
4857 43 1266 1267 1268 1273
4858 43 1266 1267 1268 1274
4859 43 1263 1259 1258 1266
4860 43 1264 1259 1258 1266
4861 43 1265 1259 1258 1266
4862 43 1275 1276 1277 1281
4863 43 1275 1276 1277 1282
4864 43 1275 1276 1277 1283
4865 43 1272 1268 1267 1275
4866 43 1273 1268 1267 1275
4867 43 1274 1268 1267 1275
4868 43 1284 1285 1286 1290
4869 43 1284 1285 1286 1291
4870 43 1284 1285 1286 1292
4871 43 1281 1277 1276 1284
4872 43 1282 1277 1276 1284
4873 43 1283 1277 1276 1284
4874 43 1293 1294 1295 1299
4875 43 1293 1294 1295 1300
4876 43 1293 1294 1295 1301
4877 43 1290 1286 1285 1293
4878 43 1291 1286 1285 1293
4879 43 1292 1286 1285 1293
4880 43 1302 1303 1304 1308
4881 43 1302 1303 1304 1309
4882 43 1302 1303 1304 1310
4883 43 1299 1295 1294 1302
4884 43 1300 1295 1294 1302
4885 43 1301 1295 1294 1302
4886 43 1311 1312 1313 1317
4887 43 1311 1312 1313 1318
4888 43 1311 1312 1313 1319
4889 43 1308 1304 1303 1311
4890 43 1309 1304 1303 1311
4891 43 1310 1304 1303 1311
4892 43 1320 1321 1322 1326
4893 43 1320 1321 1322 1327
4894 43 1320 1321 1322 1328
4895 43 1317 1313 1312 1320
4896 43 1318 1313 1312 1320
4897 43 1319 1313 1312 1320
4898 43 1329 1330 1331 1335
4899 43 1329 1330 1331 1336
4900 43 1329 1330 1331 1337
4901 43 1326 1322 1321 1329
4902 43 1327 1322 1321 1329
4903 43 1328 1322 1321 1329
4904 43 1338 1339 1340 1344
4905 43 1338 1339 1340 1345
4906 43 1338 1339 1340 1346
4907 43 1335 1331 1330 1338
4908 43 1336 1331 1330 1338
4909 43 1337 1331 1330 1338
4910 43 1344 1340 1339 1347
4911 43 1345 1340 1339 1347
4912 43 1346 1340 1339 1347
4913 43 1367 1368 1369 1373
4914 43 1367 1368 1369 1374
4915 43 1367 1368 1369 1375
4916 43 1360 1357 1358 1367
4917 43 1361 1357 1358 1367
4918 43 1362 1357 1358 1367
4919 43 1364 1359 1358 1367
4920 43 1365 1359 1358 1367
4921 43 1366 1359 1358 1367
4922 43 1376 1377 1378 1382
4923 43 1376 1377 1378 1383
4924 43 1376 1377 1378 1384
4925 43 1373 1369 1368 1376
4926 43 1374 1369 1368 1376
4927 43 1375 1369 1368 1376
4928 43 1385 1386 1387 1391
4929 43 1385 1386 1387 1392
4930 43 1385 1386 1387 1393
4931 43 1382 1378 1377 1385
4932 43 1383 1378 1377 1385
4933 43 1384 1378 1377 1385
4934 43 1394 1395 1396 1400
4935 43 1394 1395 1396 1401
4936 43 1394 1395 1396 1402
4937 43 1391 1387 1386 1394
4938 43 1392 1387 1386 1394
4939 43 1393 1387 1386 1394
4940 43 1403 1404 1405 1409
4941 43 1403 1404 1405 1410
4942 43 1403 1404 1405 1411
4943 43 1400 1396 1395 1403
4944 43 1401 1396 1395 1403
4945 43 1402 1396 1395 1403
4946 43 1412 1413 1414 1418
4947 43 1412 1413 1414 1419
4948 43 1412 1413 1414 1420
4949 43 1409 1405 1404 1412
4950 43 1410 1405 1404 1412
4951 43 1411 1405 1404 1412
4952 43 1421 1422 1423 1427
4953 43 1421 1422 1423 1428
4954 43 1421 1422 1423 1429
4955 43 1418 1414 1413 1421
4956 43 1419 1414 1413 1421
4957 43 1420 1414 1413 1421
4958 43 1430 1431 1432 1436
4959 43 1430 1431 1432 1437
4960 43 1430 1431 1432 1438
4961 43 1427 1423 1422 1430
4962 43 1428 1423 1422 1430
4963 43 1429 1423 1422 1430
4964 43 1439 1440 1441 1445
4965 43 1439 1440 1441 1446
4966 43 1439 1440 1441 1447
4967 43 1436 1432 1431 1439
4968 43 1437 1432 1431 1439
4969 43 1438 1432 1431 1439
4970 43 1448 1449 1450 1454
4971 43 1448 1449 1450 1455
4972 43 1448 1449 1450 1456
4973 43 1445 1441 1440 1448
4974 43 1446 1441 1440 1448
4975 43 1447 1441 1440 1448
4976 43 1457 1458 1459 1463
4977 43 1457 1458 1459 1464
4978 43 1457 1458 1459 1465
4979 43 1454 1450 1449 1457
4980 43 1455 1450 1449 1457
4981 43 1456 1450 1449 1457
4982 43 1466 1467 1468 1472
4983 43 1466 1467 1468 1473
4984 43 1466 1467 1468 1474
4985 43 1463 1459 1458 1466
4986 43 1464 1459 1458 1466
4987 43 1465 1459 1458 1466
4988 43 1475 1476 1477 1481
4989 43 1475 1476 1477 1482
4990 43 1475 1476 1477 1483
4991 43 1472 1468 1467 1475
4992 43 1473 1468 1467 1475
4993 43 1474 1468 1467 1475
4994 43 1484 1485 1486 1490
4995 43 1484 1485 1486 1491
4996 43 1484 1485 1486 1492
4997 43 1481 1477 1476 1484
4998 43 1482 1477 1476 1484
4999 43 1483 1477 1476 1484
5000 43 1493 1494 1495 1499
5001 43 1493 1494 1495 1500
5002 43 1493 1494 1495 1501
5003 43 1490 1486 1485 1493
5004 43 1491 1486 1485 1493
5005 43 1492 1486 1485 1493
5006 43 1502 1503 1504 1508
5007 43 1502 1503 1504 1509
5008 43 1502 1503 1504 1510
5009 43 1499 1495 1494 1502
5010 43 1500 1495 1494 1502
5011 43 1501 1495 1494 1502
5012 43 1511 1512 1513 1517
5013 43 1511 1512 1513 1518
5014 43 1511 1512 1513 1519
5015 43 1508 1504 1503 1511
5016 43 1509 1504 1503 1511
5017 43 1510 1504 1503 1511
5018 43 1520 1521 1522 1526
5019 43 1520 1521 1522 1527
5020 43 1520 1521 1522 1528
5021 43 1517 1513 1512 1520
5022 43 1518 1513 1512 1520
5023 43 1519 1513 1512 1520
5024 43 1529 1530 1531 1535
5025 43 1529 1530 1531 1536
5026 43 1529 1530 1531 1537
5027 43 1526 1522 1521 1529
5028 43 1527 1522 1521 1529
5029 43 1528 1522 1521 1529
5030 43 1538 1539 1540 1544
5031 43 1538 1539 1540 1545
5032 43 1538 1539 1540 1546
5033 43 1535 1531 1530 1538
5034 43 1536 1531 1530 1538
5035 43 1537 1531 1530 1538
5036 43 1547 1548 1549 1553
5037 43 1547 1548 1549 1554
5038 43 1547 1548 1549 1555
5039 43 1544 1540 1539 1547
5040 43 1545 1540 1539 1547
5041 43 1546 1540 1539 1547
5042 43 1556 1557 1558 1562
5043 43 1556 1557 1558 1563
5044 43 1556 1557 1558 1564
5045 43 1553 1549 1548 1556
5046 43 1554 1549 1548 1556
5047 43 1555 1549 1548 1556
5048 43 1565 1566 1567 1571
5049 43 1565 1566 1567 1572
5050 43 1565 1566 1567 1573
5051 43 1562 1558 1557 1565
5052 43 1563 1558 1557 1565
5053 43 1564 1558 1557 1565
5054 43 1574 1575 1576 1580
5055 43 1574 1575 1576 1581
5056 43 1574 1575 1576 1582
5057 43 1571 1567 1566 1574
5058 43 1572 1567 1566 1574
5059 43 1573 1567 1566 1574
5060 43 1583 1584 1585 1589
5061 43 1583 1584 1585 1590
5062 43 1583 1584 1585 1591
5063 43 1580 1576 1575 1583
5064 43 1581 1576 1575 1583
5065 43 1582 1576 1575 1583
5066 43 1592 1593 1594 1598
5067 43 1592 1593 1594 1599
5068 43 1592 1593 1594 1600
5069 43 1589 1585 1584 1592
5070 43 1590 1585 1584 1592
5071 43 1591 1585 1584 1592
5072 43 1601 1602 1603 1607
5073 43 1601 1602 1603 1608
5074 43 1601 1602 1603 1609
5075 43 1598 1594 1593 1601
5076 43 1599 1594 1593 1601
5077 43 1600 1594 1593 1601
5078 43 1610 1611 1612 1616
5079 43 1610 1611 1612 1617
5080 43 1610 1611 1612 1618
5081 43 1607 1603 1602 1610
5082 43 1608 1603 1602 1610
5083 43 1609 1603 1602 1610
5084 43 1619 1620 1621 1625
5085 43 1619 1620 1621 1626
5086 43 1619 1620 1621 1627
5087 43 1616 1612 1611 1619
5088 43 1617 1612 1611 1619
5089 43 1618 1612 1611 1619
5090 43 1628 1629 1630 1634
5091 43 1628 1629 1630 1635
5092 43 1628 1629 1630 1636
5093 43 1625 1621 1620 1628
5094 43 1626 1621 1620 1628
5095 43 1627 1621 1620 1628
5096 43 1637 1638 1639 1643
5097 43 1637 1638 1639 1644
5098 43 1637 1638 1639 1645
5099 43 1634 1630 1629 1637
5100 43 1635 1630 1629 1637
5101 43 1636 1630 1629 1637
5102 43 1646 1647 1648 1652
5103 43 1646 1647 1648 1653
5104 43 1646 1647 1648 1654
5105 43 1643 1639 1638 1646
5106 43 1644 1639 1638 1646
5107 43 1645 1639 1638 1646
5108 43 1655 1656 1657 1661
5109 43 1655 1656 1657 1662
5110 43 1655 1656 1657 1663
5111 43 1652 1648 1647 1655
5112 43 1653 1648 1647 1655
5113 43 1654 1648 1647 1655
5114 43 1664 1665 1666 1670
5115 43 1664 1665 1666 1671
5116 43 1664 1665 1666 1672
5117 43 1661 1657 1656 1664
5118 43 1662 1657 1656 1664
5119 43 1663 1657 1656 1664
5120 43 1673 1674 1675 1679
5121 43 1673 1674 1675 1680
5122 43 1673 1674 1675 1681
5123 43 1670 1666 1665 1673
5124 43 1671 1666 1665 1673
5125 43 1672 1666 1665 1673
5126 43 1682 1683 1684 1688
5127 43 1682 1683 1684 1689
5128 43 1682 1683 1684 1690
5129 43 1679 1675 1674 1682
5130 43 1680 1675 1674 1682
5131 43 1681 1675 1674 1682
5132 43 1691 1692 1693 1697
5133 43 1691 1692 1693 1698
5134 43 1691 1692 1693 1699
5135 43 1688 1684 1683 1691
5136 43 1689 1684 1683 1691
5137 43 1690 1684 1683 1691
5138 43 1700 1701 1702 1706
5139 43 1700 1701 1702 1707
5140 43 1700 1701 1702 1708
5141 43 1697 1693 1692 1700
5142 43 1698 1693 1692 1700
5143 43 1699 1693 1692 1700
5144 43 1709 1710 1711 1715
5145 43 1709 1710 1711 1716
5146 43 1709 1710 1711 1717
5147 43 1706 1702 1701 1709
5148 43 1707 1702 1701 1709
5149 43 1708 1702 1701 1709
5150 43 1718 1719 1720 1724
5151 43 1718 1719 1720 1725
5152 43 1718 1719 1720 1726
5153 43 1715 1711 1710 1718
5154 43 1716 1711 1710 1718
5155 43 1717 1711 1710 1718
5156 43 1727 1728 1729 1733
5157 43 1727 1728 1729 1734
5158 43 1727 1728 1729 1735
5159 43 1724 1720 1719 1727
5160 43 1725 1720 1719 1727
5161 43 1726 1720 1719 1727
5162 43 1736 1737 1738 1742
5163 43 1736 1737 1738 1743
5164 43 1736 1737 1738 1744
5165 43 1733 1729 1728 1736
5166 43 1734 1729 1728 1736
5167 43 1735 1729 1728 1736
5168 43 1745 1746 1747 1751
5169 43 1745 1746 1747 1752
5170 43 1745 1746 1747 1753
5171 43 1742 1738 1737 1745
5172 43 1743 1738 1737 1745
5173 43 1744 1738 1737 1745
5174 43 1754 1755 1756 1760
5175 43 1754 1755 1756 1761
5176 43 1754 1755 1756 1762
5177 43 1751 1747 1746 1754
5178 43 1752 1747 1746 1754
5179 43 1753 1747 1746 1754
5180 43 1763 1764 1765 1769
5181 43 1763 1764 1765 1770
5182 43 1763 1764 1765 1771
5183 43 1760 1756 1755 1763
5184 43 1761 1756 1755 1763
5185 43 1762 1756 1755 1763
5186 43 1772 1773 1774 1778
5187 43 1772 1773 1774 1779
5188 43 1772 1773 1774 1780
5189 43 1769 1765 1764 1772
5190 43 1770 1765 1764 1772
5191 43 1771 1765 1764 1772
5192 43 1781 1782 1783 1787
5193 43 1781 1782 1783 1788
5194 43 1781 1782 1783 1789
5195 43 1778 1774 1773 1781
5196 43 1779 1774 1773 1781
5197 43 1780 1774 1773 1781
5198 43 1790 1791 1792 1796
5199 43 1790 1791 1792 1797
5200 43 1790 1791 1792 1798
5201 43 1787 1783 1782 1790
5202 43 1788 1783 1782 1790
5203 43 1789 1783 1782 1790
5204 43 1796 1792 1791 1799
5205 43 1797 1792 1791 1799
5206 43 1798 1792 1791 1799
5207 43 1819 1820 1821 1825
5208 43 1819 1820 1821 1826
5209 43 1819 1820 1821 1827
5210 43 1812 1809 1810 1819
5211 43 1813 1809 1810 1819
5212 43 1814 1809 1810 1819
5213 43 1816 1811 1810 1819
5214 43 1817 1811 1810 1819
5215 43 1818 1811 1810 1819
5216 43 1828 1829 1830 1834
5217 43 1828 1829 1830 1835
5218 43 1828 1829 1830 1836
5219 43 1825 1821 1820 1828
5220 43 1826 1821 1820 1828
5221 43 1827 1821 1820 1828
5222 43 1837 1838 1839 1843
5223 43 1837 1838 1839 1844
5224 43 1837 1838 1839 1845
5225 43 1834 1830 1829 1837
5226 43 1835 1830 1829 1837
5227 43 1836 1830 1829 1837
5228 43 1846 1847 1848 1852
5229 43 1846 1847 1848 1853
5230 43 1846 1847 1848 1854
5231 43 1843 1839 1838 1846
5232 43 1844 1839 1838 1846
5233 43 1845 1839 1838 1846
5234 43 1855 1856 1857 1861
5235 43 1855 1856 1857 1862
5236 43 1855 1856 1857 1863
5237 43 1852 1848 1847 1855
5238 43 1853 1848 1847 1855
5239 43 1854 1848 1847 1855
5240 43 1864 1865 1866 1870
5241 43 1864 1865 1866 1871
5242 43 1864 1865 1866 1872
5243 43 1861 1857 1856 1864
5244 43 1862 1857 1856 1864
5245 43 1863 1857 1856 1864
5246 43 1873 1874 1875 1879
5247 43 1873 1874 1875 1880
5248 43 1873 1874 1875 1881
5249 43 1870 1866 1865 1873
5250 43 1871 1866 1865 1873
5251 43 1872 1866 1865 1873
5252 43 1882 1883 1884 1888
5253 43 1882 1883 1884 1889
5254 43 1882 1883 1884 1890
5255 43 1879 1875 1874 1882
5256 43 1880 1875 1874 1882
5257 43 1881 1875 1874 1882
5258 43 1891 1892 1893 1897
5259 43 1891 1892 1893 1898
5260 43 1891 1892 1893 1899
5261 43 1888 1884 1883 1891
5262 43 1889 1884 1883 1891
5263 43 1890 1884 1883 1891
5264 43 1900 1901 1902 1906
5265 43 1900 1901 1902 1907
5266 43 1900 1901 1902 1908
5267 43 1897 1893 1892 1900
5268 43 1898 1893 1892 1900
5269 43 1899 1893 1892 1900
5270 43 1909 1910 1911 1915
5271 43 1909 1910 1911 1916
5272 43 1909 1910 1911 1917
5273 43 1906 1902 1901 1909
5274 43 1907 1902 1901 1909
5275 43 1908 1902 1901 1909
5276 43 1918 1919 1920 1924
5277 43 1918 1919 1920 1925
5278 43 1918 1919 1920 1926
5279 43 1915 1911 1910 1918
5280 43 1916 1911 1910 1918
5281 43 1917 1911 1910 1918
5282 43 1927 1928 1929 1933
5283 43 1927 1928 1929 1934
5284 43 1927 1928 1929 1935
5285 43 1924 1920 1919 1927
5286 43 1925 1920 1919 1927
5287 43 1926 1920 1919 1927
5288 43 1936 1937 1938 1942
5289 43 1936 1937 1938 1943
5290 43 1936 1937 1938 1944
5291 43 1933 1929 1928 1936
5292 43 1934 1929 1928 1936
5293 43 1935 1929 1928 1936
5294 43 1945 1946 1947 1951
5295 43 1945 1946 1947 1952
5296 43 1945 1946 1947 1953
5297 43 1942 1938 1937 1945
5298 43 1943 1938 1937 1945
5299 43 1944 1938 1937 1945
5300 43 1954 1955 1956 1960
5301 43 1954 1955 1956 1961
5302 43 1954 1955 1956 1962
5303 43 1951 1947 1946 1954
5304 43 1952 1947 1946 1954
5305 43 1953 1947 1946 1954
5306 43 1963 1964 1965 1969
5307 43 1963 1964 1965 1970
5308 43 1963 1964 1965 1971
5309 43 1960 1956 1955 1963
5310 43 1961 1956 1955 1963
5311 43 1962 1956 1955 1963
5312 43 1972 1973 1974 1978
5313 43 1972 1973 1974 1979
5314 43 1972 1973 1974 1980
5315 43 1969 1965 1964 1972
5316 43 1970 1965 1964 1972
5317 43 1971 1965 1964 1972
5318 43 1981 1982 1983 1987
5319 43 1981 1982 1983 1988
5320 43 1981 1982 1983 1989
5321 43 1978 1974 1973 1981
5322 43 1979 1974 1973 1981
5323 43 1980 1974 1973 1981
5324 43 1990 1991 1992 1996
5325 43 1990 1991 1992 1997
5326 43 1990 1991 1992 1998
5327 43 1987 1983 1982 1990
5328 43 1988 1983 1982 1990
5329 43 1989 1983 1982 1990
5330 43 1999 2000 2001 2005
5331 43 1999 2000 2001 2006
5332 43 1999 2000 2001 2007
5333 43 1996 1992 1991 1999
5334 43 1997 1992 1991 1999
5335 43 1998 1992 1991 1999
5336 43 2008 2009 2010 2014
5337 43 2008 2009 2010 2015
5338 43 2008 2009 2010 2016
5339 43 2005 2001 2000 2008
5340 43 2006 2001 2000 2008
5341 43 2007 2001 2000 2008
5342 43 2017 2018 2019 2023
5343 43 2017 2018 2019 2024
5344 43 2017 2018 2019 2025
5345 43 2014 2010 2009 2017
5346 43 2015 2010 2009 2017
5347 43 2016 2010 2009 2017
5348 43 2026 2027 2028 2032
5349 43 2026 2027 2028 2033
5350 43 2026 2027 2028 2034
5351 43 2023 2019 2018 2026
5352 43 2024 2019 2018 2026
5353 43 2025 2019 2018 2026
5354 43 2035 2036 2037 2041
5355 43 2035 2036 2037 2042
5356 43 2035 2036 2037 2043
5357 43 2032 2028 2027 2035
5358 43 2033 2028 2027 2035
5359 43 2034 2028 2027 2035
5360 43 2044 2045 2046 2050
5361 43 2044 2045 2046 2051
5362 43 2044 2045 2046 2052
5363 43 2041 2037 2036 2044
5364 43 2042 2037 2036 2044
5365 43 2043 2037 2036 2044
5366 43 2053 2054 2055 2059
5367 43 2053 2054 2055 2060
5368 43 2053 2054 2055 2061
5369 43 2050 2046 2045 2053
5370 43 2051 2046 2045 2053
5371 43 2052 2046 2045 2053
5372 43 2062 2063 2064 2068
5373 43 2062 2063 2064 2069
5374 43 2062 2063 2064 2070
5375 43 2059 2055 2054 2062
5376 43 2060 2055 2054 2062
5377 43 2061 2055 2054 2062
5378 43 2071 2072 2073 2077
5379 43 2071 2072 2073 2078
5380 43 2071 2072 2073 2079
5381 43 2068 2064 2063 2071
5382 43 2069 2064 2063 2071
5383 43 2070 2064 2063 2071
5384 43 2080 2081 2082 2086
5385 43 2080 2081 2082 2087
5386 43 2080 2081 2082 2088
5387 43 2077 2073 2072 2080
5388 43 2078 2073 2072 2080
5389 43 2079 2073 2072 2080
5390 43 2089 2090 2091 2095
5391 43 2089 2090 2091 2096
5392 43 2089 2090 2091 2097
5393 43 2086 2082 2081 2089
5394 43 2087 2082 2081 2089
5395 43 2088 2082 2081 2089
5396 43 2098 2099 2100 2104
5397 43 2098 2099 2100 2105
5398 43 2098 2099 2100 2106
5399 43 2095 2091 2090 2098
5400 43 2096 2091 2090 2098
5401 43 2097 2091 2090 2098
5402 43 2107 2108 2109 2113
5403 43 2107 2108 2109 2114
5404 43 2107 2108 2109 2115
5405 43 2104 2100 2099 2107
5406 43 2105 2100 2099 2107
5407 43 2106 2100 2099 2107
5408 43 2116 2117 2118 2122
5409 43 2116 2117 2118 2123
5410 43 2116 2117 2118 2124
5411 43 2113 2109 2108 2116
5412 43 2114 2109 2108 2116
5413 43 2115 2109 2108 2116
5414 43 2125 2126 2127 2131
5415 43 2125 2126 2127 2132
5416 43 2125 2126 2127 2133
5417 43 2122 2118 2117 2125
5418 43 2123 2118 2117 2125
5419 43 2124 2118 2117 2125
5420 43 2134 2135 2136 2140
5421 43 2134 2135 2136 2141
5422 43 2134 2135 2136 2142
5423 43 2131 2127 2126 2134
5424 43 2132 2127 2126 2134
5425 43 2133 2127 2126 2134
5426 43 2143 2144 2145 2149
5427 43 2143 2144 2145 2150
5428 43 2143 2144 2145 2151
5429 43 2140 2136 2135 2143
5430 43 2141 2136 2135 2143
5431 43 2142 2136 2135 2143
5432 43 2152 2153 2154 2158
5433 43 2152 2153 2154 2159
5434 43 2152 2153 2154 2160
5435 43 2149 2145 2144 2152
5436 43 2150 2145 2144 2152
5437 43 2151 2145 2144 2152
5438 43 2161 2162 2163 2167
5439 43 2161 2162 2163 2168
5440 43 2161 2162 2163 2169
5441 43 2158 2154 2153 2161
5442 43 2159 2154 2153 2161
5443 43 2160 2154 2153 2161
5444 43 2170 2171 2172 2176
5445 43 2170 2171 2172 2177
5446 43 2170 2171 2172 2178
5447 43 2167 2163 2162 2170
5448 43 2168 2163 2162 2170
5449 43 2169 2163 2162 2170
5450 43 2179 2180 2181 2185
5451 43 2179 2180 2181 2186
5452 43 2179 2180 2181 2187
5453 43 2176 2172 2171 2179
5454 43 2177 2172 2171 2179
5455 43 2178 2172 2171 2179
5456 43 2188 2189 2190 2194
5457 43 2188 2189 2190 2195
5458 43 2188 2189 2190 2196
5459 43 2185 2181 2180 2188
5460 43 2186 2181 2180 2188
5461 43 2187 2181 2180 2188
5462 43 2197 2198 2199 2203
5463 43 2197 2198 2199 2204
5464 43 2197 2198 2199 2205
5465 43 2194 2190 2189 2197
5466 43 2195 2190 2189 2197
5467 43 2196 2190 2189 2197
5468 43 2206 2207 2208 2212
5469 43 2206 2207 2208 2213
5470 43 2206 2207 2208 2214
5471 43 2203 2199 2198 2206
5472 43 2204 2199 2198 2206
5473 43 2205 2199 2198 2206
5474 43 2215 2216 2217 2221
5475 43 2215 2216 2217 2222
5476 43 2215 2216 2217 2223
5477 43 2212 2208 2207 2215
5478 43 2213 2208 2207 2215
5479 43 2214 2208 2207 2215
5480 43 2224 2225 2226 2230
5481 43 2224 2225 2226 2231
5482 43 2224 2225 2226 2232
5483 43 2221 2217 2216 2224
5484 43 2222 2217 2216 2224
5485 43 2223 2217 2216 2224
5486 43 2233 2234 2235 2239
5487 43 2233 2234 2235 2240
5488 43 2233 2234 2235 2241
5489 43 2230 2226 2225 2233
5490 43 2231 2226 2225 2233
5491 43 2232 2226 2225 2233
5492 43 2242 2243 2244 2248
5493 43 2242 2243 2244 2249
5494 43 2242 2243 2244 2250
5495 43 2239 2235 2234 2242
5496 43 2240 2235 2234 2242
5497 43 2241 2235 2234 2242
5498 43 2248 2244 2243 2251
5499 43 2249 2244 2243 2251
5500 43 2250 2244 2243 2251
5501 43 2271 2272 2273 2277
5502 43 2271 2272 2273 2278
5503 43 2271 2272 2273 2279
5504 43 2264 2261 2262 2271
5505 43 2265 2261 2262 2271
5506 43 2266 2261 2262 2271
5507 43 2268 2263 2262 2271
5508 43 2269 2263 2262 2271
5509 43 2270 2263 2262 2271
5510 43 2280 2281 2282 2286
5511 43 2280 2281 2282 2287
5512 43 2280 2281 2282 2288
5513 43 2277 2273 2272 2280
5514 43 2278 2273 2272 2280
5515 43 2279 2273 2272 2280
5516 43 2289 2290 2291 2295
5517 43 2289 2290 2291 2296
5518 43 2289 2290 2291 2297
5519 43 2286 2282 2281 2289
5520 43 2287 2282 2281 2289
5521 43 2288 2282 2281 2289
5522 43 2298 2299 2300 2304
5523 43 2298 2299 2300 2305
5524 43 2298 2299 2300 2306
5525 43 2295 2291 2290 2298
5526 43 2296 2291 2290 2298
5527 43 2297 2291 2290 2298
5528 43 2307 2308 2309 2313
5529 43 2307 2308 2309 2314
5530 43 2307 2308 2309 2315
5531 43 2304 2300 2299 2307
5532 43 2305 2300 2299 2307
5533 43 2306 2300 2299 2307
5534 43 2316 2317 2318 2322
5535 43 2316 2317 2318 2323
5536 43 2316 2317 2318 2324
5537 43 2313 2309 2308 2316
5538 43 2314 2309 2308 2316
5539 43 2315 2309 2308 2316
5540 43 2325 2326 2327 2331
5541 43 2325 2326 2327 2332
5542 43 2325 2326 2327 2333
5543 43 2322 2318 2317 2325
5544 43 2323 2318 2317 2325
5545 43 2324 2318 2317 2325
5546 43 2334 2335 2336 2340
5547 43 2334 2335 2336 2341
5548 43 2334 2335 2336 2342
5549 43 2331 2327 2326 2334
5550 43 2332 2327 2326 2334
5551 43 2333 2327 2326 2334
5552 43 2343 2344 2345 2349
5553 43 2343 2344 2345 2350
5554 43 2343 2344 2345 2351
5555 43 2340 2336 2335 2343
5556 43 2341 2336 2335 2343
5557 43 2342 2336 2335 2343
5558 43 2352 2353 2354 2358
5559 43 2352 2353 2354 2359
5560 43 2352 2353 2354 2360
5561 43 2349 2345 2344 2352
5562 43 2350 2345 2344 2352
5563 43 2351 2345 2344 2352
5564 43 2361 2362 2363 2367
5565 43 2361 2362 2363 2368
5566 43 2361 2362 2363 2369
5567 43 2358 2354 2353 2361
5568 43 2359 2354 2353 2361
5569 43 2360 2354 2353 2361
5570 43 2370 2371 2372 2376
5571 43 2370 2371 2372 2377
5572 43 2370 2371 2372 2378
5573 43 2367 2363 2362 2370
5574 43 2368 2363 2362 2370
5575 43 2369 2363 2362 2370
5576 43 2379 2380 2381 2385
5577 43 2379 2380 2381 2386
5578 43 2379 2380 2381 2387
5579 43 2376 2372 2371 2379
5580 43 2377 2372 2371 2379
5581 43 2378 2372 2371 2379
5582 43 2388 2389 2390 2394
5583 43 2388 2389 2390 2395
5584 43 2388 2389 2390 2396
5585 43 2385 2381 2380 2388
5586 43 2386 2381 2380 2388
5587 43 2387 2381 2380 2388
5588 43 2397 2398 2399 2403
5589 43 2397 2398 2399 2404
5590 43 2397 2398 2399 2405
5591 43 2394 2390 2389 2397
5592 43 2395 2390 2389 2397
5593 43 2396 2390 2389 2397
5594 43 2406 2407 2408 2412
5595 43 2406 2407 2408 2413
5596 43 2406 2407 2408 2414
5597 43 2403 2399 2398 2406
5598 43 2404 2399 2398 2406
5599 43 2405 2399 2398 2406
5600 43 2415 2416 2417 2421
5601 43 2415 2416 2417 2422
5602 43 2415 2416 2417 2423
5603 43 2412 2408 2407 2415
5604 43 2413 2408 2407 2415
5605 43 2414 2408 2407 2415
5606 43 2424 2425 2426 2430
5607 43 2424 2425 2426 2431
5608 43 2424 2425 2426 2432
5609 43 2421 2417 2416 2424
5610 43 2422 2417 2416 2424
5611 43 2423 2417 2416 2424
5612 43 2433 2434 2435 2439
5613 43 2433 2434 2435 2440
5614 43 2433 2434 2435 2441
5615 43 2430 2426 2425 2433
5616 43 2431 2426 2425 2433
5617 43 2432 2426 2425 2433
5618 43 2442 2443 2444 2448
5619 43 2442 2443 2444 2449
5620 43 2442 2443 2444 2450
5621 43 2439 2435 2434 2442
5622 43 2440 2435 2434 2442
5623 43 2441 2435 2434 2442
5624 43 2451 2452 2453 2457
5625 43 2451 2452 2453 2458
5626 43 2451 2452 2453 2459
5627 43 2448 2444 2443 2451
5628 43 2449 2444 2443 2451
5629 43 2450 2444 2443 2451
5630 43 2460 2461 2462 2466
5631 43 2460 2461 2462 2467
5632 43 2460 2461 2462 2468
5633 43 2457 2453 2452 2460
5634 43 2458 2453 2452 2460
5635 43 2459 2453 2452 2460
5636 43 2469 2470 2471 2475
5637 43 2469 2470 2471 2476
5638 43 2469 2470 2471 2477
5639 43 2466 2462 2461 2469
5640 43 2467 2462 2461 2469
5641 43 2468 2462 2461 2469
5642 43 2478 2479 2480 2484
5643 43 2478 2479 2480 2485
5644 43 2478 2479 2480 2486
5645 43 2475 2471 2470 2478
5646 43 2476 2471 2470 2478
5647 43 2477 2471 2470 2478
5648 43 2487 2488 2489 2493
5649 43 2487 2488 2489 2494
5650 43 2487 2488 2489 2495
5651 43 2484 2480 2479 2487
5652 43 2485 2480 2479 2487
5653 43 2486 2480 2479 2487
5654 43 2496 2497 2498 2502
5655 43 2496 2497 2498 2503
5656 43 2496 2497 2498 2504
5657 43 2493 2489 2488 2496
5658 43 2494 2489 2488 2496
5659 43 2495 2489 2488 2496
5660 43 2505 2506 2507 2511
5661 43 2505 2506 2507 2512
5662 43 2505 2506 2507 2513
5663 43 2502 2498 2497 2505
5664 43 2503 2498 2497 2505
5665 43 2504 2498 2497 2505
5666 43 2514 2515 2516 2520
5667 43 2514 2515 2516 2521
5668 43 2514 2515 2516 2522
5669 43 2511 2507 2506 2514
5670 43 2512 2507 2506 2514
5671 43 2513 2507 2506 2514
5672 43 2523 2524 2525 2529
5673 43 2523 2524 2525 2530
5674 43 2523 2524 2525 2531
5675 43 2520 2516 2515 2523
5676 43 2521 2516 2515 2523
5677 43 2522 2516 2515 2523
5678 43 2532 2533 2534 2538
5679 43 2532 2533 2534 2539
5680 43 2532 2533 2534 2540
5681 43 2529 2525 2524 2532
5682 43 2530 2525 2524 2532
5683 43 2531 2525 2524 2532
5684 43 2541 2542 2543 2547
5685 43 2541 2542 2543 2548
5686 43 2541 2542 2543 2549
5687 43 2538 2534 2533 2541
5688 43 2539 2534 2533 2541
5689 43 2540 2534 2533 2541
5690 43 2550 2551 2552 2556
5691 43 2550 2551 2552 2557
5692 43 2550 2551 2552 2558
5693 43 2547 2543 2542 2550
5694 43 2548 2543 2542 2550
5695 43 2549 2543 2542 2550
5696 43 2559 2560 2561 2565
5697 43 2559 2560 2561 2566
5698 43 2559 2560 2561 2567
5699 43 2556 2552 2551 2559
5700 43 2557 2552 2551 2559
5701 43 2558 2552 2551 2559
5702 43 2568 2569 2570 2574
5703 43 2568 2569 2570 2575
5704 43 2568 2569 2570 2576
5705 43 2565 2561 2560 2568
5706 43 2566 2561 2560 2568
5707 43 2567 2561 2560 2568
5708 43 2577 2578 2579 2583
5709 43 2577 2578 2579 2584
5710 43 2577 2578 2579 2585
5711 43 2574 2570 2569 2577
5712 43 2575 2570 2569 2577
5713 43 2576 2570 2569 2577
5714 43 2586 2587 2588 2592
5715 43 2586 2587 2588 2593
5716 43 2586 2587 2588 2594
5717 43 2583 2579 2578 2586
5718 43 2584 2579 2578 2586
5719 43 2585 2579 2578 2586
5720 43 2595 2596 2597 2601
5721 43 2595 2596 2597 2602
5722 43 2595 2596 2597 2603
5723 43 2592 2588 2587 2595
5724 43 2593 2588 2587 2595
5725 43 2594 2588 2587 2595
5726 43 2604 2605 2606 2610
5727 43 2604 2605 2606 2611
5728 43 2604 2605 2606 2612
5729 43 2601 2597 2596 2604
5730 43 2602 2597 2596 2604
5731 43 2603 2597 2596 2604
5732 43 2613 2614 2615 2619
5733 43 2613 2614 2615 2620
5734 43 2613 2614 2615 2621
5735 43 2610 2606 2605 2613
5736 43 2611 2606 2605 2613
5737 43 2612 2606 2605 2613
5738 43 2622 2623 2624 2628
5739 43 2622 2623 2624 2629
5740 43 2622 2623 2624 2630
5741 43 2619 2615 2614 2622
5742 43 2620 2615 2614 2622
5743 43 2621 2615 2614 2622
5744 43 2631 2632 2633 2637
5745 43 2631 2632 2633 2638
5746 43 2631 2632 2633 2639
5747 43 2628 2624 2623 2631
5748 43 2629 2624 2623 2631
5749 43 2630 2624 2623 2631
5750 43 2640 2641 2642 2646
5751 43 2640 2641 2642 2647
5752 43 2640 2641 2642 2648
5753 43 2637 2633 2632 2640
5754 43 2638 2633 2632 2640
5755 43 2639 2633 2632 2640
5756 43 2649 2650 2651 2655
5757 43 2649 2650 2651 2656
5758 43 2649 2650 2651 2657
5759 43 2646 2642 2641 2649
5760 43 2647 2642 2641 2649
5761 43 2648 2642 2641 2649
5762 43 2658 2659 2660 2664
5763 43 2658 2659 2660 2665
5764 43 2658 2659 2660 2666
5765 43 2655 2651 2650 2658
5766 43 2656 2651 2650 2658
5767 43 2657 2651 2650 2658
5768 43 2667 2668 2669 2673
5769 43 2667 2668 2669 2674
5770 43 2667 2668 2669 2675
5771 43 2664 2660 2659 2667
5772 43 2665 2660 2659 2667
5773 43 2666 2660 2659 2667
5774 43 2676 2677 2678 2682
5775 43 2676 2677 2678 2683
5776 43 2676 2677 2678 2684
5777 43 2673 2669 2668 2676
5778 43 2674 2669 2668 2676
5779 43 2675 2669 2668 2676
5780 43 2685 2686 2687 2691
5781 43 2685 2686 2687 2692
5782 43 2685 2686 2687 2693
5783 43 2682 2678 2677 2685
5784 43 2683 2678 2677 2685
5785 43 2684 2678 2677 2685
5786 43 2694 2695 2696 2700
5787 43 2694 2695 2696 2701
5788 43 2694 2695 2696 2702
5789 43 2691 2687 2686 2694
5790 43 2692 2687 2686 2694
5791 43 2693 2687 2686 2694
5792 43 2700 2696 2695 2703
5793 43 2701 2696 2695 2703
5794 43 2702 2696 2695 2703
5795 43 2723 2724 2725 2729
5796 43 2723 2724 2725 2730
5797 43 2723 2724 2725 2731
5798 43 2716 2713 2714 2723
5799 43 2717 2713 2714 2723
5800 43 2718 2713 2714 2723
5801 43 2720 2715 2714 2723
5802 43 2721 2715 2714 2723
5803 43 2722 2715 2714 2723
5804 43 2732 2733 2734 2738
5805 43 2732 2733 2734 2739
5806 43 2732 2733 2734 2740
5807 43 2729 2725 2724 2732
5808 43 2730 2725 2724 2732
5809 43 2731 2725 2724 2732
5810 43 2741 2742 2743 2747
5811 43 2741 2742 2743 2748
5812 43 2741 2742 2743 2749
5813 43 2738 2734 2733 2741
5814 43 2739 2734 2733 2741
5815 43 2740 2734 2733 2741
5816 43 2750 2751 2752 2756
5817 43 2750 2751 2752 2757
5818 43 2750 2751 2752 2758
5819 43 2747 2743 2742 2750
5820 43 2748 2743 2742 2750
5821 43 2749 2743 2742 2750
5822 43 2759 2760 2761 2765
5823 43 2759 2760 2761 2766
5824 43 2759 2760 2761 2767
5825 43 2756 2752 2751 2759
5826 43 2757 2752 2751 2759
5827 43 2758 2752 2751 2759
5828 43 2768 2769 2770 2774
5829 43 2768 2769 2770 2775
5830 43 2768 2769 2770 2776
5831 43 2765 2761 2760 2768
5832 43 2766 2761 2760 2768
5833 43 2767 2761 2760 2768
5834 43 2777 2778 2779 2783
5835 43 2777 2778 2779 2784
5836 43 2777 2778 2779 2785
5837 43 2774 2770 2769 2777
5838 43 2775 2770 2769 2777
5839 43 2776 2770 2769 2777
5840 43 2786 2787 2788 2792
5841 43 2786 2787 2788 2793
5842 43 2786 2787 2788 2794
5843 43 2783 2779 2778 2786
5844 43 2784 2779 2778 2786
5845 43 2785 2779 2778 2786
5846 43 2795 2796 2797 2801
5847 43 2795 2796 2797 2802
5848 43 2795 2796 2797 2803
5849 43 2792 2788 2787 2795
5850 43 2793 2788 2787 2795
5851 43 2794 2788 2787 2795
5852 43 2804 2805 2806 2810
5853 43 2804 2805 2806 2811
5854 43 2804 2805 2806 2812
5855 43 2801 2797 2796 2804
5856 43 2802 2797 2796 2804
5857 43 2803 2797 2796 2804
5858 43 2813 2814 2815 2819
5859 43 2813 2814 2815 2820
5860 43 2813 2814 2815 2821
5861 43 2810 2806 2805 2813
5862 43 2811 2806 2805 2813
5863 43 2812 2806 2805 2813
5864 43 2822 2823 2824 2828
5865 43 2822 2823 2824 2829
5866 43 2822 2823 2824 2830
5867 43 2819 2815 2814 2822
5868 43 2820 2815 2814 2822
5869 43 2821 2815 2814 2822
5870 43 2831 2832 2833 2837
5871 43 2831 2832 2833 2838
5872 43 2831 2832 2833 2839
5873 43 2828 2824 2823 2831
5874 43 2829 2824 2823 2831
5875 43 2830 2824 2823 2831
5876 43 2840 2841 2842 2846
5877 43 2840 2841 2842 2847
5878 43 2840 2841 2842 2848
5879 43 2837 2833 2832 2840
5880 43 2838 2833 2832 2840
5881 43 2839 2833 2832 2840
5882 43 2849 2850 2851 2855
5883 43 2849 2850 2851 2856
5884 43 2849 2850 2851 2857
5885 43 2846 2842 2841 2849
5886 43 2847 2842 2841 2849
5887 43 2848 2842 2841 2849
5888 43 2858 2859 2860 2864
5889 43 2858 2859 2860 2865
5890 43 2858 2859 2860 2866
5891 43 2855 2851 2850 2858
5892 43 2856 2851 2850 2858
5893 43 2857 2851 2850 2858
5894 43 2867 2868 2869 2873
5895 43 2867 2868 2869 2874
5896 43 2867 2868 2869 2875
5897 43 2864 2860 2859 2867
5898 43 2865 2860 2859 2867
5899 43 2866 2860 2859 2867
5900 43 2876 2877 2878 2882
5901 43 2876 2877 2878 2883
5902 43 2876 2877 2878 2884
5903 43 2873 2869 2868 2876
5904 43 2874 2869 2868 2876
5905 43 2875 2869 2868 2876
5906 43 2885 2886 2887 2891
5907 43 2885 2886 2887 2892
5908 43 2885 2886 2887 2893
5909 43 2882 2878 2877 2885
5910 43 2883 2878 2877 2885
5911 43 2884 2878 2877 2885
5912 43 2894 2895 2896 2900
5913 43 2894 2895 2896 2901
5914 43 2894 2895 2896 2902
5915 43 2891 2887 2886 2894
5916 43 2892 2887 2886 2894
5917 43 2893 2887 2886 2894
5918 43 2903 2904 2905 2909
5919 43 2903 2904 2905 2910
5920 43 2903 2904 2905 2911
5921 43 2900 2896 2895 2903
5922 43 2901 2896 2895 2903
5923 43 2902 2896 2895 2903
5924 43 2912 2913 2914 2918
5925 43 2912 2913 2914 2919
5926 43 2912 2913 2914 2920
5927 43 2909 2905 2904 2912
5928 43 2910 2905 2904 2912
5929 43 2911 2905 2904 2912
5930 43 2921 2922 2923 2927
5931 43 2921 2922 2923 2928
5932 43 2921 2922 2923 2929
5933 43 2918 2914 2913 2921
5934 43 2919 2914 2913 2921
5935 43 2920 2914 2913 2921
5936 43 2930 2931 2932 2936
5937 43 2930 2931 2932 2937
5938 43 2930 2931 2932 2938
5939 43 2927 2923 2922 2930
5940 43 2928 2923 2922 2930
5941 43 2929 2923 2922 2930
5942 43 2939 2940 2941 2945
5943 43 2939 2940 2941 2946
5944 43 2939 2940 2941 2947
5945 43 2936 2932 2931 2939
5946 43 2937 2932 2931 2939
5947 43 2938 2932 2931 2939
5948 43 2948 2949 2950 2954
5949 43 2948 2949 2950 2955
5950 43 2948 2949 2950 2956
5951 43 2945 2941 2940 2948
5952 43 2946 2941 2940 2948
5953 43 2947 2941 2940 2948
5954 43 2957 2958 2959 2963
5955 43 2957 2958 2959 2964
5956 43 2957 2958 2959 2965
5957 43 2954 2950 2949 2957
5958 43 2955 2950 2949 2957
5959 43 2956 2950 2949 2957
5960 43 2966 2967 2968 2972
5961 43 2966 2967 2968 2973
5962 43 2966 2967 2968 2974
5963 43 2963 2959 2958 2966
5964 43 2964 2959 2958 2966
5965 43 2965 2959 2958 2966
5966 43 2975 2976 2977 2981
5967 43 2975 2976 2977 2982
5968 43 2975 2976 2977 2983
5969 43 2972 2968 2967 2975
5970 43 2973 2968 2967 2975
5971 43 2974 2968 2967 2975
5972 43 2984 2985 2986 2990
5973 43 2984 2985 2986 2991
5974 43 2984 2985 2986 2992
5975 43 2981 2977 2976 2984
5976 43 2982 2977 2976 2984
5977 43 2983 2977 2976 2984
5978 43 2993 2994 2995 2999
5979 43 2993 2994 2995 3000
5980 43 2993 2994 2995 3001
5981 43 2990 2986 2985 2993
5982 43 2991 2986 2985 2993
5983 43 2992 2986 2985 2993
5984 43 3002 3003 3004 3008
5985 43 3002 3003 3004 3009
5986 43 3002 3003 3004 3010
5987 43 2999 2995 2994 3002
5988 43 3000 2995 2994 3002
5989 43 3001 2995 2994 3002
5990 43 3011 3012 3013 3017
5991 43 3011 3012 3013 3018
5992 43 3011 3012 3013 3019
5993 43 3008 3004 3003 3011
5994 43 3009 3004 3003 3011
5995 43 3010 3004 3003 3011
5996 43 3020 3021 3022 3026
5997 43 3020 3021 3022 3027
5998 43 3020 3021 3022 3028
5999 43 3017 3013 3012 3020
6000 43 3018 3013 3012 3020
6001 43 3019 3013 3012 3020
6002 43 3029 3030 3031 3035
6003 43 3029 3030 3031 3036
6004 43 3029 3030 3031 3037
6005 43 3026 3022 3021 3029
6006 43 3027 3022 3021 3029
6007 43 3028 3022 3021 3029
6008 43 3038 3039 3040 3044
6009 43 3038 3039 3040 3045
6010 43 3038 3039 3040 3046
6011 43 3035 3031 3030 3038
6012 43 3036 3031 3030 3038
6013 43 3037 3031 3030 3038
6014 43 3047 3048 3049 3053
6015 43 3047 3048 3049 3054
6016 43 3047 3048 3049 3055
6017 43 3044 3040 3039 3047
6018 43 3045 3040 3039 3047
6019 43 3046 3040 3039 3047
6020 43 3056 3057 3058 3062
6021 43 3056 3057 3058 3063
6022 43 3056 3057 3058 3064
6023 43 3053 3049 3048 3056
6024 43 3054 3049 3048 3056
6025 43 3055 3049 3048 3056
6026 43 3065 3066 3067 3071
6027 43 3065 3066 3067 3072
6028 43 3065 3066 3067 3073
6029 43 3062 3058 3057 3065
6030 43 3063 3058 3057 3065
6031 43 3064 3058 3057 3065
6032 43 3074 3075 3076 3080
6033 43 3074 3075 3076 3081
6034 43 3074 3075 3076 3082
6035 43 3071 3067 3066 3074
6036 43 3072 3067 3066 3074
6037 43 3073 3067 3066 3074
6038 43 3083 3084 3085 3089
6039 43 3083 3084 3085 3090
6040 43 3083 3084 3085 3091
6041 43 3080 3076 3075 3083
6042 43 3081 3076 3075 3083
6043 43 3082 3076 3075 3083
6044 43 3092 3093 3094 3098
6045 43 3092 3093 3094 3099
6046 43 3092 3093 3094 3100
6047 43 3089 3085 3084 3092
6048 43 3090 3085 3084 3092
6049 43 3091 3085 3084 3092
6050 43 3101 3102 3103 3107
6051 43 3101 3102 3103 3108
6052 43 3101 3102 3103 3109
6053 43 3098 3094 3093 3101
6054 43 3099 3094 3093 3101
6055 43 3100 3094 3093 3101
6056 43 3110 3111 3112 3116
6057 43 3110 3111 3112 3117
6058 43 3110 3111 3112 3118
6059 43 3107 3103 3102 3110
6060 43 3108 3103 3102 3110
6061 43 3109 3103 3102 3110
6062 43 3119 3120 3121 3125
6063 43 3119 3120 3121 3126
6064 43 3119 3120 3121 3127
6065 43 3116 3112 3111 3119
6066 43 3117 3112 3111 3119
6067 43 3118 3112 3111 3119
6068 43 3128 3129 3130 3134
6069 43 3128 3129 3130 3135
6070 43 3128 3129 3130 3136
6071 43 3125 3121 3120 3128
6072 43 3126 3121 3120 3128
6073 43 3127 3121 3120 3128
6074 43 3137 3138 3139 3143
6075 43 3137 3138 3139 3144
6076 43 3137 3138 3139 3145
6077 43 3134 3130 3129 3137
6078 43 3135 3130 3129 3137
6079 43 3136 3130 3129 3137
6080 43 3146 3147 3148 3152
6081 43 3146 3147 3148 3153
6082 43 3146 3147 3148 3154
6083 43 3143 3139 3138 3146
6084 43 3144 3139 3138 3146
6085 43 3145 3139 3138 3146
6086 43 3152 3148 3147 3155
6087 43 3153 3148 3147 3155
6088 43 3154 3148 3147 3155
6089 43 3175 3176 3177 3181
6090 43 3175 3176 3177 3182
6091 43 3175 3176 3177 3183
6092 43 3168 3165 3166 3175
6093 43 3169 3165 3166 3175
6094 43 3170 3165 3166 3175
6095 43 3172 3167 3166 3175
6096 43 3173 3167 3166 3175
6097 43 3174 3167 3166 3175
6098 43 3184 3185 3186 3190
6099 43 3184 3185 3186 3191
6100 43 3184 3185 3186 3192
6101 43 3181 3177 3176 3184
6102 43 3182 3177 3176 3184
6103 43 3183 3177 3176 3184
6104 43 3193 3194 3195 3199
6105 43 3193 3194 3195 3200
6106 43 3193 3194 3195 3201
6107 43 3190 3186 3185 3193
6108 43 3191 3186 3185 3193
6109 43 3192 3186 3185 3193
6110 43 3202 3203 3204 3208
6111 43 3202 3203 3204 3209
6112 43 3202 3203 3204 3210
6113 43 3199 3195 3194 3202
6114 43 3200 3195 3194 3202
6115 43 3201 3195 3194 3202
6116 43 3211 3212 3213 3217
6117 43 3211 3212 3213 3218
6118 43 3211 3212 3213 3219
6119 43 3208 3204 3203 3211
6120 43 3209 3204 3203 3211
6121 43 3210 3204 3203 3211
6122 43 3220 3221 3222 3226
6123 43 3220 3221 3222 3227
6124 43 3220 3221 3222 3228
6125 43 3217 3213 3212 3220
6126 43 3218 3213 3212 3220
6127 43 3219 3213 3212 3220
6128 43 3229 3230 3231 3235
6129 43 3229 3230 3231 3236
6130 43 3229 3230 3231 3237
6131 43 3226 3222 3221 3229
6132 43 3227 3222 3221 3229
6133 43 3228 3222 3221 3229
6134 43 3238 3239 3240 3244
6135 43 3238 3239 3240 3245
6136 43 3238 3239 3240 3246
6137 43 3235 3231 3230 3238
6138 43 3236 3231 3230 3238
6139 43 3237 3231 3230 3238
6140 43 3247 3248 3249 3253
6141 43 3247 3248 3249 3254
6142 43 3247 3248 3249 3255
6143 43 3244 3240 3239 3247
6144 43 3245 3240 3239 3247
6145 43 3246 3240 3239 3247
6146 43 3256 3257 3258 3262
6147 43 3256 3257 3258 3263
6148 43 3256 3257 3258 3264
6149 43 3253 3249 3248 3256
6150 43 3254 3249 3248 3256
6151 43 3255 3249 3248 3256
6152 43 3265 3266 3267 3271
6153 43 3265 3266 3267 3272
6154 43 3265 3266 3267 3273
6155 43 3262 3258 3257 3265
6156 43 3263 3258 3257 3265
6157 43 3264 3258 3257 3265
6158 43 3274 3275 3276 3280
6159 43 3274 3275 3276 3281
6160 43 3274 3275 3276 3282
6161 43 3271 3267 3266 3274
6162 43 3272 3267 3266 3274
6163 43 3273 3267 3266 3274
6164 43 3283 3284 3285 3289
6165 43 3283 3284 3285 3290
6166 43 3283 3284 3285 3291
6167 43 3280 3276 3275 3283
6168 43 3281 3276 3275 3283
6169 43 3282 3276 3275 3283
6170 43 3292 3293 3294 3298
6171 43 3292 3293 3294 3299
6172 43 3292 3293 3294 3300
6173 43 3289 3285 3284 3292
6174 43 3290 3285 3284 3292
6175 43 3291 3285 3284 3292
6176 43 3301 3302 3303 3307
6177 43 3301 3302 3303 3308
6178 43 3301 3302 3303 3309
6179 43 3298 3294 3293 3301
6180 43 3299 3294 3293 3301
6181 43 3300 3294 3293 3301
6182 43 3310 3311 3312 3316
6183 43 3310 3311 3312 3317
6184 43 3310 3311 3312 3318
6185 43 3307 3303 3302 3310
6186 43 3308 3303 3302 3310
6187 43 3309 3303 3302 3310
6188 43 3319 3320 3321 3325
6189 43 3319 3320 3321 3326
6190 43 3319 3320 3321 3327
6191 43 3316 3312 3311 3319
6192 43 3317 3312 3311 3319
6193 43 3318 3312 3311 3319
6194 43 3328 3329 3330 3334
6195 43 3328 3329 3330 3335
6196 43 3328 3329 3330 3336
6197 43 3325 3321 3320 3328
6198 43 3326 3321 3320 3328
6199 43 3327 3321 3320 3328
6200 43 3337 3338 3339 3343
6201 43 3337 3338 3339 3344
6202 43 3337 3338 3339 3345
6203 43 3334 3330 3329 3337
6204 43 3335 3330 3329 3337
6205 43 3336 3330 3329 3337
6206 43 3346 3347 3348 3352
6207 43 3346 3347 3348 3353
6208 43 3346 3347 3348 3354
6209 43 3343 3339 3338 3346
6210 43 3344 3339 3338 3346
6211 43 3345 3339 3338 3346
6212 43 3355 3356 3357 3361
6213 43 3355 3356 3357 3362
6214 43 3355 3356 3357 3363
6215 43 3352 3348 3347 3355
6216 43 3353 3348 3347 3355
6217 43 3354 3348 3347 3355
6218 43 3364 3365 3366 3370
6219 43 3364 3365 3366 3371
6220 43 3364 3365 3366 3372
6221 43 3361 3357 3356 3364
6222 43 3362 3357 3356 3364
6223 43 3363 3357 3356 3364
6224 43 3373 3374 3375 3379
6225 43 3373 3374 3375 3380
6226 43 3373 3374 3375 3381
6227 43 3370 3366 3365 3373
6228 43 3371 3366 3365 3373
6229 43 3372 3366 3365 3373
6230 43 3382 3383 3384 3388
6231 43 3382 3383 3384 3389
6232 43 3382 3383 3384 3390
6233 43 3379 3375 3374 3382
6234 43 3380 3375 3374 3382
6235 43 3381 3375 3374 3382
6236 43 3391 3392 3393 3397
6237 43 3391 3392 3393 3398
6238 43 3391 3392 3393 3399
6239 43 3388 3384 3383 3391
6240 43 3389 3384 3383 3391
6241 43 3390 3384 3383 3391
6242 43 3400 3401 3402 3406
6243 43 3400 3401 3402 3407
6244 43 3400 3401 3402 3408
6245 43 3397 3393 3392 3400
6246 43 3398 3393 3392 3400
6247 43 3399 3393 3392 3400
6248 43 3409 3410 3411 3415
6249 43 3409 3410 3411 3416
6250 43 3409 3410 3411 3417
6251 43 3406 3402 3401 3409
6252 43 3407 3402 3401 3409
6253 43 3408 3402 3401 3409
6254 43 3418 3419 3420 3424
6255 43 3418 3419 3420 3425
6256 43 3418 3419 3420 3426
6257 43 3415 3411 3410 3418
6258 43 3416 3411 3410 3418
6259 43 3417 3411 3410 3418
6260 43 3427 3428 3429 3433
6261 43 3427 3428 3429 3434
6262 43 3427 3428 3429 3435
6263 43 3424 3420 3419 3427
6264 43 3425 3420 3419 3427
6265 43 3426 3420 3419 3427
6266 43 3436 3437 3438 3442
6267 43 3436 3437 3438 3443
6268 43 3436 3437 3438 3444
6269 43 3433 3429 3428 3436
6270 43 3434 3429 3428 3436
6271 43 3435 3429 3428 3436
6272 43 3445 3446 3447 3451
6273 43 3445 3446 3447 3452
6274 43 3445 3446 3447 3453
6275 43 3442 3438 3437 3445
6276 43 3443 3438 3437 3445
6277 43 3444 3438 3437 3445
6278 43 3454 3455 3456 3460
6279 43 3454 3455 3456 3461
6280 43 3454 3455 3456 3462
6281 43 3451 3447 3446 3454
6282 43 3452 3447 3446 3454
6283 43 3453 3447 3446 3454
6284 43 3463 3464 3465 3469
6285 43 3463 3464 3465 3470
6286 43 3463 3464 3465 3471
6287 43 3460 3456 3455 3463
6288 43 3461 3456 3455 3463
6289 43 3462 3456 3455 3463
6290 43 3472 3473 3474 3478
6291 43 3472 3473 3474 3479
6292 43 3472 3473 3474 3480
6293 43 3469 3465 3464 3472
6294 43 3470 3465 3464 3472
6295 43 3471 3465 3464 3472
6296 43 3481 3482 3483 3487
6297 43 3481 3482 3483 3488
6298 43 3481 3482 3483 3489
6299 43 3478 3474 3473 3481
6300 43 3479 3474 3473 3481
6301 43 3480 3474 3473 3481
6302 43 3490 3491 3492 3496
6303 43 3490 3491 3492 3497
6304 43 3490 3491 3492 3498
6305 43 3487 3483 3482 3490
6306 43 3488 3483 3482 3490
6307 43 3489 3483 3482 3490
6308 43 3499 3500 3501 3505
6309 43 3499 3500 3501 3506
6310 43 3499 3500 3501 3507
6311 43 3496 3492 3491 3499
6312 43 3497 3492 3491 3499
6313 43 3498 3492 3491 3499
6314 43 3508 3509 3510 3514
6315 43 3508 3509 3510 3515
6316 43 3508 3509 3510 3516
6317 43 3505 3501 3500 3508
6318 43 3506 3501 3500 3508
6319 43 3507 3501 3500 3508
6320 43 3517 3518 3519 3523
6321 43 3517 3518 3519 3524
6322 43 3517 3518 3519 3525
6323 43 3514 3510 3509 3517
6324 43 3515 3510 3509 3517
6325 43 3516 3510 3509 3517
6326 43 3526 3527 3528 3532
6327 43 3526 3527 3528 3533
6328 43 3526 3527 3528 3534
6329 43 3523 3519 3518 3526
6330 43 3524 3519 3518 3526
6331 43 3525 3519 3518 3526
6332 43 3535 3536 3537 3541
6333 43 3535 3536 3537 3542
6334 43 3535 3536 3537 3543
6335 43 3532 3528 3527 3535
6336 43 3533 3528 3527 3535
6337 43 3534 3528 3527 3535
6338 43 3544 3545 3546 3550
6339 43 3544 3545 3546 3551
6340 43 3544 3545 3546 3552
6341 43 3541 3537 3536 3544
6342 43 3542 3537 3536 3544
6343 43 3543 3537 3536 3544
6344 43 3553 3554 3555 3559
6345 43 3553 3554 3555 3560
6346 43 3553 3554 3555 3561
6347 43 3550 3546 3545 3553
6348 43 3551 3546 3545 3553
6349 43 3552 3546 3545 3553
6350 43 3562 3563 3564 3568
6351 43 3562 3563 3564 3569
6352 43 3562 3563 3564 3570
6353 43 3559 3555 3554 3562
6354 43 3560 3555 3554 3562
6355 43 3561 3555 3554 3562
6356 43 3571 3572 3573 3577
6357 43 3571 3572 3573 3578
6358 43 3571 3572 3573 3579
6359 43 3568 3564 3563 3571
6360 43 3569 3564 3563 3571
6361 43 3570 3564 3563 3571
6362 43 3580 3581 3582 3586
6363 43 3580 3581 3582 3587
6364 43 3580 3581 3582 3588
6365 43 3577 3573 3572 3580
6366 43 3578 3573 3572 3580
6367 43 3579 3573 3572 3580
6368 43 3589 3590 3591 3595
6369 43 3589 3590 3591 3596
6370 43 3589 3590 3591 3597
6371 43 3586 3582 3581 3589
6372 43 3587 3582 3581 3589
6373 43 3588 3582 3581 3589
6374 43 3598 3599 3600 3604
6375 43 3598 3599 3600 3605
6376 43 3598 3599 3600 3606
6377 43 3595 3591 3590 3598
6378 43 3596 3591 3590 3598
6379 43 3597 3591 3590 3598
6380 43 3604 3600 3599 3607
6381 43 3605 3600 3599 3607
6382 43 3606 3600 3599 3607
6383 43 3627 3628 3629 3633
6384 43 3627 3628 3629 3634
6385 43 3627 3628 3629 3635
6386 43 3620 3617 3618 3627
6387 43 3621 3617 3618 3627
6388 43 3622 3617 3618 3627
6389 43 3624 3619 3618 3627
6390 43 3625 3619 3618 3627
6391 43 3626 3619 3618 3627
6392 43 3636 3637 3638 3642
6393 43 3636 3637 3638 3643
6394 43 3636 3637 3638 3644
6395 43 3633 3629 3628 3636
6396 43 3634 3629 3628 3636
6397 43 3635 3629 3628 3636
6398 43 3645 3646 3647 3651
6399 43 3645 3646 3647 3652
6400 43 3645 3646 3647 3653
6401 43 3642 3638 3637 3645
6402 43 3643 3638 3637 3645
6403 43 3644 3638 3637 3645
6404 43 3654 3655 3656 3660
6405 43 3654 3655 3656 3661
6406 43 3654 3655 3656 3662
6407 43 3651 3647 3646 3654
6408 43 3652 3647 3646 3654
6409 43 3653 3647 3646 3654
6410 43 3663 3664 3665 3669
6411 43 3663 3664 3665 3670
6412 43 3663 3664 3665 3671
6413 43 3660 3656 3655 3663
6414 43 3661 3656 3655 3663
6415 43 3662 3656 3655 3663
6416 43 3672 3673 3674 3678
6417 43 3672 3673 3674 3679
6418 43 3672 3673 3674 3680
6419 43 3669 3665 3664 3672
6420 43 3670 3665 3664 3672
6421 43 3671 3665 3664 3672
6422 43 3681 3682 3683 3687
6423 43 3681 3682 3683 3688
6424 43 3681 3682 3683 3689
6425 43 3678 3674 3673 3681
6426 43 3679 3674 3673 3681
6427 43 3680 3674 3673 3681
6428 43 3690 3691 3692 3696
6429 43 3690 3691 3692 3697
6430 43 3690 3691 3692 3698
6431 43 3687 3683 3682 3690
6432 43 3688 3683 3682 3690
6433 43 3689 3683 3682 3690
6434 43 3699 3700 3701 3705
6435 43 3699 3700 3701 3706
6436 43 3699 3700 3701 3707
6437 43 3696 3692 3691 3699
6438 43 3697 3692 3691 3699
6439 43 3698 3692 3691 3699
6440 43 3708 3709 3710 3714
6441 43 3708 3709 3710 3715
6442 43 3708 3709 3710 3716
6443 43 3705 3701 3700 3708
6444 43 3706 3701 3700 3708
6445 43 3707 3701 3700 3708
6446 43 3717 3718 3719 3723
6447 43 3717 3718 3719 3724
6448 43 3717 3718 3719 3725
6449 43 3714 3710 3709 3717
6450 43 3715 3710 3709 3717
6451 43 3716 3710 3709 3717
6452 43 3726 3727 3728 3732
6453 43 3726 3727 3728 3733
6454 43 3726 3727 3728 3734
6455 43 3723 3719 3718 3726
6456 43 3724 3719 3718 3726
6457 43 3725 3719 3718 3726
6458 43 3735 3736 3737 3741
6459 43 3735 3736 3737 3742
6460 43 3735 3736 3737 3743
6461 43 3732 3728 3727 3735
6462 43 3733 3728 3727 3735
6463 43 3734 3728 3727 3735
6464 43 3744 3745 3746 3750
6465 43 3744 3745 3746 3751
6466 43 3744 3745 3746 3752
6467 43 3741 3737 3736 3744
6468 43 3742 3737 3736 3744
6469 43 3743 3737 3736 3744
6470 43 3753 3754 3755 3759
6471 43 3753 3754 3755 3760
6472 43 3753 3754 3755 3761
6473 43 3750 3746 3745 3753
6474 43 3751 3746 3745 3753
6475 43 3752 3746 3745 3753
6476 43 3762 3763 3764 3768
6477 43 3762 3763 3764 3769
6478 43 3762 3763 3764 3770
6479 43 3759 3755 3754 3762
6480 43 3760 3755 3754 3762
6481 43 3761 3755 3754 3762
6482 43 3771 3772 3773 3777
6483 43 3771 3772 3773 3778
6484 43 3771 3772 3773 3779
6485 43 3768 3764 3763 3771
6486 43 3769 3764 3763 3771
6487 43 3770 3764 3763 3771
6488 43 3780 3781 3782 3786
6489 43 3780 3781 3782 3787
6490 43 3780 3781 3782 3788
6491 43 3777 3773 3772 3780
6492 43 3778 3773 3772 3780
6493 43 3779 3773 3772 3780
6494 43 3789 3790 3791 3795
6495 43 3789 3790 3791 3796
6496 43 3789 3790 3791 3797
6497 43 3786 3782 3781 3789
6498 43 3787 3782 3781 3789
6499 43 3788 3782 3781 3789
6500 43 3798 3799 3800 3804
6501 43 3798 3799 3800 3805
6502 43 3798 3799 3800 3806
6503 43 3795 3791 3790 3798
6504 43 3796 3791 3790 3798
6505 43 3797 3791 3790 3798
6506 43 3807 3808 3809 3813
6507 43 3807 3808 3809 3814
6508 43 3807 3808 3809 3815
6509 43 3804 3800 3799 3807
6510 43 3805 3800 3799 3807
6511 43 3806 3800 3799 3807
6512 43 3816 3817 3818 3822
6513 43 3816 3817 3818 3823
6514 43 3816 3817 3818 3824
6515 43 3813 3809 3808 3816
6516 43 3814 3809 3808 3816
6517 43 3815 3809 3808 3816
6518 43 3825 3826 3827 3831
6519 43 3825 3826 3827 3832
6520 43 3825 3826 3827 3833
6521 43 3822 3818 3817 3825
6522 43 3823 3818 3817 3825
6523 43 3824 3818 3817 3825
6524 43 3834 3835 3836 3840
6525 43 3834 3835 3836 3841
6526 43 3834 3835 3836 3842
6527 43 3831 3827 3826 3834
6528 43 3832 3827 3826 3834
6529 43 3833 3827 3826 3834
6530 43 3843 3844 3845 3849
6531 43 3843 3844 3845 3850
6532 43 3843 3844 3845 3851
6533 43 3840 3836 3835 3843
6534 43 3841 3836 3835 3843
6535 43 3842 3836 3835 3843
6536 43 3852 3853 3854 3858
6537 43 3852 3853 3854 3859
6538 43 3852 3853 3854 3860
6539 43 3849 3845 3844 3852
6540 43 3850 3845 3844 3852
6541 43 3851 3845 3844 3852
6542 43 3861 3862 3863 3867
6543 43 3861 3862 3863 3868
6544 43 3861 3862 3863 3869
6545 43 3858 3854 3853 3861
6546 43 3859 3854 3853 3861
6547 43 3860 3854 3853 3861
6548 43 3870 3871 3872 3876
6549 43 3870 3871 3872 3877
6550 43 3870 3871 3872 3878
6551 43 3867 3863 3862 3870
6552 43 3868 3863 3862 3870
6553 43 3869 3863 3862 3870
6554 43 3879 3880 3881 3885
6555 43 3879 3880 3881 3886
6556 43 3879 3880 3881 3887
6557 43 3876 3872 3871 3879
6558 43 3877 3872 3871 3879
6559 43 3878 3872 3871 3879
6560 43 3888 3889 3890 3894
6561 43 3888 3889 3890 3895
6562 43 3888 3889 3890 3896
6563 43 3885 3881 3880 3888
6564 43 3886 3881 3880 3888
6565 43 3887 3881 3880 3888
6566 43 3897 3898 3899 3903
6567 43 3897 3898 3899 3904
6568 43 3897 3898 3899 3905
6569 43 3894 3890 3889 3897
6570 43 3895 3890 3889 3897
6571 43 3896 3890 3889 3897
6572 43 3906 3907 3908 3912
6573 43 3906 3907 3908 3913
6574 43 3906 3907 3908 3914
6575 43 3903 3899 3898 3906
6576 43 3904 3899 3898 3906
6577 43 3905 3899 3898 3906
6578 43 3915 3916 3917 3921
6579 43 3915 3916 3917 3922
6580 43 3915 3916 3917 3923
6581 43 3912 3908 3907 3915
6582 43 3913 3908 3907 3915
6583 43 3914 3908 3907 3915
6584 43 3924 3925 3926 3930
6585 43 3924 3925 3926 3931
6586 43 3924 3925 3926 3932
6587 43 3921 3917 3916 3924
6588 43 3922 3917 3916 3924
6589 43 3923 3917 3916 3924
6590 43 3933 3934 3935 3939
6591 43 3933 3934 3935 3940
6592 43 3933 3934 3935 3941
6593 43 3930 3926 3925 3933
6594 43 3931 3926 3925 3933
6595 43 3932 3926 3925 3933
6596 43 3942 3943 3944 3948
6597 43 3942 3943 3944 3949
6598 43 3942 3943 3944 3950
6599 43 3939 3935 3934 3942
6600 43 3940 3935 3934 3942
6601 43 3941 3935 3934 3942
6602 43 3951 3952 3953 3957
6603 43 3951 3952 3953 3958
6604 43 3951 3952 3953 3959
6605 43 3948 3944 3943 3951
6606 43 3949 3944 3943 3951
6607 43 3950 3944 3943 3951
6608 43 3960 3961 3962 3966
6609 43 3960 3961 3962 3967
6610 43 3960 3961 3962 3968
6611 43 3957 3953 3952 3960
6612 43 3958 3953 3952 3960
6613 43 3959 3953 3952 3960
6614 43 3969 3970 3971 3975
6615 43 3969 3970 3971 3976
6616 43 3969 3970 3971 3977
6617 43 3966 3962 3961 3969
6618 43 3967 3962 3961 3969
6619 43 3968 3962 3961 3969
6620 43 3978 3979 3980 3984
6621 43 3978 3979 3980 3985
6622 43 3978 3979 3980 3986
6623 43 3975 3971 3970 3978
6624 43 3976 3971 3970 3978
6625 43 3977 3971 3970 3978
6626 43 3987 3988 3989 3993
6627 43 3987 3988 3989 3994
6628 43 3987 3988 3989 3995
6629 43 3984 3980 3979 3987
6630 43 3985 3980 3979 3987
6631 43 3986 3980 3979 3987
6632 43 3996 3997 3998 4002
6633 43 3996 3997 3998 4003
6634 43 3996 3997 3998 4004
6635 43 3993 3989 3988 3996
6636 43 3994 3989 3988 3996
6637 43 3995 3989 3988 3996
6638 43 4005 4006 4007 4011
6639 43 4005 4006 4007 4012
6640 43 4005 4006 4007 4013
6641 43 4002 3998 3997 4005
6642 43 4003 3998 3997 4005
6643 43 4004 3998 3997 4005
6644 43 4014 4015 4016 4020
6645 43 4014 4015 4016 4021
6646 43 4014 4015 4016 4022
6647 43 4011 4007 4006 4014
6648 43 4012 4007 4006 4014
6649 43 4013 4007 4006 4014
6650 43 4023 4024 4025 4029
6651 43 4023 4024 4025 4030
6652 43 4023 4024 4025 4031
6653 43 4020 4016 4015 4023
6654 43 4021 4016 4015 4023
6655 43 4022 4016 4015 4023
6656 43 4032 4033 4034 4038
6657 43 4032 4033 4034 4039
6658 43 4032 4033 4034 4040
6659 43 4029 4025 4024 4032
6660 43 4030 4025 4024 4032
6661 43 4031 4025 4024 4032
6662 43 4041 4042 4043 4047
6663 43 4041 4042 4043 4048
6664 43 4041 4042 4043 4049
6665 43 4038 4034 4033 4041
6666 43 4039 4034 4033 4041
6667 43 4040 4034 4033 4041
6668 43 4050 4051 4052 4056
6669 43 4050 4051 4052 4057
6670 43 4050 4051 4052 4058
6671 43 4047 4043 4042 4050
6672 43 4048 4043 4042 4050
6673 43 4049 4043 4042 4050
6674 43 4056 4052 4051 4059
6675 43 4057 4052 4051 4059
6676 43 4058 4052 4051 4059
6677 43 4079 4080 4081 4085
6678 43 4079 4080 4081 4086
6679 43 4079 4080 4081 4087
6680 43 4072 4069 4070 4079
6681 43 4073 4069 4070 4079
6682 43 4074 4069 4070 4079
6683 43 4076 4071 4070 4079
6684 43 4077 4071 4070 4079
6685 43 4078 4071 4070 4079
6686 43 4088 4089 4090 4094
6687 43 4088 4089 4090 4095
6688 43 4088 4089 4090 4096
6689 43 4085 4081 4080 4088
6690 43 4086 4081 4080 4088
6691 43 4087 4081 4080 4088
6692 43 4097 4098 4099 4103
6693 43 4097 4098 4099 4104
6694 43 4097 4098 4099 4105
6695 43 4094 4090 4089 4097
6696 43 4095 4090 4089 4097
6697 43 4096 4090 4089 4097
6698 43 4106 4107 4108 4112
6699 43 4106 4107 4108 4113
6700 43 4106 4107 4108 4114
6701 43 4103 4099 4098 4106
6702 43 4104 4099 4098 4106
6703 43 4105 4099 4098 4106
6704 43 4115 4116 4117 4121
6705 43 4115 4116 4117 4122
6706 43 4115 4116 4117 4123
6707 43 4112 4108 4107 4115
6708 43 4113 4108 4107 4115
6709 43 4114 4108 4107 4115
6710 43 4124 4125 4126 4130
6711 43 4124 4125 4126 4131
6712 43 4124 4125 4126 4132
6713 43 4121 4117 4116 4124
6714 43 4122 4117 4116 4124
6715 43 4123 4117 4116 4124
6716 43 4133 4134 4135 4139
6717 43 4133 4134 4135 4140
6718 43 4133 4134 4135 4141
6719 43 4130 4126 4125 4133
6720 43 4131 4126 4125 4133
6721 43 4132 4126 4125 4133
6722 43 4142 4143 4144 4148
6723 43 4142 4143 4144 4149
6724 43 4142 4143 4144 4150
6725 43 4139 4135 4134 4142
6726 43 4140 4135 4134 4142
6727 43 4141 4135 4134 4142
6728 43 4151 4152 4153 4157
6729 43 4151 4152 4153 4158
6730 43 4151 4152 4153 4159
6731 43 4148 4144 4143 4151
6732 43 4149 4144 4143 4151
6733 43 4150 4144 4143 4151
6734 43 4160 4161 4162 4166
6735 43 4160 4161 4162 4167
6736 43 4160 4161 4162 4168
6737 43 4157 4153 4152 4160
6738 43 4158 4153 4152 4160
6739 43 4159 4153 4152 4160
6740 43 4169 4170 4171 4175
6741 43 4169 4170 4171 4176
6742 43 4169 4170 4171 4177
6743 43 4166 4162 4161 4169
6744 43 4167 4162 4161 4169
6745 43 4168 4162 4161 4169
6746 43 4178 4179 4180 4184
6747 43 4178 4179 4180 4185
6748 43 4178 4179 4180 4186
6749 43 4175 4171 4170 4178
6750 43 4176 4171 4170 4178
6751 43 4177 4171 4170 4178
6752 43 4187 4188 4189 4193
6753 43 4187 4188 4189 4194
6754 43 4187 4188 4189 4195
6755 43 4184 4180 4179 4187
6756 43 4185 4180 4179 4187
6757 43 4186 4180 4179 4187
6758 43 4196 4197 4198 4202
6759 43 4196 4197 4198 4203
6760 43 4196 4197 4198 4204
6761 43 4193 4189 4188 4196
6762 43 4194 4189 4188 4196
6763 43 4195 4189 4188 4196
6764 43 4205 4206 4207 4211
6765 43 4205 4206 4207 4212
6766 43 4205 4206 4207 4213
6767 43 4202 4198 4197 4205
6768 43 4203 4198 4197 4205
6769 43 4204 4198 4197 4205
6770 43 4214 4215 4216 4220
6771 43 4214 4215 4216 4221
6772 43 4214 4215 4216 4222
6773 43 4211 4207 4206 4214
6774 43 4212 4207 4206 4214
6775 43 4213 4207 4206 4214
6776 43 4223 4224 4225 4229
6777 43 4223 4224 4225 4230
6778 43 4223 4224 4225 4231
6779 43 4220 4216 4215 4223
6780 43 4221 4216 4215 4223
6781 43 4222 4216 4215 4223
6782 43 4232 4233 4234 4238
6783 43 4232 4233 4234 4239
6784 43 4232 4233 4234 4240
6785 43 4229 4225 4224 4232
6786 43 4230 4225 4224 4232
6787 43 4231 4225 4224 4232
6788 43 4241 4242 4243 4247
6789 43 4241 4242 4243 4248
6790 43 4241 4242 4243 4249
6791 43 4238 4234 4233 4241
6792 43 4239 4234 4233 4241
6793 43 4240 4234 4233 4241
6794 43 4250 4251 4252 4256
6795 43 4250 4251 4252 4257
6796 43 4250 4251 4252 4258
6797 43 4247 4243 4242 4250
6798 43 4248 4243 4242 4250
6799 43 4249 4243 4242 4250
6800 43 4259 4260 4261 4265
6801 43 4259 4260 4261 4266
6802 43 4259 4260 4261 4267
6803 43 4256 4252 4251 4259
6804 43 4257 4252 4251 4259
6805 43 4258 4252 4251 4259
6806 43 4268 4269 4270 4274
6807 43 4268 4269 4270 4275
6808 43 4268 4269 4270 4276
6809 43 4265 4261 4260 4268
6810 43 4266 4261 4260 4268
6811 43 4267 4261 4260 4268
6812 43 4277 4278 4279 4283
6813 43 4277 4278 4279 4284
6814 43 4277 4278 4279 4285
6815 43 4274 4270 4269 4277
6816 43 4275 4270 4269 4277
6817 43 4276 4270 4269 4277
6818 43 4286 4287 4288 4292
6819 43 4286 4287 4288 4293
6820 43 4286 4287 4288 4294
6821 43 4283 4279 4278 4286
6822 43 4284 4279 4278 4286
6823 43 4285 4279 4278 4286
6824 43 4295 4296 4297 4301
6825 43 4295 4296 4297 4302
6826 43 4295 4296 4297 4303
6827 43 4292 4288 4287 4295
6828 43 4293 4288 4287 4295
6829 43 4294 4288 4287 4295
6830 43 4304 4305 4306 4310
6831 43 4304 4305 4306 4311
6832 43 4304 4305 4306 4312
6833 43 4301 4297 4296 4304
6834 43 4302 4297 4296 4304
6835 43 4303 4297 4296 4304
6836 43 4313 4314 4315 4319
6837 43 4313 4314 4315 4320
6838 43 4313 4314 4315 4321
6839 43 4310 4306 4305 4313
6840 43 4311 4306 4305 4313
6841 43 4312 4306 4305 4313
6842 43 4322 4323 4324 4328
6843 43 4322 4323 4324 4329
6844 43 4322 4323 4324 4330
6845 43 4319 4315 4314 4322
6846 43 4320 4315 4314 4322
6847 43 4321 4315 4314 4322
6848 43 4331 4332 4333 4337
6849 43 4331 4332 4333 4338
6850 43 4331 4332 4333 4339
6851 43 4328 4324 4323 4331
6852 43 4329 4324 4323 4331
6853 43 4330 4324 4323 4331
6854 43 4340 4341 4342 4346
6855 43 4340 4341 4342 4347
6856 43 4340 4341 4342 4348
6857 43 4337 4333 4332 4340
6858 43 4338 4333 4332 4340
6859 43 4339 4333 4332 4340
6860 43 4349 4350 4351 4355
6861 43 4349 4350 4351 4356
6862 43 4349 4350 4351 4357
6863 43 4346 4342 4341 4349
6864 43 4347 4342 4341 4349
6865 43 4348 4342 4341 4349
6866 43 4358 4359 4360 4364
6867 43 4358 4359 4360 4365
6868 43 4358 4359 4360 4366
6869 43 4355 4351 4350 4358
6870 43 4356 4351 4350 4358
6871 43 4357 4351 4350 4358
6872 43 4367 4368 4369 4373
6873 43 4367 4368 4369 4374
6874 43 4367 4368 4369 4375
6875 43 4364 4360 4359 4367
6876 43 4365 4360 4359 4367
6877 43 4366 4360 4359 4367
6878 43 4376 4377 4378 4382
6879 43 4376 4377 4378 4383
6880 43 4376 4377 4378 4384
6881 43 4373 4369 4368 4376
6882 43 4374 4369 4368 4376
6883 43 4375 4369 4368 4376
6884 43 4385 4386 4387 4391
6885 43 4385 4386 4387 4392
6886 43 4385 4386 4387 4393
6887 43 4382 4378 4377 4385
6888 43 4383 4378 4377 4385
6889 43 4384 4378 4377 4385
6890 43 4394 4395 4396 4400
6891 43 4394 4395 4396 4401
6892 43 4394 4395 4396 4402
6893 43 4391 4387 4386 4394
6894 43 4392 4387 4386 4394
6895 43 4393 4387 4386 4394
6896 43 4403 4404 4405 4409
6897 43 4403 4404 4405 4410
6898 43 4403 4404 4405 4411
6899 43 4400 4396 4395 4403
6900 43 4401 4396 4395 4403
6901 43 4402 4396 4395 4403
6902 43 4412 4413 4414 4418
6903 43 4412 4413 4414 4419
6904 43 4412 4413 4414 4420
6905 43 4409 4405 4404 4412
6906 43 4410 4405 4404 4412
6907 43 4411 4405 4404 4412
6908 43 4421 4422 4423 4427
6909 43 4421 4422 4423 4428
6910 43 4421 4422 4423 4429
6911 43 4418 4414 4413 4421
6912 43 4419 4414 4413 4421
6913 43 4420 4414 4413 4421
6914 43 4430 4431 4432 4436
6915 43 4430 4431 4432 4437
6916 43 4430 4431 4432 4438
6917 43 4427 4423 4422 4430
6918 43 4428 4423 4422 4430
6919 43 4429 4423 4422 4430
6920 43 4439 4440 4441 4445
6921 43 4439 4440 4441 4446
6922 43 4439 4440 4441 4447
6923 43 4436 4432 4431 4439
6924 43 4437 4432 4431 4439
6925 43 4438 4432 4431 4439
6926 43 4448 4449 4450 4454
6927 43 4448 4449 4450 4455
6928 43 4448 4449 4450 4456
6929 43 4445 4441 4440 4448
6930 43 4446 4441 4440 4448
6931 43 4447 4441 4440 4448
6932 43 4457 4458 4459 4463
6933 43 4457 4458 4459 4464
6934 43 4457 4458 4459 4465
6935 43 4454 4450 4449 4457
6936 43 4455 4450 4449 4457
6937 43 4456 4450 4449 4457
6938 43 4466 4467 4468 4472
6939 43 4466 4467 4468 4473
6940 43 4466 4467 4468 4474
6941 43 4463 4459 4458 4466
6942 43 4464 4459 4458 4466
6943 43 4465 4459 4458 4466
6944 43 4475 4476 4477 4481
6945 43 4475 4476 4477 4482
6946 43 4475 4476 4477 4483
6947 43 4472 4468 4467 4475
6948 43 4473 4468 4467 4475
6949 43 4474 4468 4467 4475
6950 43 4484 4485 4486 4490
6951 43 4484 4485 4486 4491
6952 43 4484 4485 4486 4492
6953 43 4481 4477 4476 4484
6954 43 4482 4477 4476 4484
6955 43 4483 4477 4476 4484
6956 43 4493 4494 4495 4499
6957 43 4493 4494 4495 4500
6958 43 4493 4494 4495 4501
6959 43 4490 4486 4485 4493
6960 43 4491 4486 4485 4493
6961 43 4492 4486 4485 4493
6962 43 4502 4503 4504 4508
6963 43 4502 4503 4504 4509
6964 43 4502 4503 4504 4510
6965 43 4499 4495 4494 4502
6966 43 4500 4495 4494 4502
6967 43 4501 4495 4494 4502
6968 43 4508 4504 4503 4511
6969 43 4509 4504 4503 4511
6970 43 4510 4504 4503 4511
6971 44 11 12 20 23
6972 44 11 12 20 24
6973 44 20 21 29 32
6974 44 20 21 29 33
6975 44 14 11 12 20
6976 44 15 11 12 20
6977 44 29 30 38 41
6978 44 29 30 38 42
6979 44 23 20 21 29
6980 44 24 20 21 29
6981 44 38 39 47 50
6982 44 38 39 47 51
6983 44 32 29 30 38
6984 44 33 29 30 38
6985 44 47 48 56 59
6986 44 47 48 56 60
6987 44 41 38 39 47
6988 44 42 38 39 47
6989 44 56 57 65 68
6990 44 56 57 65 69
6991 44 50 47 48 56
6992 44 51 47 48 56
6993 44 65 66 74 77
6994 44 65 66 74 78
6995 44 59 56 57 65
6996 44 60 56 57 65
6997 44 74 75 83 86
6998 44 74 75 83 87
6999 44 68 65 66 74
7000 44 69 65 66 74
7001 44 83 84 92 95
7002 44 83 84 92 96
7003 44 77 74 75 83
7004 44 78 74 75 83
7005 44 92 93 101 104
7006 44 92 93 101 105
7007 44 86 83 84 92
7008 44 87 83 84 92
7009 44 101 102 110 113
7010 44 101 102 110 114
7011 44 95 92 93 101
7012 44 96 92 93 101
7013 44 110 111 119 122
7014 44 110 111 119 123
7015 44 104 101 102 110
7016 44 105 101 102 110
7017 44 119 120 128 131
7018 44 119 120 128 132
7019 44 113 110 111 119
7020 44 114 110 111 119
7021 44 128 129 137 140
7022 44 128 129 137 141
7023 44 122 119 120 128
7024 44 123 119 120 128
7025 44 137 138 146 149
7026 44 137 138 146 150
7027 44 131 128 129 137
7028 44 132 128 129 137
7029 44 146 147 155 158
7030 44 146 147 155 159
7031 44 140 137 138 146
7032 44 141 137 138 146
7033 44 155 156 164 167
7034 44 155 156 164 168
7035 44 149 146 147 155
7036 44 150 146 147 155
7037 44 164 165 173 176
7038 44 164 165 173 177
7039 44 158 155 156 164
7040 44 159 155 156 164
7041 44 173 174 182 185
7042 44 173 174 182 186
7043 44 167 164 165 173
7044 44 168 164 165 173
7045 44 182 183 191 194
7046 44 182 183 191 195
7047 44 176 173 174 182
7048 44 177 173 174 182
7049 44 191 192 200 203
7050 44 191 192 200 204
7051 44 185 182 183 191
7052 44 186 182 183 191
7053 44 200 201 209 212
7054 44 200 201 209 213
7055 44 194 191 192 200
7056 44 195 191 192 200
7057 44 209 210 218 221
7058 44 209 210 218 222
7059 44 203 200 201 209
7060 44 204 200 201 209
7061 44 218 219 227 230
7062 44 218 219 227 231
7063 44 212 209 210 218
7064 44 213 209 210 218
7065 44 227 228 236 239
7066 44 227 228 236 240
7067 44 221 218 219 227
7068 44 222 218 219 227
7069 44 236 237 245 248
7070 44 236 237 245 249
7071 44 230 227 228 236
7072 44 231 227 228 236
7073 44 245 246 254 257
7074 44 245 246 254 258
7075 44 239 236 237 245
7076 44 240 236 237 245
7077 44 254 255 263 266
7078 44 254 255 263 267
7079 44 248 245 246 254
7080 44 249 245 246 254
7081 44 263 264 272 275
7082 44 263 264 272 276
7083 44 257 254 255 263
7084 44 258 254 255 263
7085 44 272 273 281 284
7086 44 272 273 281 285
7087 44 266 263 264 272
7088 44 267 263 264 272
7089 44 281 282 290 293
7090 44 281 282 290 294
7091 44 275 272 273 281
7092 44 276 272 273 281
7093 44 290 291 299 302
7094 44 290 291 299 303
7095 44 284 281 282 290
7096 44 285 281 282 290
7097 44 299 300 308 311
7098 44 299 300 308 312
7099 44 293 290 291 299
7100 44 294 290 291 299
7101 44 308 309 317 320
7102 44 308 309 317 321
7103 44 302 299 300 308
7104 44 303 299 300 308
7105 44 317 318 326 329
7106 44 317 318 326 330
7107 44 311 308 309 317
7108 44 312 308 309 317
7109 44 326 327 335 338
7110 44 326 327 335 339
7111 44 320 317 318 326
7112 44 321 317 318 326
7113 44 335 336 344 347
7114 44 335 336 344 348
7115 44 329 326 327 335
7116 44 330 326 327 335
7117 44 344 345 353 356
7118 44 344 345 353 357
7119 44 338 335 336 344
7120 44 339 335 336 344
7121 44 353 354 362 365
7122 44 353 354 362 366
7123 44 347 344 345 353
7124 44 348 344 345 353
7125 44 362 363 371 374
7126 44 362 363 371 375
7127 44 356 353 354 362
7128 44 357 353 354 362
7129 44 371 372 380 383
7130 44 371 372 380 384
7131 44 365 362 363 371
7132 44 366 362 363 371
7133 44 380 381 389 392
7134 44 380 381 389 393
7135 44 374 371 372 380
7136 44 375 371 372 380
7137 44 389 390 398 401
7138 44 389 390 398 402
7139 44 383 380 381 389
7140 44 384 380 381 389
7141 44 398 399 407 410
7142 44 398 399 407 411
7143 44 392 389 390 398
7144 44 393 389 390 398
7145 44 407 408 416 419
7146 44 407 408 416 420
7147 44 401 398 399 407
7148 44 402 398 399 407
7149 44 416 417 425 428
7150 44 416 417 425 429
7151 44 410 407 408 416
7152 44 411 407 408 416
7153 44 425 426 434 437
7154 44 425 426 434 438
7155 44 419 416 417 425
7156 44 420 416 417 425
7157 44 434 435 443 446
7158 44 434 435 443 447
7159 44 428 425 426 434
7160 44 429 425 426 434
7161 44 437 434 435 443
7162 44 438 434 435 443
7163 44 463 464 472 475
7164 44 463 464 472 476
7165 44 472 473 481 484
7166 44 472 473 481 485
7167 44 466 463 464 472
7168 44 467 463 464 472
7169 44 481 482 490 493
7170 44 481 482 490 494
7171 44 475 472 473 481
7172 44 476 472 473 481
7173 44 490 491 499 502
7174 44 490 491 499 503
7175 44 484 481 482 490
7176 44 485 481 482 490
7177 44 499 500 508 511
7178 44 499 500 508 512
7179 44 493 490 491 499
7180 44 494 490 491 499
7181 44 508 509 517 520
7182 44 508 509 517 521
7183 44 502 499 500 508
7184 44 503 499 500 508
7185 44 517 518 526 529
7186 44 517 518 526 530
7187 44 511 508 509 517
7188 44 512 508 509 517
7189 44 526 527 535 538
7190 44 526 527 535 539
7191 44 520 517 518 526
7192 44 521 517 518 526
7193 44 535 536 544 547
7194 44 535 536 544 548
7195 44 529 526 527 535
7196 44 530 526 527 535
7197 44 544 545 553 556
7198 44 544 545 553 557
7199 44 538 535 536 544
7200 44 539 535 536 544
7201 44 553 554 562 565
7202 44 553 554 562 566
7203 44 547 544 545 553
7204 44 548 544 545 553
7205 44 562 563 571 574
7206 44 562 563 571 575
7207 44 556 553 554 562
7208 44 557 553 554 562
7209 44 571 572 580 583
7210 44 571 572 580 584
7211 44 565 562 563 571
7212 44 566 562 563 571
7213 44 580 581 589 592
7214 44 580 581 589 593
7215 44 574 571 572 580
7216 44 575 571 572 580
7217 44 589 590 598 601
7218 44 589 590 598 602
7219 44 583 580 581 589
7220 44 584 580 581 589
7221 44 598 599 607 610
7222 44 598 599 607 611
7223 44 592 589 590 598
7224 44 593 589 590 598
7225 44 607 608 616 619
7226 44 607 608 616 620
7227 44 601 598 599 607
7228 44 602 598 599 607
7229 44 616 617 625 628
7230 44 616 617 625 629
7231 44 610 607 608 616
7232 44 611 607 608 616
7233 44 625 626 634 637
7234 44 625 626 634 638
7235 44 619 616 617 625
7236 44 620 616 617 625
7237 44 634 635 643 646
7238 44 634 635 643 647
7239 44 628 625 626 634
7240 44 629 625 626 634
7241 44 643 644 652 655
7242 44 643 644 652 656
7243 44 637 634 635 643
7244 44 638 634 635 643
7245 44 652 653 661 664
7246 44 652 653 661 665
7247 44 646 643 644 652
7248 44 647 643 644 652
7249 44 661 662 670 673
7250 44 661 662 670 674
7251 44 655 652 653 661
7252 44 656 652 653 661
7253 44 670 671 679 682
7254 44 670 671 679 683
7255 44 664 661 662 670
7256 44 665 661 662 670
7257 44 679 680 688 691
7258 44 679 680 688 692
7259 44 673 670 671 679
7260 44 674 670 671 679
7261 44 688 689 697 700
7262 44 688 689 697 701
7263 44 682 679 680 688
7264 44 683 679 680 688
7265 44 697 698 706 709
7266 44 697 698 706 710
7267 44 691 688 689 697
7268 44 692 688 689 697
7269 44 706 707 715 718
7270 44 706 707 715 719
7271 44 700 697 698 706
7272 44 701 697 698 706
7273 44 715 716 724 727
7274 44 715 716 724 728
7275 44 709 706 707 715
7276 44 710 706 707 715
7277 44 724 725 733 736
7278 44 724 725 733 737
7279 44 718 715 716 724
7280 44 719 715 716 724
7281 44 733 734 742 745
7282 44 733 734 742 746
7283 44 727 724 725 733
7284 44 728 724 725 733
7285 44 742 743 751 754
7286 44 742 743 751 755
7287 44 736 733 734 742
7288 44 737 733 734 742
7289 44 751 752 760 763
7290 44 751 752 760 764
7291 44 745 742 743 751
7292 44 746 742 743 751
7293 44 760 761 769 772
7294 44 760 761 769 773
7295 44 754 751 752 760
7296 44 755 751 752 760
7297 44 769 770 778 781
7298 44 769 770 778 782
7299 44 763 760 761 769
7300 44 764 760 761 769
7301 44 778 779 787 790
7302 44 778 779 787 791
7303 44 772 769 770 778
7304 44 773 769 770 778
7305 44 787 788 796 799
7306 44 787 788 796 800
7307 44 781 778 779 787
7308 44 782 778 779 787
7309 44 796 797 805 808
7310 44 796 797 805 809
7311 44 790 787 788 796
7312 44 791 787 788 796
7313 44 805 806 814 817
7314 44 805 806 814 818
7315 44 799 796 797 805
7316 44 800 796 797 805
7317 44 814 815 823 826
7318 44 814 815 823 827
7319 44 808 805 806 814
7320 44 809 805 806 814
7321 44 823 824 832 835
7322 44 823 824 832 836
7323 44 817 814 815 823
7324 44 818 814 815 823
7325 44 832 833 841 844
7326 44 832 833 841 845
7327 44 826 823 824 832
7328 44 827 823 824 832
7329 44 841 842 850 853
7330 44 841 842 850 854
7331 44 835 832 833 841
7332 44 836 832 833 841
7333 44 850 851 859 862
7334 44 850 851 859 863
7335 44 844 841 842 850
7336 44 845 841 842 850
7337 44 859 860 868 871
7338 44 859 860 868 872
7339 44 853 850 851 859
7340 44 854 850 851 859
7341 44 868 869 877 880
7342 44 868 869 877 881
7343 44 862 859 860 868
7344 44 863 859 860 868
7345 44 877 878 886 889
7346 44 877 878 886 890
7347 44 871 868 869 877
7348 44 872 868 869 877
7349 44 886 887 895 898
7350 44 886 887 895 899
7351 44 880 877 878 886
7352 44 881 877 878 886
7353 44 889 886 887 895
7354 44 890 886 887 895
7355 44 915 916 924 927
7356 44 915 916 924 928
7357 44 924 925 933 936
7358 44 924 925 933 937
7359 44 918 915 916 924
7360 44 919 915 916 924
7361 44 933 934 942 945
7362 44 933 934 942 946
7363 44 927 924 925 933
7364 44 928 924 925 933
7365 44 942 943 951 954
7366 44 942 943 951 955
7367 44 936 933 934 942
7368 44 937 933 934 942
7369 44 951 952 960 963
7370 44 951 952 960 964
7371 44 945 942 943 951
7372 44 946 942 943 951
7373 44 960 961 969 972
7374 44 960 961 969 973
7375 44 954 951 952 960
7376 44 955 951 952 960
7377 44 969 970 978 981
7378 44 969 970 978 982
7379 44 963 960 961 969
7380 44 964 960 961 969
7381 44 978 979 987 990
7382 44 978 979 987 991
7383 44 972 969 970 978
7384 44 973 969 970 978
7385 44 987 988 996 999
7386 44 987 988 996 1000
7387 44 981 978 979 987
7388 44 982 978 979 987
7389 44 996 997 1005 1008
7390 44 996 997 1005 1009
7391 44 990 987 988 996
7392 44 991 987 988 996
7393 44 1005 1006 1014 1017
7394 44 1005 1006 1014 1018
7395 44 999 996 997 1005
7396 44 1000 996 997 1005
7397 44 1014 1015 1023 1026
7398 44 1014 1015 1023 1027
7399 44 1008 1005 1006 1014
7400 44 1009 1005 1006 1014
7401 44 1023 1024 1032 1035
7402 44 1023 1024 1032 1036
7403 44 1017 1014 1015 1023
7404 44 1018 1014 1015 1023
7405 44 1032 1033 1041 1044
7406 44 1032 1033 1041 1045
7407 44 1026 1023 1024 1032
7408 44 1027 1023 1024 1032
7409 44 1041 1042 1050 1053
7410 44 1041 1042 1050 1054
7411 44 1035 1032 1033 1041
7412 44 1036 1032 1033 1041
7413 44 1050 1051 1059 1062
7414 44 1050 1051 1059 1063
7415 44 1044 1041 1042 1050
7416 44 1045 1041 1042 1050
7417 44 1059 1060 1068 1071
7418 44 1059 1060 1068 1072
7419 44 1053 1050 1051 1059
7420 44 1054 1050 1051 1059
7421 44 1068 1069 1077 1080
7422 44 1068 1069 1077 1081
7423 44 1062 1059 1060 1068
7424 44 1063 1059 1060 1068
7425 44 1077 1078 1086 1089
7426 44 1077 1078 1086 1090
7427 44 1071 1068 1069 1077
7428 44 1072 1068 1069 1077
7429 44 1086 1087 1095 1098
7430 44 1086 1087 1095 1099
7431 44 1080 1077 1078 1086
7432 44 1081 1077 1078 1086
7433 44 1095 1096 1104 1107
7434 44 1095 1096 1104 1108
7435 44 1089 1086 1087 1095
7436 44 1090 1086 1087 1095
7437 44 1104 1105 1113 1116
7438 44 1104 1105 1113 1117
7439 44 1098 1095 1096 1104
7440 44 1099 1095 1096 1104
7441 44 1113 1114 1122 1125
7442 44 1113 1114 1122 1126
7443 44 1107 1104 1105 1113
7444 44 1108 1104 1105 1113
7445 44 1122 1123 1131 1134
7446 44 1122 1123 1131 1135
7447 44 1116 1113 1114 1122
7448 44 1117 1113 1114 1122
7449 44 1131 1132 1140 1143
7450 44 1131 1132 1140 1144
7451 44 1125 1122 1123 1131
7452 44 1126 1122 1123 1131
7453 44 1140 1141 1149 1152
7454 44 1140 1141 1149 1153
7455 44 1134 1131 1132 1140
7456 44 1135 1131 1132 1140
7457 44 1149 1150 1158 1161
7458 44 1149 1150 1158 1162
7459 44 1143 1140 1141 1149
7460 44 1144 1140 1141 1149
7461 44 1158 1159 1167 1170
7462 44 1158 1159 1167 1171
7463 44 1152 1149 1150 1158
7464 44 1153 1149 1150 1158
7465 44 1167 1168 1176 1179
7466 44 1167 1168 1176 1180
7467 44 1161 1158 1159 1167
7468 44 1162 1158 1159 1167
7469 44 1176 1177 1185 1188
7470 44 1176 1177 1185 1189
7471 44 1170 1167 1168 1176
7472 44 1171 1167 1168 1176
7473 44 1185 1186 1194 1197
7474 44 1185 1186 1194 1198
7475 44 1179 1176 1177 1185
7476 44 1180 1176 1177 1185
7477 44 1194 1195 1203 1206
7478 44 1194 1195 1203 1207
7479 44 1188 1185 1186 1194
7480 44 1189 1185 1186 1194
7481 44 1203 1204 1212 1215
7482 44 1203 1204 1212 1216
7483 44 1197 1194 1195 1203
7484 44 1198 1194 1195 1203
7485 44 1212 1213 1221 1224
7486 44 1212 1213 1221 1225
7487 44 1206 1203 1204 1212
7488 44 1207 1203 1204 1212
7489 44 1221 1222 1230 1233
7490 44 1221 1222 1230 1234
7491 44 1215 1212 1213 1221
7492 44 1216 1212 1213 1221
7493 44 1230 1231 1239 1242
7494 44 1230 1231 1239 1243
7495 44 1224 1221 1222 1230
7496 44 1225 1221 1222 1230
7497 44 1239 1240 1248 1251
7498 44 1239 1240 1248 1252
7499 44 1233 1230 1231 1239
7500 44 1234 1230 1231 1239
7501 44 1248 1249 1257 1260
7502 44 1248 1249 1257 1261
7503 44 1242 1239 1240 1248
7504 44 1243 1239 1240 1248
7505 44 1257 1258 1266 1269
7506 44 1257 1258 1266 1270
7507 44 1251 1248 1249 1257
7508 44 1252 1248 1249 1257
7509 44 1266 1267 1275 1278
7510 44 1266 1267 1275 1279
7511 44 1260 1257 1258 1266
7512 44 1261 1257 1258 1266
7513 44 1275 1276 1284 1287
7514 44 1275 1276 1284 1288
7515 44 1269 1266 1267 1275
7516 44 1270 1266 1267 1275
7517 44 1284 1285 1293 1296
7518 44 1284 1285 1293 1297
7519 44 1278 1275 1276 1284
7520 44 1279 1275 1276 1284
7521 44 1293 1294 1302 1305
7522 44 1293 1294 1302 1306
7523 44 1287 1284 1285 1293
7524 44 1288 1284 1285 1293
7525 44 1302 1303 1311 1314
7526 44 1302 1303 1311 1315
7527 44 1296 1293 1294 1302
7528 44 1297 1293 1294 1302
7529 44 1311 1312 1320 1323
7530 44 1311 1312 1320 1324
7531 44 1305 1302 1303 1311
7532 44 1306 1302 1303 1311
7533 44 1320 1321 1329 1332
7534 44 1320 1321 1329 1333
7535 44 1314 1311 1312 1320
7536 44 1315 1311 1312 1320
7537 44 1329 1330 1338 1341
7538 44 1329 1330 1338 1342
7539 44 1323 1320 1321 1329
7540 44 1324 1320 1321 1329
7541 44 1338 1339 1347 1350
7542 44 1338 1339 1347 1351
7543 44 1332 1329 1330 1338
7544 44 1333 1329 1330 1338
7545 44 1341 1338 1339 1347
7546 44 1342 1338 1339 1347
7547 44 1367 1368 1376 1379
7548 44 1367 1368 1376 1380
7549 44 1376 1377 1385 1388
7550 44 1376 1377 1385 1389
7551 44 1370 1367 1368 1376
7552 44 1371 1367 1368 1376
7553 44 1385 1386 1394 1397
7554 44 1385 1386 1394 1398
7555 44 1379 1376 1377 1385
7556 44 1380 1376 1377 1385
7557 44 1394 1395 1403 1406
7558 44 1394 1395 1403 1407
7559 44 1388 1385 1386 1394
7560 44 1389 1385 1386 1394
7561 44 1403 1404 1412 1415
7562 44 1403 1404 1412 1416
7563 44 1397 1394 1395 1403
7564 44 1398 1394 1395 1403
7565 44 1412 1413 1421 1424
7566 44 1412 1413 1421 1425
7567 44 1406 1403 1404 1412
7568 44 1407 1403 1404 1412
7569 44 1421 1422 1430 1433
7570 44 1421 1422 1430 1434
7571 44 1415 1412 1413 1421
7572 44 1416 1412 1413 1421
7573 44 1430 1431 1439 1442
7574 44 1430 1431 1439 1443
7575 44 1424 1421 1422 1430
7576 44 1425 1421 1422 1430
7577 44 1439 1440 1448 1451
7578 44 1439 1440 1448 1452
7579 44 1433 1430 1431 1439
7580 44 1434 1430 1431 1439
7581 44 1448 1449 1457 1460
7582 44 1448 1449 1457 1461
7583 44 1442 1439 1440 1448
7584 44 1443 1439 1440 1448
7585 44 1457 1458 1466 1469
7586 44 1457 1458 1466 1470
7587 44 1451 1448 1449 1457
7588 44 1452 1448 1449 1457
7589 44 1466 1467 1475 1478
7590 44 1466 1467 1475 1479
7591 44 1460 1457 1458 1466
7592 44 1461 1457 1458 1466
7593 44 1475 1476 1484 1487
7594 44 1475 1476 1484 1488
7595 44 1469 1466 1467 1475
7596 44 1470 1466 1467 1475
7597 44 1484 1485 1493 1496
7598 44 1484 1485 1493 1497
7599 44 1478 1475 1476 1484
7600 44 1479 1475 1476 1484
7601 44 1493 1494 1502 1505
7602 44 1493 1494 1502 1506
7603 44 1487 1484 1485 1493
7604 44 1488 1484 1485 1493
7605 44 1502 1503 1511 1514
7606 44 1502 1503 1511 1515
7607 44 1496 1493 1494 1502
7608 44 1497 1493 1494 1502
7609 44 1511 1512 1520 1523
7610 44 1511 1512 1520 1524
7611 44 1505 1502 1503 1511
7612 44 1506 1502 1503 1511
7613 44 1520 1521 1529 1532
7614 44 1520 1521 1529 1533
7615 44 1514 1511 1512 1520
7616 44 1515 1511 1512 1520
7617 44 1529 1530 1538 1541
7618 44 1529 1530 1538 1542
7619 44 1523 1520 1521 1529
7620 44 1524 1520 1521 1529
7621 44 1538 1539 1547 1550
7622 44 1538 1539 1547 1551
7623 44 1532 1529 1530 1538
7624 44 1533 1529 1530 1538
7625 44 1547 1548 1556 1559
7626 44 1547 1548 1556 1560
7627 44 1541 1538 1539 1547
7628 44 1542 1538 1539 1547
7629 44 1556 1557 1565 1568
7630 44 1556 1557 1565 1569
7631 44 1550 1547 1548 1556
7632 44 1551 1547 1548 1556
7633 44 1565 1566 1574 1577
7634 44 1565 1566 1574 1578
7635 44 1559 1556 1557 1565
7636 44 1560 1556 1557 1565
7637 44 1574 1575 1583 1586
7638 44 1574 1575 1583 1587
7639 44 1568 1565 1566 1574
7640 44 1569 1565 1566 1574
7641 44 1583 1584 1592 1595
7642 44 1583 1584 1592 1596
7643 44 1577 1574 1575 1583
7644 44 1578 1574 1575 1583
7645 44 1592 1593 1601 1604
7646 44 1592 1593 1601 1605
7647 44 1586 1583 1584 1592
7648 44 1587 1583 1584 1592
7649 44 1601 1602 1610 1613
7650 44 1601 1602 1610 1614
7651 44 1595 1592 1593 1601
7652 44 1596 1592 1593 1601
7653 44 1610 1611 1619 1622
7654 44 1610 1611 1619 1623
7655 44 1604 1601 1602 1610
7656 44 1605 1601 1602 1610
7657 44 1619 1620 1628 1631
7658 44 1619 1620 1628 1632
7659 44 1613 1610 1611 1619
7660 44 1614 1610 1611 1619
7661 44 1628 1629 1637 1640
7662 44 1628 1629 1637 1641
7663 44 1622 1619 1620 1628
7664 44 1623 1619 1620 1628
7665 44 1637 1638 1646 1649
7666 44 1637 1638 1646 1650
7667 44 1631 1628 1629 1637
7668 44 1632 1628 1629 1637
7669 44 1646 1647 1655 1658
7670 44 1646 1647 1655 1659
7671 44 1640 1637 1638 1646
7672 44 1641 1637 1638 1646
7673 44 1655 1656 1664 1667
7674 44 1655 1656 1664 1668
7675 44 1649 1646 1647 1655
7676 44 1650 1646 1647 1655
7677 44 1664 1665 1673 1676
7678 44 1664 1665 1673 1677
7679 44 1658 1655 1656 1664
7680 44 1659 1655 1656 1664
7681 44 1673 1674 1682 1685
7682 44 1673 1674 1682 1686
7683 44 1667 1664 1665 1673
7684 44 1668 1664 1665 1673
7685 44 1682 1683 1691 1694
7686 44 1682 1683 1691 1695
7687 44 1676 1673 1674 1682
7688 44 1677 1673 1674 1682
7689 44 1691 1692 1700 1703
7690 44 1691 1692 1700 1704
7691 44 1685 1682 1683 1691
7692 44 1686 1682 1683 1691
7693 44 1700 1701 1709 1712
7694 44 1700 1701 1709 1713
7695 44 1694 1691 1692 1700
7696 44 1695 1691 1692 1700
7697 44 1709 1710 1718 1721
7698 44 1709 1710 1718 1722
7699 44 1703 1700 1701 1709
7700 44 1704 1700 1701 1709
7701 44 1718 1719 1727 1730
7702 44 1718 1719 1727 1731
7703 44 1712 1709 1710 1718
7704 44 1713 1709 1710 1718
7705 44 1727 1728 1736 1739
7706 44 1727 1728 1736 1740
7707 44 1721 1718 1719 1727
7708 44 1722 1718 1719 1727
7709 44 1736 1737 1745 1748
7710 44 1736 1737 1745 1749
7711 44 1730 1727 1728 1736
7712 44 1731 1727 1728 1736
7713 44 1745 1746 1754 1757
7714 44 1745 1746 1754 1758
7715 44 1739 1736 1737 1745
7716 44 1740 1736 1737 1745
7717 44 1754 1755 1763 1766
7718 44 1754 1755 1763 1767
7719 44 1748 1745 1746 1754
7720 44 1749 1745 1746 1754
7721 44 1763 1764 1772 1775
7722 44 1763 1764 1772 1776
7723 44 1757 1754 1755 1763
7724 44 1758 1754 1755 1763
7725 44 1772 1773 1781 1784
7726 44 1772 1773 1781 1785
7727 44 1766 1763 1764 1772
7728 44 1767 1763 1764 1772
7729 44 1781 1782 1790 1793
7730 44 1781 1782 1790 1794
7731 44 1775 1772 1773 1781
7732 44 1776 1772 1773 1781
7733 44 1790 1791 1799 1802
7734 44 1790 1791 1799 1803
7735 44 1784 1781 1782 1790
7736 44 1785 1781 1782 1790
7737 44 1793 1790 1791 1799
7738 44 1794 1790 1791 1799
7739 44 1819 1820 1828 1831
7740 44 1819 1820 1828 1832
7741 44 1828 1829 1837 1840
7742 44 1828 1829 1837 1841
7743 44 1822 1819 1820 1828
7744 44 1823 1819 1820 1828
7745 44 1837 1838 1846 1849
7746 44 1837 1838 1846 1850
7747 44 1831 1828 1829 1837
7748 44 1832 1828 1829 1837
7749 44 1846 1847 1855 1858
7750 44 1846 1847 1855 1859
7751 44 1840 1837 1838 1846
7752 44 1841 1837 1838 1846
7753 44 1855 1856 1864 1867
7754 44 1855 1856 1864 1868
7755 44 1849 1846 1847 1855
7756 44 1850 1846 1847 1855
7757 44 1864 1865 1873 1876
7758 44 1864 1865 1873 1877
7759 44 1858 1855 1856 1864
7760 44 1859 1855 1856 1864
7761 44 1873 1874 1882 1885
7762 44 1873 1874 1882 1886
7763 44 1867 1864 1865 1873
7764 44 1868 1864 1865 1873
7765 44 1882 1883 1891 1894
7766 44 1882 1883 1891 1895
7767 44 1876 1873 1874 1882
7768 44 1877 1873 1874 1882
7769 44 1891 1892 1900 1903
7770 44 1891 1892 1900 1904
7771 44 1885 1882 1883 1891
7772 44 1886 1882 1883 1891
7773 44 1900 1901 1909 1912
7774 44 1900 1901 1909 1913
7775 44 1894 1891 1892 1900
7776 44 1895 1891 1892 1900
7777 44 1909 1910 1918 1921
7778 44 1909 1910 1918 1922
7779 44 1903 1900 1901 1909
7780 44 1904 1900 1901 1909
7781 44 1918 1919 1927 1930
7782 44 1918 1919 1927 1931
7783 44 1912 1909 1910 1918
7784 44 1913 1909 1910 1918
7785 44 1927 1928 1936 1939
7786 44 1927 1928 1936 1940
7787 44 1921 1918 1919 1927
7788 44 1922 1918 1919 1927
7789 44 1936 1937 1945 1948
7790 44 1936 1937 1945 1949
7791 44 1930 1927 1928 1936
7792 44 1931 1927 1928 1936
7793 44 1945 1946 1954 1957
7794 44 1945 1946 1954 1958
7795 44 1939 1936 1937 1945
7796 44 1940 1936 1937 1945
7797 44 1954 1955 1963 1966
7798 44 1954 1955 1963 1967
7799 44 1948 1945 1946 1954
7800 44 1949 1945 1946 1954
7801 44 1963 1964 1972 1975
7802 44 1963 1964 1972 1976
7803 44 1957 1954 1955 1963
7804 44 1958 1954 1955 1963
7805 44 1972 1973 1981 1984
7806 44 1972 1973 1981 1985
7807 44 1966 1963 1964 1972
7808 44 1967 1963 1964 1972
7809 44 1981 1982 1990 1993
7810 44 1981 1982 1990 1994
7811 44 1975 1972 1973 1981
7812 44 1976 1972 1973 1981
7813 44 1990 1991 1999 2002
7814 44 1990 1991 1999 2003
7815 44 1984 1981 1982 1990
7816 44 1985 1981 1982 1990
7817 44 1999 2000 2008 2011
7818 44 1999 2000 2008 2012
7819 44 1993 1990 1991 1999
7820 44 1994 1990 1991 1999
7821 44 2008 2009 2017 2020
7822 44 2008 2009 2017 2021
7823 44 2002 1999 2000 2008
7824 44 2003 1999 2000 2008
7825 44 2017 2018 2026 2029
7826 44 2017 2018 2026 2030
7827 44 2011 2008 2009 2017
7828 44 2012 2008 2009 2017
7829 44 2026 2027 2035 2038
7830 44 2026 2027 2035 2039
7831 44 2020 2017 2018 2026
7832 44 2021 2017 2018 2026
7833 44 2035 2036 2044 2047
7834 44 2035 2036 2044 2048
7835 44 2029 2026 2027 2035
7836 44 2030 2026 2027 2035
7837 44 2044 2045 2053 2056
7838 44 2044 2045 2053 2057
7839 44 2038 2035 2036 2044
7840 44 2039 2035 2036 2044
7841 44 2053 2054 2062 2065
7842 44 2053 2054 2062 2066
7843 44 2047 2044 2045 2053
7844 44 2048 2044 2045 2053
7845 44 2062 2063 2071 2074
7846 44 2062 2063 2071 2075
7847 44 2056 2053 2054 2062
7848 44 2057 2053 2054 2062
7849 44 2071 2072 2080 2083
7850 44 2071 2072 2080 2084
7851 44 2065 2062 2063 2071
7852 44 2066 2062 2063 2071
7853 44 2080 2081 2089 2092
7854 44 2080 2081 2089 2093
7855 44 2074 2071 2072 2080
7856 44 2075 2071 2072 2080
7857 44 2089 2090 2098 2101
7858 44 2089 2090 2098 2102
7859 44 2083 2080 2081 2089
7860 44 2084 2080 2081 2089
7861 44 2098 2099 2107 2110
7862 44 2098 2099 2107 2111
7863 44 2092 2089 2090 2098
7864 44 2093 2089 2090 2098
7865 44 2107 2108 2116 2119
7866 44 2107 2108 2116 2120
7867 44 2101 2098 2099 2107
7868 44 2102 2098 2099 2107
7869 44 2116 2117 2125 2128
7870 44 2116 2117 2125 2129
7871 44 2110 2107 2108 2116
7872 44 2111 2107 2108 2116
7873 44 2125 2126 2134 2137
7874 44 2125 2126 2134 2138
7875 44 2119 2116 2117 2125
7876 44 2120 2116 2117 2125
7877 44 2134 2135 2143 2146
7878 44 2134 2135 2143 2147
7879 44 2128 2125 2126 2134
7880 44 2129 2125 2126 2134
7881 44 2143 2144 2152 2155
7882 44 2143 2144 2152 2156
7883 44 2137 2134 2135 2143
7884 44 2138 2134 2135 2143
7885 44 2152 2153 2161 2164
7886 44 2152 2153 2161 2165
7887 44 2146 2143 2144 2152
7888 44 2147 2143 2144 2152
7889 44 2161 2162 2170 2173
7890 44 2161 2162 2170 2174
7891 44 2155 2152 2153 2161
7892 44 2156 2152 2153 2161
7893 44 2170 2171 2179 2182
7894 44 2170 2171 2179 2183
7895 44 2164 2161 2162 2170
7896 44 2165 2161 2162 2170
7897 44 2179 2180 2188 2191
7898 44 2179 2180 2188 2192
7899 44 2173 2170 2171 2179
7900 44 2174 2170 2171 2179
7901 44 2188 2189 2197 2200
7902 44 2188 2189 2197 2201
7903 44 2182 2179 2180 2188
7904 44 2183 2179 2180 2188
7905 44 2197 2198 2206 2209
7906 44 2197 2198 2206 2210
7907 44 2191 2188 2189 2197
7908 44 2192 2188 2189 2197
7909 44 2206 2207 2215 2218
7910 44 2206 2207 2215 2219
7911 44 2200 2197 2198 2206
7912 44 2201 2197 2198 2206
7913 44 2215 2216 2224 2227
7914 44 2215 2216 2224 2228
7915 44 2209 2206 2207 2215
7916 44 2210 2206 2207 2215
7917 44 2224 2225 2233 2236
7918 44 2224 2225 2233 2237
7919 44 2218 2215 2216 2224
7920 44 2219 2215 2216 2224
7921 44 2233 2234 2242 2245
7922 44 2233 2234 2242 2246
7923 44 2227 2224 2225 2233
7924 44 2228 2224 2225 2233
7925 44 2242 2243 2251 2254
7926 44 2242 2243 2251 2255
7927 44 2236 2233 2234 2242
7928 44 2237 2233 2234 2242
7929 44 2245 2242 2243 2251
7930 44 2246 2242 2243 2251
7931 44 2271 2272 2280 2283
7932 44 2271 2272 2280 2284
7933 44 2280 2281 2289 2292
7934 44 2280 2281 2289 2293
7935 44 2274 2271 2272 2280
7936 44 2275 2271 2272 2280
7937 44 2289 2290 2298 2301
7938 44 2289 2290 2298 2302
7939 44 2283 2280 2281 2289
7940 44 2284 2280 2281 2289
7941 44 2298 2299 2307 2310
7942 44 2298 2299 2307 2311
7943 44 2292 2289 2290 2298
7944 44 2293 2289 2290 2298
7945 44 2307 2308 2316 2319
7946 44 2307 2308 2316 2320
7947 44 2301 2298 2299 2307
7948 44 2302 2298 2299 2307
7949 44 2316 2317 2325 2328
7950 44 2316 2317 2325 2329
7951 44 2310 2307 2308 2316
7952 44 2311 2307 2308 2316
7953 44 2325 2326 2334 2337
7954 44 2325 2326 2334 2338
7955 44 2319 2316 2317 2325
7956 44 2320 2316 2317 2325
7957 44 2334 2335 2343 2346
7958 44 2334 2335 2343 2347
7959 44 2328 2325 2326 2334
7960 44 2329 2325 2326 2334
7961 44 2343 2344 2352 2355
7962 44 2343 2344 2352 2356
7963 44 2337 2334 2335 2343
7964 44 2338 2334 2335 2343
7965 44 2352 2353 2361 2364
7966 44 2352 2353 2361 2365
7967 44 2346 2343 2344 2352
7968 44 2347 2343 2344 2352
7969 44 2361 2362 2370 2373
7970 44 2361 2362 2370 2374
7971 44 2355 2352 2353 2361
7972 44 2356 2352 2353 2361
7973 44 2370 2371 2379 2382
7974 44 2370 2371 2379 2383
7975 44 2364 2361 2362 2370
7976 44 2365 2361 2362 2370
7977 44 2379 2380 2388 2391
7978 44 2379 2380 2388 2392
7979 44 2373 2370 2371 2379
7980 44 2374 2370 2371 2379
7981 44 2388 2389 2397 2400
7982 44 2388 2389 2397 2401
7983 44 2382 2379 2380 2388
7984 44 2383 2379 2380 2388
7985 44 2397 2398 2406 2409
7986 44 2397 2398 2406 2410
7987 44 2391 2388 2389 2397
7988 44 2392 2388 2389 2397
7989 44 2406 2407 2415 2418
7990 44 2406 2407 2415 2419
7991 44 2400 2397 2398 2406
7992 44 2401 2397 2398 2406
7993 44 2415 2416 2424 2427
7994 44 2415 2416 2424 2428
7995 44 2409 2406 2407 2415
7996 44 2410 2406 2407 2415
7997 44 2424 2425 2433 2436
7998 44 2424 2425 2433 2437
7999 44 2418 2415 2416 2424
8000 44 2419 2415 2416 2424
8001 44 2433 2434 2442 2445
8002 44 2433 2434 2442 2446
8003 44 2427 2424 2425 2433
8004 44 2428 2424 2425 2433
8005 44 2442 2443 2451 2454
8006 44 2442 2443 2451 2455
8007 44 2436 2433 2434 2442
8008 44 2437 2433 2434 2442
8009 44 2451 2452 2460 2463
8010 44 2451 2452 2460 2464
8011 44 2445 2442 2443 2451
8012 44 2446 2442 2443 2451
8013 44 2460 2461 2469 2472
8014 44 2460 2461 2469 2473
8015 44 2454 2451 2452 2460
8016 44 2455 2451 2452 2460
8017 44 2469 2470 2478 2481
8018 44 2469 2470 2478 2482
8019 44 2463 2460 2461 2469
8020 44 2464 2460 2461 2469
8021 44 2478 2479 2487 2490
8022 44 2478 2479 2487 2491
8023 44 2472 2469 2470 2478
8024 44 2473 2469 2470 2478
8025 44 2487 2488 2496 2499
8026 44 2487 2488 2496 2500
8027 44 2481 2478 2479 2487
8028 44 2482 2478 2479 2487
8029 44 2496 2497 2505 2508
8030 44 2496 2497 2505 2509
8031 44 2490 2487 2488 2496
8032 44 2491 2487 2488 2496
8033 44 2505 2506 2514 2517
8034 44 2505 2506 2514 2518
8035 44 2499 2496 2497 2505
8036 44 2500 2496 2497 2505
8037 44 2514 2515 2523 2526
8038 44 2514 2515 2523 2527
8039 44 2508 2505 2506 2514
8040 44 2509 2505 2506 2514
8041 44 2523 2524 2532 2535
8042 44 2523 2524 2532 2536
8043 44 2517 2514 2515 2523
8044 44 2518 2514 2515 2523
8045 44 2532 2533 2541 2544
8046 44 2532 2533 2541 2545
8047 44 2526 2523 2524 2532
8048 44 2527 2523 2524 2532
8049 44 2541 2542 2550 2553
8050 44 2541 2542 2550 2554
8051 44 2535 2532 2533 2541
8052 44 2536 2532 2533 2541
8053 44 2550 2551 2559 2562
8054 44 2550 2551 2559 2563
8055 44 2544 2541 2542 2550
8056 44 2545 2541 2542 2550
8057 44 2559 2560 2568 2571
8058 44 2559 2560 2568 2572
8059 44 2553 2550 2551 2559
8060 44 2554 2550 2551 2559
8061 44 2568 2569 2577 2580
8062 44 2568 2569 2577 2581
8063 44 2562 2559 2560 2568
8064 44 2563 2559 2560 2568
8065 44 2577 2578 2586 2589
8066 44 2577 2578 2586 2590
8067 44 2571 2568 2569 2577
8068 44 2572 2568 2569 2577
8069 44 2586 2587 2595 2598
8070 44 2586 2587 2595 2599
8071 44 2580 2577 2578 2586
8072 44 2581 2577 2578 2586
8073 44 2595 2596 2604 2607
8074 44 2595 2596 2604 2608
8075 44 2589 2586 2587 2595
8076 44 2590 2586 2587 2595
8077 44 2604 2605 2613 2616
8078 44 2604 2605 2613 2617
8079 44 2598 2595 2596 2604
8080 44 2599 2595 2596 2604
8081 44 2613 2614 2622 2625
8082 44 2613 2614 2622 2626
8083 44 2607 2604 2605 2613
8084 44 2608 2604 2605 2613
8085 44 2622 2623 2631 2634
8086 44 2622 2623 2631 2635
8087 44 2616 2613 2614 2622
8088 44 2617 2613 2614 2622
8089 44 2631 2632 2640 2643
8090 44 2631 2632 2640 2644
8091 44 2625 2622 2623 2631
8092 44 2626 2622 2623 2631
8093 44 2640 2641 2649 2652
8094 44 2640 2641 2649 2653
8095 44 2634 2631 2632 2640
8096 44 2635 2631 2632 2640
8097 44 2649 2650 2658 2661
8098 44 2649 2650 2658 2662
8099 44 2643 2640 2641 2649
8100 44 2644 2640 2641 2649
8101 44 2658 2659 2667 2670
8102 44 2658 2659 2667 2671
8103 44 2652 2649 2650 2658
8104 44 2653 2649 2650 2658
8105 44 2667 2668 2676 2679
8106 44 2667 2668 2676 2680
8107 44 2661 2658 2659 2667
8108 44 2662 2658 2659 2667
8109 44 2676 2677 2685 2688
8110 44 2676 2677 2685 2689
8111 44 2670 2667 2668 2676
8112 44 2671 2667 2668 2676
8113 44 2685 2686 2694 2697
8114 44 2685 2686 2694 2698
8115 44 2679 2676 2677 2685
8116 44 2680 2676 2677 2685
8117 44 2694 2695 2703 2706
8118 44 2694 2695 2703 2707
8119 44 2688 2685 2686 2694
8120 44 2689 2685 2686 2694
8121 44 2697 2694 2695 2703
8122 44 2698 2694 2695 2703
8123 44 2723 2724 2732 2735
8124 44 2723 2724 2732 2736
8125 44 2732 2733 2741 2744
8126 44 2732 2733 2741 2745
8127 44 2726 2723 2724 2732
8128 44 2727 2723 2724 2732
8129 44 2741 2742 2750 2753
8130 44 2741 2742 2750 2754
8131 44 2735 2732 2733 2741
8132 44 2736 2732 2733 2741
8133 44 2750 2751 2759 2762
8134 44 2750 2751 2759 2763
8135 44 2744 2741 2742 2750
8136 44 2745 2741 2742 2750
8137 44 2759 2760 2768 2771
8138 44 2759 2760 2768 2772
8139 44 2753 2750 2751 2759
8140 44 2754 2750 2751 2759
8141 44 2768 2769 2777 2780
8142 44 2768 2769 2777 2781
8143 44 2762 2759 2760 2768
8144 44 2763 2759 2760 2768
8145 44 2777 2778 2786 2789
8146 44 2777 2778 2786 2790
8147 44 2771 2768 2769 2777
8148 44 2772 2768 2769 2777
8149 44 2786 2787 2795 2798
8150 44 2786 2787 2795 2799
8151 44 2780 2777 2778 2786
8152 44 2781 2777 2778 2786
8153 44 2795 2796 2804 2807
8154 44 2795 2796 2804 2808
8155 44 2789 2786 2787 2795
8156 44 2790 2786 2787 2795
8157 44 2804 2805 2813 2816
8158 44 2804 2805 2813 2817
8159 44 2798 2795 2796 2804
8160 44 2799 2795 2796 2804
8161 44 2813 2814 2822 2825
8162 44 2813 2814 2822 2826
8163 44 2807 2804 2805 2813
8164 44 2808 2804 2805 2813
8165 44 2822 2823 2831 2834
8166 44 2822 2823 2831 2835
8167 44 2816 2813 2814 2822
8168 44 2817 2813 2814 2822
8169 44 2831 2832 2840 2843
8170 44 2831 2832 2840 2844
8171 44 2825 2822 2823 2831
8172 44 2826 2822 2823 2831
8173 44 2840 2841 2849 2852
8174 44 2840 2841 2849 2853
8175 44 2834 2831 2832 2840
8176 44 2835 2831 2832 2840
8177 44 2849 2850 2858 2861
8178 44 2849 2850 2858 2862
8179 44 2843 2840 2841 2849
8180 44 2844 2840 2841 2849
8181 44 2858 2859 2867 2870
8182 44 2858 2859 2867 2871
8183 44 2852 2849 2850 2858
8184 44 2853 2849 2850 2858
8185 44 2867 2868 2876 2879
8186 44 2867 2868 2876 2880
8187 44 2861 2858 2859 2867
8188 44 2862 2858 2859 2867
8189 44 2876 2877 2885 2888
8190 44 2876 2877 2885 2889
8191 44 2870 2867 2868 2876
8192 44 2871 2867 2868 2876
8193 44 2885 2886 2894 2897
8194 44 2885 2886 2894 2898
8195 44 2879 2876 2877 2885
8196 44 2880 2876 2877 2885
8197 44 2894 2895 2903 2906
8198 44 2894 2895 2903 2907
8199 44 2888 2885 2886 2894
8200 44 2889 2885 2886 2894
8201 44 2903 2904 2912 2915
8202 44 2903 2904 2912 2916
8203 44 2897 2894 2895 2903
8204 44 2898 2894 2895 2903
8205 44 2912 2913 2921 2924
8206 44 2912 2913 2921 2925
8207 44 2906 2903 2904 2912
8208 44 2907 2903 2904 2912
8209 44 2921 2922 2930 2933
8210 44 2921 2922 2930 2934
8211 44 2915 2912 2913 2921
8212 44 2916 2912 2913 2921
8213 44 2930 2931 2939 2942
8214 44 2930 2931 2939 2943
8215 44 2924 2921 2922 2930
8216 44 2925 2921 2922 2930
8217 44 2939 2940 2948 2951
8218 44 2939 2940 2948 2952
8219 44 2933 2930 2931 2939
8220 44 2934 2930 2931 2939
8221 44 2948 2949 2957 2960
8222 44 2948 2949 2957 2961
8223 44 2942 2939 2940 2948
8224 44 2943 2939 2940 2948
8225 44 2957 2958 2966 2969
8226 44 2957 2958 2966 2970
8227 44 2951 2948 2949 2957
8228 44 2952 2948 2949 2957
8229 44 2966 2967 2975 2978
8230 44 2966 2967 2975 2979
8231 44 2960 2957 2958 2966
8232 44 2961 2957 2958 2966
8233 44 2975 2976 2984 2987
8234 44 2975 2976 2984 2988
8235 44 2969 2966 2967 2975
8236 44 2970 2966 2967 2975
8237 44 2984 2985 2993 2996
8238 44 2984 2985 2993 2997
8239 44 2978 2975 2976 2984
8240 44 2979 2975 2976 2984
8241 44 2993 2994 3002 3005
8242 44 2993 2994 3002 3006
8243 44 2987 2984 2985 2993
8244 44 2988 2984 2985 2993
8245 44 3002 3003 3011 3014
8246 44 3002 3003 3011 3015
8247 44 2996 2993 2994 3002
8248 44 2997 2993 2994 3002
8249 44 3011 3012 3020 3023
8250 44 3011 3012 3020 3024
8251 44 3005 3002 3003 3011
8252 44 3006 3002 3003 3011
8253 44 3020 3021 3029 3032
8254 44 3020 3021 3029 3033
8255 44 3014 3011 3012 3020
8256 44 3015 3011 3012 3020
8257 44 3029 3030 3038 3041
8258 44 3029 3030 3038 3042
8259 44 3023 3020 3021 3029
8260 44 3024 3020 3021 3029
8261 44 3038 3039 3047 3050
8262 44 3038 3039 3047 3051
8263 44 3032 3029 3030 3038
8264 44 3033 3029 3030 3038
8265 44 3047 3048 3056 3059
8266 44 3047 3048 3056 3060
8267 44 3041 3038 3039 3047
8268 44 3042 3038 3039 3047
8269 44 3056 3057 3065 3068
8270 44 3056 3057 3065 3069
8271 44 3050 3047 3048 3056
8272 44 3051 3047 3048 3056
8273 44 3065 3066 3074 3077
8274 44 3065 3066 3074 3078
8275 44 3059 3056 3057 3065
8276 44 3060 3056 3057 3065
8277 44 3074 3075 3083 3086
8278 44 3074 3075 3083 3087
8279 44 3068 3065 3066 3074
8280 44 3069 3065 3066 3074
8281 44 3083 3084 3092 3095
8282 44 3083 3084 3092 3096
8283 44 3077 3074 3075 3083
8284 44 3078 3074 3075 3083
8285 44 3092 3093 3101 3104
8286 44 3092 3093 3101 3105
8287 44 3086 3083 3084 3092
8288 44 3087 3083 3084 3092
8289 44 3101 3102 3110 3113
8290 44 3101 3102 3110 3114
8291 44 3095 3092 3093 3101
8292 44 3096 3092 3093 3101
8293 44 3110 3111 3119 3122
8294 44 3110 3111 3119 3123
8295 44 3104 3101 3102 3110
8296 44 3105 3101 3102 3110
8297 44 3119 3120 3128 3131
8298 44 3119 3120 3128 3132
8299 44 3113 3110 3111 3119
8300 44 3114 3110 3111 3119
8301 44 3128 3129 3137 3140
8302 44 3128 3129 3137 3141
8303 44 3122 3119 3120 3128
8304 44 3123 3119 3120 3128
8305 44 3137 3138 3146 3149
8306 44 3137 3138 3146 3150
8307 44 3131 3128 3129 3137
8308 44 3132 3128 3129 3137
8309 44 3146 3147 3155 3158
8310 44 3146 3147 3155 3159
8311 44 3140 3137 3138 3146
8312 44 3141 3137 3138 3146
8313 44 3149 3146 3147 3155
8314 44 3150 3146 3147 3155
8315 44 3175 3176 3184 3187
8316 44 3175 3176 3184 3188
8317 44 3184 3185 3193 3196
8318 44 3184 3185 3193 3197
8319 44 3178 3175 3176 3184
8320 44 3179 3175 3176 3184
8321 44 3193 3194 3202 3205
8322 44 3193 3194 3202 3206
8323 44 3187 3184 3185 3193
8324 44 3188 3184 3185 3193
8325 44 3202 3203 3211 3214
8326 44 3202 3203 3211 3215
8327 44 3196 3193 3194 3202
8328 44 3197 3193 3194 3202
8329 44 3211 3212 3220 3223
8330 44 3211 3212 3220 3224
8331 44 3205 3202 3203 3211
8332 44 3206 3202 3203 3211
8333 44 3220 3221 3229 3232
8334 44 3220 3221 3229 3233
8335 44 3214 3211 3212 3220
8336 44 3215 3211 3212 3220
8337 44 3229 3230 3238 3241
8338 44 3229 3230 3238 3242
8339 44 3223 3220 3221 3229
8340 44 3224 3220 3221 3229
8341 44 3238 3239 3247 3250
8342 44 3238 3239 3247 3251
8343 44 3232 3229 3230 3238
8344 44 3233 3229 3230 3238
8345 44 3247 3248 3256 3259
8346 44 3247 3248 3256 3260
8347 44 3241 3238 3239 3247
8348 44 3242 3238 3239 3247
8349 44 3256 3257 3265 3268
8350 44 3256 3257 3265 3269
8351 44 3250 3247 3248 3256
8352 44 3251 3247 3248 3256
8353 44 3265 3266 3274 3277
8354 44 3265 3266 3274 3278
8355 44 3259 3256 3257 3265
8356 44 3260 3256 3257 3265
8357 44 3274 3275 3283 3286
8358 44 3274 3275 3283 3287
8359 44 3268 3265 3266 3274
8360 44 3269 3265 3266 3274
8361 44 3283 3284 3292 3295
8362 44 3283 3284 3292 3296
8363 44 3277 3274 3275 3283
8364 44 3278 3274 3275 3283
8365 44 3292 3293 3301 3304
8366 44 3292 3293 3301 3305
8367 44 3286 3283 3284 3292
8368 44 3287 3283 3284 3292
8369 44 3301 3302 3310 3313
8370 44 3301 3302 3310 3314
8371 44 3295 3292 3293 3301
8372 44 3296 3292 3293 3301
8373 44 3310 3311 3319 3322
8374 44 3310 3311 3319 3323
8375 44 3304 3301 3302 3310
8376 44 3305 3301 3302 3310
8377 44 3319 3320 3328 3331
8378 44 3319 3320 3328 3332
8379 44 3313 3310 3311 3319
8380 44 3314 3310 3311 3319
8381 44 3328 3329 3337 3340
8382 44 3328 3329 3337 3341
8383 44 3322 3319 3320 3328
8384 44 3323 3319 3320 3328
8385 44 3337 3338 3346 3349
8386 44 3337 3338 3346 3350
8387 44 3331 3328 3329 3337
8388 44 3332 3328 3329 3337
8389 44 3346 3347 3355 3358
8390 44 3346 3347 3355 3359
8391 44 3340 3337 3338 3346
8392 44 3341 3337 3338 3346
8393 44 3355 3356 3364 3367
8394 44 3355 3356 3364 3368
8395 44 3349 3346 3347 3355
8396 44 3350 3346 3347 3355
8397 44 3364 3365 3373 3376
8398 44 3364 3365 3373 3377
8399 44 3358 3355 3356 3364
8400 44 3359 3355 3356 3364
8401 44 3373 3374 3382 3385
8402 44 3373 3374 3382 3386
8403 44 3367 3364 3365 3373
8404 44 3368 3364 3365 3373
8405 44 3382 3383 3391 3394
8406 44 3382 3383 3391 3395
8407 44 3376 3373 3374 3382
8408 44 3377 3373 3374 3382
8409 44 3391 3392 3400 3403
8410 44 3391 3392 3400 3404
8411 44 3385 3382 3383 3391
8412 44 3386 3382 3383 3391
8413 44 3400 3401 3409 3412
8414 44 3400 3401 3409 3413
8415 44 3394 3391 3392 3400
8416 44 3395 3391 3392 3400
8417 44 3409 3410 3418 3421
8418 44 3409 3410 3418 3422
8419 44 3403 3400 3401 3409
8420 44 3404 3400 3401 3409
8421 44 3418 3419 3427 3430
8422 44 3418 3419 3427 3431
8423 44 3412 3409 3410 3418
8424 44 3413 3409 3410 3418
8425 44 3427 3428 3436 3439
8426 44 3427 3428 3436 3440
8427 44 3421 3418 3419 3427
8428 44 3422 3418 3419 3427
8429 44 3436 3437 3445 3448
8430 44 3436 3437 3445 3449
8431 44 3430 3427 3428 3436
8432 44 3431 3427 3428 3436
8433 44 3445 3446 3454 3457
8434 44 3445 3446 3454 3458
8435 44 3439 3436 3437 3445
8436 44 3440 3436 3437 3445
8437 44 3454 3455 3463 3466
8438 44 3454 3455 3463 3467
8439 44 3448 3445 3446 3454
8440 44 3449 3445 3446 3454
8441 44 3463 3464 3472 3475
8442 44 3463 3464 3472 3476
8443 44 3457 3454 3455 3463
8444 44 3458 3454 3455 3463
8445 44 3472 3473 3481 3484
8446 44 3472 3473 3481 3485
8447 44 3466 3463 3464 3472
8448 44 3467 3463 3464 3472
8449 44 3481 3482 3490 3493
8450 44 3481 3482 3490 3494
8451 44 3475 3472 3473 3481
8452 44 3476 3472 3473 3481
8453 44 3490 3491 3499 3502
8454 44 3490 3491 3499 3503
8455 44 3484 3481 3482 3490
8456 44 3485 3481 3482 3490
8457 44 3499 3500 3508 3511
8458 44 3499 3500 3508 3512
8459 44 3493 3490 3491 3499
8460 44 3494 3490 3491 3499
8461 44 3508 3509 3517 3520
8462 44 3508 3509 3517 3521
8463 44 3502 3499 3500 3508
8464 44 3503 3499 3500 3508
8465 44 3517 3518 3526 3529
8466 44 3517 3518 3526 3530
8467 44 3511 3508 3509 3517
8468 44 3512 3508 3509 3517
8469 44 3526 3527 3535 3538
8470 44 3526 3527 3535 3539
8471 44 3520 3517 3518 3526
8472 44 3521 3517 3518 3526
8473 44 3535 3536 3544 3547
8474 44 3535 3536 3544 3548
8475 44 3529 3526 3527 3535
8476 44 3530 3526 3527 3535
8477 44 3544 3545 3553 3556
8478 44 3544 3545 3553 3557
8479 44 3538 3535 3536 3544
8480 44 3539 3535 3536 3544
8481 44 3553 3554 3562 3565
8482 44 3553 3554 3562 3566
8483 44 3547 3544 3545 3553
8484 44 3548 3544 3545 3553
8485 44 3562 3563 3571 3574
8486 44 3562 3563 3571 3575
8487 44 3556 3553 3554 3562
8488 44 3557 3553 3554 3562
8489 44 3571 3572 3580 3583
8490 44 3571 3572 3580 3584
8491 44 3565 3562 3563 3571
8492 44 3566 3562 3563 3571
8493 44 3580 3581 3589 3592
8494 44 3580 3581 3589 3593
8495 44 3574 3571 3572 3580
8496 44 3575 3571 3572 3580
8497 44 3589 3590 3598 3601
8498 44 3589 3590 3598 3602
8499 44 3583 3580 3581 3589
8500 44 3584 3580 3581 3589
8501 44 3598 3599 3607 3610
8502 44 3598 3599 3607 3611
8503 44 3592 3589 3590 3598
8504 44 3593 3589 3590 3598
8505 44 3601 3598 3599 3607
8506 44 3602 3598 3599 3607
8507 44 3627 3628 3636 3639
8508 44 3627 3628 3636 3640
8509 44 3636 3637 3645 3648
8510 44 3636 3637 3645 3649
8511 44 3630 3627 3628 3636
8512 44 3631 3627 3628 3636
8513 44 3645 3646 3654 3657
8514 44 3645 3646 3654 3658
8515 44 3639 3636 3637 3645
8516 44 3640 3636 3637 3645
8517 44 3654 3655 3663 3666
8518 44 3654 3655 3663 3667
8519 44 3648 3645 3646 3654
8520 44 3649 3645 3646 3654
8521 44 3663 3664 3672 3675
8522 44 3663 3664 3672 3676
8523 44 3657 3654 3655 3663
8524 44 3658 3654 3655 3663
8525 44 3672 3673 3681 3684
8526 44 3672 3673 3681 3685
8527 44 3666 3663 3664 3672
8528 44 3667 3663 3664 3672
8529 44 3681 3682 3690 3693
8530 44 3681 3682 3690 3694
8531 44 3675 3672 3673 3681
8532 44 3676 3672 3673 3681
8533 44 3690 3691 3699 3702
8534 44 3690 3691 3699 3703
8535 44 3684 3681 3682 3690
8536 44 3685 3681 3682 3690
8537 44 3699 3700 3708 3711
8538 44 3699 3700 3708 3712
8539 44 3693 3690 3691 3699
8540 44 3694 3690 3691 3699
8541 44 3708 3709 3717 3720
8542 44 3708 3709 3717 3721
8543 44 3702 3699 3700 3708
8544 44 3703 3699 3700 3708
8545 44 3717 3718 3726 3729
8546 44 3717 3718 3726 3730
8547 44 3711 3708 3709 3717
8548 44 3712 3708 3709 3717
8549 44 3726 3727 3735 3738
8550 44 3726 3727 3735 3739
8551 44 3720 3717 3718 3726
8552 44 3721 3717 3718 3726
8553 44 3735 3736 3744 3747
8554 44 3735 3736 3744 3748
8555 44 3729 3726 3727 3735
8556 44 3730 3726 3727 3735
8557 44 3744 3745 3753 3756
8558 44 3744 3745 3753 3757
8559 44 3738 3735 3736 3744
8560 44 3739 3735 3736 3744
8561 44 3753 3754 3762 3765
8562 44 3753 3754 3762 3766
8563 44 3747 3744 3745 3753
8564 44 3748 3744 3745 3753
8565 44 3762 3763 3771 3774
8566 44 3762 3763 3771 3775
8567 44 3756 3753 3754 3762
8568 44 3757 3753 3754 3762
8569 44 3771 3772 3780 3783
8570 44 3771 3772 3780 3784
8571 44 3765 3762 3763 3771
8572 44 3766 3762 3763 3771
8573 44 3780 3781 3789 3792
8574 44 3780 3781 3789 3793
8575 44 3774 3771 3772 3780
8576 44 3775 3771 3772 3780
8577 44 3789 3790 3798 3801
8578 44 3789 3790 3798 3802
8579 44 3783 3780 3781 3789
8580 44 3784 3780 3781 3789
8581 44 3798 3799 3807 3810
8582 44 3798 3799 3807 3811
8583 44 3792 3789 3790 3798
8584 44 3793 3789 3790 3798
8585 44 3807 3808 3816 3819
8586 44 3807 3808 3816 3820
8587 44 3801 3798 3799 3807
8588 44 3802 3798 3799 3807
8589 44 3816 3817 3825 3828
8590 44 3816 3817 3825 3829
8591 44 3810 3807 3808 3816
8592 44 3811 3807 3808 3816
8593 44 3825 3826 3834 3837
8594 44 3825 3826 3834 3838
8595 44 3819 3816 3817 3825
8596 44 3820 3816 3817 3825
8597 44 3834 3835 3843 3846
8598 44 3834 3835 3843 3847
8599 44 3828 3825 3826 3834
8600 44 3829 3825 3826 3834
8601 44 3843 3844 3852 3855
8602 44 3843 3844 3852 3856
8603 44 3837 3834 3835 3843
8604 44 3838 3834 3835 3843
8605 44 3852 3853 3861 3864
8606 44 3852 3853 3861 3865
8607 44 3846 3843 3844 3852
8608 44 3847 3843 3844 3852
8609 44 3861 3862 3870 3873
8610 44 3861 3862 3870 3874
8611 44 3855 3852 3853 3861
8612 44 3856 3852 3853 3861
8613 44 3870 3871 3879 3882
8614 44 3870 3871 3879 3883
8615 44 3864 3861 3862 3870
8616 44 3865 3861 3862 3870
8617 44 3879 3880 3888 3891
8618 44 3879 3880 3888 3892
8619 44 3873 3870 3871 3879
8620 44 3874 3870 3871 3879
8621 44 3888 3889 3897 3900
8622 44 3888 3889 3897 3901
8623 44 3882 3879 3880 3888
8624 44 3883 3879 3880 3888
8625 44 3897 3898 3906 3909
8626 44 3897 3898 3906 3910
8627 44 3891 3888 3889 3897
8628 44 3892 3888 3889 3897
8629 44 3906 3907 3915 3918
8630 44 3906 3907 3915 3919
8631 44 3900 3897 3898 3906
8632 44 3901 3897 3898 3906
8633 44 3915 3916 3924 3927
8634 44 3915 3916 3924 3928
8635 44 3909 3906 3907 3915
8636 44 3910 3906 3907 3915
8637 44 3924 3925 3933 3936
8638 44 3924 3925 3933 3937
8639 44 3918 3915 3916 3924
8640 44 3919 3915 3916 3924
8641 44 3933 3934 3942 3945
8642 44 3933 3934 3942 3946
8643 44 3927 3924 3925 3933
8644 44 3928 3924 3925 3933
8645 44 3942 3943 3951 3954
8646 44 3942 3943 3951 3955
8647 44 3936 3933 3934 3942
8648 44 3937 3933 3934 3942
8649 44 3951 3952 3960 3963
8650 44 3951 3952 3960 3964
8651 44 3945 3942 3943 3951
8652 44 3946 3942 3943 3951
8653 44 3960 3961 3969 3972
8654 44 3960 3961 3969 3973
8655 44 3954 3951 3952 3960
8656 44 3955 3951 3952 3960
8657 44 3969 3970 3978 3981
8658 44 3969 3970 3978 3982
8659 44 3963 3960 3961 3969
8660 44 3964 3960 3961 3969
8661 44 3978 3979 3987 3990
8662 44 3978 3979 3987 3991
8663 44 3972 3969 3970 3978
8664 44 3973 3969 3970 3978
8665 44 3987 3988 3996 3999
8666 44 3987 3988 3996 4000
8667 44 3981 3978 3979 3987
8668 44 3982 3978 3979 3987
8669 44 3996 3997 4005 4008
8670 44 3996 3997 4005 4009
8671 44 3990 3987 3988 3996
8672 44 3991 3987 3988 3996
8673 44 4005 4006 4014 4017
8674 44 4005 4006 4014 4018
8675 44 3999 3996 3997 4005
8676 44 4000 3996 3997 4005
8677 44 4014 4015 4023 4026
8678 44 4014 4015 4023 4027
8679 44 4008 4005 4006 4014
8680 44 4009 4005 4006 4014
8681 44 4023 4024 4032 4035
8682 44 4023 4024 4032 4036
8683 44 4017 4014 4015 4023
8684 44 4018 4014 4015 4023
8685 44 4032 4033 4041 4044
8686 44 4032 4033 4041 4045
8687 44 4026 4023 4024 4032
8688 44 4027 4023 4024 4032
8689 44 4041 4042 4050 4053
8690 44 4041 4042 4050 4054
8691 44 4035 4032 4033 4041
8692 44 4036 4032 4033 4041
8693 44 4050 4051 4059 4062
8694 44 4050 4051 4059 4063
8695 44 4044 4041 4042 4050
8696 44 4045 4041 4042 4050
8697 44 4053 4050 4051 4059
8698 44 4054 4050 4051 4059
8699 44 4079 4080 4088 4091
8700 44 4079 4080 4088 4092
8701 44 4088 4089 4097 4100
8702 44 4088 4089 4097 4101
8703 44 4082 4079 4080 4088
8704 44 4083 4079 4080 4088
8705 44 4097 4098 4106 4109
8706 44 4097 4098 4106 4110
8707 44 4091 4088 4089 4097
8708 44 4092 4088 4089 4097
8709 44 4106 4107 4115 4118
8710 44 4106 4107 4115 4119
8711 44 4100 4097 4098 4106
8712 44 4101 4097 4098 4106
8713 44 4115 4116 4124 4127
8714 44 4115 4116 4124 4128
8715 44 4109 4106 4107 4115
8716 44 4110 4106 4107 4115
8717 44 4124 4125 4133 4136
8718 44 4124 4125 4133 4137
8719 44 4118 4115 4116 4124
8720 44 4119 4115 4116 4124
8721 44 4133 4134 4142 4145
8722 44 4133 4134 4142 4146
8723 44 4127 4124 4125 4133
8724 44 4128 4124 4125 4133
8725 44 4142 4143 4151 4154
8726 44 4142 4143 4151 4155
8727 44 4136 4133 4134 4142
8728 44 4137 4133 4134 4142
8729 44 4151 4152 4160 4163
8730 44 4151 4152 4160 4164
8731 44 4145 4142 4143 4151
8732 44 4146 4142 4143 4151
8733 44 4160 4161 4169 4172
8734 44 4160 4161 4169 4173
8735 44 4154 4151 4152 4160
8736 44 4155 4151 4152 4160
8737 44 4169 4170 4178 4181
8738 44 4169 4170 4178 4182
8739 44 4163 4160 4161 4169
8740 44 4164 4160 4161 4169
8741 44 4178 4179 4187 4190
8742 44 4178 4179 4187 4191
8743 44 4172 4169 4170 4178
8744 44 4173 4169 4170 4178
8745 44 4187 4188 4196 4199
8746 44 4187 4188 4196 4200
8747 44 4181 4178 4179 4187
8748 44 4182 4178 4179 4187
8749 44 4196 4197 4205 4208
8750 44 4196 4197 4205 4209
8751 44 4190 4187 4188 4196
8752 44 4191 4187 4188 4196
8753 44 4205 4206 4214 4217
8754 44 4205 4206 4214 4218
8755 44 4199 4196 4197 4205
8756 44 4200 4196 4197 4205
8757 44 4214 4215 4223 4226
8758 44 4214 4215 4223 4227
8759 44 4208 4205 4206 4214
8760 44 4209 4205 4206 4214
8761 44 4223 4224 4232 4235
8762 44 4223 4224 4232 4236
8763 44 4217 4214 4215 4223
8764 44 4218 4214 4215 4223
8765 44 4232 4233 4241 4244
8766 44 4232 4233 4241 4245
8767 44 4226 4223 4224 4232
8768 44 4227 4223 4224 4232
8769 44 4241 4242 4250 4253
8770 44 4241 4242 4250 4254
8771 44 4235 4232 4233 4241
8772 44 4236 4232 4233 4241
8773 44 4250 4251 4259 4262
8774 44 4250 4251 4259 4263
8775 44 4244 4241 4242 4250
8776 44 4245 4241 4242 4250
8777 44 4259 4260 4268 4271
8778 44 4259 4260 4268 4272
8779 44 4253 4250 4251 4259
8780 44 4254 4250 4251 4259
8781 44 4268 4269 4277 4280
8782 44 4268 4269 4277 4281
8783 44 4262 4259 4260 4268
8784 44 4263 4259 4260 4268
8785 44 4277 4278 4286 4289
8786 44 4277 4278 4286 4290
8787 44 4271 4268 4269 4277
8788 44 4272 4268 4269 4277
8789 44 4286 4287 4295 4298
8790 44 4286 4287 4295 4299
8791 44 4280 4277 4278 4286
8792 44 4281 4277 4278 4286
8793 44 4295 4296 4304 4307
8794 44 4295 4296 4304 4308
8795 44 4289 4286 4287 4295
8796 44 4290 4286 4287 4295
8797 44 4304 4305 4313 4316
8798 44 4304 4305 4313 4317
8799 44 4298 4295 4296 4304
8800 44 4299 4295 4296 4304
8801 44 4313 4314 4322 4325
8802 44 4313 4314 4322 4326
8803 44 4307 4304 4305 4313
8804 44 4308 4304 4305 4313
8805 44 4322 4323 4331 4334
8806 44 4322 4323 4331 4335
8807 44 4316 4313 4314 4322
8808 44 4317 4313 4314 4322
8809 44 4331 4332 4340 4343
8810 44 4331 4332 4340 4344
8811 44 4325 4322 4323 4331
8812 44 4326 4322 4323 4331
8813 44 4340 4341 4349 4352
8814 44 4340 4341 4349 4353
8815 44 4334 4331 4332 4340
8816 44 4335 4331 4332 4340
8817 44 4349 4350 4358 4361
8818 44 4349 4350 4358 4362
8819 44 4343 4340 4341 4349
8820 44 4344 4340 4341 4349
8821 44 4358 4359 4367 4370
8822 44 4358 4359 4367 4371
8823 44 4352 4349 4350 4358
8824 44 4353 4349 4350 4358
8825 44 4367 4368 4376 4379
8826 44 4367 4368 4376 4380
8827 44 4361 4358 4359 4367
8828 44 4362 4358 4359 4367
8829 44 4376 4377 4385 4388
8830 44 4376 4377 4385 4389
8831 44 4370 4367 4368 4376
8832 44 4371 4367 4368 4376
8833 44 4385 4386 4394 4397
8834 44 4385 4386 4394 4398
8835 44 4379 4376 4377 4385
8836 44 4380 4376 4377 4385
8837 44 4394 4395 4403 4406
8838 44 4394 4395 4403 4407
8839 44 4388 4385 4386 4394
8840 44 4389 4385 4386 4394
8841 44 4403 4404 4412 4415
8842 44 4403 4404 4412 4416
8843 44 4397 4394 4395 4403
8844 44 4398 4394 4395 4403
8845 44 4412 4413 4421 4424
8846 44 4412 4413 4421 4425
8847 44 4406 4403 4404 4412
8848 44 4407 4403 4404 4412
8849 44 4421 4422 4430 4433
8850 44 4421 4422 4430 4434
8851 44 4415 4412 4413 4421
8852 44 4416 4412 4413 4421
8853 44 4430 4431 4439 4442
8854 44 4430 4431 4439 4443
8855 44 4424 4421 4422 4430
8856 44 4425 4421 4422 4430
8857 44 4439 4440 4448 4451
8858 44 4439 4440 4448 4452
8859 44 4433 4430 4431 4439
8860 44 4434 4430 4431 4439
8861 44 4448 4449 4457 4460
8862 44 4448 4449 4457 4461
8863 44 4442 4439 4440 4448
8864 44 4443 4439 4440 4448
8865 44 4457 4458 4466 4469
8866 44 4457 4458 4466 4470
8867 44 4451 4448 4449 4457
8868 44 4452 4448 4449 4457
8869 44 4466 4467 4475 4478
8870 44 4466 4467 4475 4479
8871 44 4460 4457 4458 4466
8872 44 4461 4457 4458 4466
8873 44 4475 4476 4484 4487
8874 44 4475 4476 4484 4488
8875 44 4469 4466 4467 4475
8876 44 4470 4466 4467 4475
8877 44 4484 4485 4493 4496
8878 44 4484 4485 4493 4497
8879 44 4478 4475 4476 4484
8880 44 4479 4475 4476 4484
8881 44 4493 4494 4502 4505
8882 44 4493 4494 4502 4506
8883 44 4487 4484 4485 4493
8884 44 4488 4484 4485 4493
8885 44 4502 4503 4511 4514
8886 44 4502 4503 4511 4515
8887 44 4496 4493 4494 4502
8888 44 4497 4493 4494 4502
8889 44 4505 4502 4503 4511
8890 44 4506 4502 4503 4511
8891 50 435 443 444 448
8892 50 435 443 444 449
8893 50 887 895 896 900
8894 50 887 895 896 901
8895 50 1339 1347 1348 1352
8896 50 1339 1347 1348 1353
8897 50 1791 1799 1800 1804
8898 50 1791 1799 1800 1805
8899 50 2243 2251 2252 2256
8900 50 2243 2251 2252 2257
8901 50 2695 2703 2704 2708
8902 50 2695 2703 2704 2709
8903 50 3147 3155 3156 3160
8904 50 3147 3155 3156 3161
8905 50 3599 3607 3608 3612
8906 50 3599 3607 3608 3613
8907 50 4051 4059 4060 4064
8908 50 4051 4059 4060 4065
8909 50 4503 4511 4512 4516
8910 50 4503 4511 4512 4517
8911 51 2 11 12 16
8912 51 7 2 11 12
8913 51 12 20 21 25
8914 51 16 12 20 21
8915 51 21 29 30 34
8916 51 25 21 29 30
8917 51 30 38 39 43
8918 51 34 30 38 39
8919 51 39 47 48 52
8920 51 43 39 47 48
8921 51 48 56 57 61
8922 51 52 48 56 57
8923 51 57 65 66 70
8924 51 61 57 65 66
8925 51 66 74 75 79
8926 51 70 66 74 75
8927 51 75 83 84 88
8928 51 79 75 83 84
8929 51 84 92 93 97
8930 51 88 84 92 93
8931 51 93 101 102 106
8932 51 97 93 101 102
8933 51 102 110 111 115
8934 51 106 102 110 111
8935 51 111 119 120 124
8936 51 115 111 119 120
8937 51 120 128 129 133
8938 51 124 120 128 129
8939 51 129 137 138 142
8940 51 133 129 137 138
8941 51 138 146 147 151
8942 51 142 138 146 147
8943 51 147 155 156 160
8944 51 151 147 155 156
8945 51 156 164 165 169
8946 51 160 156 164 165
8947 51 165 173 174 178
8948 51 169 165 173 174
8949 51 174 182 183 187
8950 51 178 174 182 183
8951 51 183 191 192 196
8952 51 187 183 191 192
8953 51 192 200 201 205
8954 51 196 192 200 201
8955 51 201 209 210 214
8956 51 205 201 209 210
8957 51 210 218 219 223
8958 51 214 210 218 219
8959 51 219 227 228 232
8960 51 223 219 227 228
8961 51 228 236 237 241
8962 51 232 228 236 237
8963 51 237 245 246 250
8964 51 241 237 245 246
8965 51 246 254 255 259
8966 51 250 246 254 255
8967 51 255 263 264 268
8968 51 259 255 263 264
8969 51 264 272 273 277
8970 51 268 264 272 273
8971 51 273 281 282 286
8972 51 277 273 281 282
8973 51 282 290 291 295
8974 51 286 282 290 291
8975 51 291 299 300 304
8976 51 295 291 299 300
8977 51 300 308 309 313
8978 51 304 300 308 309
8979 51 309 317 318 322
8980 51 313 309 317 318
8981 51 318 326 327 331
8982 51 322 318 326 327
8983 51 327 335 336 340
8984 51 331 327 335 336
8985 51 336 344 345 349
8986 51 340 336 344 345
8987 51 345 353 354 358
8988 51 349 345 353 354
8989 51 354 362 363 367
8990 51 358 354 362 363
8991 51 363 371 372 376
8992 51 367 363 371 372
8993 51 372 380 381 385
8994 51 376 372 380 381
8995 51 381 389 390 394
8996 51 385 381 389 390
8997 51 390 398 399 403
8998 51 394 390 398 399
8999 51 399 407 408 412
9000 51 403 399 407 408
9001 51 408 416 417 421
9002 51 412 408 416 417
9003 51 417 425 426 430
9004 51 421 417 425 426
9005 51 426 434 435 439
9006 51 430 426 434 435
9007 51 454 463 464 468
9008 51 459 454 463 464
9009 51 464 472 473 477
9010 51 468 464 472 473
9011 51 473 481 482 486
9012 51 477 473 481 482
9013 51 482 490 491 495
9014 51 486 482 490 491
9015 51 491 499 500 504
9016 51 495 491 499 500
9017 51 500 508 509 513
9018 51 504 500 508 509
9019 51 509 517 518 522
9020 51 513 509 517 518
9021 51 518 526 527 531
9022 51 522 518 526 527
9023 51 527 535 536 540
9024 51 531 527 535 536
9025 51 536 544 545 549
9026 51 540 536 544 545
9027 51 545 553 554 558
9028 51 549 545 553 554
9029 51 554 562 563 567
9030 51 558 554 562 563
9031 51 563 571 572 576
9032 51 567 563 571 572
9033 51 572 580 581 585
9034 51 576 572 580 581
9035 51 581 589 590 594
9036 51 585 581 589 590
9037 51 590 598 599 603
9038 51 594 590 598 599
9039 51 599 607 608 612
9040 51 603 599 607 608
9041 51 608 616 617 621
9042 51 612 608 616 617
9043 51 617 625 626 630
9044 51 621 617 625 626
9045 51 626 634 635 639
9046 51 630 626 634 635
9047 51 635 643 644 648
9048 51 639 635 643 644
9049 51 644 652 653 657
9050 51 648 644 652 653
9051 51 653 661 662 666
9052 51 657 653 661 662
9053 51 662 670 671 675
9054 51 666 662 670 671
9055 51 671 679 680 684
9056 51 675 671 679 680
9057 51 680 688 689 693
9058 51 684 680 688 689
9059 51 689 697 698 702
9060 51 693 689 697 698
9061 51 698 706 707 711
9062 51 702 698 706 707
9063 51 707 715 716 720
9064 51 711 707 715 716
9065 51 716 724 725 729
9066 51 720 716 724 725
9067 51 725 733 734 738
9068 51 729 725 733 734
9069 51 734 742 743 747
9070 51 738 734 742 743
9071 51 743 751 752 756
9072 51 747 743 751 752
9073 51 752 760 761 765
9074 51 756 752 760 761
9075 51 761 769 770 774
9076 51 765 761 769 770
9077 51 770 778 779 783
9078 51 774 770 778 779
9079 51 779 787 788 792
9080 51 783 779 787 788
9081 51 788 796 797 801
9082 51 792 788 796 797
9083 51 797 805 806 810
9084 51 801 797 805 806
9085 51 806 814 815 819
9086 51 810 806 814 815
9087 51 815 823 824 828
9088 51 819 815 823 824
9089 51 824 832 833 837
9090 51 828 824 832 833
9091 51 833 841 842 846
9092 51 837 833 841 842
9093 51 842 850 851 855
9094 51 846 842 850 851
9095 51 851 859 860 864
9096 51 855 851 859 860
9097 51 860 868 869 873
9098 51 864 860 868 869
9099 51 869 877 878 882
9100 51 873 869 877 878
9101 51 878 886 887 891
9102 51 882 878 886 887
9103 51 906 915 916 920
9104 51 911 906 915 916
9105 51 916 924 925 929
9106 51 920 916 924 925
9107 51 925 933 934 938
9108 51 929 925 933 934
9109 51 934 942 943 947
9110 51 938 934 942 943
9111 51 943 951 952 956
9112 51 947 943 951 952
9113 51 952 960 961 965
9114 51 956 952 960 961
9115 51 961 969 970 974
9116 51 965 961 969 970
9117 51 970 978 979 983
9118 51 974 970 978 979
9119 51 979 987 988 992
9120 51 983 979 987 988
9121 51 988 996 997 1001
9122 51 992 988 996 997
9123 51 997 1005 1006 1010
9124 51 1001 997 1005 1006
9125 51 1006 1014 1015 1019
9126 51 1010 1006 1014 1015
9127 51 1015 1023 1024 1028
9128 51 1019 1015 1023 1024
9129 51 1024 1032 1033 1037
9130 51 1028 1024 1032 1033
9131 51 1033 1041 1042 1046
9132 51 1037 1033 1041 1042
9133 51 1042 1050 1051 1055
9134 51 1046 1042 1050 1051
9135 51 1051 1059 1060 1064
9136 51 1055 1051 1059 1060
9137 51 1060 1068 1069 1073
9138 51 1064 1060 1068 1069
9139 51 1069 1077 1078 1082
9140 51 1073 1069 1077 1078
9141 51 1078 1086 1087 1091
9142 51 1082 1078 1086 1087
9143 51 1087 1095 1096 1100
9144 51 1091 1087 1095 1096
9145 51 1096 1104 1105 1109
9146 51 1100 1096 1104 1105
9147 51 1105 1113 1114 1118
9148 51 1109 1105 1113 1114
9149 51 1114 1122 1123 1127
9150 51 1118 1114 1122 1123
9151 51 1123 1131 1132 1136
9152 51 1127 1123 1131 1132
9153 51 1132 1140 1141 1145
9154 51 1136 1132 1140 1141
9155 51 1141 1149 1150 1154
9156 51 1145 1141 1149 1150
9157 51 1150 1158 1159 1163
9158 51 1154 1150 1158 1159
9159 51 1159 1167 1168 1172
9160 51 1163 1159 1167 1168
9161 51 1168 1176 1177 1181
9162 51 1172 1168 1176 1177
9163 51 1177 1185 1186 1190
9164 51 1181 1177 1185 1186
9165 51 1186 1194 1195 1199
9166 51 1190 1186 1194 1195
9167 51 1195 1203 1204 1208
9168 51 1199 1195 1203 1204
9169 51 1204 1212 1213 1217
9170 51 1208 1204 1212 1213
9171 51 1213 1221 1222 1226
9172 51 1217 1213 1221 1222
9173 51 1222 1230 1231 1235
9174 51 1226 1222 1230 1231
9175 51 1231 1239 1240 1244
9176 51 1235 1231 1239 1240
9177 51 1240 1248 1249 1253
9178 51 1244 1240 1248 1249
9179 51 1249 1257 1258 1262
9180 51 1253 1249 1257 1258
9181 51 1258 1266 1267 1271
9182 51 1262 1258 1266 1267
9183 51 1267 1275 1276 1280
9184 51 1271 1267 1275 1276
9185 51 1276 1284 1285 1289
9186 51 1280 1276 1284 1285
9187 51 1285 1293 1294 1298
9188 51 1289 1285 1293 1294
9189 51 1294 1302 1303 1307
9190 51 1298 1294 1302 1303
9191 51 1303 1311 1312 1316
9192 51 1307 1303 1311 1312
9193 51 1312 1320 1321 1325
9194 51 1316 1312 1320 1321
9195 51 1321 1329 1330 1334
9196 51 1325 1321 1329 1330
9197 51 1330 1338 1339 1343
9198 51 1334 1330 1338 1339
9199 51 1358 1367 1368 1372
9200 51 1363 1358 1367 1368
9201 51 1368 1376 1377 1381
9202 51 1372 1368 1376 1377
9203 51 1377 1385 1386 1390
9204 51 1381 1377 1385 1386
9205 51 1386 1394 1395 1399
9206 51 1390 1386 1394 1395
9207 51 1395 1403 1404 1408
9208 51 1399 1395 1403 1404
9209 51 1404 1412 1413 1417
9210 51 1408 1404 1412 1413
9211 51 1413 1421 1422 1426
9212 51 1417 1413 1421 1422
9213 51 1422 1430 1431 1435
9214 51 1426 1422 1430 1431
9215 51 1431 1439 1440 1444
9216 51 1435 1431 1439 1440
9217 51 1440 1448 1449 1453
9218 51 1444 1440 1448 1449
9219 51 1449 1457 1458 1462
9220 51 1453 1449 1457 1458
9221 51 1458 1466 1467 1471
9222 51 1462 1458 1466 1467
9223 51 1467 1475 1476 1480
9224 51 1471 1467 1475 1476
9225 51 1476 1484 1485 1489
9226 51 1480 1476 1484 1485
9227 51 1485 1493 1494 1498
9228 51 1489 1485 1493 1494
9229 51 1494 1502 1503 1507
9230 51 1498 1494 1502 1503
9231 51 1503 1511 1512 1516
9232 51 1507 1503 1511 1512
9233 51 1512 1520 1521 1525
9234 51 1516 1512 1520 1521
9235 51 1521 1529 1530 1534
9236 51 1525 1521 1529 1530
9237 51 1530 1538 1539 1543
9238 51 1534 1530 1538 1539
9239 51 1539 1547 1548 1552
9240 51 1543 1539 1547 1548
9241 51 1548 1556 1557 1561
9242 51 1552 1548 1556 1557
9243 51 1557 1565 1566 1570
9244 51 1561 1557 1565 1566
9245 51 1566 1574 1575 1579
9246 51 1570 1566 1574 1575
9247 51 1575 1583 1584 1588
9248 51 1579 1575 1583 1584
9249 51 1584 1592 1593 1597
9250 51 1588 1584 1592 1593
9251 51 1593 1601 1602 1606
9252 51 1597 1593 1601 1602
9253 51 1602 1610 1611 1615
9254 51 1606 1602 1610 1611
9255 51 1611 1619 1620 1624
9256 51 1615 1611 1619 1620
9257 51 1620 1628 1629 1633
9258 51 1624 1620 1628 1629
9259 51 1629 1637 1638 1642
9260 51 1633 1629 1637 1638
9261 51 1638 1646 1647 1651
9262 51 1642 1638 1646 1647
9263 51 1647 1655 1656 1660
9264 51 1651 1647 1655 1656
9265 51 1656 1664 1665 1669
9266 51 1660 1656 1664 1665
9267 51 1665 1673 1674 1678
9268 51 1669 1665 1673 1674
9269 51 1674 1682 1683 1687
9270 51 1678 1674 1682 1683
9271 51 1683 1691 1692 1696
9272 51 1687 1683 1691 1692
9273 51 1692 1700 1701 1705
9274 51 1696 1692 1700 1701
9275 51 1701 1709 1710 1714
9276 51 1705 1701 1709 1710
9277 51 1710 1718 1719 1723
9278 51 1714 1710 1718 1719
9279 51 1719 1727 1728 1732
9280 51 1723 1719 1727 1728
9281 51 1728 1736 1737 1741
9282 51 1732 1728 1736 1737
9283 51 1737 1745 1746 1750
9284 51 1741 1737 1745 1746
9285 51 1746 1754 1755 1759
9286 51 1750 1746 1754 1755
9287 51 1755 1763 1764 1768
9288 51 1759 1755 1763 1764
9289 51 1764 1772 1773 1777
9290 51 1768 1764 1772 1773
9291 51 1773 1781 1782 1786
9292 51 1777 1773 1781 1782
9293 51 1782 1790 1791 1795
9294 51 1786 1782 1790 1791
9295 51 1810 1819 1820 1824
9296 51 1815 1810 1819 1820
9297 51 1820 1828 1829 1833
9298 51 1824 1820 1828 1829
9299 51 1829 1837 1838 1842
9300 51 1833 1829 1837 1838
9301 51 1838 1846 1847 1851
9302 51 1842 1838 1846 1847
9303 51 1847 1855 1856 1860
9304 51 1851 1847 1855 1856
9305 51 1856 1864 1865 1869
9306 51 1860 1856 1864 1865
9307 51 1865 1873 1874 1878
9308 51 1869 1865 1873 1874
9309 51 1874 1882 1883 1887
9310 51 1878 1874 1882 1883
9311 51 1883 1891 1892 1896
9312 51 1887 1883 1891 1892
9313 51 1892 1900 1901 1905
9314 51 1896 1892 1900 1901
9315 51 1901 1909 1910 1914
9316 51 1905 1901 1909 1910
9317 51 1910 1918 1919 1923
9318 51 1914 1910 1918 1919
9319 51 1919 1927 1928 1932
9320 51 1923 1919 1927 1928
9321 51 1928 1936 1937 1941
9322 51 1932 1928 1936 1937
9323 51 1937 1945 1946 1950
9324 51 1941 1937 1945 1946
9325 51 1946 1954 1955 1959
9326 51 1950 1946 1954 1955
9327 51 1955 1963 1964 1968
9328 51 1959 1955 1963 1964
9329 51 1964 1972 1973 1977
9330 51 1968 1964 1972 1973
9331 51 1973 1981 1982 1986
9332 51 1977 1973 1981 1982
9333 51 1982 1990 1991 1995
9334 51 1986 1982 1990 1991
9335 51 1991 1999 2000 2004
9336 51 1995 1991 1999 2000
9337 51 2000 2008 2009 2013
9338 51 2004 2000 2008 2009
9339 51 2009 2017 2018 2022
9340 51 2013 2009 2017 2018
9341 51 2018 2026 2027 2031
9342 51 2022 2018 2026 2027
9343 51 2027 2035 2036 2040
9344 51 2031 2027 2035 2036
9345 51 2036 2044 2045 2049
9346 51 2040 2036 2044 2045
9347 51 2045 2053 2054 2058
9348 51 2049 2045 2053 2054
9349 51 2054 2062 2063 2067
9350 51 2058 2054 2062 2063
9351 51 2063 2071 2072 2076
9352 51 2067 2063 2071 2072
9353 51 2072 2080 2081 2085
9354 51 2076 2072 2080 2081
9355 51 2081 2089 2090 2094
9356 51 2085 2081 2089 2090
9357 51 2090 2098 2099 2103
9358 51 2094 2090 2098 2099
9359 51 2099 2107 2108 2112
9360 51 2103 2099 2107 2108
9361 51 2108 2116 2117 2121
9362 51 2112 2108 2116 2117
9363 51 2117 2125 2126 2130
9364 51 2121 2117 2125 2126
9365 51 2126 2134 2135 2139
9366 51 2130 2126 2134 2135
9367 51 2135 2143 2144 2148
9368 51 2139 2135 2143 2144
9369 51 2144 2152 2153 2157
9370 51 2148 2144 2152 2153
9371 51 2153 2161 2162 2166
9372 51 2157 2153 2161 2162
9373 51 2162 2170 2171 2175
9374 51 2166 2162 2170 2171
9375 51 2171 2179 2180 2184
9376 51 2175 2171 2179 2180
9377 51 2180 2188 2189 2193
9378 51 2184 2180 2188 2189
9379 51 2189 2197 2198 2202
9380 51 2193 2189 2197 2198
9381 51 2198 2206 2207 2211
9382 51 2202 2198 2206 2207
9383 51 2207 2215 2216 2220
9384 51 2211 2207 2215 2216
9385 51 2216 2224 2225 2229
9386 51 2220 2216 2224 2225
9387 51 2225 2233 2234 2238
9388 51 2229 2225 2233 2234
9389 51 2234 2242 2243 2247
9390 51 2238 2234 2242 2243
9391 51 2262 2271 2272 2276
9392 51 2267 2262 2271 2272
9393 51 2272 2280 2281 2285
9394 51 2276 2272 2280 2281
9395 51 2281 2289 2290 2294
9396 51 2285 2281 2289 2290
9397 51 2290 2298 2299 2303
9398 51 2294 2290 2298 2299
9399 51 2299 2307 2308 2312
9400 51 2303 2299 2307 2308
9401 51 2308 2316 2317 2321
9402 51 2312 2308 2316 2317
9403 51 2317 2325 2326 2330
9404 51 2321 2317 2325 2326
9405 51 2326 2334 2335 2339
9406 51 2330 2326 2334 2335
9407 51 2335 2343 2344 2348
9408 51 2339 2335 2343 2344
9409 51 2344 2352 2353 2357
9410 51 2348 2344 2352 2353
9411 51 2353 2361 2362 2366
9412 51 2357 2353 2361 2362
9413 51 2362 2370 2371 2375
9414 51 2366 2362 2370 2371
9415 51 2371 2379 2380 2384
9416 51 2375 2371 2379 2380
9417 51 2380 2388 2389 2393
9418 51 2384 2380 2388 2389
9419 51 2389 2397 2398 2402
9420 51 2393 2389 2397 2398
9421 51 2398 2406 2407 2411
9422 51 2402 2398 2406 2407
9423 51 2407 2415 2416 2420
9424 51 2411 2407 2415 2416
9425 51 2416 2424 2425 2429
9426 51 2420 2416 2424 2425
9427 51 2425 2433 2434 2438
9428 51 2429 2425 2433 2434
9429 51 2434 2442 2443 2447
9430 51 2438 2434 2442 2443
9431 51 2443 2451 2452 2456
9432 51 2447 2443 2451 2452
9433 51 2452 2460 2461 2465
9434 51 2456 2452 2460 2461
9435 51 2461 2469 2470 2474
9436 51 2465 2461 2469 2470
9437 51 2470 2478 2479 2483
9438 51 2474 2470 2478 2479
9439 51 2479 2487 2488 2492
9440 51 2483 2479 2487 2488
9441 51 2488 2496 2497 2501
9442 51 2492 2488 2496 2497
9443 51 2497 2505 2506 2510
9444 51 2501 2497 2505 2506
9445 51 2506 2514 2515 2519
9446 51 2510 2506 2514 2515
9447 51 2515 2523 2524 2528
9448 51 2519 2515 2523 2524
9449 51 2524 2532 2533 2537
9450 51 2528 2524 2532 2533
9451 51 2533 2541 2542 2546
9452 51 2537 2533 2541 2542
9453 51 2542 2550 2551 2555
9454 51 2546 2542 2550 2551
9455 51 2551 2559 2560 2564
9456 51 2555 2551 2559 2560
9457 51 2560 2568 2569 2573
9458 51 2564 2560 2568 2569
9459 51 2569 2577 2578 2582
9460 51 2573 2569 2577 2578
9461 51 2578 2586 2587 2591
9462 51 2582 2578 2586 2587
9463 51 2587 2595 2596 2600
9464 51 2591 2587 2595 2596
9465 51 2596 2604 2605 2609
9466 51 2600 2596 2604 2605
9467 51 2605 2613 2614 2618
9468 51 2609 2605 2613 2614
9469 51 2614 2622 2623 2627
9470 51 2618 2614 2622 2623
9471 51 2623 2631 2632 2636
9472 51 2627 2623 2631 2632
9473 51 2632 2640 2641 2645
9474 51 2636 2632 2640 2641
9475 51 2641 2649 2650 2654
9476 51 2645 2641 2649 2650
9477 51 2650 2658 2659 2663
9478 51 2654 2650 2658 2659
9479 51 2659 2667 2668 2672
9480 51 2663 2659 2667 2668
9481 51 2668 2676 2677 2681
9482 51 2672 2668 2676 2677
9483 51 2677 2685 2686 2690
9484 51 2681 2677 2685 2686
9485 51 2686 2694 2695 2699
9486 51 2690 2686 2694 2695
9487 51 2714 2723 2724 2728
9488 51 2719 2714 2723 2724
9489 51 2724 2732 2733 2737
9490 51 2728 2724 2732 2733
9491 51 2733 2741 2742 2746
9492 51 2737 2733 2741 2742
9493 51 2742 2750 2751 2755
9494 51 2746 2742 2750 2751
9495 51 2751 2759 2760 2764
9496 51 2755 2751 2759 2760
9497 51 2760 2768 2769 2773
9498 51 2764 2760 2768 2769
9499 51 2769 2777 2778 2782
9500 51 2773 2769 2777 2778
9501 51 2778 2786 2787 2791
9502 51 2782 2778 2786 2787
9503 51 2787 2795 2796 2800
9504 51 2791 2787 2795 2796
9505 51 2796 2804 2805 2809
9506 51 2800 2796 2804 2805
9507 51 2805 2813 2814 2818
9508 51 2809 2805 2813 2814
9509 51 2814 2822 2823 2827
9510 51 2818 2814 2822 2823
9511 51 2823 2831 2832 2836
9512 51 2827 2823 2831 2832
9513 51 2832 2840 2841 2845
9514 51 2836 2832 2840 2841
9515 51 2841 2849 2850 2854
9516 51 2845 2841 2849 2850
9517 51 2850 2858 2859 2863
9518 51 2854 2850 2858 2859
9519 51 2859 2867 2868 2872
9520 51 2863 2859 2867 2868
9521 51 2868 2876 2877 2881
9522 51 2872 2868 2876 2877
9523 51 2877 2885 2886 2890
9524 51 2881 2877 2885 2886
9525 51 2886 2894 2895 2899
9526 51 2890 2886 2894 2895
9527 51 2895 2903 2904 2908
9528 51 2899 2895 2903 2904
9529 51 2904 2912 2913 2917
9530 51 2908 2904 2912 2913
9531 51 2913 2921 2922 2926
9532 51 2917 2913 2921 2922
9533 51 2922 2930 2931 2935
9534 51 2926 2922 2930 2931
9535 51 2931 2939 2940 2944
9536 51 2935 2931 2939 2940
9537 51 2940 2948 2949 2953
9538 51 2944 2940 2948 2949
9539 51 2949 2957 2958 2962
9540 51 2953 2949 2957 2958
9541 51 2958 2966 2967 2971
9542 51 2962 2958 2966 2967
9543 51 2967 2975 2976 2980
9544 51 2971 2967 2975 2976
9545 51 2976 2984 2985 2989
9546 51 2980 2976 2984 2985
9547 51 2985 2993 2994 2998
9548 51 2989 2985 2993 2994
9549 51 2994 3002 3003 3007
9550 51 2998 2994 3002 3003
9551 51 3003 3011 3012 3016
9552 51 3007 3003 3011 3012
9553 51 3012 3020 3021 3025
9554 51 3016 3012 3020 3021
9555 51 3021 3029 3030 3034
9556 51 3025 3021 3029 3030
9557 51 3030 3038 3039 3043
9558 51 3034 3030 3038 3039
9559 51 3039 3047 3048 3052
9560 51 3043 3039 3047 3048
9561 51 3048 3056 3057 3061
9562 51 3052 3048 3056 3057
9563 51 3057 3065 3066 3070
9564 51 3061 3057 3065 3066
9565 51 3066 3074 3075 3079
9566 51 3070 3066 3074 3075
9567 51 3075 3083 3084 3088
9568 51 3079 3075 3083 3084
9569 51 3084 3092 3093 3097
9570 51 3088 3084 3092 3093
9571 51 3093 3101 3102 3106
9572 51 3097 3093 3101 3102
9573 51 3102 3110 3111 3115
9574 51 3106 3102 3110 3111
9575 51 3111 3119 3120 3124
9576 51 3115 3111 3119 3120
9577 51 3120 3128 3129 3133
9578 51 3124 3120 3128 3129
9579 51 3129 3137 3138 3142
9580 51 3133 3129 3137 3138
9581 51 3138 3146 3147 3151
9582 51 3142 3138 3146 3147
9583 51 3166 3175 3176 3180
9584 51 3171 3166 3175 3176
9585 51 3176 3184 3185 3189
9586 51 3180 3176 3184 3185
9587 51 3185 3193 3194 3198
9588 51 3189 3185 3193 3194
9589 51 3194 3202 3203 3207
9590 51 3198 3194 3202 3203
9591 51 3203 3211 3212 3216
9592 51 3207 3203 3211 3212
9593 51 3212 3220 3221 3225
9594 51 3216 3212 3220 3221
9595 51 3221 3229 3230 3234
9596 51 3225 3221 3229 3230
9597 51 3230 3238 3239 3243
9598 51 3234 3230 3238 3239
9599 51 3239 3247 3248 3252
9600 51 3243 3239 3247 3248
9601 51 3248 3256 3257 3261
9602 51 3252 3248 3256 3257
9603 51 3257 3265 3266 3270
9604 51 3261 3257 3265 3266
9605 51 3266 3274 3275 3279
9606 51 3270 3266 3274 3275
9607 51 3275 3283 3284 3288
9608 51 3279 3275 3283 3284
9609 51 3284 3292 3293 3297
9610 51 3288 3284 3292 3293
9611 51 3293 3301 3302 3306
9612 51 3297 3293 3301 3302
9613 51 3302 3310 3311 3315
9614 51 3306 3302 3310 3311
9615 51 3311 3319 3320 3324
9616 51 3315 3311 3319 3320
9617 51 3320 3328 3329 3333
9618 51 3324 3320 3328 3329
9619 51 3329 3337 3338 3342
9620 51 3333 3329 3337 3338
9621 51 3338 3346 3347 3351
9622 51 3342 3338 3346 3347
9623 51 3347 3355 3356 3360
9624 51 3351 3347 3355 3356
9625 51 3356 3364 3365 3369
9626 51 3360 3356 3364 3365
9627 51 3365 3373 3374 3378
9628 51 3369 3365 3373 3374
9629 51 3374 3382 3383 3387
9630 51 3378 3374 3382 3383
9631 51 3383 3391 3392 3396
9632 51 3387 3383 3391 3392
9633 51 3392 3400 3401 3405
9634 51 3396 3392 3400 3401
9635 51 3401 3409 3410 3414
9636 51 3405 3401 3409 3410
9637 51 3410 3418 3419 3423
9638 51 3414 3410 3418 3419
9639 51 3419 3427 3428 3432
9640 51 3423 3419 3427 3428
9641 51 3428 3436 3437 3441
9642 51 3432 3428 3436 3437
9643 51 3437 3445 3446 3450
9644 51 3441 3437 3445 3446
9645 51 3446 3454 3455 3459
9646 51 3450 3446 3454 3455
9647 51 3455 3463 3464 3468
9648 51 3459 3455 3463 3464
9649 51 3464 3472 3473 3477
9650 51 3468 3464 3472 3473
9651 51 3473 3481 3482 3486
9652 51 3477 3473 3481 3482
9653 51 3482 3490 3491 3495
9654 51 3486 3482 3490 3491
9655 51 3491 3499 3500 3504
9656 51 3495 3491 3499 3500
9657 51 3500 3508 3509 3513
9658 51 3504 3500 3508 3509
9659 51 3509 3517 3518 3522
9660 51 3513 3509 3517 3518
9661 51 3518 3526 3527 3531
9662 51 3522 3518 3526 3527
9663 51 3527 3535 3536 3540
9664 51 3531 3527 3535 3536
9665 51 3536 3544 3545 3549
9666 51 3540 3536 3544 3545
9667 51 3545 3553 3554 3558
9668 51 3549 3545 3553 3554
9669 51 3554 3562 3563 3567
9670 51 3558 3554 3562 3563
9671 51 3563 3571 3572 3576
9672 51 3567 3563 3571 3572
9673 51 3572 3580 3581 3585
9674 51 3576 3572 3580 3581
9675 51 3581 3589 3590 3594
9676 51 3585 3581 3589 3590
9677 51 3590 3598 3599 3603
9678 51 3594 3590 3598 3599
9679 51 3618 3627 3628 3632
9680 51 3623 3618 3627 3628
9681 51 3628 3636 3637 3641
9682 51 3632 3628 3636 3637
9683 51 3637 3645 3646 3650
9684 51 3641 3637 3645 3646
9685 51 3646 3654 3655 3659
9686 51 3650 3646 3654 3655
9687 51 3655 3663 3664 3668
9688 51 3659 3655 3663 3664
9689 51 3664 3672 3673 3677
9690 51 3668 3664 3672 3673
9691 51 3673 3681 3682 3686
9692 51 3677 3673 3681 3682
9693 51 3682 3690 3691 3695
9694 51 3686 3682 3690 3691
9695 51 3691 3699 3700 3704
9696 51 3695 3691 3699 3700
9697 51 3700 3708 3709 3713
9698 51 3704 3700 3708 3709
9699 51 3709 3717 3718 3722
9700 51 3713 3709 3717 3718
9701 51 3718 3726 3727 3731
9702 51 3722 3718 3726 3727
9703 51 3727 3735 3736 3740
9704 51 3731 3727 3735 3736
9705 51 3736 3744 3745 3749
9706 51 3740 3736 3744 3745
9707 51 3745 3753 3754 3758
9708 51 3749 3745 3753 3754
9709 51 3754 3762 3763 3767
9710 51 3758 3754 3762 3763
9711 51 3763 3771 3772 3776
9712 51 3767 3763 3771 3772
9713 51 3772 3780 3781 3785
9714 51 3776 3772 3780 3781
9715 51 3781 3789 3790 3794
9716 51 3785 3781 3789 3790
9717 51 3790 3798 3799 3803
9718 51 3794 3790 3798 3799
9719 51 3799 3807 3808 3812
9720 51 3803 3799 3807 3808
9721 51 3808 3816 3817 3821
9722 51 3812 3808 3816 3817
9723 51 3817 3825 3826 3830
9724 51 3821 3817 3825 3826
9725 51 3826 3834 3835 3839
9726 51 3830 3826 3834 3835
9727 51 3835 3843 3844 3848
9728 51 3839 3835 3843 3844
9729 51 3844 3852 3853 3857
9730 51 3848 3844 3852 3853
9731 51 3853 3861 3862 3866
9732 51 3857 3853 3861 3862
9733 51 3862 3870 3871 3875
9734 51 3866 3862 3870 3871
9735 51 3871 3879 3880 3884
9736 51 3875 3871 3879 3880
9737 51 3880 3888 3889 3893
9738 51 3884 3880 3888 3889
9739 51 3889 3897 3898 3902
9740 51 3893 3889 3897 3898
9741 51 3898 3906 3907 3911
9742 51 3902 3898 3906 3907
9743 51 3907 3915 3916 3920
9744 51 3911 3907 3915 3916
9745 51 3916 3924 3925 3929
9746 51 3920 3916 3924 3925
9747 51 3925 3933 3934 3938
9748 51 3929 3925 3933 3934
9749 51 3934 3942 3943 3947
9750 51 3938 3934 3942 3943
9751 51 3943 3951 3952 3956
9752 51 3947 3943 3951 3952
9753 51 3952 3960 3961 3965
9754 51 3956 3952 3960 3961
9755 51 3961 3969 3970 3974
9756 51 3965 3961 3969 3970
9757 51 3970 3978 3979 3983
9758 51 3974 3970 3978 3979
9759 51 3979 3987 3988 3992
9760 51 3983 3979 3987 3988
9761 51 3988 3996 3997 4001
9762 51 3992 3988 3996 3997
9763 51 3997 4005 4006 4010
9764 51 4001 3997 4005 4006
9765 51 4006 4014 4015 4019
9766 51 4010 4006 4014 4015
9767 51 4015 4023 4024 4028
9768 51 4019 4015 4023 4024
9769 51 4024 4032 4033 4037
9770 51 4028 4024 4032 4033
9771 51 4033 4041 4042 4046
9772 51 4037 4033 4041 4042
9773 51 4042 4050 4051 4055
9774 51 4046 4042 4050 4051
9775 51 4070 4079 4080 4084
9776 51 4075 4070 4079 4080
9777 51 4080 4088 4089 4093
9778 51 4084 4080 4088 4089
9779 51 4089 4097 4098 4102
9780 51 4093 4089 4097 4098
9781 51 4098 4106 4107 4111
9782 51 4102 4098 4106 4107
9783 51 4107 4115 4116 4120
9784 51 4111 4107 4115 4116
9785 51 4116 4124 4125 4129
9786 51 4120 4116 4124 4125
9787 51 4125 4133 4134 4138
9788 51 4129 4125 4133 4134
9789 51 4134 4142 4143 4147
9790 51 4138 4134 4142 4143
9791 51 4143 4151 4152 4156
9792 51 4147 4143 4151 4152
9793 51 4152 4160 4161 4165
9794 51 4156 4152 4160 4161
9795 51 4161 4169 4170 4174
9796 51 4165 4161 4169 4170
9797 51 4170 4178 4179 4183
9798 51 4174 4170 4178 4179
9799 51 4179 4187 4188 4192
9800 51 4183 4179 4187 4188
9801 51 4188 4196 4197 4201
9802 51 4192 4188 4196 4197
9803 51 4197 4205 4206 4210
9804 51 4201 4197 4205 4206
9805 51 4206 4214 4215 4219
9806 51 4210 4206 4214 4215
9807 51 4215 4223 4224 4228
9808 51 4219 4215 4223 4224
9809 51 4224 4232 4233 4237
9810 51 4228 4224 4232 4233
9811 51 4233 4241 4242 4246
9812 51 4237 4233 4241 4242
9813 51 4242 4250 4251 4255
9814 51 4246 4242 4250 4251
9815 51 4251 4259 4260 4264
9816 51 4255 4251 4259 4260
9817 51 4260 4268 4269 4273
9818 51 4264 4260 4268 4269
9819 51 4269 4277 4278 4282
9820 51 4273 4269 4277 4278
9821 51 4278 4286 4287 4291
9822 51 4282 4278 4286 4287
9823 51 4287 4295 4296 4300
9824 51 4291 4287 4295 4296
9825 51 4296 4304 4305 4309
9826 51 4300 4296 4304 4305
9827 51 4305 4313 4314 4318
9828 51 4309 4305 4313 4314
9829 51 4314 4322 4323 4327
9830 51 4318 4314 4322 4323
9831 51 4323 4331 4332 4336
9832 51 4327 4323 4331 4332
9833 51 4332 4340 4341 4345
9834 51 4336 4332 4340 4341
9835 51 4341 4349 4350 4354
9836 51 4345 4341 4349 4350
9837 51 4350 4358 4359 4363
9838 51 4354 4350 4358 4359
9839 51 4359 4367 4368 4372
9840 51 4363 4359 4367 4368
9841 51 4368 4376 4377 4381
9842 51 4372 4368 4376 4377
9843 51 4377 4385 4386 4390
9844 51 4381 4377 4385 4386
9845 51 4386 4394 4395 4399
9846 51 4390 4386 4394 4395
9847 51 4395 4403 4404 4408
9848 51 4399 4395 4403 4404
9849 51 4404 4412 4413 4417
9850 51 4408 4404 4412 4413
9851 51 4413 4421 4422 4426
9852 51 4417 4413 4421 4422
9853 51 4422 4430 4431 4435
9854 51 4426 4422 4430 4431
9855 51 4431 4439 4440 4444
9856 51 4435 4431 4439 4440
9857 51 4440 4448 4449 4453
9858 51 4444 4440 4448 4449
9859 51 4449 4457 4458 4462
9860 51 4453 4449 4457 4458
9861 51 4458 4466 4467 4471
9862 51 4462 4458 4466 4467
9863 51 4467 4475 4476 4480
9864 51 4471 4467 4475 4476
9865 51 4476 4484 4485 4489
9866 51 4480 4476 4484 4485
9867 51 4485 4493 4494 4498
9868 51 4489 4485 4493 4494
9869 51 4494 4502 4503 4507
9870 51 4498 4494 4502 4503
9871 58 448 444 445 450
9872 58 448 444 445 451
9873 58 448 444 445 452
9874 58 449 444 445 450
9875 58 449 444 445 451
9876 58 449 444 445 452
9877 58 900 896 897 902
9878 58 900 896 897 903
9879 58 900 896 897 904
9880 58 901 896 897 902
9881 58 901 896 897 903
9882 58 901 896 897 904
9883 58 1352 1348 1349 1354
9884 58 1352 1348 1349 1355
9885 58 1352 1348 1349 1356
9886 58 1353 1348 1349 1354
9887 58 1353 1348 1349 1355
9888 58 1353 1348 1349 1356
9889 58 1804 1800 1801 1806
9890 58 1804 1800 1801 1807
9891 58 1804 1800 1801 1808
9892 58 1805 1800 1801 1806
9893 58 1805 1800 1801 1807
9894 58 1805 1800 1801 1808
9895 58 2256 2252 2253 2258
9896 58 2256 2252 2253 2259
9897 58 2256 2252 2253 2260
9898 58 2257 2252 2253 2258
9899 58 2257 2252 2253 2259
9900 58 2257 2252 2253 2260
9901 58 2708 2704 2705 2710
9902 58 2708 2704 2705 2711
9903 58 2708 2704 2705 2712
9904 58 2709 2704 2705 2710
9905 58 2709 2704 2705 2711
9906 58 2709 2704 2705 2712
9907 58 3160 3156 3157 3162
9908 58 3160 3156 3157 3163
9909 58 3160 3156 3157 3164
9910 58 3161 3156 3157 3162
9911 58 3161 3156 3157 3163
9912 58 3161 3156 3157 3164
9913 58 3612 3608 3609 3614
9914 58 3612 3608 3609 3615
9915 58 3612 3608 3609 3616
9916 58 3613 3608 3609 3614
9917 58 3613 3608 3609 3615
9918 58 3613 3608 3609 3616
9919 58 4064 4060 4061 4066
9920 58 4064 4060 4061 4067
9921 58 4064 4060 4061 4068
9922 58 4065 4060 4061 4066
9923 58 4065 4060 4061 4067
9924 58 4065 4060 4061 4068
9925 58 4516 4512 4513 4518
9926 58 4516 4512 4513 4519
9927 58 4516 4512 4513 4520
9928 58 4517 4512 4513 4518
9929 58 4517 4512 4513 4519
9930 58 4517 4512 4513 4520
9931 59 446 443 444 448
9932 59 446 443 444 449
9933 59 447 443 444 448
9934 59 447 443 444 449
9935 59 898 895 896 900
9936 59 898 895 896 901
9937 59 899 895 896 900
9938 59 899 895 896 901
9939 59 1350 1347 1348 1352
9940 59 1350 1347 1348 1353
9941 59 1351 1347 1348 1352
9942 59 1351 1347 1348 1353
9943 59 1802 1799 1800 1804
9944 59 1802 1799 1800 1805
9945 59 1803 1799 1800 1804
9946 59 1803 1799 1800 1805
9947 59 2254 2251 2252 2256
9948 59 2254 2251 2252 2257
9949 59 2255 2251 2252 2256
9950 59 2255 2251 2252 2257
9951 59 2706 2703 2704 2708
9952 59 2706 2703 2704 2709
9953 59 2707 2703 2704 2708
9954 59 2707 2703 2704 2709
9955 59 3158 3155 3156 3160
9956 59 3158 3155 3156 3161
9957 59 3159 3155 3156 3160
9958 59 3159 3155 3156 3161
9959 59 3610 3607 3608 3612
9960 59 3610 3607 3608 3613
9961 59 3611 3607 3608 3612
9962 59 3611 3607 3608 3613
9963 59 4062 4059 4060 4064
9964 59 4062 4059 4060 4065
9965 59 4063 4059 4060 4064
9966 59 4063 4059 4060 4065
9967 59 4514 4511 4512 4516
9968 59 4514 4511 4512 4517
9969 59 4515 4511 4512 4516
9970 59 4515 4511 4512 4517
9971 61 4 1 2 7
9972 61 5 1 2 7
9973 61 6 1 2 7
9974 61 7 2 3 8
9975 61 7 2 3 9
9976 61 7 2 3 10
9977 61 16 12 13 17
9978 61 16 12 13 18
9979 61 16 12 13 19
9980 61 25 21 22 26
9981 61 25 21 22 27
9982 61 25 21 22 28
9983 61 34 30 31 35
9984 61 34 30 31 36
9985 61 34 30 31 37
9986 61 43 39 40 44
9987 61 43 39 40 45
9988 61 43 39 40 46
9989 61 52 48 49 53
9990 61 52 48 49 54
9991 61 52 48 49 55
9992 61 61 57 58 62
9993 61 61 57 58 63
9994 61 61 57 58 64
9995 61 70 66 67 71
9996 61 70 66 67 72
9997 61 70 66 67 73
9998 61 79 75 76 80
9999 61 79 75 76 81
10000 61 79 75 76 82
10001 61 88 84 85 89
10002 61 88 84 85 90
10003 61 88 84 85 91
10004 61 97 93 94 98
10005 61 97 93 94 99
10006 61 97 93 94 100
10007 61 106 102 103 107
10008 61 106 102 103 108
10009 61 106 102 103 109
10010 61 115 111 112 116
10011 61 115 111 112 117
10012 61 115 111 112 118
10013 61 124 120 121 125
10014 61 124 120 121 126
10015 61 124 120 121 127
10016 61 133 129 130 134
10017 61 133 129 130 135
10018 61 133 129 130 136
10019 61 142 138 139 143
10020 61 142 138 139 144
10021 61 142 138 139 145
10022 61 151 147 148 152
10023 61 151 147 148 153
10024 61 151 147 148 154
10025 61 160 156 157 161
10026 61 160 156 157 162
10027 61 160 156 157 163
10028 61 169 165 166 170
10029 61 169 165 166 171
10030 61 169 165 166 172
10031 61 178 174 175 179
10032 61 178 174 175 180
10033 61 178 174 175 181
10034 61 187 183 184 188
10035 61 187 183 184 189
10036 61 187 183 184 190
10037 61 196 192 193 197
10038 61 196 192 193 198
10039 61 196 192 193 199
10040 61 205 201 202 206
10041 61 205 201 202 207
10042 61 205 201 202 208
10043 61 214 210 211 215
10044 61 214 210 211 216
10045 61 214 210 211 217
10046 61 223 219 220 224
10047 61 223 219 220 225
10048 61 223 219 220 226
10049 61 232 228 229 233
10050 61 232 228 229 234
10051 61 232 228 229 235
10052 61 241 237 238 242
10053 61 241 237 238 243
10054 61 241 237 238 244
10055 61 250 246 247 251
10056 61 250 246 247 252
10057 61 250 246 247 253
10058 61 259 255 256 260
10059 61 259 255 256 261
10060 61 259 255 256 262
10061 61 268 264 265 269
10062 61 268 264 265 270
10063 61 268 264 265 271
10064 61 277 273 274 278
10065 61 277 273 274 279
10066 61 277 273 274 280
10067 61 286 282 283 287
10068 61 286 282 283 288
10069 61 286 282 283 289
10070 61 295 291 292 296
10071 61 295 291 292 297
10072 61 295 291 292 298
10073 61 304 300 301 305
10074 61 304 300 301 306
10075 61 304 300 301 307
10076 61 313 309 310 314
10077 61 313 309 310 315
10078 61 313 309 310 316
10079 61 322 318 319 323
10080 61 322 318 319 324
10081 61 322 318 319 325
10082 61 331 327 328 332
10083 61 331 327 328 333
10084 61 331 327 328 334
10085 61 340 336 337 341
10086 61 340 336 337 342
10087 61 340 336 337 343
10088 61 349 345 346 350
10089 61 349 345 346 351
10090 61 349 345 346 352
10091 61 358 354 355 359
10092 61 358 354 355 360
10093 61 358 354 355 361
10094 61 367 363 364 368
10095 61 367 363 364 369
10096 61 367 363 364 370
10097 61 376 372 373 377
10098 61 376 372 373 378
10099 61 376 372 373 379
10100 61 385 381 382 386
10101 61 385 381 382 387
10102 61 385 381 382 388
10103 61 394 390 391 395
10104 61 394 390 391 396
10105 61 394 390 391 397
10106 61 403 399 400 404
10107 61 403 399 400 405
10108 61 403 399 400 406
10109 61 412 408 409 413
10110 61 412 408 409 414
10111 61 412 408 409 415
10112 61 421 417 418 422
10113 61 421 417 418 423
10114 61 421 417 418 424
10115 61 430 426 427 431
10116 61 430 426 427 432
10117 61 430 426 427 433
10118 61 439 435 436 440
10119 61 439 435 436 441
10120 61 439 435 436 442
10121 61 456 453 454 459
10122 61 457 453 454 459
10123 61 458 453 454 459
10124 61 459 454 455 460
10125 61 459 454 455 461
10126 61 459 454 455 462
10127 61 468 464 465 469
10128 61 468 464 465 470
10129 61 468 464 465 471
10130 61 477 473 474 478
10131 61 477 473 474 479
10132 61 477 473 474 480
10133 61 486 482 483 487
10134 61 486 482 483 488
10135 61 486 482 483 489
10136 61 495 491 492 496
10137 61 495 491 492 497
10138 61 495 491 492 498
10139 61 504 500 501 505
10140 61 504 500 501 506
10141 61 504 500 501 507
10142 61 513 509 510 514
10143 61 513 509 510 515
10144 61 513 509 510 516
10145 61 522 518 519 523
10146 61 522 518 519 524
10147 61 522 518 519 525
10148 61 531 527 528 532
10149 61 531 527 528 533
10150 61 531 527 528 534
10151 61 540 536 537 541
10152 61 540 536 537 542
10153 61 540 536 537 543
10154 61 549 545 546 550
10155 61 549 545 546 551
10156 61 549 545 546 552
10157 61 558 554 555 559
10158 61 558 554 555 560
10159 61 558 554 555 561
10160 61 567 563 564 568
10161 61 567 563 564 569
10162 61 567 563 564 570
10163 61 576 572 573 577
10164 61 576 572 573 578
10165 61 576 572 573 579
10166 61 585 581 582 586
10167 61 585 581 582 587
10168 61 585 581 582 588
10169 61 594 590 591 595
10170 61 594 590 591 596
10171 61 594 590 591 597
10172 61 603 599 600 604
10173 61 603 599 600 605
10174 61 603 599 600 606
10175 61 612 608 609 613
10176 61 612 608 609 614
10177 61 612 608 609 615
10178 61 621 617 618 622
10179 61 621 617 618 623
10180 61 621 617 618 624
10181 61 630 626 627 631
10182 61 630 626 627 632
10183 61 630 626 627 633
10184 61 639 635 636 640
10185 61 639 635 636 641
10186 61 639 635 636 642
10187 61 648 644 645 649
10188 61 648 644 645 650
10189 61 648 644 645 651
10190 61 657 653 654 658
10191 61 657 653 654 659
10192 61 657 653 654 660
10193 61 666 662 663 667
10194 61 666 662 663 668
10195 61 666 662 663 669
10196 61 675 671 672 676
10197 61 675 671 672 677
10198 61 675 671 672 678
10199 61 684 680 681 685
10200 61 684 680 681 686
10201 61 684 680 681 687
10202 61 693 689 690 694
10203 61 693 689 690 695
10204 61 693 689 690 696
10205 61 702 698 699 703
10206 61 702 698 699 704
10207 61 702 698 699 705
10208 61 711 707 708 712
10209 61 711 707 708 713
10210 61 711 707 708 714
10211 61 720 716 717 721
10212 61 720 716 717 722
10213 61 720 716 717 723
10214 61 729 725 726 730
10215 61 729 725 726 731
10216 61 729 725 726 732
10217 61 738 734 735 739
10218 61 738 734 735 740
10219 61 738 734 735 741
10220 61 747 743 744 748
10221 61 747 743 744 749
10222 61 747 743 744 750
10223 61 756 752 753 757
10224 61 756 752 753 758
10225 61 756 752 753 759
10226 61 765 761 762 766
10227 61 765 761 762 767
10228 61 765 761 762 768
10229 61 774 770 771 775
10230 61 774 770 771 776
10231 61 774 770 771 777
10232 61 783 779 780 784
10233 61 783 779 780 785
10234 61 783 779 780 786
10235 61 792 788 789 793
10236 61 792 788 789 794
10237 61 792 788 789 795
10238 61 801 797 798 802
10239 61 801 797 798 803
10240 61 801 797 798 804
10241 61 810 806 807 811
10242 61 810 806 807 812
10243 61 810 806 807 813
10244 61 819 815 816 820
10245 61 819 815 816 821
10246 61 819 815 816 822
10247 61 828 824 825 829
10248 61 828 824 825 830
10249 61 828 824 825 831
10250 61 837 833 834 838
10251 61 837 833 834 839
10252 61 837 833 834 840
10253 61 846 842 843 847
10254 61 846 842 843 848
10255 61 846 842 843 849
10256 61 855 851 852 856
10257 61 855 851 852 857
10258 61 855 851 852 858
10259 61 864 860 861 865
10260 61 864 860 861 866
10261 61 864 860 861 867
10262 61 873 869 870 874
10263 61 873 869 870 875
10264 61 873 869 870 876
10265 61 882 878 879 883
10266 61 882 878 879 884
10267 61 882 878 879 885
10268 61 891 887 888 892
10269 61 891 887 888 893
10270 61 891 887 888 894
10271 61 908 905 906 911
10272 61 909 905 906 911
10273 61 910 905 906 911
10274 61 911 906 907 912
10275 61 911 906 907 913
10276 61 911 906 907 914
10277 61 920 916 917 921
10278 61 920 916 917 922
10279 61 920 916 917 923
10280 61 929 925 926 930
10281 61 929 925 926 931
10282 61 929 925 926 932
10283 61 938 934 935 939
10284 61 938 934 935 940
10285 61 938 934 935 941
10286 61 947 943 944 948
10287 61 947 943 944 949
10288 61 947 943 944 950
10289 61 956 952 953 957
10290 61 956 952 953 958
10291 61 956 952 953 959
10292 61 965 961 962 966
10293 61 965 961 962 967
10294 61 965 961 962 968
10295 61 974 970 971 975
10296 61 974 970 971 976
10297 61 974 970 971 977
10298 61 983 979 980 984
10299 61 983 979 980 985
10300 61 983 979 980 986
10301 61 992 988 989 993
10302 61 992 988 989 994
10303 61 992 988 989 995
10304 61 1001 997 998 1002
10305 61 1001 997 998 1003
10306 61 1001 997 998 1004
10307 61 1010 1006 1007 1011
10308 61 1010 1006 1007 1012
10309 61 1010 1006 1007 1013
10310 61 1019 1015 1016 1020
10311 61 1019 1015 1016 1021
10312 61 1019 1015 1016 1022
10313 61 1028 1024 1025 1029
10314 61 1028 1024 1025 1030
10315 61 1028 1024 1025 1031
10316 61 1037 1033 1034 1038
10317 61 1037 1033 1034 1039
10318 61 1037 1033 1034 1040
10319 61 1046 1042 1043 1047
10320 61 1046 1042 1043 1048
10321 61 1046 1042 1043 1049
10322 61 1055 1051 1052 1056
10323 61 1055 1051 1052 1057
10324 61 1055 1051 1052 1058
10325 61 1064 1060 1061 1065
10326 61 1064 1060 1061 1066
10327 61 1064 1060 1061 1067
10328 61 1073 1069 1070 1074
10329 61 1073 1069 1070 1075
10330 61 1073 1069 1070 1076
10331 61 1082 1078 1079 1083
10332 61 1082 1078 1079 1084
10333 61 1082 1078 1079 1085
10334 61 1091 1087 1088 1092
10335 61 1091 1087 1088 1093
10336 61 1091 1087 1088 1094
10337 61 1100 1096 1097 1101
10338 61 1100 1096 1097 1102
10339 61 1100 1096 1097 1103
10340 61 1109 1105 1106 1110
10341 61 1109 1105 1106 1111
10342 61 1109 1105 1106 1112
10343 61 1118 1114 1115 1119
10344 61 1118 1114 1115 1120
10345 61 1118 1114 1115 1121
10346 61 1127 1123 1124 1128
10347 61 1127 1123 1124 1129
10348 61 1127 1123 1124 1130
10349 61 1136 1132 1133 1137
10350 61 1136 1132 1133 1138
10351 61 1136 1132 1133 1139
10352 61 1145 1141 1142 1146
10353 61 1145 1141 1142 1147
10354 61 1145 1141 1142 1148
10355 61 1154 1150 1151 1155
10356 61 1154 1150 1151 1156
10357 61 1154 1150 1151 1157
10358 61 1163 1159 1160 1164
10359 61 1163 1159 1160 1165
10360 61 1163 1159 1160 1166
10361 61 1172 1168 1169 1173
10362 61 1172 1168 1169 1174
10363 61 1172 1168 1169 1175
10364 61 1181 1177 1178 1182
10365 61 1181 1177 1178 1183
10366 61 1181 1177 1178 1184
10367 61 1190 1186 1187 1191
10368 61 1190 1186 1187 1192
10369 61 1190 1186 1187 1193
10370 61 1199 1195 1196 1200
10371 61 1199 1195 1196 1201
10372 61 1199 1195 1196 1202
10373 61 1208 1204 1205 1209
10374 61 1208 1204 1205 1210
10375 61 1208 1204 1205 1211
10376 61 1217 1213 1214 1218
10377 61 1217 1213 1214 1219
10378 61 1217 1213 1214 1220
10379 61 1226 1222 1223 1227
10380 61 1226 1222 1223 1228
10381 61 1226 1222 1223 1229
10382 61 1235 1231 1232 1236
10383 61 1235 1231 1232 1237
10384 61 1235 1231 1232 1238
10385 61 1244 1240 1241 1245
10386 61 1244 1240 1241 1246
10387 61 1244 1240 1241 1247
10388 61 1253 1249 1250 1254
10389 61 1253 1249 1250 1255
10390 61 1253 1249 1250 1256
10391 61 1262 1258 1259 1263
10392 61 1262 1258 1259 1264
10393 61 1262 1258 1259 1265
10394 61 1271 1267 1268 1272
10395 61 1271 1267 1268 1273
10396 61 1271 1267 1268 1274
10397 61 1280 1276 1277 1281
10398 61 1280 1276 1277 1282
10399 61 1280 1276 1277 1283
10400 61 1289 1285 1286 1290
10401 61 1289 1285 1286 1291
10402 61 1289 1285 1286 1292
10403 61 1298 1294 1295 1299
10404 61 1298 1294 1295 1300
10405 61 1298 1294 1295 1301
10406 61 1307 1303 1304 1308
10407 61 1307 1303 1304 1309
10408 61 1307 1303 1304 1310
10409 61 1316 1312 1313 1317
10410 61 1316 1312 1313 1318
10411 61 1316 1312 1313 1319
10412 61 1325 1321 1322 1326
10413 61 1325 1321 1322 1327
10414 61 1325 1321 1322 1328
10415 61 1334 1330 1331 1335
10416 61 1334 1330 1331 1336
10417 61 1334 1330 1331 1337
10418 61 1343 1339 1340 1344
10419 61 1343 1339 1340 1345
10420 61 1343 1339 1340 1346
10421 61 1360 1357 1358 1363
10422 61 1361 1357 1358 1363
10423 61 1362 1357 1358 1363
10424 61 1363 1358 1359 1364
10425 61 1363 1358 1359 1365
10426 61 1363 1358 1359 1366
10427 61 1372 1368 1369 1373
10428 61 1372 1368 1369 1374
10429 61 1372 1368 1369 1375
10430 61 1381 1377 1378 1382
10431 61 1381 1377 1378 1383
10432 61 1381 1377 1378 1384
10433 61 1390 1386 1387 1391
10434 61 1390 1386 1387 1392
10435 61 1390 1386 1387 1393
10436 61 1399 1395 1396 1400
10437 61 1399 1395 1396 1401
10438 61 1399 1395 1396 1402
10439 61 1408 1404 1405 1409
10440 61 1408 1404 1405 1410
10441 61 1408 1404 1405 1411
10442 61 1417 1413 1414 1418
10443 61 1417 1413 1414 1419
10444 61 1417 1413 1414 1420
10445 61 1426 1422 1423 1427
10446 61 1426 1422 1423 1428
10447 61 1426 1422 1423 1429
10448 61 1435 1431 1432 1436
10449 61 1435 1431 1432 1437
10450 61 1435 1431 1432 1438
10451 61 1444 1440 1441 1445
10452 61 1444 1440 1441 1446
10453 61 1444 1440 1441 1447
10454 61 1453 1449 1450 1454
10455 61 1453 1449 1450 1455
10456 61 1453 1449 1450 1456
10457 61 1462 1458 1459 1463
10458 61 1462 1458 1459 1464
10459 61 1462 1458 1459 1465
10460 61 1471 1467 1468 1472
10461 61 1471 1467 1468 1473
10462 61 1471 1467 1468 1474
10463 61 1480 1476 1477 1481
10464 61 1480 1476 1477 1482
10465 61 1480 1476 1477 1483
10466 61 1489 1485 1486 1490
10467 61 1489 1485 1486 1491
10468 61 1489 1485 1486 1492
10469 61 1498 1494 1495 1499
10470 61 1498 1494 1495 1500
10471 61 1498 1494 1495 1501
10472 61 1507 1503 1504 1508
10473 61 1507 1503 1504 1509
10474 61 1507 1503 1504 1510
10475 61 1516 1512 1513 1517
10476 61 1516 1512 1513 1518
10477 61 1516 1512 1513 1519
10478 61 1525 1521 1522 1526
10479 61 1525 1521 1522 1527
10480 61 1525 1521 1522 1528
10481 61 1534 1530 1531 1535
10482 61 1534 1530 1531 1536
10483 61 1534 1530 1531 1537
10484 61 1543 1539 1540 1544
10485 61 1543 1539 1540 1545
10486 61 1543 1539 1540 1546
10487 61 1552 1548 1549 1553
10488 61 1552 1548 1549 1554
10489 61 1552 1548 1549 1555
10490 61 1561 1557 1558 1562
10491 61 1561 1557 1558 1563
10492 61 1561 1557 1558 1564
10493 61 1570 1566 1567 1571
10494 61 1570 1566 1567 1572
10495 61 1570 1566 1567 1573
10496 61 1579 1575 1576 1580
10497 61 1579 1575 1576 1581
10498 61 1579 1575 1576 1582
10499 61 1588 1584 1585 1589
10500 61 1588 1584 1585 1590
10501 61 1588 1584 1585 1591
10502 61 1597 1593 1594 1598
10503 61 1597 1593 1594 1599
10504 61 1597 1593 1594 1600
10505 61 1606 1602 1603 1607
10506 61 1606 1602 1603 1608
10507 61 1606 1602 1603 1609
10508 61 1615 1611 1612 1616
10509 61 1615 1611 1612 1617
10510 61 1615 1611 1612 1618
10511 61 1624 1620 1621 1625
10512 61 1624 1620 1621 1626
10513 61 1624 1620 1621 1627
10514 61 1633 1629 1630 1634
10515 61 1633 1629 1630 1635
10516 61 1633 1629 1630 1636
10517 61 1642 1638 1639 1643
10518 61 1642 1638 1639 1644
10519 61 1642 1638 1639 1645
10520 61 1651 1647 1648 1652
10521 61 1651 1647 1648 1653
10522 61 1651 1647 1648 1654
10523 61 1660 1656 1657 1661
10524 61 1660 1656 1657 1662
10525 61 1660 1656 1657 1663
10526 61 1669 1665 1666 1670
10527 61 1669 1665 1666 1671
10528 61 1669 1665 1666 1672
10529 61 1678 1674 1675 1679
10530 61 1678 1674 1675 1680
10531 61 1678 1674 1675 1681
10532 61 1687 1683 1684 1688
10533 61 1687 1683 1684 1689
10534 61 1687 1683 1684 1690
10535 61 1696 1692 1693 1697
10536 61 1696 1692 1693 1698
10537 61 1696 1692 1693 1699
10538 61 1705 1701 1702 1706
10539 61 1705 1701 1702 1707
10540 61 1705 1701 1702 1708
10541 61 1714 1710 1711 1715
10542 61 1714 1710 1711 1716
10543 61 1714 1710 1711 1717
10544 61 1723 1719 1720 1724
10545 61 1723 1719 1720 1725
10546 61 1723 1719 1720 1726
10547 61 1732 1728 1729 1733
10548 61 1732 1728 1729 1734
10549 61 1732 1728 1729 1735
10550 61 1741 1737 1738 1742
10551 61 1741 1737 1738 1743
10552 61 1741 1737 1738 1744
10553 61 1750 1746 1747 1751
10554 61 1750 1746 1747 1752
10555 61 1750 1746 1747 1753
10556 61 1759 1755 1756 1760
10557 61 1759 1755 1756 1761
10558 61 1759 1755 1756 1762
10559 61 1768 1764 1765 1769
10560 61 1768 1764 1765 1770
10561 61 1768 1764 1765 1771
10562 61 1777 1773 1774 1778
10563 61 1777 1773 1774 1779
10564 61 1777 1773 1774 1780
10565 61 1786 1782 1783 1787
10566 61 1786 1782 1783 1788
10567 61 1786 1782 1783 1789
10568 61 1795 1791 1792 1796
10569 61 1795 1791 1792 1797
10570 61 1795 1791 1792 1798
10571 61 1812 1809 1810 1815
10572 61 1813 1809 1810 1815
10573 61 1814 1809 1810 1815
10574 61 1815 1810 1811 1816
10575 61 1815 1810 1811 1817
10576 61 1815 1810 1811 1818
10577 61 1824 1820 1821 1825
10578 61 1824 1820 1821 1826
10579 61 1824 1820 1821 1827
10580 61 1833 1829 1830 1834
10581 61 1833 1829 1830 1835
10582 61 1833 1829 1830 1836
10583 61 1842 1838 1839 1843
10584 61 1842 1838 1839 1844
10585 61 1842 1838 1839 1845
10586 61 1851 1847 1848 1852
10587 61 1851 1847 1848 1853
10588 61 1851 1847 1848 1854
10589 61 1860 1856 1857 1861
10590 61 1860 1856 1857 1862
10591 61 1860 1856 1857 1863
10592 61 1869 1865 1866 1870
10593 61 1869 1865 1866 1871
10594 61 1869 1865 1866 1872
10595 61 1878 1874 1875 1879
10596 61 1878 1874 1875 1880
10597 61 1878 1874 1875 1881
10598 61 1887 1883 1884 1888
10599 61 1887 1883 1884 1889
10600 61 1887 1883 1884 1890
10601 61 1896 1892 1893 1897
10602 61 1896 1892 1893 1898
10603 61 1896 1892 1893 1899
10604 61 1905 1901 1902 1906
10605 61 1905 1901 1902 1907
10606 61 1905 1901 1902 1908
10607 61 1914 1910 1911 1915
10608 61 1914 1910 1911 1916
10609 61 1914 1910 1911 1917
10610 61 1923 1919 1920 1924
10611 61 1923 1919 1920 1925
10612 61 1923 1919 1920 1926
10613 61 1932 1928 1929 1933
10614 61 1932 1928 1929 1934
10615 61 1932 1928 1929 1935
10616 61 1941 1937 1938 1942
10617 61 1941 1937 1938 1943
10618 61 1941 1937 1938 1944
10619 61 1950 1946 1947 1951
10620 61 1950 1946 1947 1952
10621 61 1950 1946 1947 1953
10622 61 1959 1955 1956 1960
10623 61 1959 1955 1956 1961
10624 61 1959 1955 1956 1962
10625 61 1968 1964 1965 1969
10626 61 1968 1964 1965 1970
10627 61 1968 1964 1965 1971
10628 61 1977 1973 1974 1978
10629 61 1977 1973 1974 1979
10630 61 1977 1973 1974 1980
10631 61 1986 1982 1983 1987
10632 61 1986 1982 1983 1988
10633 61 1986 1982 1983 1989
10634 61 1995 1991 1992 1996
10635 61 1995 1991 1992 1997
10636 61 1995 1991 1992 1998
10637 61 2004 2000 2001 2005
10638 61 2004 2000 2001 2006
10639 61 2004 2000 2001 2007
10640 61 2013 2009 2010 2014
10641 61 2013 2009 2010 2015
10642 61 2013 2009 2010 2016
10643 61 2022 2018 2019 2023
10644 61 2022 2018 2019 2024
10645 61 2022 2018 2019 2025
10646 61 2031 2027 2028 2032
10647 61 2031 2027 2028 2033
10648 61 2031 2027 2028 2034
10649 61 2040 2036 2037 2041
10650 61 2040 2036 2037 2042
10651 61 2040 2036 2037 2043
10652 61 2049 2045 2046 2050
10653 61 2049 2045 2046 2051
10654 61 2049 2045 2046 2052
10655 61 2058 2054 2055 2059
10656 61 2058 2054 2055 2060
10657 61 2058 2054 2055 2061
10658 61 2067 2063 2064 2068
10659 61 2067 2063 2064 2069
10660 61 2067 2063 2064 2070
10661 61 2076 2072 2073 2077
10662 61 2076 2072 2073 2078
10663 61 2076 2072 2073 2079
10664 61 2085 2081 2082 2086
10665 61 2085 2081 2082 2087
10666 61 2085 2081 2082 2088
10667 61 2094 2090 2091 2095
10668 61 2094 2090 2091 2096
10669 61 2094 2090 2091 2097
10670 61 2103 2099 2100 2104
10671 61 2103 2099 2100 2105
10672 61 2103 2099 2100 2106
10673 61 2112 2108 2109 2113
10674 61 2112 2108 2109 2114
10675 61 2112 2108 2109 2115
10676 61 2121 2117 2118 2122
10677 61 2121 2117 2118 2123
10678 61 2121 2117 2118 2124
10679 61 2130 2126 2127 2131
10680 61 2130 2126 2127 2132
10681 61 2130 2126 2127 2133
10682 61 2139 2135 2136 2140
10683 61 2139 2135 2136 2141
10684 61 2139 2135 2136 2142
10685 61 2148 2144 2145 2149
10686 61 2148 2144 2145 2150
10687 61 2148 2144 2145 2151
10688 61 2157 2153 2154 2158
10689 61 2157 2153 2154 2159
10690 61 2157 2153 2154 2160
10691 61 2166 2162 2163 2167
10692 61 2166 2162 2163 2168
10693 61 2166 2162 2163 2169
10694 61 2175 2171 2172 2176
10695 61 2175 2171 2172 2177
10696 61 2175 2171 2172 2178
10697 61 2184 2180 2181 2185
10698 61 2184 2180 2181 2186
10699 61 2184 2180 2181 2187
10700 61 2193 2189 2190 2194
10701 61 2193 2189 2190 2195
10702 61 2193 2189 2190 2196
10703 61 2202 2198 2199 2203
10704 61 2202 2198 2199 2204
10705 61 2202 2198 2199 2205
10706 61 2211 2207 2208 2212
10707 61 2211 2207 2208 2213
10708 61 2211 2207 2208 2214
10709 61 2220 2216 2217 2221
10710 61 2220 2216 2217 2222
10711 61 2220 2216 2217 2223
10712 61 2229 2225 2226 2230
10713 61 2229 2225 2226 2231
10714 61 2229 2225 2226 2232
10715 61 2238 2234 2235 2239
10716 61 2238 2234 2235 2240
10717 61 2238 2234 2235 2241
10718 61 2247 2243 2244 2248
10719 61 2247 2243 2244 2249
10720 61 2247 2243 2244 2250
10721 61 2264 2261 2262 2267
10722 61 2265 2261 2262 2267
10723 61 2266 2261 2262 2267
10724 61 2267 2262 2263 2268
10725 61 2267 2262 2263 2269
10726 61 2267 2262 2263 2270
10727 61 2276 2272 2273 2277
10728 61 2276 2272 2273 2278
10729 61 2276 2272 2273 2279
10730 61 2285 2281 2282 2286
10731 61 2285 2281 2282 2287
10732 61 2285 2281 2282 2288
10733 61 2294 2290 2291 2295
10734 61 2294 2290 2291 2296
10735 61 2294 2290 2291 2297
10736 61 2303 2299 2300 2304
10737 61 2303 2299 2300 2305
10738 61 2303 2299 2300 2306
10739 61 2312 2308 2309 2313
10740 61 2312 2308 2309 2314
10741 61 2312 2308 2309 2315
10742 61 2321 2317 2318 2322
10743 61 2321 2317 2318 2323
10744 61 2321 2317 2318 2324
10745 61 2330 2326 2327 2331
10746 61 2330 2326 2327 2332
10747 61 2330 2326 2327 2333
10748 61 2339 2335 2336 2340
10749 61 2339 2335 2336 2341
10750 61 2339 2335 2336 2342
10751 61 2348 2344 2345 2349
10752 61 2348 2344 2345 2350
10753 61 2348 2344 2345 2351
10754 61 2357 2353 2354 2358
10755 61 2357 2353 2354 2359
10756 61 2357 2353 2354 2360
10757 61 2366 2362 2363 2367
10758 61 2366 2362 2363 2368
10759 61 2366 2362 2363 2369
10760 61 2375 2371 2372 2376
10761 61 2375 2371 2372 2377
10762 61 2375 2371 2372 2378
10763 61 2384 2380 2381 2385
10764 61 2384 2380 2381 2386
10765 61 2384 2380 2381 2387
10766 61 2393 2389 2390 2394
10767 61 2393 2389 2390 2395
10768 61 2393 2389 2390 2396
10769 61 2402 2398 2399 2403
10770 61 2402 2398 2399 2404
10771 61 2402 2398 2399 2405
10772 61 2411 2407 2408 2412
10773 61 2411 2407 2408 2413
10774 61 2411 2407 2408 2414
10775 61 2420 2416 2417 2421
10776 61 2420 2416 2417 2422
10777 61 2420 2416 2417 2423
10778 61 2429 2425 2426 2430
10779 61 2429 2425 2426 2431
10780 61 2429 2425 2426 2432
10781 61 2438 2434 2435 2439
10782 61 2438 2434 2435 2440
10783 61 2438 2434 2435 2441
10784 61 2447 2443 2444 2448
10785 61 2447 2443 2444 2449
10786 61 2447 2443 2444 2450
10787 61 2456 2452 2453 2457
10788 61 2456 2452 2453 2458
10789 61 2456 2452 2453 2459
10790 61 2465 2461 2462 2466
10791 61 2465 2461 2462 2467
10792 61 2465 2461 2462 2468
10793 61 2474 2470 2471 2475
10794 61 2474 2470 2471 2476
10795 61 2474 2470 2471 2477
10796 61 2483 2479 2480 2484
10797 61 2483 2479 2480 2485
10798 61 2483 2479 2480 2486
10799 61 2492 2488 2489 2493
10800 61 2492 2488 2489 2494
10801 61 2492 2488 2489 2495
10802 61 2501 2497 2498 2502
10803 61 2501 2497 2498 2503
10804 61 2501 2497 2498 2504
10805 61 2510 2506 2507 2511
10806 61 2510 2506 2507 2512
10807 61 2510 2506 2507 2513
10808 61 2519 2515 2516 2520
10809 61 2519 2515 2516 2521
10810 61 2519 2515 2516 2522
10811 61 2528 2524 2525 2529
10812 61 2528 2524 2525 2530
10813 61 2528 2524 2525 2531
10814 61 2537 2533 2534 2538
10815 61 2537 2533 2534 2539
10816 61 2537 2533 2534 2540
10817 61 2546 2542 2543 2547
10818 61 2546 2542 2543 2548
10819 61 2546 2542 2543 2549
10820 61 2555 2551 2552 2556
10821 61 2555 2551 2552 2557
10822 61 2555 2551 2552 2558
10823 61 2564 2560 2561 2565
10824 61 2564 2560 2561 2566
10825 61 2564 2560 2561 2567
10826 61 2573 2569 2570 2574
10827 61 2573 2569 2570 2575
10828 61 2573 2569 2570 2576
10829 61 2582 2578 2579 2583
10830 61 2582 2578 2579 2584
10831 61 2582 2578 2579 2585
10832 61 2591 2587 2588 2592
10833 61 2591 2587 2588 2593
10834 61 2591 2587 2588 2594
10835 61 2600 2596 2597 2601
10836 61 2600 2596 2597 2602
10837 61 2600 2596 2597 2603
10838 61 2609 2605 2606 2610
10839 61 2609 2605 2606 2611
10840 61 2609 2605 2606 2612
10841 61 2618 2614 2615 2619
10842 61 2618 2614 2615 2620
10843 61 2618 2614 2615 2621
10844 61 2627 2623 2624 2628
10845 61 2627 2623 2624 2629
10846 61 2627 2623 2624 2630
10847 61 2636 2632 2633 2637
10848 61 2636 2632 2633 2638
10849 61 2636 2632 2633 2639
10850 61 2645 2641 2642 2646
10851 61 2645 2641 2642 2647
10852 61 2645 2641 2642 2648
10853 61 2654 2650 2651 2655
10854 61 2654 2650 2651 2656
10855 61 2654 2650 2651 2657
10856 61 2663 2659 2660 2664
10857 61 2663 2659 2660 2665
10858 61 2663 2659 2660 2666
10859 61 2672 2668 2669 2673
10860 61 2672 2668 2669 2674
10861 61 2672 2668 2669 2675
10862 61 2681 2677 2678 2682
10863 61 2681 2677 2678 2683
10864 61 2681 2677 2678 2684
10865 61 2690 2686 2687 2691
10866 61 2690 2686 2687 2692
10867 61 2690 2686 2687 2693
10868 61 2699 2695 2696 2700
10869 61 2699 2695 2696 2701
10870 61 2699 2695 2696 2702
10871 61 2716 2713 2714 2719
10872 61 2717 2713 2714 2719
10873 61 2718 2713 2714 2719
10874 61 2719 2714 2715 2720
10875 61 2719 2714 2715 2721
10876 61 2719 2714 2715 2722
10877 61 2728 2724 2725 2729
10878 61 2728 2724 2725 2730
10879 61 2728 2724 2725 2731
10880 61 2737 2733 2734 2738
10881 61 2737 2733 2734 2739
10882 61 2737 2733 2734 2740
10883 61 2746 2742 2743 2747
10884 61 2746 2742 2743 2748
10885 61 2746 2742 2743 2749
10886 61 2755 2751 2752 2756
10887 61 2755 2751 2752 2757
10888 61 2755 2751 2752 2758
10889 61 2764 2760 2761 2765
10890 61 2764 2760 2761 2766
10891 61 2764 2760 2761 2767
10892 61 2773 2769 2770 2774
10893 61 2773 2769 2770 2775
10894 61 2773 2769 2770 2776
10895 61 2782 2778 2779 2783
10896 61 2782 2778 2779 2784
10897 61 2782 2778 2779 2785
10898 61 2791 2787 2788 2792
10899 61 2791 2787 2788 2793
10900 61 2791 2787 2788 2794
10901 61 2800 2796 2797 2801
10902 61 2800 2796 2797 2802
10903 61 2800 2796 2797 2803
10904 61 2809 2805 2806 2810
10905 61 2809 2805 2806 2811
10906 61 2809 2805 2806 2812
10907 61 2818 2814 2815 2819
10908 61 2818 2814 2815 2820
10909 61 2818 2814 2815 2821
10910 61 2827 2823 2824 2828
10911 61 2827 2823 2824 2829
10912 61 2827 2823 2824 2830
10913 61 2836 2832 2833 2837
10914 61 2836 2832 2833 2838
10915 61 2836 2832 2833 2839
10916 61 2845 2841 2842 2846
10917 61 2845 2841 2842 2847
10918 61 2845 2841 2842 2848
10919 61 2854 2850 2851 2855
10920 61 2854 2850 2851 2856
10921 61 2854 2850 2851 2857
10922 61 2863 2859 2860 2864
10923 61 2863 2859 2860 2865
10924 61 2863 2859 2860 2866
10925 61 2872 2868 2869 2873
10926 61 2872 2868 2869 2874
10927 61 2872 2868 2869 2875
10928 61 2881 2877 2878 2882
10929 61 2881 2877 2878 2883
10930 61 2881 2877 2878 2884
10931 61 2890 2886 2887 2891
10932 61 2890 2886 2887 2892
10933 61 2890 2886 2887 2893
10934 61 2899 2895 2896 2900
10935 61 2899 2895 2896 2901
10936 61 2899 2895 2896 2902
10937 61 2908 2904 2905 2909
10938 61 2908 2904 2905 2910
10939 61 2908 2904 2905 2911
10940 61 2917 2913 2914 2918
10941 61 2917 2913 2914 2919
10942 61 2917 2913 2914 2920
10943 61 2926 2922 2923 2927
10944 61 2926 2922 2923 2928
10945 61 2926 2922 2923 2929
10946 61 2935 2931 2932 2936
10947 61 2935 2931 2932 2937
10948 61 2935 2931 2932 2938
10949 61 2944 2940 2941 2945
10950 61 2944 2940 2941 2946
10951 61 2944 2940 2941 2947
10952 61 2953 2949 2950 2954
10953 61 2953 2949 2950 2955
10954 61 2953 2949 2950 2956
10955 61 2962 2958 2959 2963
10956 61 2962 2958 2959 2964
10957 61 2962 2958 2959 2965
10958 61 2971 2967 2968 2972
10959 61 2971 2967 2968 2973
10960 61 2971 2967 2968 2974
10961 61 2980 2976 2977 2981
10962 61 2980 2976 2977 2982
10963 61 2980 2976 2977 2983
10964 61 2989 2985 2986 2990
10965 61 2989 2985 2986 2991
10966 61 2989 2985 2986 2992
10967 61 2998 2994 2995 2999
10968 61 2998 2994 2995 3000
10969 61 2998 2994 2995 3001
10970 61 3007 3003 3004 3008
10971 61 3007 3003 3004 3009
10972 61 3007 3003 3004 3010
10973 61 3016 3012 3013 3017
10974 61 3016 3012 3013 3018
10975 61 3016 3012 3013 3019
10976 61 3025 3021 3022 3026
10977 61 3025 3021 3022 3027
10978 61 3025 3021 3022 3028
10979 61 3034 3030 3031 3035
10980 61 3034 3030 3031 3036
10981 61 3034 3030 3031 3037
10982 61 3043 3039 3040 3044
10983 61 3043 3039 3040 3045
10984 61 3043 3039 3040 3046
10985 61 3052 3048 3049 3053
10986 61 3052 3048 3049 3054
10987 61 3052 3048 3049 3055
10988 61 3061 3057 3058 3062
10989 61 3061 3057 3058 3063
10990 61 3061 3057 3058 3064
10991 61 3070 3066 3067 3071
10992 61 3070 3066 3067 3072
10993 61 3070 3066 3067 3073
10994 61 3079 3075 3076 3080
10995 61 3079 3075 3076 3081
10996 61 3079 3075 3076 3082
10997 61 3088 3084 3085 3089
10998 61 3088 3084 3085 3090
10999 61 3088 3084 3085 3091
11000 61 3097 3093 3094 3098
11001 61 3097 3093 3094 3099
11002 61 3097 3093 3094 3100
11003 61 3106 3102 3103 3107
11004 61 3106 3102 3103 3108
11005 61 3106 3102 3103 3109
11006 61 3115 3111 3112 3116
11007 61 3115 3111 3112 3117
11008 61 3115 3111 3112 3118
11009 61 3124 3120 3121 3125
11010 61 3124 3120 3121 3126
11011 61 3124 3120 3121 3127
11012 61 3133 3129 3130 3134
11013 61 3133 3129 3130 3135
11014 61 3133 3129 3130 3136
11015 61 3142 3138 3139 3143
11016 61 3142 3138 3139 3144
11017 61 3142 3138 3139 3145
11018 61 3151 3147 3148 3152
11019 61 3151 3147 3148 3153
11020 61 3151 3147 3148 3154
11021 61 3168 3165 3166 3171
11022 61 3169 3165 3166 3171
11023 61 3170 3165 3166 3171
11024 61 3171 3166 3167 3172
11025 61 3171 3166 3167 3173
11026 61 3171 3166 3167 3174
11027 61 3180 3176 3177 3181
11028 61 3180 3176 3177 3182
11029 61 3180 3176 3177 3183
11030 61 3189 3185 3186 3190
11031 61 3189 3185 3186 3191
11032 61 3189 3185 3186 3192
11033 61 3198 3194 3195 3199
11034 61 3198 3194 3195 3200
11035 61 3198 3194 3195 3201
11036 61 3207 3203 3204 3208
11037 61 3207 3203 3204 3209
11038 61 3207 3203 3204 3210
11039 61 3216 3212 3213 3217
11040 61 3216 3212 3213 3218
11041 61 3216 3212 3213 3219
11042 61 3225 3221 3222 3226
11043 61 3225 3221 3222 3227
11044 61 3225 3221 3222 3228
11045 61 3234 3230 3231 3235
11046 61 3234 3230 3231 3236
11047 61 3234 3230 3231 3237
11048 61 3243 3239 3240 3244
11049 61 3243 3239 3240 3245
11050 61 3243 3239 3240 3246
11051 61 3252 3248 3249 3253
11052 61 3252 3248 3249 3254
11053 61 3252 3248 3249 3255
11054 61 3261 3257 3258 3262
11055 61 3261 3257 3258 3263
11056 61 3261 3257 3258 3264
11057 61 3270 3266 3267 3271
11058 61 3270 3266 3267 3272
11059 61 3270 3266 3267 3273
11060 61 3279 3275 3276 3280
11061 61 3279 3275 3276 3281
11062 61 3279 3275 3276 3282
11063 61 3288 3284 3285 3289
11064 61 3288 3284 3285 3290
11065 61 3288 3284 3285 3291
11066 61 3297 3293 3294 3298
11067 61 3297 3293 3294 3299
11068 61 3297 3293 3294 3300
11069 61 3306 3302 3303 3307
11070 61 3306 3302 3303 3308
11071 61 3306 3302 3303 3309
11072 61 3315 3311 3312 3316
11073 61 3315 3311 3312 3317
11074 61 3315 3311 3312 3318
11075 61 3324 3320 3321 3325
11076 61 3324 3320 3321 3326
11077 61 3324 3320 3321 3327
11078 61 3333 3329 3330 3334
11079 61 3333 3329 3330 3335
11080 61 3333 3329 3330 3336
11081 61 3342 3338 3339 3343
11082 61 3342 3338 3339 3344
11083 61 3342 3338 3339 3345
11084 61 3351 3347 3348 3352
11085 61 3351 3347 3348 3353
11086 61 3351 3347 3348 3354
11087 61 3360 3356 3357 3361
11088 61 3360 3356 3357 3362
11089 61 3360 3356 3357 3363
11090 61 3369 3365 3366 3370
11091 61 3369 3365 3366 3371
11092 61 3369 3365 3366 3372
11093 61 3378 3374 3375 3379
11094 61 3378 3374 3375 3380
11095 61 3378 3374 3375 3381
11096 61 3387 3383 3384 3388
11097 61 3387 3383 3384 3389
11098 61 3387 3383 3384 3390
11099 61 3396 3392 3393 3397
11100 61 3396 3392 3393 3398
11101 61 3396 3392 3393 3399
11102 61 3405 3401 3402 3406
11103 61 3405 3401 3402 3407
11104 61 3405 3401 3402 3408
11105 61 3414 3410 3411 3415
11106 61 3414 3410 3411 3416
11107 61 3414 3410 3411 3417
11108 61 3423 3419 3420 3424
11109 61 3423 3419 3420 3425
11110 61 3423 3419 3420 3426
11111 61 3432 3428 3429 3433
11112 61 3432 3428 3429 3434
11113 61 3432 3428 3429 3435
11114 61 3441 3437 3438 3442
11115 61 3441 3437 3438 3443
11116 61 3441 3437 3438 3444
11117 61 3450 3446 3447 3451
11118 61 3450 3446 3447 3452
11119 61 3450 3446 3447 3453
11120 61 3459 3455 3456 3460
11121 61 3459 3455 3456 3461
11122 61 3459 3455 3456 3462
11123 61 3468 3464 3465 3469
11124 61 3468 3464 3465 3470
11125 61 3468 3464 3465 3471
11126 61 3477 3473 3474 3478
11127 61 3477 3473 3474 3479
11128 61 3477 3473 3474 3480
11129 61 3486 3482 3483 3487
11130 61 3486 3482 3483 3488
11131 61 3486 3482 3483 3489
11132 61 3495 3491 3492 3496
11133 61 3495 3491 3492 3497
11134 61 3495 3491 3492 3498
11135 61 3504 3500 3501 3505
11136 61 3504 3500 3501 3506
11137 61 3504 3500 3501 3507
11138 61 3513 3509 3510 3514
11139 61 3513 3509 3510 3515
11140 61 3513 3509 3510 3516
11141 61 3522 3518 3519 3523
11142 61 3522 3518 3519 3524
11143 61 3522 3518 3519 3525
11144 61 3531 3527 3528 3532
11145 61 3531 3527 3528 3533
11146 61 3531 3527 3528 3534
11147 61 3540 3536 3537 3541
11148 61 3540 3536 3537 3542
11149 61 3540 3536 3537 3543
11150 61 3549 3545 3546 3550
11151 61 3549 3545 3546 3551
11152 61 3549 3545 3546 3552
11153 61 3558 3554 3555 3559
11154 61 3558 3554 3555 3560
11155 61 3558 3554 3555 3561
11156 61 3567 3563 3564 3568
11157 61 3567 3563 3564 3569
11158 61 3567 3563 3564 3570
11159 61 3576 3572 3573 3577
11160 61 3576 3572 3573 3578
11161 61 3576 3572 3573 3579
11162 61 3585 3581 3582 3586
11163 61 3585 3581 3582 3587
11164 61 3585 3581 3582 3588
11165 61 3594 3590 3591 3595
11166 61 3594 3590 3591 3596
11167 61 3594 3590 3591 3597
11168 61 3603 3599 3600 3604
11169 61 3603 3599 3600 3605
11170 61 3603 3599 3600 3606
11171 61 3620 3617 3618 3623
11172 61 3621 3617 3618 3623
11173 61 3622 3617 3618 3623
11174 61 3623 3618 3619 3624
11175 61 3623 3618 3619 3625
11176 61 3623 3618 3619 3626
11177 61 3632 3628 3629 3633
11178 61 3632 3628 3629 3634
11179 61 3632 3628 3629 3635
11180 61 3641 3637 3638 3642
11181 61 3641 3637 3638 3643
11182 61 3641 3637 3638 3644
11183 61 3650 3646 3647 3651
11184 61 3650 3646 3647 3652
11185 61 3650 3646 3647 3653
11186 61 3659 3655 3656 3660
11187 61 3659 3655 3656 3661
11188 61 3659 3655 3656 3662
11189 61 3668 3664 3665 3669
11190 61 3668 3664 3665 3670
11191 61 3668 3664 3665 3671
11192 61 3677 3673 3674 3678
11193 61 3677 3673 3674 3679
11194 61 3677 3673 3674 3680
11195 61 3686 3682 3683 3687
11196 61 3686 3682 3683 3688
11197 61 3686 3682 3683 3689
11198 61 3695 3691 3692 3696
11199 61 3695 3691 3692 3697
11200 61 3695 3691 3692 3698
11201 61 3704 3700 3701 3705
11202 61 3704 3700 3701 3706
11203 61 3704 3700 3701 3707
11204 61 3713 3709 3710 3714
11205 61 3713 3709 3710 3715
11206 61 3713 3709 3710 3716
11207 61 3722 3718 3719 3723
11208 61 3722 3718 3719 3724
11209 61 3722 3718 3719 3725
11210 61 3731 3727 3728 3732
11211 61 3731 3727 3728 3733
11212 61 3731 3727 3728 3734
11213 61 3740 3736 3737 3741
11214 61 3740 3736 3737 3742
11215 61 3740 3736 3737 3743
11216 61 3749 3745 3746 3750
11217 61 3749 3745 3746 3751
11218 61 3749 3745 3746 3752
11219 61 3758 3754 3755 3759
11220 61 3758 3754 3755 3760
11221 61 3758 3754 3755 3761
11222 61 3767 3763 3764 3768
11223 61 3767 3763 3764 3769
11224 61 3767 3763 3764 3770
11225 61 3776 3772 3773 3777
11226 61 3776 3772 3773 3778
11227 61 3776 3772 3773 3779
11228 61 3785 3781 3782 3786
11229 61 3785 3781 3782 3787
11230 61 3785 3781 3782 3788
11231 61 3794 3790 3791 3795
11232 61 3794 3790 3791 3796
11233 61 3794 3790 3791 3797
11234 61 3803 3799 3800 3804
11235 61 3803 3799 3800 3805
11236 61 3803 3799 3800 3806
11237 61 3812 3808 3809 3813
11238 61 3812 3808 3809 3814
11239 61 3812 3808 3809 3815
11240 61 3821 3817 3818 3822
11241 61 3821 3817 3818 3823
11242 61 3821 3817 3818 3824
11243 61 3830 3826 3827 3831
11244 61 3830 3826 3827 3832
11245 61 3830 3826 3827 3833
11246 61 3839 3835 3836 3840
11247 61 3839 3835 3836 3841
11248 61 3839 3835 3836 3842
11249 61 3848 3844 3845 3849
11250 61 3848 3844 3845 3850
11251 61 3848 3844 3845 3851
11252 61 3857 3853 3854 3858
11253 61 3857 3853 3854 3859
11254 61 3857 3853 3854 3860
11255 61 3866 3862 3863 3867
11256 61 3866 3862 3863 3868
11257 61 3866 3862 3863 3869
11258 61 3875 3871 3872 3876
11259 61 3875 3871 3872 3877
11260 61 3875 3871 3872 3878
11261 61 3884 3880 3881 3885
11262 61 3884 3880 3881 3886
11263 61 3884 3880 3881 3887
11264 61 3893 3889 3890 3894
11265 61 3893 3889 3890 3895
11266 61 3893 3889 3890 3896
11267 61 3902 3898 3899 3903
11268 61 3902 3898 3899 3904
11269 61 3902 3898 3899 3905
11270 61 3911 3907 3908 3912
11271 61 3911 3907 3908 3913
11272 61 3911 3907 3908 3914
11273 61 3920 3916 3917 3921
11274 61 3920 3916 3917 3922
11275 61 3920 3916 3917 3923
11276 61 3929 3925 3926 3930
11277 61 3929 3925 3926 3931
11278 61 3929 3925 3926 3932
11279 61 3938 3934 3935 3939
11280 61 3938 3934 3935 3940
11281 61 3938 3934 3935 3941
11282 61 3947 3943 3944 3948
11283 61 3947 3943 3944 3949
11284 61 3947 3943 3944 3950
11285 61 3956 3952 3953 3957
11286 61 3956 3952 3953 3958
11287 61 3956 3952 3953 3959
11288 61 3965 3961 3962 3966
11289 61 3965 3961 3962 3967
11290 61 3965 3961 3962 3968
11291 61 3974 3970 3971 3975
11292 61 3974 3970 3971 3976
11293 61 3974 3970 3971 3977
11294 61 3983 3979 3980 3984
11295 61 3983 3979 3980 3985
11296 61 3983 3979 3980 3986
11297 61 3992 3988 3989 3993
11298 61 3992 3988 3989 3994
11299 61 3992 3988 3989 3995
11300 61 4001 3997 3998 4002
11301 61 4001 3997 3998 4003
11302 61 4001 3997 3998 4004
11303 61 4010 4006 4007 4011
11304 61 4010 4006 4007 4012
11305 61 4010 4006 4007 4013
11306 61 4019 4015 4016 4020
11307 61 4019 4015 4016 4021
11308 61 4019 4015 4016 4022
11309 61 4028 4024 4025 4029
11310 61 4028 4024 4025 4030
11311 61 4028 4024 4025 4031
11312 61 4037 4033 4034 4038
11313 61 4037 4033 4034 4039
11314 61 4037 4033 4034 4040
11315 61 4046 4042 4043 4047
11316 61 4046 4042 4043 4048
11317 61 4046 4042 4043 4049
11318 61 4055 4051 4052 4056
11319 61 4055 4051 4052 4057
11320 61 4055 4051 4052 4058
11321 61 4072 4069 4070 4075
11322 61 4073 4069 4070 4075
11323 61 4074 4069 4070 4075
11324 61 4075 4070 4071 4076
11325 61 4075 4070 4071 4077
11326 61 4075 4070 4071 4078
11327 61 4084 4080 4081 4085
11328 61 4084 4080 4081 4086
11329 61 4084 4080 4081 4087
11330 61 4093 4089 4090 4094
11331 61 4093 4089 4090 4095
11332 61 4093 4089 4090 4096
11333 61 4102 4098 4099 4103
11334 61 4102 4098 4099 4104
11335 61 4102 4098 4099 4105
11336 61 4111 4107 4108 4112
11337 61 4111 4107 4108 4113
11338 61 4111 4107 4108 4114
11339 61 4120 4116 4117 4121
11340 61 4120 4116 4117 4122
11341 61 4120 4116 4117 4123
11342 61 4129 4125 4126 4130
11343 61 4129 4125 4126 4131
11344 61 4129 4125 4126 4132
11345 61 4138 4134 4135 4139
11346 61 4138 4134 4135 4140
11347 61 4138 4134 4135 4141
11348 61 4147 4143 4144 4148
11349 61 4147 4143 4144 4149
11350 61 4147 4143 4144 4150
11351 61 4156 4152 4153 4157
11352 61 4156 4152 4153 4158
11353 61 4156 4152 4153 4159
11354 61 4165 4161 4162 4166
11355 61 4165 4161 4162 4167
11356 61 4165 4161 4162 4168
11357 61 4174 4170 4171 4175
11358 61 4174 4170 4171 4176
11359 61 4174 4170 4171 4177
11360 61 4183 4179 4180 4184
11361 61 4183 4179 4180 4185
11362 61 4183 4179 4180 4186
11363 61 4192 4188 4189 4193
11364 61 4192 4188 4189 4194
11365 61 4192 4188 4189 4195
11366 61 4201 4197 4198 4202
11367 61 4201 4197 4198 4203
11368 61 4201 4197 4198 4204
11369 61 4210 4206 4207 4211
11370 61 4210 4206 4207 4212
11371 61 4210 4206 4207 4213
11372 61 4219 4215 4216 4220
11373 61 4219 4215 4216 4221
11374 61 4219 4215 4216 4222
11375 61 4228 4224 4225 4229
11376 61 4228 4224 4225 4230
11377 61 4228 4224 4225 4231
11378 61 4237 4233 4234 4238
11379 61 4237 4233 4234 4239
11380 61 4237 4233 4234 4240
11381 61 4246 4242 4243 4247
11382 61 4246 4242 4243 4248
11383 61 4246 4242 4243 4249
11384 61 4255 4251 4252 4256
11385 61 4255 4251 4252 4257
11386 61 4255 4251 4252 4258
11387 61 4264 4260 4261 4265
11388 61 4264 4260 4261 4266
11389 61 4264 4260 4261 4267
11390 61 4273 4269 4270 4274
11391 61 4273 4269 4270 4275
11392 61 4273 4269 4270 4276
11393 61 4282 4278 4279 4283
11394 61 4282 4278 4279 4284
11395 61 4282 4278 4279 4285
11396 61 4291 4287 4288 4292
11397 61 4291 4287 4288 4293
11398 61 4291 4287 4288 4294
11399 61 4300 4296 4297 4301
11400 61 4300 4296 4297 4302
11401 61 4300 4296 4297 4303
11402 61 4309 4305 4306 4310
11403 61 4309 4305 4306 4311
11404 61 4309 4305 4306 4312
11405 61 4318 4314 4315 4319
11406 61 4318 4314 4315 4320
11407 61 4318 4314 4315 4321
11408 61 4327 4323 4324 4328
11409 61 4327 4323 4324 4329
11410 61 4327 4323 4324 4330
11411 61 4336 4332 4333 4337
11412 61 4336 4332 4333 4338
11413 61 4336 4332 4333 4339
11414 61 4345 4341 4342 4346
11415 61 4345 4341 4342 4347
11416 61 4345 4341 4342 4348
11417 61 4354 4350 4351 4355
11418 61 4354 4350 4351 4356
11419 61 4354 4350 4351 4357
11420 61 4363 4359 4360 4364
11421 61 4363 4359 4360 4365
11422 61 4363 4359 4360 4366
11423 61 4372 4368 4369 4373
11424 61 4372 4368 4369 4374
11425 61 4372 4368 4369 4375
11426 61 4381 4377 4378 4382
11427 61 4381 4377 4378 4383
11428 61 4381 4377 4378 4384
11429 61 4390 4386 4387 4391
11430 61 4390 4386 4387 4392
11431 61 4390 4386 4387 4393
11432 61 4399 4395 4396 4400
11433 61 4399 4395 4396 4401
11434 61 4399 4395 4396 4402
11435 61 4408 4404 4405 4409
11436 61 4408 4404 4405 4410
11437 61 4408 4404 4405 4411
11438 61 4417 4413 4414 4418
11439 61 4417 4413 4414 4419
11440 61 4417 4413 4414 4420
11441 61 4426 4422 4423 4427
11442 61 4426 4422 4423 4428
11443 61 4426 4422 4423 4429
11444 61 4435 4431 4432 4436
11445 61 4435 4431 4432 4437
11446 61 4435 4431 4432 4438
11447 61 4444 4440 4441 4445
11448 61 4444 4440 4441 4446
11449 61 4444 4440 4441 4447
11450 61 4453 4449 4450 4454
11451 61 4453 4449 4450 4455
11452 61 4453 4449 4450 4456
11453 61 4462 4458 4459 4463
11454 61 4462 4458 4459 4464
11455 61 4462 4458 4459 4465
11456 61 4471 4467 4468 4472
11457 61 4471 4467 4468 4473
11458 61 4471 4467 4468 4474
11459 61 4480 4476 4477 4481
11460 61 4480 4476 4477 4482
11461 61 4480 4476 4477 4483
11462 61 4489 4485 4486 4490
11463 61 4489 4485 4486 4491
11464 61 4489 4485 4486 4492
11465 61 4498 4494 4495 4499
11466 61 4498 4494 4495 4500
11467 61 4498 4494 4495 4501
11468 61 4507 4503 4504 4508
11469 61 4507 4503 4504 4509
11470 61 4507 4503 4504 4510
11471 62 7 2 11 14
11472 62 7 2 11 15
11473 62 14 11 12 16
11474 62 15 11 12 16
11475 62 16 12 20 23
11476 62 16 12 20 24
11477 62 23 20 21 25
11478 62 24 20 21 25
11479 62 25 21 29 32
11480 62 25 21 29 33
11481 62 32 29 30 34
11482 62 33 29 30 34
11483 62 34 30 38 41
11484 62 34 30 38 42
11485 62 41 38 39 43
11486 62 42 38 39 43
11487 62 43 39 47 50
11488 62 43 39 47 51
11489 62 50 47 48 52
11490 62 51 47 48 52
11491 62 52 48 56 59
11492 62 52 48 56 60
11493 62 59 56 57 61
11494 62 60 56 57 61
11495 62 61 57 65 68
11496 62 61 57 65 69
11497 62 68 65 66 70
11498 62 69 65 66 70
11499 62 70 66 74 77
11500 62 70 66 74 78
11501 62 77 74 75 79
11502 62 78 74 75 79
11503 62 79 75 83 86
11504 62 79 75 83 87
11505 62 86 83 84 88
11506 62 87 83 84 88
11507 62 88 84 92 95
11508 62 88 84 92 96
11509 62 95 92 93 97
11510 62 96 92 93 97
11511 62 97 93 101 104
11512 62 97 93 101 105
11513 62 104 101 102 106
11514 62 105 101 102 106
11515 62 106 102 110 113
11516 62 106 102 110 114
11517 62 113 110 111 115
11518 62 114 110 111 115
11519 62 115 111 119 122
11520 62 115 111 119 123
11521 62 122 119 120 124
11522 62 123 119 120 124
11523 62 124 120 128 131
11524 62 124 120 128 132
11525 62 131 128 129 133
11526 62 132 128 129 133
11527 62 133 129 137 140
11528 62 133 129 137 141
11529 62 140 137 138 142
11530 62 141 137 138 142
11531 62 142 138 146 149
11532 62 142 138 146 150
11533 62 149 146 147 151
11534 62 150 146 147 151
11535 62 151 147 155 158
11536 62 151 147 155 159
11537 62 158 155 156 160
11538 62 159 155 156 160
11539 62 160 156 164 167
11540 62 160 156 164 168
11541 62 167 164 165 169
11542 62 168 164 165 169
11543 62 169 165 173 176
11544 62 169 165 173 177
11545 62 176 173 174 178
11546 62 177 173 174 178
11547 62 178 174 182 185
11548 62 178 174 182 186
11549 62 185 182 183 187
11550 62 186 182 183 187
11551 62 187 183 191 194
11552 62 187 183 191 195
11553 62 194 191 192 196
11554 62 195 191 192 196
11555 62 196 192 200 203
11556 62 196 192 200 204
11557 62 203 200 201 205
11558 62 204 200 201 205
11559 62 205 201 209 212
11560 62 205 201 209 213
11561 62 212 209 210 214
11562 62 213 209 210 214
11563 62 214 210 218 221
11564 62 214 210 218 222
11565 62 221 218 219 223
11566 62 222 218 219 223
11567 62 223 219 227 230
11568 62 223 219 227 231
11569 62 230 227 228 232
11570 62 231 227 228 232
11571 62 232 228 236 239
11572 62 232 228 236 240
11573 62 239 236 237 241
11574 62 240 236 237 241
11575 62 241 237 245 248
11576 62 241 237 245 249
11577 62 248 245 246 250
11578 62 249 245 246 250
11579 62 250 246 254 257
11580 62 250 246 254 258
11581 62 257 254 255 259
11582 62 258 254 255 259
11583 62 259 255 263 266
11584 62 259 255 263 267
11585 62 266 263 264 268
11586 62 267 263 264 268
11587 62 268 264 272 275
11588 62 268 264 272 276
11589 62 275 272 273 277
11590 62 276 272 273 277
11591 62 277 273 281 284
11592 62 277 273 281 285
11593 62 284 281 282 286
11594 62 285 281 282 286
11595 62 286 282 290 293
11596 62 286 282 290 294
11597 62 293 290 291 295
11598 62 294 290 291 295
11599 62 295 291 299 302
11600 62 295 291 299 303
11601 62 302 299 300 304
11602 62 303 299 300 304
11603 62 304 300 308 311
11604 62 304 300 308 312
11605 62 311 308 309 313
11606 62 312 308 309 313
11607 62 313 309 317 320
11608 62 313 309 317 321
11609 62 320 317 318 322
11610 62 321 317 318 322
11611 62 322 318 326 329
11612 62 322 318 326 330
11613 62 329 326 327 331
11614 62 330 326 327 331
11615 62 331 327 335 338
11616 62 331 327 335 339
11617 62 338 335 336 340
11618 62 339 335 336 340
11619 62 340 336 344 347
11620 62 340 336 344 348
11621 62 347 344 345 349
11622 62 348 344 345 349
11623 62 349 345 353 356
11624 62 349 345 353 357
11625 62 356 353 354 358
11626 62 357 353 354 358
11627 62 358 354 362 365
11628 62 358 354 362 366
11629 62 365 362 363 367
11630 62 366 362 363 367
11631 62 367 363 371 374
11632 62 367 363 371 375
11633 62 374 371 372 376
11634 62 375 371 372 376
11635 62 376 372 380 383
11636 62 376 372 380 384
11637 62 383 380 381 385
11638 62 384 380 381 385
11639 62 385 381 389 392
11640 62 385 381 389 393
11641 62 392 389 390 394
11642 62 393 389 390 394
11643 62 394 390 398 401
11644 62 394 390 398 402
11645 62 401 398 399 403
11646 62 402 398 399 403
11647 62 403 399 407 410
11648 62 403 399 407 411
11649 62 410 407 408 412
11650 62 411 407 408 412
11651 62 412 408 416 419
11652 62 412 408 416 420
11653 62 419 416 417 421
11654 62 420 416 417 421
11655 62 421 417 425 428
11656 62 421 417 425 429
11657 62 428 425 426 430
11658 62 429 425 426 430
11659 62 430 426 434 437
11660 62 430 426 434 438
11661 62 437 434 435 439
11662 62 438 434 435 439
11663 62 439 435 443 446
11664 62 439 435 443 447
11665 62 459 454 463 466
11666 62 459 454 463 467
11667 62 466 463 464 468
11668 62 467 463 464 468
11669 62 468 464 472 475
11670 62 468 464 472 476
11671 62 475 472 473 477
11672 62 476 472 473 477
11673 62 477 473 481 484
11674 62 477 473 481 485
11675 62 484 481 482 486
11676 62 485 481 482 486
11677 62 486 482 490 493
11678 62 486 482 490 494
11679 62 493 490 491 495
11680 62 494 490 491 495
11681 62 495 491 499 502
11682 62 495 491 499 503
11683 62 502 499 500 504
11684 62 503 499 500 504
11685 62 504 500 508 511
11686 62 504 500 508 512
11687 62 511 508 509 513
11688 62 512 508 509 513
11689 62 513 509 517 520
11690 62 513 509 517 521
11691 62 520 517 518 522
11692 62 521 517 518 522
11693 62 522 518 526 529
11694 62 522 518 526 530
11695 62 529 526 527 531
11696 62 530 526 527 531
11697 62 531 527 535 538
11698 62 531 527 535 539
11699 62 538 535 536 540
11700 62 539 535 536 540
11701 62 540 536 544 547
11702 62 540 536 544 548
11703 62 547 544 545 549
11704 62 548 544 545 549
11705 62 549 545 553 556
11706 62 549 545 553 557
11707 62 556 553 554 558
11708 62 557 553 554 558
11709 62 558 554 562 565
11710 62 558 554 562 566
11711 62 565 562 563 567
11712 62 566 562 563 567
11713 62 567 563 571 574
11714 62 567 563 571 575
11715 62 574 571 572 576
11716 62 575 571 572 576
11717 62 576 572 580 583
11718 62 576 572 580 584
11719 62 583 580 581 585
11720 62 584 580 581 585
11721 62 585 581 589 592
11722 62 585 581 589 593
11723 62 592 589 590 594
11724 62 593 589 590 594
11725 62 594 590 598 601
11726 62 594 590 598 602
11727 62 601 598 599 603
11728 62 602 598 599 603
11729 62 603 599 607 610
11730 62 603 599 607 611
11731 62 610 607 608 612
11732 62 611 607 608 612
11733 62 612 608 616 619
11734 62 612 608 616 620
11735 62 619 616 617 621
11736 62 620 616 617 621
11737 62 621 617 625 628
11738 62 621 617 625 629
11739 62 628 625 626 630
11740 62 629 625 626 630
11741 62 630 626 634 637
11742 62 630 626 634 638
11743 62 637 634 635 639
11744 62 638 634 635 639
11745 62 639 635 643 646
11746 62 639 635 643 647
11747 62 646 643 644 648
11748 62 647 643 644 648
11749 62 648 644 652 655
11750 62 648 644 652 656
11751 62 655 652 653 657
11752 62 656 652 653 657
11753 62 657 653 661 664
11754 62 657 653 661 665
11755 62 664 661 662 666
11756 62 665 661 662 666
11757 62 666 662 670 673
11758 62 666 662 670 674
11759 62 673 670 671 675
11760 62 674 670 671 675
11761 62 675 671 679 682
11762 62 675 671 679 683
11763 62 682 679 680 684
11764 62 683 679 680 684
11765 62 684 680 688 691
11766 62 684 680 688 692
11767 62 691 688 689 693
11768 62 692 688 689 693
11769 62 693 689 697 700
11770 62 693 689 697 701
11771 62 700 697 698 702
11772 62 701 697 698 702
11773 62 702 698 706 709
11774 62 702 698 706 710
11775 62 709 706 707 711
11776 62 710 706 707 711
11777 62 711 707 715 718
11778 62 711 707 715 719
11779 62 718 715 716 720
11780 62 719 715 716 720
11781 62 720 716 724 727
11782 62 720 716 724 728
11783 62 727 724 725 729
11784 62 728 724 725 729
11785 62 729 725 733 736
11786 62 729 725 733 737
11787 62 736 733 734 738
11788 62 737 733 734 738
11789 62 738 734 742 745
11790 62 738 734 742 746
11791 62 745 742 743 747
11792 62 746 742 743 747
11793 62 747 743 751 754
11794 62 747 743 751 755
11795 62 754 751 752 756
11796 62 755 751 752 756
11797 62 756 752 760 763
11798 62 756 752 760 764
11799 62 763 760 761 765
11800 62 764 760 761 765
11801 62 765 761 769 772
11802 62 765 761 769 773
11803 62 772 769 770 774
11804 62 773 769 770 774
11805 62 774 770 778 781
11806 62 774 770 778 782
11807 62 781 778 779 783
11808 62 782 778 779 783
11809 62 783 779 787 790
11810 62 783 779 787 791
11811 62 790 787 788 792
11812 62 791 787 788 792
11813 62 792 788 796 799
11814 62 792 788 796 800
11815 62 799 796 797 801
11816 62 800 796 797 801
11817 62 801 797 805 808
11818 62 801 797 805 809
11819 62 808 805 806 810
11820 62 809 805 806 810
11821 62 810 806 814 817
11822 62 810 806 814 818
11823 62 817 814 815 819
11824 62 818 814 815 819
11825 62 819 815 823 826
11826 62 819 815 823 827
11827 62 826 823 824 828
11828 62 827 823 824 828
11829 62 828 824 832 835
11830 62 828 824 832 836
11831 62 835 832 833 837
11832 62 836 832 833 837
11833 62 837 833 841 844
11834 62 837 833 841 845
11835 62 844 841 842 846
11836 62 845 841 842 846
11837 62 846 842 850 853
11838 62 846 842 850 854
11839 62 853 850 851 855
11840 62 854 850 851 855
11841 62 855 851 859 862
11842 62 855 851 859 863
11843 62 862 859 860 864
11844 62 863 859 860 864
11845 62 864 860 868 871
11846 62 864 860 868 872
11847 62 871 868 869 873
11848 62 872 868 869 873
11849 62 873 869 877 880
11850 62 873 869 877 881
11851 62 880 877 878 882
11852 62 881 877 878 882
11853 62 882 878 886 889
11854 62 882 878 886 890
11855 62 889 886 887 891
11856 62 890 886 887 891
11857 62 891 887 895 898
11858 62 891 887 895 899
11859 62 911 906 915 918
11860 62 911 906 915 919
11861 62 918 915 916 920
11862 62 919 915 916 920
11863 62 920 916 924 927
11864 62 920 916 924 928
11865 62 927 924 925 929
11866 62 928 924 925 929
11867 62 929 925 933 936
11868 62 929 925 933 937
11869 62 936 933 934 938
11870 62 937 933 934 938
11871 62 938 934 942 945
11872 62 938 934 942 946
11873 62 945 942 943 947
11874 62 946 942 943 947
11875 62 947 943 951 954
11876 62 947 943 951 955
11877 62 954 951 952 956
11878 62 955 951 952 956
11879 62 956 952 960 963
11880 62 956 952 960 964
11881 62 963 960 961 965
11882 62 964 960 961 965
11883 62 965 961 969 972
11884 62 965 961 969 973
11885 62 972 969 970 974
11886 62 973 969 970 974
11887 62 974 970 978 981
11888 62 974 970 978 982
11889 62 981 978 979 983
11890 62 982 978 979 983
11891 62 983 979 987 990
11892 62 983 979 987 991
11893 62 990 987 988 992
11894 62 991 987 988 992
11895 62 992 988 996 999
11896 62 992 988 996 1000
11897 62 999 996 997 1001
11898 62 1000 996 997 1001
11899 62 1001 997 1005 1008
11900 62 1001 997 1005 1009
11901 62 1008 1005 1006 1010
11902 62 1009 1005 1006 1010
11903 62 1010 1006 1014 1017
11904 62 1010 1006 1014 1018
11905 62 1017 1014 1015 1019
11906 62 1018 1014 1015 1019
11907 62 1019 1015 1023 1026
11908 62 1019 1015 1023 1027
11909 62 1026 1023 1024 1028
11910 62 1027 1023 1024 1028
11911 62 1028 1024 1032 1035
11912 62 1028 1024 1032 1036
11913 62 1035 1032 1033 1037
11914 62 1036 1032 1033 1037
11915 62 1037 1033 1041 1044
11916 62 1037 1033 1041 1045
11917 62 1044 1041 1042 1046
11918 62 1045 1041 1042 1046
11919 62 1046 1042 1050 1053
11920 62 1046 1042 1050 1054
11921 62 1053 1050 1051 1055
11922 62 1054 1050 1051 1055
11923 62 1055 1051 1059 1062
11924 62 1055 1051 1059 1063
11925 62 1062 1059 1060 1064
11926 62 1063 1059 1060 1064
11927 62 1064 1060 1068 1071
11928 62 1064 1060 1068 1072
11929 62 1071 1068 1069 1073
11930 62 1072 1068 1069 1073
11931 62 1073 1069 1077 1080
11932 62 1073 1069 1077 1081
11933 62 1080 1077 1078 1082
11934 62 1081 1077 1078 1082
11935 62 1082 1078 1086 1089
11936 62 1082 1078 1086 1090
11937 62 1089 1086 1087 1091
11938 62 1090 1086 1087 1091
11939 62 1091 1087 1095 1098
11940 62 1091 1087 1095 1099
11941 62 1098 1095 1096 1100
11942 62 1099 1095 1096 1100
11943 62 1100 1096 1104 1107
11944 62 1100 1096 1104 1108
11945 62 1107 1104 1105 1109
11946 62 1108 1104 1105 1109
11947 62 1109 1105 1113 1116
11948 62 1109 1105 1113 1117
11949 62 1116 1113 1114 1118
11950 62 1117 1113 1114 1118
11951 62 1118 1114 1122 1125
11952 62 1118 1114 1122 1126
11953 62 1125 1122 1123 1127
11954 62 1126 1122 1123 1127
11955 62 1127 1123 1131 1134
11956 62 1127 1123 1131 1135
11957 62 1134 1131 1132 1136
11958 62 1135 1131 1132 1136
11959 62 1136 1132 1140 1143
11960 62 1136 1132 1140 1144
11961 62 1143 1140 1141 1145
11962 62 1144 1140 1141 1145
11963 62 1145 1141 1149 1152
11964 62 1145 1141 1149 1153
11965 62 1152 1149 1150 1154
11966 62 1153 1149 1150 1154
11967 62 1154 1150 1158 1161
11968 62 1154 1150 1158 1162
11969 62 1161 1158 1159 1163
11970 62 1162 1158 1159 1163
11971 62 1163 1159 1167 1170
11972 62 1163 1159 1167 1171
11973 62 1170 1167 1168 1172
11974 62 1171 1167 1168 1172
11975 62 1172 1168 1176 1179
11976 62 1172 1168 1176 1180
11977 62 1179 1176 1177 1181
11978 62 1180 1176 1177 1181
11979 62 1181 1177 1185 1188
11980 62 1181 1177 1185 1189
11981 62 1188 1185 1186 1190
11982 62 1189 1185 1186 1190
11983 62 1190 1186 1194 1197
11984 62 1190 1186 1194 1198
11985 62 1197 1194 1195 1199
11986 62 1198 1194 1195 1199
11987 62 1199 1195 1203 1206
11988 62 1199 1195 1203 1207
11989 62 1206 1203 1204 1208
11990 62 1207 1203 1204 1208
11991 62 1208 1204 1212 1215
11992 62 1208 1204 1212 1216
11993 62 1215 1212 1213 1217
11994 62 1216 1212 1213 1217
11995 62 1217 1213 1221 1224
11996 62 1217 1213 1221 1225
11997 62 1224 1221 1222 1226
11998 62 1225 1221 1222 1226
11999 62 1226 1222 1230 1233
12000 62 1226 1222 1230 1234
12001 62 1233 1230 1231 1235
12002 62 1234 1230 1231 1235
12003 62 1235 1231 1239 1242
12004 62 1235 1231 1239 1243
12005 62 1242 1239 1240 1244
12006 62 1243 1239 1240 1244
12007 62 1244 1240 1248 1251
12008 62 1244 1240 1248 1252
12009 62 1251 1248 1249 1253
12010 62 1252 1248 1249 1253
12011 62 1253 1249 1257 1260
12012 62 1253 1249 1257 1261
12013 62 1260 1257 1258 1262
12014 62 1261 1257 1258 1262
12015 62 1262 1258 1266 1269
12016 62 1262 1258 1266 1270
12017 62 1269 1266 1267 1271
12018 62 1270 1266 1267 1271
12019 62 1271 1267 1275 1278
12020 62 1271 1267 1275 1279
12021 62 1278 1275 1276 1280
12022 62 1279 1275 1276 1280
12023 62 1280 1276 1284 1287
12024 62 1280 1276 1284 1288
12025 62 1287 1284 1285 1289
12026 62 1288 1284 1285 1289
12027 62 1289 1285 1293 1296
12028 62 1289 1285 1293 1297
12029 62 1296 1293 1294 1298
12030 62 1297 1293 1294 1298
12031 62 1298 1294 1302 1305
12032 62 1298 1294 1302 1306
12033 62 1305 1302 1303 1307
12034 62 1306 1302 1303 1307
12035 62 1307 1303 1311 1314
12036 62 1307 1303 1311 1315
12037 62 1314 1311 1312 1316
12038 62 1315 1311 1312 1316
12039 62 1316 1312 1320 1323
12040 62 1316 1312 1320 1324
12041 62 1323 1320 1321 1325
12042 62 1324 1320 1321 1325
12043 62 1325 1321 1329 1332
12044 62 1325 1321 1329 1333
12045 62 1332 1329 1330 1334
12046 62 1333 1329 1330 1334
12047 62 1334 1330 1338 1341
12048 62 1334 1330 1338 1342
12049 62 1341 1338 1339 1343
12050 62 1342 1338 1339 1343
12051 62 1343 1339 1347 1350
12052 62 1343 1339 1347 1351
12053 62 1363 1358 1367 1370
12054 62 1363 1358 1367 1371
12055 62 1370 1367 1368 1372
12056 62 1371 1367 1368 1372
12057 62 1372 1368 1376 1379
12058 62 1372 1368 1376 1380
12059 62 1379 1376 1377 1381
12060 62 1380 1376 1377 1381
12061 62 1381 1377 1385 1388
12062 62 1381 1377 1385 1389
12063 62 1388 1385 1386 1390
12064 62 1389 1385 1386 1390
12065 62 1390 1386 1394 1397
12066 62 1390 1386 1394 1398
12067 62 1397 1394 1395 1399
12068 62 1398 1394 1395 1399
12069 62 1399 1395 1403 1406
12070 62 1399 1395 1403 1407
12071 62 1406 1403 1404 1408
12072 62 1407 1403 1404 1408
12073 62 1408 1404 1412 1415
12074 62 1408 1404 1412 1416
12075 62 1415 1412 1413 1417
12076 62 1416 1412 1413 1417
12077 62 1417 1413 1421 1424
12078 62 1417 1413 1421 1425
12079 62 1424 1421 1422 1426
12080 62 1425 1421 1422 1426
12081 62 1426 1422 1430 1433
12082 62 1426 1422 1430 1434
12083 62 1433 1430 1431 1435
12084 62 1434 1430 1431 1435
12085 62 1435 1431 1439 1442
12086 62 1435 1431 1439 1443
12087 62 1442 1439 1440 1444
12088 62 1443 1439 1440 1444
12089 62 1444 1440 1448 1451
12090 62 1444 1440 1448 1452
12091 62 1451 1448 1449 1453
12092 62 1452 1448 1449 1453
12093 62 1453 1449 1457 1460
12094 62 1453 1449 1457 1461
12095 62 1460 1457 1458 1462
12096 62 1461 1457 1458 1462
12097 62 1462 1458 1466 1469
12098 62 1462 1458 1466 1470
12099 62 1469 1466 1467 1471
12100 62 1470 1466 1467 1471
12101 62 1471 1467 1475 1478
12102 62 1471 1467 1475 1479
12103 62 1478 1475 1476 1480
12104 62 1479 1475 1476 1480
12105 62 1480 1476 1484 1487
12106 62 1480 1476 1484 1488
12107 62 1487 1484 1485 1489
12108 62 1488 1484 1485 1489
12109 62 1489 1485 1493 1496
12110 62 1489 1485 1493 1497
12111 62 1496 1493 1494 1498
12112 62 1497 1493 1494 1498
12113 62 1498 1494 1502 1505
12114 62 1498 1494 1502 1506
12115 62 1505 1502 1503 1507
12116 62 1506 1502 1503 1507
12117 62 1507 1503 1511 1514
12118 62 1507 1503 1511 1515
12119 62 1514 1511 1512 1516
12120 62 1515 1511 1512 1516
12121 62 1516 1512 1520 1523
12122 62 1516 1512 1520 1524
12123 62 1523 1520 1521 1525
12124 62 1524 1520 1521 1525
12125 62 1525 1521 1529 1532
12126 62 1525 1521 1529 1533
12127 62 1532 1529 1530 1534
12128 62 1533 1529 1530 1534
12129 62 1534 1530 1538 1541
12130 62 1534 1530 1538 1542
12131 62 1541 1538 1539 1543
12132 62 1542 1538 1539 1543
12133 62 1543 1539 1547 1550
12134 62 1543 1539 1547 1551
12135 62 1550 1547 1548 1552
12136 62 1551 1547 1548 1552
12137 62 1552 1548 1556 1559
12138 62 1552 1548 1556 1560
12139 62 1559 1556 1557 1561
12140 62 1560 1556 1557 1561
12141 62 1561 1557 1565 1568
12142 62 1561 1557 1565 1569
12143 62 1568 1565 1566 1570
12144 62 1569 1565 1566 1570
12145 62 1570 1566 1574 1577
12146 62 1570 1566 1574 1578
12147 62 1577 1574 1575 1579
12148 62 1578 1574 1575 1579
12149 62 1579 1575 1583 1586
12150 62 1579 1575 1583 1587
12151 62 1586 1583 1584 1588
12152 62 1587 1583 1584 1588
12153 62 1588 1584 1592 1595
12154 62 1588 1584 1592 1596
12155 62 1595 1592 1593 1597
12156 62 1596 1592 1593 1597
12157 62 1597 1593 1601 1604
12158 62 1597 1593 1601 1605
12159 62 1604 1601 1602 1606
12160 62 1605 1601 1602 1606
12161 62 1606 1602 1610 1613
12162 62 1606 1602 1610 1614
12163 62 1613 1610 1611 1615
12164 62 1614 1610 1611 1615
12165 62 1615 1611 1619 1622
12166 62 1615 1611 1619 1623
12167 62 1622 1619 1620 1624
12168 62 1623 1619 1620 1624
12169 62 1624 1620 1628 1631
12170 62 1624 1620 1628 1632
12171 62 1631 1628 1629 1633
12172 62 1632 1628 1629 1633
12173 62 1633 1629 1637 1640
12174 62 1633 1629 1637 1641
12175 62 1640 1637 1638 1642
12176 62 1641 1637 1638 1642
12177 62 1642 1638 1646 1649
12178 62 1642 1638 1646 1650
12179 62 1649 1646 1647 1651
12180 62 1650 1646 1647 1651
12181 62 1651 1647 1655 1658
12182 62 1651 1647 1655 1659
12183 62 1658 1655 1656 1660
12184 62 1659 1655 1656 1660
12185 62 1660 1656 1664 1667
12186 62 1660 1656 1664 1668
12187 62 1667 1664 1665 1669
12188 62 1668 1664 1665 1669
12189 62 1669 1665 1673 1676
12190 62 1669 1665 1673 1677
12191 62 1676 1673 1674 1678
12192 62 1677 1673 1674 1678
12193 62 1678 1674 1682 1685
12194 62 1678 1674 1682 1686
12195 62 1685 1682 1683 1687
12196 62 1686 1682 1683 1687
12197 62 1687 1683 1691 1694
12198 62 1687 1683 1691 1695
12199 62 1694 1691 1692 1696
12200 62 1695 1691 1692 1696
12201 62 1696 1692 1700 1703
12202 62 1696 1692 1700 1704
12203 62 1703 1700 1701 1705
12204 62 1704 1700 1701 1705
12205 62 1705 1701 1709 1712
12206 62 1705 1701 1709 1713
12207 62 1712 1709 1710 1714
12208 62 1713 1709 1710 1714
12209 62 1714 1710 1718 1721
12210 62 1714 1710 1718 1722
12211 62 1721 1718 1719 1723
12212 62 1722 1718 1719 1723
12213 62 1723 1719 1727 1730
12214 62 1723 1719 1727 1731
12215 62 1730 1727 1728 1732
12216 62 1731 1727 1728 1732
12217 62 1732 1728 1736 1739
12218 62 1732 1728 1736 1740
12219 62 1739 1736 1737 1741
12220 62 1740 1736 1737 1741
12221 62 1741 1737 1745 1748
12222 62 1741 1737 1745 1749
12223 62 1748 1745 1746 1750
12224 62 1749 1745 1746 1750
12225 62 1750 1746 1754 1757
12226 62 1750 1746 1754 1758
12227 62 1757 1754 1755 1759
12228 62 1758 1754 1755 1759
12229 62 1759 1755 1763 1766
12230 62 1759 1755 1763 1767
12231 62 1766 1763 1764 1768
12232 62 1767 1763 1764 1768
12233 62 1768 1764 1772 1775
12234 62 1768 1764 1772 1776
12235 62 1775 1772 1773 1777
12236 62 1776 1772 1773 1777
12237 62 1777 1773 1781 1784
12238 62 1777 1773 1781 1785
12239 62 1784 1781 1782 1786
12240 62 1785 1781 1782 1786
12241 62 1786 1782 1790 1793
12242 62 1786 1782 1790 1794
12243 62 1793 1790 1791 1795
12244 62 1794 1790 1791 1795
12245 62 1795 1791 1799 1802
12246 62 1795 1791 1799 1803
12247 62 1815 1810 1819 1822
12248 62 1815 1810 1819 1823
12249 62 1822 1819 1820 1824
12250 62 1823 1819 1820 1824
12251 62 1824 1820 1828 1831
12252 62 1824 1820 1828 1832
12253 62 1831 1828 1829 1833
12254 62 1832 1828 1829 1833
12255 62 1833 1829 1837 1840
12256 62 1833 1829 1837 1841
12257 62 1840 1837 1838 1842
12258 62 1841 1837 1838 1842
12259 62 1842 1838 1846 1849
12260 62 1842 1838 1846 1850
12261 62 1849 1846 1847 1851
12262 62 1850 1846 1847 1851
12263 62 1851 1847 1855 1858
12264 62 1851 1847 1855 1859
12265 62 1858 1855 1856 1860
12266 62 1859 1855 1856 1860
12267 62 1860 1856 1864 1867
12268 62 1860 1856 1864 1868
12269 62 1867 1864 1865 1869
12270 62 1868 1864 1865 1869
12271 62 1869 1865 1873 1876
12272 62 1869 1865 1873 1877
12273 62 1876 1873 1874 1878
12274 62 1877 1873 1874 1878
12275 62 1878 1874 1882 1885
12276 62 1878 1874 1882 1886
12277 62 1885 1882 1883 1887
12278 62 1886 1882 1883 1887
12279 62 1887 1883 1891 1894
12280 62 1887 1883 1891 1895
12281 62 1894 1891 1892 1896
12282 62 1895 1891 1892 1896
12283 62 1896 1892 1900 1903
12284 62 1896 1892 1900 1904
12285 62 1903 1900 1901 1905
12286 62 1904 1900 1901 1905
12287 62 1905 1901 1909 1912
12288 62 1905 1901 1909 1913
12289 62 1912 1909 1910 1914
12290 62 1913 1909 1910 1914
12291 62 1914 1910 1918 1921
12292 62 1914 1910 1918 1922
12293 62 1921 1918 1919 1923
12294 62 1922 1918 1919 1923
12295 62 1923 1919 1927 1930
12296 62 1923 1919 1927 1931
12297 62 1930 1927 1928 1932
12298 62 1931 1927 1928 1932
12299 62 1932 1928 1936 1939
12300 62 1932 1928 1936 1940
12301 62 1939 1936 1937 1941
12302 62 1940 1936 1937 1941
12303 62 1941 1937 1945 1948
12304 62 1941 1937 1945 1949
12305 62 1948 1945 1946 1950
12306 62 1949 1945 1946 1950
12307 62 1950 1946 1954 1957
12308 62 1950 1946 1954 1958
12309 62 1957 1954 1955 1959
12310 62 1958 1954 1955 1959
12311 62 1959 1955 1963 1966
12312 62 1959 1955 1963 1967
12313 62 1966 1963 1964 1968
12314 62 1967 1963 1964 1968
12315 62 1968 1964 1972 1975
12316 62 1968 1964 1972 1976
12317 62 1975 1972 1973 1977
12318 62 1976 1972 1973 1977
12319 62 1977 1973 1981 1984
12320 62 1977 1973 1981 1985
12321 62 1984 1981 1982 1986
12322 62 1985 1981 1982 1986
12323 62 1986 1982 1990 1993
12324 62 1986 1982 1990 1994
12325 62 1993 1990 1991 1995
12326 62 1994 1990 1991 1995
12327 62 1995 1991 1999 2002
12328 62 1995 1991 1999 2003
12329 62 2002 1999 2000 2004
12330 62 2003 1999 2000 2004
12331 62 2004 2000 2008 2011
12332 62 2004 2000 2008 2012
12333 62 2011 2008 2009 2013
12334 62 2012 2008 2009 2013
12335 62 2013 2009 2017 2020
12336 62 2013 2009 2017 2021
12337 62 2020 2017 2018 2022
12338 62 2021 2017 2018 2022
12339 62 2022 2018 2026 2029
12340 62 2022 2018 2026 2030
12341 62 2029 2026 2027 2031
12342 62 2030 2026 2027 2031
12343 62 2031 2027 2035 2038
12344 62 2031 2027 2035 2039
12345 62 2038 2035 2036 2040
12346 62 2039 2035 2036 2040
12347 62 2040 2036 2044 2047
12348 62 2040 2036 2044 2048
12349 62 2047 2044 2045 2049
12350 62 2048 2044 2045 2049
12351 62 2049 2045 2053 2056
12352 62 2049 2045 2053 2057
12353 62 2056 2053 2054 2058
12354 62 2057 2053 2054 2058
12355 62 2058 2054 2062 2065
12356 62 2058 2054 2062 2066
12357 62 2065 2062 2063 2067
12358 62 2066 2062 2063 2067
12359 62 2067 2063 2071 2074
12360 62 2067 2063 2071 2075
12361 62 2074 2071 2072 2076
12362 62 2075 2071 2072 2076
12363 62 2076 2072 2080 2083
12364 62 2076 2072 2080 2084
12365 62 2083 2080 2081 2085
12366 62 2084 2080 2081 2085
12367 62 2085 2081 2089 2092
12368 62 2085 2081 2089 2093
12369 62 2092 2089 2090 2094
12370 62 2093 2089 2090 2094
12371 62 2094 2090 2098 2101
12372 62 2094 2090 2098 2102
12373 62 2101 2098 2099 2103
12374 62 2102 2098 2099 2103
12375 62 2103 2099 2107 2110
12376 62 2103 2099 2107 2111
12377 62 2110 2107 2108 2112
12378 62 2111 2107 2108 2112
12379 62 2112 2108 2116 2119
12380 62 2112 2108 2116 2120
12381 62 2119 2116 2117 2121
12382 62 2120 2116 2117 2121
12383 62 2121 2117 2125 2128
12384 62 2121 2117 2125 2129
12385 62 2128 2125 2126 2130
12386 62 2129 2125 2126 2130
12387 62 2130 2126 2134 2137
12388 62 2130 2126 2134 2138
12389 62 2137 2134 2135 2139
12390 62 2138 2134 2135 2139
12391 62 2139 2135 2143 2146
12392 62 2139 2135 2143 2147
12393 62 2146 2143 2144 2148
12394 62 2147 2143 2144 2148
12395 62 2148 2144 2152 2155
12396 62 2148 2144 2152 2156
12397 62 2155 2152 2153 2157
12398 62 2156 2152 2153 2157
12399 62 2157 2153 2161 2164
12400 62 2157 2153 2161 2165
12401 62 2164 2161 2162 2166
12402 62 2165 2161 2162 2166
12403 62 2166 2162 2170 2173
12404 62 2166 2162 2170 2174
12405 62 2173 2170 2171 2175
12406 62 2174 2170 2171 2175
12407 62 2175 2171 2179 2182
12408 62 2175 2171 2179 2183
12409 62 2182 2179 2180 2184
12410 62 2183 2179 2180 2184
12411 62 2184 2180 2188 2191
12412 62 2184 2180 2188 2192
12413 62 2191 2188 2189 2193
12414 62 2192 2188 2189 2193
12415 62 2193 2189 2197 2200
12416 62 2193 2189 2197 2201
12417 62 2200 2197 2198 2202
12418 62 2201 2197 2198 2202
12419 62 2202 2198 2206 2209
12420 62 2202 2198 2206 2210
12421 62 2209 2206 2207 2211
12422 62 2210 2206 2207 2211
12423 62 2211 2207 2215 2218
12424 62 2211 2207 2215 2219
12425 62 2218 2215 2216 2220
12426 62 2219 2215 2216 2220
12427 62 2220 2216 2224 2227
12428 62 2220 2216 2224 2228
12429 62 2227 2224 2225 2229
12430 62 2228 2224 2225 2229
12431 62 2229 2225 2233 2236
12432 62 2229 2225 2233 2237
12433 62 2236 2233 2234 2238
12434 62 2237 2233 2234 2238
12435 62 2238 2234 2242 2245
12436 62 2238 2234 2242 2246
12437 62 2245 2242 2243 2247
12438 62 2246 2242 2243 2247
12439 62 2247 2243 2251 2254
12440 62 2247 2243 2251 2255
12441 62 2267 2262 2271 2274
12442 62 2267 2262 2271 2275
12443 62 2274 2271 2272 2276
12444 62 2275 2271 2272 2276
12445 62 2276 2272 2280 2283
12446 62 2276 2272 2280 2284
12447 62 2283 2280 2281 2285
12448 62 2284 2280 2281 2285
12449 62 2285 2281 2289 2292
12450 62 2285 2281 2289 2293
12451 62 2292 2289 2290 2294
12452 62 2293 2289 2290 2294
12453 62 2294 2290 2298 2301
12454 62 2294 2290 2298 2302
12455 62 2301 2298 2299 2303
12456 62 2302 2298 2299 2303
12457 62 2303 2299 2307 2310
12458 62 2303 2299 2307 2311
12459 62 2310 2307 2308 2312
12460 62 2311 2307 2308 2312
12461 62 2312 2308 2316 2319
12462 62 2312 2308 2316 2320
12463 62 2319 2316 2317 2321
12464 62 2320 2316 2317 2321
12465 62 2321 2317 2325 2328
12466 62 2321 2317 2325 2329
12467 62 2328 2325 2326 2330
12468 62 2329 2325 2326 2330
12469 62 2330 2326 2334 2337
12470 62 2330 2326 2334 2338
12471 62 2337 2334 2335 2339
12472 62 2338 2334 2335 2339
12473 62 2339 2335 2343 2346
12474 62 2339 2335 2343 2347
12475 62 2346 2343 2344 2348
12476 62 2347 2343 2344 2348
12477 62 2348 2344 2352 2355
12478 62 2348 2344 2352 2356
12479 62 2355 2352 2353 2357
12480 62 2356 2352 2353 2357
12481 62 2357 2353 2361 2364
12482 62 2357 2353 2361 2365
12483 62 2364 2361 2362 2366
12484 62 2365 2361 2362 2366
12485 62 2366 2362 2370 2373
12486 62 2366 2362 2370 2374
12487 62 2373 2370 2371 2375
12488 62 2374 2370 2371 2375
12489 62 2375 2371 2379 2382
12490 62 2375 2371 2379 2383
12491 62 2382 2379 2380 2384
12492 62 2383 2379 2380 2384
12493 62 2384 2380 2388 2391
12494 62 2384 2380 2388 2392
12495 62 2391 2388 2389 2393
12496 62 2392 2388 2389 2393
12497 62 2393 2389 2397 2400
12498 62 2393 2389 2397 2401
12499 62 2400 2397 2398 2402
12500 62 2401 2397 2398 2402
12501 62 2402 2398 2406 2409
12502 62 2402 2398 2406 2410
12503 62 2409 2406 2407 2411
12504 62 2410 2406 2407 2411
12505 62 2411 2407 2415 2418
12506 62 2411 2407 2415 2419
12507 62 2418 2415 2416 2420
12508 62 2419 2415 2416 2420
12509 62 2420 2416 2424 2427
12510 62 2420 2416 2424 2428
12511 62 2427 2424 2425 2429
12512 62 2428 2424 2425 2429
12513 62 2429 2425 2433 2436
12514 62 2429 2425 2433 2437
12515 62 2436 2433 2434 2438
12516 62 2437 2433 2434 2438
12517 62 2438 2434 2442 2445
12518 62 2438 2434 2442 2446
12519 62 2445 2442 2443 2447
12520 62 2446 2442 2443 2447
12521 62 2447 2443 2451 2454
12522 62 2447 2443 2451 2455
12523 62 2454 2451 2452 2456
12524 62 2455 2451 2452 2456
12525 62 2456 2452 2460 2463
12526 62 2456 2452 2460 2464
12527 62 2463 2460 2461 2465
12528 62 2464 2460 2461 2465
12529 62 2465 2461 2469 2472
12530 62 2465 2461 2469 2473
12531 62 2472 2469 2470 2474
12532 62 2473 2469 2470 2474
12533 62 2474 2470 2478 2481
12534 62 2474 2470 2478 2482
12535 62 2481 2478 2479 2483
12536 62 2482 2478 2479 2483
12537 62 2483 2479 2487 2490
12538 62 2483 2479 2487 2491
12539 62 2490 2487 2488 2492
12540 62 2491 2487 2488 2492
12541 62 2492 2488 2496 2499
12542 62 2492 2488 2496 2500
12543 62 2499 2496 2497 2501
12544 62 2500 2496 2497 2501
12545 62 2501 2497 2505 2508
12546 62 2501 2497 2505 2509
12547 62 2508 2505 2506 2510
12548 62 2509 2505 2506 2510
12549 62 2510 2506 2514 2517
12550 62 2510 2506 2514 2518
12551 62 2517 2514 2515 2519
12552 62 2518 2514 2515 2519
12553 62 2519 2515 2523 2526
12554 62 2519 2515 2523 2527
12555 62 2526 2523 2524 2528
12556 62 2527 2523 2524 2528
12557 62 2528 2524 2532 2535
12558 62 2528 2524 2532 2536
12559 62 2535 2532 2533 2537
12560 62 2536 2532 2533 2537
12561 62 2537 2533 2541 2544
12562 62 2537 2533 2541 2545
12563 62 2544 2541 2542 2546
12564 62 2545 2541 2542 2546
12565 62 2546 2542 2550 2553
12566 62 2546 2542 2550 2554
12567 62 2553 2550 2551 2555
12568 62 2554 2550 2551 2555
12569 62 2555 2551 2559 2562
12570 62 2555 2551 2559 2563
12571 62 2562 2559 2560 2564
12572 62 2563 2559 2560 2564
12573 62 2564 2560 2568 2571
12574 62 2564 2560 2568 2572
12575 62 2571 2568 2569 2573
12576 62 2572 2568 2569 2573
12577 62 2573 2569 2577 2580
12578 62 2573 2569 2577 2581
12579 62 2580 2577 2578 2582
12580 62 2581 2577 2578 2582
12581 62 2582 2578 2586 2589
12582 62 2582 2578 2586 2590
12583 62 2589 2586 2587 2591
12584 62 2590 2586 2587 2591
12585 62 2591 2587 2595 2598
12586 62 2591 2587 2595 2599
12587 62 2598 2595 2596 2600
12588 62 2599 2595 2596 2600
12589 62 2600 2596 2604 2607
12590 62 2600 2596 2604 2608
12591 62 2607 2604 2605 2609
12592 62 2608 2604 2605 2609
12593 62 2609 2605 2613 2616
12594 62 2609 2605 2613 2617
12595 62 2616 2613 2614 2618
12596 62 2617 2613 2614 2618
12597 62 2618 2614 2622 2625
12598 62 2618 2614 2622 2626
12599 62 2625 2622 2623 2627
12600 62 2626 2622 2623 2627
12601 62 2627 2623 2631 2634
12602 62 2627 2623 2631 2635
12603 62 2634 2631 2632 2636
12604 62 2635 2631 2632 2636
12605 62 2636 2632 2640 2643
12606 62 2636 2632 2640 2644
12607 62 2643 2640 2641 2645
12608 62 2644 2640 2641 2645
12609 62 2645 2641 2649 2652
12610 62 2645 2641 2649 2653
12611 62 2652 2649 2650 2654
12612 62 2653 2649 2650 2654
12613 62 2654 2650 2658 2661
12614 62 2654 2650 2658 2662
12615 62 2661 2658 2659 2663
12616 62 2662 2658 2659 2663
12617 62 2663 2659 2667 2670
12618 62 2663 2659 2667 2671
12619 62 2670 2667 2668 2672
12620 62 2671 2667 2668 2672
12621 62 2672 2668 2676 2679
12622 62 2672 2668 2676 2680
12623 62 2679 2676 2677 2681
12624 62 2680 2676 2677 2681
12625 62 2681 2677 2685 2688
12626 62 2681 2677 2685 2689
12627 62 2688 2685 2686 2690
12628 62 2689 2685 2686 2690
12629 62 2690 2686 2694 2697
12630 62 2690 2686 2694 2698
12631 62 2697 2694 2695 2699
12632 62 2698 2694 2695 2699
12633 62 2699 2695 2703 2706
12634 62 2699 2695 2703 2707
12635 62 2719 2714 2723 2726
12636 62 2719 2714 2723 2727
12637 62 2726 2723 2724 2728
12638 62 2727 2723 2724 2728
12639 62 2728 2724 2732 2735
12640 62 2728 2724 2732 2736
12641 62 2735 2732 2733 2737
12642 62 2736 2732 2733 2737
12643 62 2737 2733 2741 2744
12644 62 2737 2733 2741 2745
12645 62 2744 2741 2742 2746
12646 62 2745 2741 2742 2746
12647 62 2746 2742 2750 2753
12648 62 2746 2742 2750 2754
12649 62 2753 2750 2751 2755
12650 62 2754 2750 2751 2755
12651 62 2755 2751 2759 2762
12652 62 2755 2751 2759 2763
12653 62 2762 2759 2760 2764
12654 62 2763 2759 2760 2764
12655 62 2764 2760 2768 2771
12656 62 2764 2760 2768 2772
12657 62 2771 2768 2769 2773
12658 62 2772 2768 2769 2773
12659 62 2773 2769 2777 2780
12660 62 2773 2769 2777 2781
12661 62 2780 2777 2778 2782
12662 62 2781 2777 2778 2782
12663 62 2782 2778 2786 2789
12664 62 2782 2778 2786 2790
12665 62 2789 2786 2787 2791
12666 62 2790 2786 2787 2791
12667 62 2791 2787 2795 2798
12668 62 2791 2787 2795 2799
12669 62 2798 2795 2796 2800
12670 62 2799 2795 2796 2800
12671 62 2800 2796 2804 2807
12672 62 2800 2796 2804 2808
12673 62 2807 2804 2805 2809
12674 62 2808 2804 2805 2809
12675 62 2809 2805 2813 2816
12676 62 2809 2805 2813 2817
12677 62 2816 2813 2814 2818
12678 62 2817 2813 2814 2818
12679 62 2818 2814 2822 2825
12680 62 2818 2814 2822 2826
12681 62 2825 2822 2823 2827
12682 62 2826 2822 2823 2827
12683 62 2827 2823 2831 2834
12684 62 2827 2823 2831 2835
12685 62 2834 2831 2832 2836
12686 62 2835 2831 2832 2836
12687 62 2836 2832 2840 2843
12688 62 2836 2832 2840 2844
12689 62 2843 2840 2841 2845
12690 62 2844 2840 2841 2845
12691 62 2845 2841 2849 2852
12692 62 2845 2841 2849 2853
12693 62 2852 2849 2850 2854
12694 62 2853 2849 2850 2854
12695 62 2854 2850 2858 2861
12696 62 2854 2850 2858 2862
12697 62 2861 2858 2859 2863
12698 62 2862 2858 2859 2863
12699 62 2863 2859 2867 2870
12700 62 2863 2859 2867 2871
12701 62 2870 2867 2868 2872
12702 62 2871 2867 2868 2872
12703 62 2872 2868 2876 2879
12704 62 2872 2868 2876 2880
12705 62 2879 2876 2877 2881
12706 62 2880 2876 2877 2881
12707 62 2881 2877 2885 2888
12708 62 2881 2877 2885 2889
12709 62 2888 2885 2886 2890
12710 62 2889 2885 2886 2890
12711 62 2890 2886 2894 2897
12712 62 2890 2886 2894 2898
12713 62 2897 2894 2895 2899
12714 62 2898 2894 2895 2899
12715 62 2899 2895 2903 2906
12716 62 2899 2895 2903 2907
12717 62 2906 2903 2904 2908
12718 62 2907 2903 2904 2908
12719 62 2908 2904 2912 2915
12720 62 2908 2904 2912 2916
12721 62 2915 2912 2913 2917
12722 62 2916 2912 2913 2917
12723 62 2917 2913 2921 2924
12724 62 2917 2913 2921 2925
12725 62 2924 2921 2922 2926
12726 62 2925 2921 2922 2926
12727 62 2926 2922 2930 2933
12728 62 2926 2922 2930 2934
12729 62 2933 2930 2931 2935
12730 62 2934 2930 2931 2935
12731 62 2935 2931 2939 2942
12732 62 2935 2931 2939 2943
12733 62 2942 2939 2940 2944
12734 62 2943 2939 2940 2944
12735 62 2944 2940 2948 2951
12736 62 2944 2940 2948 2952
12737 62 2951 2948 2949 2953
12738 62 2952 2948 2949 2953
12739 62 2953 2949 2957 2960
12740 62 2953 2949 2957 2961
12741 62 2960 2957 2958 2962
12742 62 2961 2957 2958 2962
12743 62 2962 2958 2966 2969
12744 62 2962 2958 2966 2970
12745 62 2969 2966 2967 2971
12746 62 2970 2966 2967 2971
12747 62 2971 2967 2975 2978
12748 62 2971 2967 2975 2979
12749 62 2978 2975 2976 2980
12750 62 2979 2975 2976 2980
12751 62 2980 2976 2984 2987
12752 62 2980 2976 2984 2988
12753 62 2987 2984 2985 2989
12754 62 2988 2984 2985 2989
12755 62 2989 2985 2993 2996
12756 62 2989 2985 2993 2997
12757 62 2996 2993 2994 2998
12758 62 2997 2993 2994 2998
12759 62 2998 2994 3002 3005
12760 62 2998 2994 3002 3006
12761 62 3005 3002 3003 3007
12762 62 3006 3002 3003 3007
12763 62 3007 3003 3011 3014
12764 62 3007 3003 3011 3015
12765 62 3014 3011 3012 3016
12766 62 3015 3011 3012 3016
12767 62 3016 3012 3020 3023
12768 62 3016 3012 3020 3024
12769 62 3023 3020 3021 3025
12770 62 3024 3020 3021 3025
12771 62 3025 3021 3029 3032
12772 62 3025 3021 3029 3033
12773 62 3032 3029 3030 3034
12774 62 3033 3029 3030 3034
12775 62 3034 3030 3038 3041
12776 62 3034 3030 3038 3042
12777 62 3041 3038 3039 3043
12778 62 3042 3038 3039 3043
12779 62 3043 3039 3047 3050
12780 62 3043 3039 3047 3051
12781 62 3050 3047 3048 3052
12782 62 3051 3047 3048 3052
12783 62 3052 3048 3056 3059
12784 62 3052 3048 3056 3060
12785 62 3059 3056 3057 3061
12786 62 3060 3056 3057 3061
12787 62 3061 3057 3065 3068
12788 62 3061 3057 3065 3069
12789 62 3068 3065 3066 3070
12790 62 3069 3065 3066 3070
12791 62 3070 3066 3074 3077
12792 62 3070 3066 3074 3078
12793 62 3077 3074 3075 3079
12794 62 3078 3074 3075 3079
12795 62 3079 3075 3083 3086
12796 62 3079 3075 3083 3087
12797 62 3086 3083 3084 3088
12798 62 3087 3083 3084 3088
12799 62 3088 3084 3092 3095
12800 62 3088 3084 3092 3096
12801 62 3095 3092 3093 3097
12802 62 3096 3092 3093 3097
12803 62 3097 3093 3101 3104
12804 62 3097 3093 3101 3105
12805 62 3104 3101 3102 3106
12806 62 3105 3101 3102 3106
12807 62 3106 3102 3110 3113
12808 62 3106 3102 3110 3114
12809 62 3113 3110 3111 3115
12810 62 3114 3110 3111 3115
12811 62 3115 3111 3119 3122
12812 62 3115 3111 3119 3123
12813 62 3122 3119 3120 3124
12814 62 3123 3119 3120 3124
12815 62 3124 3120 3128 3131
12816 62 3124 3120 3128 3132
12817 62 3131 3128 3129 3133
12818 62 3132 3128 3129 3133
12819 62 3133 3129 3137 3140
12820 62 3133 3129 3137 3141
12821 62 3140 3137 3138 3142
12822 62 3141 3137 3138 3142
12823 62 3142 3138 3146 3149
12824 62 3142 3138 3146 3150
12825 62 3149 3146 3147 3151
12826 62 3150 3146 3147 3151
12827 62 3151 3147 3155 3158
12828 62 3151 3147 3155 3159
12829 62 3171 3166 3175 3178
12830 62 3171 3166 3175 3179
12831 62 3178 3175 3176 3180
12832 62 3179 3175 3176 3180
12833 62 3180 3176 3184 3187
12834 62 3180 3176 3184 3188
12835 62 3187 3184 3185 3189
12836 62 3188 3184 3185 3189
12837 62 3189 3185 3193 3196
12838 62 3189 3185 3193 3197
12839 62 3196 3193 3194 3198
12840 62 3197 3193 3194 3198
12841 62 3198 3194 3202 3205
12842 62 3198 3194 3202 3206
12843 62 3205 3202 3203 3207
12844 62 3206 3202 3203 3207
12845 62 3207 3203 3211 3214
12846 62 3207 3203 3211 3215
12847 62 3214 3211 3212 3216
12848 62 3215 3211 3212 3216
12849 62 3216 3212 3220 3223
12850 62 3216 3212 3220 3224
12851 62 3223 3220 3221 3225
12852 62 3224 3220 3221 3225
12853 62 3225 3221 3229 3232
12854 62 3225 3221 3229 3233
12855 62 3232 3229 3230 3234
12856 62 3233 3229 3230 3234
12857 62 3234 3230 3238 3241
12858 62 3234 3230 3238 3242
12859 62 3241 3238 3239 3243
12860 62 3242 3238 3239 3243
12861 62 3243 3239 3247 3250
12862 62 3243 3239 3247 3251
12863 62 3250 3247 3248 3252
12864 62 3251 3247 3248 3252
12865 62 3252 3248 3256 3259
12866 62 3252 3248 3256 3260
12867 62 3259 3256 3257 3261
12868 62 3260 3256 3257 3261
12869 62 3261 3257 3265 3268
12870 62 3261 3257 3265 3269
12871 62 3268 3265 3266 3270
12872 62 3269 3265 3266 3270
12873 62 3270 3266 3274 3277
12874 62 3270 3266 3274 3278
12875 62 3277 3274 3275 3279
12876 62 3278 3274 3275 3279
12877 62 3279 3275 3283 3286
12878 62 3279 3275 3283 3287
12879 62 3286 3283 3284 3288
12880 62 3287 3283 3284 3288
12881 62 3288 3284 3292 3295
12882 62 3288 3284 3292 3296
12883 62 3295 3292 3293 3297
12884 62 3296 3292 3293 3297
12885 62 3297 3293 3301 3304
12886 62 3297 3293 3301 3305
12887 62 3304 3301 3302 3306
12888 62 3305 3301 3302 3306
12889 62 3306 3302 3310 3313
12890 62 3306 3302 3310 3314
12891 62 3313 3310 3311 3315
12892 62 3314 3310 3311 3315
12893 62 3315 3311 3319 3322
12894 62 3315 3311 3319 3323
12895 62 3322 3319 3320 3324
12896 62 3323 3319 3320 3324
12897 62 3324 3320 3328 3331
12898 62 3324 3320 3328 3332
12899 62 3331 3328 3329 3333
12900 62 3332 3328 3329 3333
12901 62 3333 3329 3337 3340
12902 62 3333 3329 3337 3341
12903 62 3340 3337 3338 3342
12904 62 3341 3337 3338 3342
12905 62 3342 3338 3346 3349
12906 62 3342 3338 3346 3350
12907 62 3349 3346 3347 3351
12908 62 3350 3346 3347 3351
12909 62 3351 3347 3355 3358
12910 62 3351 3347 3355 3359
12911 62 3358 3355 3356 3360
12912 62 3359 3355 3356 3360
12913 62 3360 3356 3364 3367
12914 62 3360 3356 3364 3368
12915 62 3367 3364 3365 3369
12916 62 3368 3364 3365 3369
12917 62 3369 3365 3373 3376
12918 62 3369 3365 3373 3377
12919 62 3376 3373 3374 3378
12920 62 3377 3373 3374 3378
12921 62 3378 3374 3382 3385
12922 62 3378 3374 3382 3386
12923 62 3385 3382 3383 3387
12924 62 3386 3382 3383 3387
12925 62 3387 3383 3391 3394
12926 62 3387 3383 3391 3395
12927 62 3394 3391 3392 3396
12928 62 3395 3391 3392 3396
12929 62 3396 3392 3400 3403
12930 62 3396 3392 3400 3404
12931 62 3403 3400 3401 3405
12932 62 3404 3400 3401 3405
12933 62 3405 3401 3409 3412
12934 62 3405 3401 3409 3413
12935 62 3412 3409 3410 3414
12936 62 3413 3409 3410 3414
12937 62 3414 3410 3418 3421
12938 62 3414 3410 3418 3422
12939 62 3421 3418 3419 3423
12940 62 3422 3418 3419 3423
12941 62 3423 3419 3427 3430
12942 62 3423 3419 3427 3431
12943 62 3430 3427 3428 3432
12944 62 3431 3427 3428 3432
12945 62 3432 3428 3436 3439
12946 62 3432 3428 3436 3440
12947 62 3439 3436 3437 3441
12948 62 3440 3436 3437 3441
12949 62 3441 3437 3445 3448
12950 62 3441 3437 3445 3449
12951 62 3448 3445 3446 3450
12952 62 3449 3445 3446 3450
12953 62 3450 3446 3454 3457
12954 62 3450 3446 3454 3458
12955 62 3457 3454 3455 3459
12956 62 3458 3454 3455 3459
12957 62 3459 3455 3463 3466
12958 62 3459 3455 3463 3467
12959 62 3466 3463 3464 3468
12960 62 3467 3463 3464 3468
12961 62 3468 3464 3472 3475
12962 62 3468 3464 3472 3476
12963 62 3475 3472 3473 3477
12964 62 3476 3472 3473 3477
12965 62 3477 3473 3481 3484
12966 62 3477 3473 3481 3485
12967 62 3484 3481 3482 3486
12968 62 3485 3481 3482 3486
12969 62 3486 3482 3490 3493
12970 62 3486 3482 3490 3494
12971 62 3493 3490 3491 3495
12972 62 3494 3490 3491 3495
12973 62 3495 3491 3499 3502
12974 62 3495 3491 3499 3503
12975 62 3502 3499 3500 3504
12976 62 3503 3499 3500 3504
12977 62 3504 3500 3508 3511
12978 62 3504 3500 3508 3512
12979 62 3511 3508 3509 3513
12980 62 3512 3508 3509 3513
12981 62 3513 3509 3517 3520
12982 62 3513 3509 3517 3521
12983 62 3520 3517 3518 3522
12984 62 3521 3517 3518 3522
12985 62 3522 3518 3526 3529
12986 62 3522 3518 3526 3530
12987 62 3529 3526 3527 3531
12988 62 3530 3526 3527 3531
12989 62 3531 3527 3535 3538
12990 62 3531 3527 3535 3539
12991 62 3538 3535 3536 3540
12992 62 3539 3535 3536 3540
12993 62 3540 3536 3544 3547
12994 62 3540 3536 3544 3548
12995 62 3547 3544 3545 3549
12996 62 3548 3544 3545 3549
12997 62 3549 3545 3553 3556
12998 62 3549 3545 3553 3557
12999 62 3556 3553 3554 3558
13000 62 3557 3553 3554 3558
13001 62 3558 3554 3562 3565
13002 62 3558 3554 3562 3566
13003 62 3565 3562 3563 3567
13004 62 3566 3562 3563 3567
13005 62 3567 3563 3571 3574
13006 62 3567 3563 3571 3575
13007 62 3574 3571 3572 3576
13008 62 3575 3571 3572 3576
13009 62 3576 3572 3580 3583
13010 62 3576 3572 3580 3584
13011 62 3583 3580 3581 3585
13012 62 3584 3580 3581 3585
13013 62 3585 3581 3589 3592
13014 62 3585 3581 3589 3593
13015 62 3592 3589 3590 3594
13016 62 3593 3589 3590 3594
13017 62 3594 3590 3598 3601
13018 62 3594 3590 3598 3602
13019 62 3601 3598 3599 3603
13020 62 3602 3598 3599 3603
13021 62 3603 3599 3607 3610
13022 62 3603 3599 3607 3611
13023 62 3623 3618 3627 3630
13024 62 3623 3618 3627 3631
13025 62 3630 3627 3628 3632
13026 62 3631 3627 3628 3632
13027 62 3632 3628 3636 3639
13028 62 3632 3628 3636 3640
13029 62 3639 3636 3637 3641
13030 62 3640 3636 3637 3641
13031 62 3641 3637 3645 3648
13032 62 3641 3637 3645 3649
13033 62 3648 3645 3646 3650
13034 62 3649 3645 3646 3650
13035 62 3650 3646 3654 3657
13036 62 3650 3646 3654 3658
13037 62 3657 3654 3655 3659
13038 62 3658 3654 3655 3659
13039 62 3659 3655 3663 3666
13040 62 3659 3655 3663 3667
13041 62 3666 3663 3664 3668
13042 62 3667 3663 3664 3668
13043 62 3668 3664 3672 3675
13044 62 3668 3664 3672 3676
13045 62 3675 3672 3673 3677
13046 62 3676 3672 3673 3677
13047 62 3677 3673 3681 3684
13048 62 3677 3673 3681 3685
13049 62 3684 3681 3682 3686
13050 62 3685 3681 3682 3686
13051 62 3686 3682 3690 3693
13052 62 3686 3682 3690 3694
13053 62 3693 3690 3691 3695
13054 62 3694 3690 3691 3695
13055 62 3695 3691 3699 3702
13056 62 3695 3691 3699 3703
13057 62 3702 3699 3700 3704
13058 62 3703 3699 3700 3704
13059 62 3704 3700 3708 3711
13060 62 3704 3700 3708 3712
13061 62 3711 3708 3709 3713
13062 62 3712 3708 3709 3713
13063 62 3713 3709 3717 3720
13064 62 3713 3709 3717 3721
13065 62 3720 3717 3718 3722
13066 62 3721 3717 3718 3722
13067 62 3722 3718 3726 3729
13068 62 3722 3718 3726 3730
13069 62 3729 3726 3727 3731
13070 62 3730 3726 3727 3731
13071 62 3731 3727 3735 3738
13072 62 3731 3727 3735 3739
13073 62 3738 3735 3736 3740
13074 62 3739 3735 3736 3740
13075 62 3740 3736 3744 3747
13076 62 3740 3736 3744 3748
13077 62 3747 3744 3745 3749
13078 62 3748 3744 3745 3749
13079 62 3749 3745 3753 3756
13080 62 3749 3745 3753 3757
13081 62 3756 3753 3754 3758
13082 62 3757 3753 3754 3758
13083 62 3758 3754 3762 3765
13084 62 3758 3754 3762 3766
13085 62 3765 3762 3763 3767
13086 62 3766 3762 3763 3767
13087 62 3767 3763 3771 3774
13088 62 3767 3763 3771 3775
13089 62 3774 3771 3772 3776
13090 62 3775 3771 3772 3776
13091 62 3776 3772 3780 3783
13092 62 3776 3772 3780 3784
13093 62 3783 3780 3781 3785
13094 62 3784 3780 3781 3785
13095 62 3785 3781 3789 3792
13096 62 3785 3781 3789 3793
13097 62 3792 3789 3790 3794
13098 62 3793 3789 3790 3794
13099 62 3794 3790 3798 3801
13100 62 3794 3790 3798 3802
13101 62 3801 3798 3799 3803
13102 62 3802 3798 3799 3803
13103 62 3803 3799 3807 3810
13104 62 3803 3799 3807 3811
13105 62 3810 3807 3808 3812
13106 62 3811 3807 3808 3812
13107 62 3812 3808 3816 3819
13108 62 3812 3808 3816 3820
13109 62 3819 3816 3817 3821
13110 62 3820 3816 3817 3821
13111 62 3821 3817 3825 3828
13112 62 3821 3817 3825 3829
13113 62 3828 3825 3826 3830
13114 62 3829 3825 3826 3830
13115 62 3830 3826 3834 3837
13116 62 3830 3826 3834 3838
13117 62 3837 3834 3835 3839
13118 62 3838 3834 3835 3839
13119 62 3839 3835 3843 3846
13120 62 3839 3835 3843 3847
13121 62 3846 3843 3844 3848
13122 62 3847 3843 3844 3848
13123 62 3848 3844 3852 3855
13124 62 3848 3844 3852 3856
13125 62 3855 3852 3853 3857
13126 62 3856 3852 3853 3857
13127 62 3857 3853 3861 3864
13128 62 3857 3853 3861 3865
13129 62 3864 3861 3862 3866
13130 62 3865 3861 3862 3866
13131 62 3866 3862 3870 3873
13132 62 3866 3862 3870 3874
13133 62 3873 3870 3871 3875
13134 62 3874 3870 3871 3875
13135 62 3875 3871 3879 3882
13136 62 3875 3871 3879 3883
13137 62 3882 3879 3880 3884
13138 62 3883 3879 3880 3884
13139 62 3884 3880 3888 3891
13140 62 3884 3880 3888 3892
13141 62 3891 3888 3889 3893
13142 62 3892 3888 3889 3893
13143 62 3893 3889 3897 3900
13144 62 3893 3889 3897 3901
13145 62 3900 3897 3898 3902
13146 62 3901 3897 3898 3902
13147 62 3902 3898 3906 3909
13148 62 3902 3898 3906 3910
13149 62 3909 3906 3907 3911
13150 62 3910 3906 3907 3911
13151 62 3911 3907 3915 3918
13152 62 3911 3907 3915 3919
13153 62 3918 3915 3916 3920
13154 62 3919 3915 3916 3920
13155 62 3920 3916 3924 3927
13156 62 3920 3916 3924 3928
13157 62 3927 3924 3925 3929
13158 62 3928 3924 3925 3929
13159 62 3929 3925 3933 3936
13160 62 3929 3925 3933 3937
13161 62 3936 3933 3934 3938
13162 62 3937 3933 3934 3938
13163 62 3938 3934 3942 3945
13164 62 3938 3934 3942 3946
13165 62 3945 3942 3943 3947
13166 62 3946 3942 3943 3947
13167 62 3947 3943 3951 3954
13168 62 3947 3943 3951 3955
13169 62 3954 3951 3952 3956
13170 62 3955 3951 3952 3956
13171 62 3956 3952 3960 3963
13172 62 3956 3952 3960 3964
13173 62 3963 3960 3961 3965
13174 62 3964 3960 3961 3965
13175 62 3965 3961 3969 3972
13176 62 3965 3961 3969 3973
13177 62 3972 3969 3970 3974
13178 62 3973 3969 3970 3974
13179 62 3974 3970 3978 3981
13180 62 3974 3970 3978 3982
13181 62 3981 3978 3979 3983
13182 62 3982 3978 3979 3983
13183 62 3983 3979 3987 3990
13184 62 3983 3979 3987 3991
13185 62 3990 3987 3988 3992
13186 62 3991 3987 3988 3992
13187 62 3992 3988 3996 3999
13188 62 3992 3988 3996 4000
13189 62 3999 3996 3997 4001
13190 62 4000 3996 3997 4001
13191 62 4001 3997 4005 4008
13192 62 4001 3997 4005 4009
13193 62 4008 4005 4006 4010
13194 62 4009 4005 4006 4010
13195 62 4010 4006 4014 4017
13196 62 4010 4006 4014 4018
13197 62 4017 4014 4015 4019
13198 62 4018 4014 4015 4019
13199 62 4019 4015 4023 4026
13200 62 4019 4015 4023 4027
13201 62 4026 4023 4024 4028
13202 62 4027 4023 4024 4028
13203 62 4028 4024 4032 4035
13204 62 4028 4024 4032 4036
13205 62 4035 4032 4033 4037
13206 62 4036 4032 4033 4037
13207 62 4037 4033 4041 4044
13208 62 4037 4033 4041 4045
13209 62 4044 4041 4042 4046
13210 62 4045 4041 4042 4046
13211 62 4046 4042 4050 4053
13212 62 4046 4042 4050 4054
13213 62 4053 4050 4051 4055
13214 62 4054 4050 4051 4055
13215 62 4055 4051 4059 4062
13216 62 4055 4051 4059 4063
13217 62 4075 4070 4079 4082
13218 62 4075 4070 4079 4083
13219 62 4082 4079 4080 4084
13220 62 4083 4079 4080 4084
13221 62 4084 4080 4088 4091
13222 62 4084 4080 4088 4092
13223 62 4091 4088 4089 4093
13224 62 4092 4088 4089 4093
13225 62 4093 4089 4097 4100
13226 62 4093 4089 4097 4101
13227 62 4100 4097 4098 4102
13228 62 4101 4097 4098 4102
13229 62 4102 4098 4106 4109
13230 62 4102 4098 4106 4110
13231 62 4109 4106 4107 4111
13232 62 4110 4106 4107 4111
13233 62 4111 4107 4115 4118
13234 62 4111 4107 4115 4119
13235 62 4118 4115 4116 4120
13236 62 4119 4115 4116 4120
13237 62 4120 4116 4124 4127
13238 62 4120 4116 4124 4128
13239 62 4127 4124 4125 4129
13240 62 4128 4124 4125 4129
13241 62 4129 4125 4133 4136
13242 62 4129 4125 4133 4137
13243 62 4136 4133 4134 4138
13244 62 4137 4133 4134 4138
13245 62 4138 4134 4142 4145
13246 62 4138 4134 4142 4146
13247 62 4145 4142 4143 4147
13248 62 4146 4142 4143 4147
13249 62 4147 4143 4151 4154
13250 62 4147 4143 4151 4155
13251 62 4154 4151 4152 4156
13252 62 4155 4151 4152 4156
13253 62 4156 4152 4160 4163
13254 62 4156 4152 4160 4164
13255 62 4163 4160 4161 4165
13256 62 4164 4160 4161 4165
13257 62 4165 4161 4169 4172
13258 62 4165 4161 4169 4173
13259 62 4172 4169 4170 4174
13260 62 4173 4169 4170 4174
13261 62 4174 4170 4178 4181
13262 62 4174 4170 4178 4182
13263 62 4181 4178 4179 4183
13264 62 4182 4178 4179 4183
13265 62 4183 4179 4187 4190
13266 62 4183 4179 4187 4191
13267 62 4190 4187 4188 4192
13268 62 4191 4187 4188 4192
13269 62 4192 4188 4196 4199
13270 62 4192 4188 4196 4200
13271 62 4199 4196 4197 4201
13272 62 4200 4196 4197 4201
13273 62 4201 4197 4205 4208
13274 62 4201 4197 4205 4209
13275 62 4208 4205 4206 4210
13276 62 4209 4205 4206 4210
13277 62 4210 4206 4214 4217
13278 62 4210 4206 4214 4218
13279 62 4217 4214 4215 4219
13280 62 4218 4214 4215 4219
13281 62 4219 4215 4223 4226
13282 62 4219 4215 4223 4227
13283 62 4226 4223 4224 4228
13284 62 4227 4223 4224 4228
13285 62 4228 4224 4232 4235
13286 62 4228 4224 4232 4236
13287 62 4235 4232 4233 4237
13288 62 4236 4232 4233 4237
13289 62 4237 4233 4241 4244
13290 62 4237 4233 4241 4245
13291 62 4244 4241 4242 4246
13292 62 4245 4241 4242 4246
13293 62 4246 4242 4250 4253
13294 62 4246 4242 4250 4254
13295 62 4253 4250 4251 4255
13296 62 4254 4250 4251 4255
13297 62 4255 4251 4259 4262
13298 62 4255 4251 4259 4263
13299 62 4262 4259 4260 4264
13300 62 4263 4259 4260 4264
13301 62 4264 4260 4268 4271
13302 62 4264 4260 4268 4272
13303 62 4271 4268 4269 4273
13304 62 4272 4268 4269 4273
13305 62 4273 4269 4277 4280
13306 62 4273 4269 4277 4281
13307 62 4280 4277 4278 4282
13308 62 4281 4277 4278 4282
13309 62 4282 4278 4286 4289
13310 62 4282 4278 4286 4290
13311 62 4289 4286 4287 4291
13312 62 4290 4286 4287 4291
13313 62 4291 4287 4295 4298
13314 62 4291 4287 4295 4299
13315 62 4298 4295 4296 4300
13316 62 4299 4295 4296 4300
13317 62 4300 4296 4304 4307
13318 62 4300 4296 4304 4308
13319 62 4307 4304 4305 4309
13320 62 4308 4304 4305 4309
13321 62 4309 4305 4313 4316
13322 62 4309 4305 4313 4317
13323 62 4316 4313 4314 4318
13324 62 4317 4313 4314 4318
13325 62 4318 4314 4322 4325
13326 62 4318 4314 4322 4326
13327 62 4325 4322 4323 4327
13328 62 4326 4322 4323 4327
13329 62 4327 4323 4331 4334
13330 62 4327 4323 4331 4335
13331 62 4334 4331 4332 4336
13332 62 4335 4331 4332 4336
13333 62 4336 4332 4340 4343
13334 62 4336 4332 4340 4344
13335 62 4343 4340 4341 4345
13336 62 4344 4340 4341 4345
13337 62 4345 4341 4349 4352
13338 62 4345 4341 4349 4353
13339 62 4352 4349 4350 4354
13340 62 4353 4349 4350 4354
13341 62 4354 4350 4358 4361
13342 62 4354 4350 4358 4362
13343 62 4361 4358 4359 4363
13344 62 4362 4358 4359 4363
13345 62 4363 4359 4367 4370
13346 62 4363 4359 4367 4371
13347 62 4370 4367 4368 4372
13348 62 4371 4367 4368 4372
13349 62 4372 4368 4376 4379
13350 62 4372 4368 4376 4380
13351 62 4379 4376 4377 4381
13352 62 4380 4376 4377 4381
13353 62 4381 4377 4385 4388
13354 62 4381 4377 4385 4389
13355 62 4388 4385 4386 4390
13356 62 4389 4385 4386 4390
13357 62 4390 4386 4394 4397
13358 62 4390 4386 4394 4398
13359 62 4397 4394 4395 4399
13360 62 4398 4394 4395 4399
13361 62 4399 4395 4403 4406
13362 62 4399 4395 4403 4407
13363 62 4406 4403 4404 4408
13364 62 4407 4403 4404 4408
13365 62 4408 4404 4412 4415
13366 62 4408 4404 4412 4416
13367 62 4415 4412 4413 4417
13368 62 4416 4412 4413 4417
13369 62 4417 4413 4421 4424
13370 62 4417 4413 4421 4425
13371 62 4424 4421 4422 4426
13372 62 4425 4421 4422 4426
13373 62 4426 4422 4430 4433
13374 62 4426 4422 4430 4434
13375 62 4433 4430 4431 4435
13376 62 4434 4430 4431 4435
13377 62 4435 4431 4439 4442
13378 62 4435 4431 4439 4443
13379 62 4442 4439 4440 4444
13380 62 4443 4439 4440 4444
13381 62 4444 4440 4448 4451
13382 62 4444 4440 4448 4452
13383 62 4451 4448 4449 4453
13384 62 4452 4448 4449 4453
13385 62 4453 4449 4457 4460
13386 62 4453 4449 4457 4461
13387 62 4460 4457 4458 4462
13388 62 4461 4457 4458 4462
13389 62 4462 4458 4466 4469
13390 62 4462 4458 4466 4470
13391 62 4469 4466 4467 4471
13392 62 4470 4466 4467 4471
13393 62 4471 4467 4475 4478
13394 62 4471 4467 4475 4479
13395 62 4478 4475 4476 4480
13396 62 4479 4475 4476 4480
13397 62 4480 4476 4484 4487
13398 62 4480 4476 4484 4488
13399 62 4487 4484 4485 4489
13400 62 4488 4484 4485 4489
13401 62 4489 4485 4493 4496
13402 62 4489 4485 4493 4497
13403 62 4496 4493 4494 4498
13404 62 4497 4493 4494 4498
13405 62 4498 4494 4502 4505
13406 62 4498 4494 4502 4506
13407 62 4505 4502 4503 4507
13408 62 4506 4502 4503 4507
13409 62 4507 4503 4511 4514
13410 62 4507 4503 4511 4515
