1 1 1 -0.1800 -0.742 0.0 0.0
2 1 3 -0.0600 0.742 0.0 0.0
3 1 1 -0.1800 1.388 -0.424 1.258
4 1 4 0.0600 -1.219 -0.948 0.325
5 1 4 0.0600 -1.121 0.773 0.716
6 1 4 0.0600 -1.079 0.291 -1.017
7 1 4 0.0600 1.231 -0.292 -0.93
8 1 4 0.0600 2.311 0.202 1.4
9 1 4 0.0600 1.704 -1.499 1.29
10 1 4 0.0600 0.684 -0.259 2.096
11 1 2 -0.1200 2.74 0.0 0.0
12 1 3 -0.0600 4.228 0.0 0.0
13 1 1 -0.1800 4.872 1.276 -0.40700000000000003
14 1 4 0.0600 2.424 -0.95 0.5150000000000001
15 1 4 0.0600 2.2729999999999997 -0.06000000000000006 -0.999
16 1 4 0.0600 4.643 -0.869 -0.506
17 1 4 0.0600 5.96 1.067 -0.5140000000000001
18 1 4 0.0600 4.816 2.075 0.3429999999999999
19 1 4 0.0600 4.559 1.652 -1.413
20 1 2 -0.1200 6.228000000000001 0.0 0.0
21 1 3 -0.0600 7.716 0.0 0.0
22 1 1 -0.1800 8.36 -0.407 -1.276
23 1 4 0.0600 5.912000000000001 0.515 0.95
24 1 4 0.0600 5.761 -0.999 0.06
25 1 4 0.0600 8.131 -0.506 0.869
26 1 4 0.0600 9.448 -0.514 -1.067
27 1 4 0.0600 8.304 0.343 -2.075
28 1 4 0.0600 8.047 -1.413 -1.652
29 1 2 -0.1200 9.716000000000001 0.0 0.0
30 1 3 -0.0600 11.204 0.0 0.0
31 1 1 -0.1800 11.848 1.276 -0.40700000000000003
32 1 4 0.0600 9.4 -0.95 0.5150000000000001
33 1 4 0.0600 9.249 -0.06000000000000006 -0.999
34 1 4 0.0600 11.619000000000002 -0.869 -0.506
35 1 4 0.0600 12.936 1.067 -0.5140000000000001
36 1 4 0.0600 11.792000000000002 2.075 0.3429999999999999
37 1 4 0.0600 11.535 1.652 -1.413
38 1 2 -0.1200 13.204 0.0 0.0
39 1 3 -0.0600 14.692 0.0 0.0
40 1 1 -0.1800 15.336 -0.407 1.276
41 1 4 0.0600 12.888 0.515 -0.95
42 1 4 0.0600 12.737 -0.999 -0.06
43 1 4 0.0600 15.107000000000001 -0.506 -0.869
44 1 4 0.0600 16.424 -0.514 1.067
45 1 4 0.0600 15.280000000000001 0.343 2.075
46 1 4 0.0600 15.023 -1.413 1.652
47 1 2 -0.1200 16.692 0.0 0.0
48 1 3 -0.0600 18.18 0.0 0.0
49 1 1 -0.1800 18.823999999999998 -1.276 -0.4069999999999999
50 1 4 0.0600 16.376 0.95 0.5149999999999999
51 1 4 0.0600 16.225 0.059999999999999935 -0.999
52 1 4 0.0600 18.595 0.869 -0.506
53 1 4 0.0600 19.912 -1.067 -0.5139999999999999
54 1 4 0.0600 18.768 -2.075 0.34300000000000014
55 1 4 0.0600 18.511 -1.652 -1.413
56 1 2 -0.1200 20.18 0.0 0.0
57 1 3 -0.0600 21.668 0.0 0.0
58 1 1 -0.1800 22.311999999999998 -0.407 -1.276
59 1 4 0.0600 19.864 0.515 0.95
60 1 4 0.0600 19.713 -0.999 0.06
61 1 4 0.0600 22.083 -0.506 0.869
62 1 4 0.0600 23.4 -0.514 -1.067
63 1 4 0.0600 22.256 0.343 -2.075
64 1 4 0.0600 21.999 -1.413 -1.652
65 1 2 -0.1200 23.668 0.0 0.0
66 1 3 -0.0600 25.156 0.0 0.0
67 1 1 -0.1800 25.799999999999997 1.276 -0.40700000000000003
68 1 4 0.0600 23.352 -0.95 0.5150000000000001
69 1 4 0.0600 23.201 -0.06000000000000006 -0.999
70 1 4 0.0600 25.570999999999998 -0.869 -0.506
71 1 4 0.0600 26.887999999999998 1.067 -0.5140000000000001
72 1 4 0.0600 25.744 2.075 0.3429999999999999
73 1 4 0.0600 25.487 1.652 -1.413
74 1 2 -0.1200 27.156 0.0 0.0
75 1 3 -0.0600 28.644 0.0 0.0
76 1 1 -0.1800 29.287999999999997 -0.407 -1.276
77 1 4 0.0600 26.84 0.515 0.95
78 1 4 0.0600 26.689 -0.999 0.06
79 1 4 0.0600 29.058999999999997 -0.506 0.869
80 1 4 0.0600 30.375999999999998 -0.514 -1.067
81 1 4 0.0600 29.232 0.343 -2.075
82 1 4 0.0600 28.974999999999998 -1.413 -1.652
83 1 2 -0.1200 30.644000000000002 0.0 0.0
84 1 3 -0.0600 32.132000000000005 0.0 0.0
85 1 1 -0.1800 32.776 1.276 -0.40700000000000003
86 1 4 0.0600 30.328000000000003 -0.95 0.5150000000000001
87 1 4 0.0600 30.177000000000003 -0.06000000000000006 -0.999
88 1 4 0.0600 32.547000000000004 -0.869 -0.506
89 1 4 0.0600 33.864000000000004 1.067 -0.5140000000000001
90 1 4 0.0600 32.72 2.075 0.3429999999999999
91 1 4 0.0600 32.463 1.652 -1.413
92 1 2 -0.1200 34.132 0.0 0.0
93 1 3 -0.0600 35.62 0.0 0.0
94 1 1 -0.1800 36.263999999999996 -0.407 1.276
95 1 4 0.0600 33.815999999999995 0.515 -0.95
96 1 4 0.0600 33.665 -0.999 -0.06
97 1 4 0.0600 36.035 -0.506 -0.869
98 1 4 0.0600 37.352 -0.514 1.067
99 1 4 0.0600 36.208 0.343 2.075
100 1 4 0.0600 35.951 -1.413 1.652
101 1 2 -0.1200 37.62 0.0 0.0
102 1 3 -0.0600 39.108 0.0 0.0
103 1 1 -0.1800 39.751999999999995 1.276 -0.40700000000000003
104 1 4 0.0600 37.303999999999995 -0.95 0.5150000000000001
105 1 4 0.0600 37.153 -0.06000000000000006 -0.999
106 1 4 0.0600 39.522999999999996 -0.869 -0.506
107 1 4 0.0600 40.839999999999996 1.067 -0.5140000000000001
108 1 4 0.0600 39.696 2.075 0.3429999999999999
109 1 4 0.0600 39.439 1.652 -1.413
110 1 2 -0.1200 41.108 0.0 0.0
111 1 3 -0.0600 42.596 0.0 0.0
112 1 1 -0.1800 43.239999999999995 -0.407 -1.276
113 1 4 0.0600 40.791999999999994 0.515 0.95
114 1 4 0.0600 40.641 -0.999 0.06
115 1 4 0.0600 43.010999999999996 -0.506 0.869
116 1 4 0.0600 44.327999999999996 -0.514 -1.067
117 1 4 0.0600 43.184 0.343 -2.075
118 1 4 0.0600 42.927 -1.413 -1.652
119 1 2 -0.1200 44.596000000000004 0.0 0.0
120 1 3 -0.0600 46.084 0.0 0.0
121 1 1 -0.1800 46.728 1.276 -0.40700000000000003
122 1 4 0.0600 44.28 -0.95 0.5150000000000001
123 1 4 0.0600 44.129000000000005 -0.06000000000000006 -0.999
124 1 4 0.0600 46.499 -0.869 -0.506
125 1 4 0.0600 47.816 1.067 -0.5140000000000001
126 1 4 0.0600 46.672000000000004 2.075 0.3429999999999999
127 1 4 0.0600 46.415000000000006 1.652 -1.413
128 1 2 -0.1200 48.084 0.0 0.0
129 1 3 -0.0600 49.572 0.0 0.0
130 1 1 -0.1800 50.216 -0.407 1.276
131 1 4 0.0600 47.768 0.515 -0.95
132 1 4 0.0600 47.617000000000004 -0.999 -0.06
133 1 4 0.0600 49.987 -0.506 -0.869
134 1 4 0.0600 51.304 -0.514 1.067
135 1 4 0.0600 50.160000000000004 0.343 2.075
136 1 4 0.0600 49.903000000000006 -1.413 1.652
137 1 2 -0.1200 51.572 0.0 0.0
138 1 3 -0.0600 53.06 0.0 0.0
139 1 1 -0.1800 53.704 1.276 -0.40700000000000003
140 1 4 0.0600 51.256 -0.95 0.5150000000000001
141 1 4 0.0600 51.105000000000004 -0.06000000000000006 -0.999
142 1 4 0.0600 53.475 -0.869 -0.506
143 1 4 0.0600 54.792 1.067 -0.5140000000000001
144 1 4 0.0600 53.648 2.075 0.3429999999999999
145 1 4 0.0600 53.391000000000005 1.652 -1.413
146 1 2 -0.1200 55.06 0.0 0.0
147 1 3 -0.0600 56.548 0.0 0.0
148 1 1 -0.1800 57.192 -0.407 -1.276
149 1 4 0.0600 54.744 0.515 0.95
150 1 4 0.0600 54.593 -0.999 0.06
151 1 4 0.0600 56.963 -0.506 0.869
152 1 4 0.0600 58.28 -0.514 -1.067
153 1 4 0.0600 57.136 0.343 -2.075
154 1 4 0.0600 56.879000000000005 -1.413 -1.652
155 1 2 -0.1200 58.548 0.0 0.0
156 1 3 -0.0600 60.036 0.0 0.0
157 1 1 -0.1800 60.68 -1.276 -0.4069999999999999
158 1 4 0.0600 58.232 0.95 0.5149999999999999
159 1 4 0.0600 58.081 0.059999999999999935 -0.999
160 1 4 0.0600 60.451 0.869 -0.506
161 1 4 0.0600 61.768 -1.067 -0.5139999999999999
162 1 4 0.0600 60.624 -2.075 0.34300000000000014
163 1 4 0.0600 60.367000000000004 -1.652 -1.413
164 1 2 -0.1200 62.036 0.0 0.0
165 1 3 -0.0600 63.524 0.0 0.0
166 1 1 -0.1800 64.168 -0.407 -1.276
167 1 4 0.0600 61.72 0.515 0.95
168 1 4 0.0600 61.569 -0.999 0.06
169 1 4 0.0600 63.939 -0.506 0.869
170 1 4 0.0600 65.256 -0.514 -1.067
171 1 4 0.0600 64.112 0.343 -2.075
172 1 4 0.0600 63.855000000000004 -1.413 -1.652
173 1 2 -0.1200 65.524 0.0 0.0
174 1 3 -0.0600 67.012 0.0 0.0
175 1 1 -0.1800 67.656 1.276 -0.40700000000000003
176 1 4 0.0600 65.208 -0.95 0.5150000000000001
177 1 4 0.0600 65.057 -0.06000000000000006 -0.999
178 1 4 0.0600 67.427 -0.869 -0.506
179 1 4 0.0600 68.744 1.067 -0.5140000000000001
180 1 4 0.0600 67.6 2.075 0.3429999999999999
181 1 4 0.0600 67.343 1.652 -1.413
182 1 2 -0.1200 69.012 0.0 0.0
183 1 3 -0.0600 70.5 0.0 0.0
184 1 1 -0.1800 71.144 -0.407 -1.276
185 1 4 0.0600 68.696 0.515 0.95
186 1 4 0.0600 68.545 -0.999 0.06
187 1 4 0.0600 70.915 -0.506 0.869
188 1 4 0.0600 72.232 -0.514 -1.067
189 1 4 0.0600 71.088 0.343 -2.075
190 1 4 0.0600 70.831 -1.413 -1.652
191 1 2 -0.1200 72.5 0.0 0.0
192 1 3 -0.0600 73.988 0.0 0.0
193 1 1 -0.1800 74.632 1.276 -0.40700000000000003
194 1 4 0.0600 72.184 -0.95 0.5150000000000001
195 1 4 0.0600 72.033 -0.06000000000000006 -0.999
196 1 4 0.0600 74.403 -0.869 -0.506
197 1 4 0.0600 75.72 1.067 -0.5140000000000001
198 1 4 0.0600 74.576 2.075 0.3429999999999999
199 1 4 0.0600 74.319 1.652 -1.413
200 1 2 -0.1200 75.988 0.0 0.0
201 1 3 -0.0600 77.476 0.0 0.0
202 1 1 -0.1800 78.12 -0.407 1.276
203 1 4 0.0600 75.672 0.515 -0.95
204 1 4 0.0600 75.521 -0.999 -0.06
205 1 4 0.0600 77.891 -0.506 -0.869
206 1 4 0.0600 79.208 -0.514 1.067
207 1 4 0.0600 78.064 0.343 2.075
208 1 4 0.0600 77.807 -1.413 1.652
209 1 2 -0.1200 79.476 0.0 0.0
210 1 3 -0.0600 80.964 0.0 0.0
211 1 1 -0.1800 81.608 -1.276 -0.4069999999999999
212 1 4 0.0600 79.16 0.95 0.5149999999999999
213 1 4 0.0600 79.009 0.059999999999999935 -0.999
214 1 4 0.0600 81.379 0.869 -0.506
215 1 4 0.0600 82.696 -1.067 -0.5139999999999999
216 1 4 0.0600 81.55199999999999 -2.075 0.34300000000000014
217 1 4 0.0600 81.295 -1.652 -1.413
218 1 2 -0.1200 82.964 0.0 0.0
219 1 3 -0.0600 84.452 0.0 0.0
220 1 1 -0.1800 85.096 -0.407 -1.276
221 1 4 0.0600 82.648 0.515 0.95
222 1 4 0.0600 82.497 -0.999 0.06
223 1 4 0.0600 84.867 -0.506 0.869
224 1 4 0.0600 86.184 -0.514 -1.067
225 1 4 0.0600 85.03999999999999 0.343 -2.075
226 1 4 0.0600 84.783 -1.413 -1.652
227 1 2 -0.1200 86.452 0.0 0.0
228 1 3 -0.0600 87.94 0.0 0.0
229 1 1 -0.1800 88.584 -1.276 -0.4069999999999999
230 1 4 0.0600 86.136 0.95 0.5149999999999999
231 1 4 0.0600 85.985 0.059999999999999935 -0.999
232 1 4 0.0600 88.355 0.869 -0.506
233 1 4 0.0600 89.672 -1.067 -0.5139999999999999
234 1 4 0.0600 88.52799999999999 -2.075 0.34300000000000014
235 1 4 0.0600 88.271 -1.652 -1.413
236 1 2 -0.1200 89.94 0.0 0.0
237 1 3 -0.0600 91.428 0.0 0.0
238 1 1 -0.1800 92.072 -0.407 1.276
239 1 4 0.0600 89.624 0.515 -0.95
240 1 4 0.0600 89.473 -0.999 -0.06
241 1 4 0.0600 91.843 -0.506 -0.869
242 1 4 0.0600 93.16 -0.514 1.067
243 1 4 0.0600 92.01599999999999 0.343 2.075
244 1 4 0.0600 91.759 -1.413 1.652
245 1 2 -0.1200 93.428 0.0 0.0
246 1 3 -0.0600 94.916 0.0 0.0
247 1 1 -0.1800 95.56 1.276 -0.40700000000000003
248 1 4 0.0600 93.112 -0.95 0.5150000000000001
249 1 4 0.0600 92.961 -0.06000000000000006 -0.999
250 1 4 0.0600 95.331 -0.869 -0.506
251 1 4 0.0600 96.648 1.067 -0.5140000000000001
252 1 4 0.0600 95.50399999999999 2.075 0.3429999999999999
253 1 4 0.0600 95.247 1.652 -1.413
254 1 2 -0.1200 96.916 0.0 0.0
255 1 3 -0.0600 98.404 0.0 0.0
256 1 1 -0.1800 99.048 -0.407 -1.276
257 1 4 0.0600 96.6 0.515 0.95
258 1 4 0.0600 96.449 -0.999 0.06
259 1 4 0.0600 98.819 -0.506 0.869
260 1 4 0.0600 100.136 -0.514 -1.067
261 1 4 0.0600 98.99199999999999 0.343 -2.075
262 1 4 0.0600 98.735 -1.413 -1.652
263 1 2 -0.1200 100.404 0.0 0.0
264 1 3 -0.0600 101.892 0.0 0.0
265 1 1 -0.1800 102.536 -1.276 -0.4069999999999999
266 1 4 0.0600 100.088 0.95 0.5149999999999999
267 1 4 0.0600 99.937 0.059999999999999935 -0.999
268 1 4 0.0600 102.307 0.869 -0.506
269 1 4 0.0600 103.624 -1.067 -0.5139999999999999
270 1 4 0.0600 102.47999999999999 -2.075 0.34300000000000014
271 1 4 0.0600 102.223 -1.652 -1.413
272 1 2 -0.1200 103.892 0.0 0.0
273 1 3 -0.0600 105.38 0.0 0.0
274 1 1 -0.1800 106.024 -0.407 1.276
275 1 4 0.0600 103.576 0.515 -0.95
276 1 4 0.0600 103.425 -0.999 -0.06
277 1 4 0.0600 105.795 -0.506 -0.869
278 1 4 0.0600 107.112 -0.514 1.067
279 1 4 0.0600 105.96799999999999 0.343 2.075
280 1 4 0.0600 105.711 -1.413 1.652
281 1 2 -0.1200 107.38 0.0 0.0
282 1 3 -0.0600 108.868 0.0 0.0
283 1 1 -0.1800 109.512 -1.276 -0.4069999999999999
284 1 4 0.0600 107.064 0.95 0.5149999999999999
285 1 4 0.0600 106.913 0.059999999999999935 -0.999
286 1 4 0.0600 109.283 0.869 -0.506
287 1 4 0.0600 110.6 -1.067 -0.5139999999999999
288 1 4 0.0600 109.45599999999999 -2.075 0.34300000000000014
289 1 4 0.0600 109.199 -1.652 -1.413
290 1 2 -0.1200 110.868 0.0 0.0
291 1 3 -0.0600 112.356 0.0 0.0
292 1 1 -0.1800 113.0 -0.407 1.276
293 1 4 0.0600 110.55199999999999 0.515 -0.95
294 1 4 0.0600 110.401 -0.999 -0.06
295 1 4 0.0600 112.771 -0.506 -0.869
296 1 4 0.0600 114.088 -0.514 1.067
297 1 4 0.0600 112.94399999999999 0.343 2.075
298 1 4 0.0600 112.687 -1.413 1.652
299 1 2 -0.1200 114.356 0.0 0.0
300 1 3 -0.0600 115.844 0.0 0.0
301 1 1 -0.1800 116.488 -1.276 -0.4069999999999999
302 1 4 0.0600 114.03999999999999 0.95 0.5149999999999999
303 1 4 0.0600 113.889 0.059999999999999935 -0.999
304 1 4 0.0600 116.259 0.869 -0.506
305 1 4 0.0600 117.576 -1.067 -0.5139999999999999
306 1 4 0.0600 116.43199999999999 -2.075 0.34300000000000014
307 1 4 0.0600 116.175 -1.652 -1.413
308 1 2 -0.1200 117.844 0.0 0.0
309 1 3 -0.0600 119.332 0.0 0.0
310 1 1 -0.1800 119.976 -0.407 1.276
311 1 4 0.0600 117.52799999999999 0.515 -0.95
312 1 4 0.0600 117.377 -0.999 -0.06
313 1 4 0.0600 119.747 -0.506 -0.869
314 1 4 0.0600 121.064 -0.514 1.067
315 1 4 0.0600 119.91999999999999 0.343 2.075
316 1 4 0.0600 119.663 -1.413 1.652
317 1 2 -0.1200 121.332 0.0 0.0
318 1 3 -0.0600 122.82 0.0 0.0
319 1 1 -0.1800 123.464 -1.276 -0.4069999999999999
320 1 4 0.0600 121.01599999999999 0.95 0.5149999999999999
321 1 4 0.0600 120.865 0.059999999999999935 -0.999
322 1 4 0.0600 123.235 0.869 -0.506
323 1 4 0.0600 124.55199999999999 -1.067 -0.5139999999999999
324 1 4 0.0600 123.40799999999999 -2.075 0.34300000000000014
325 1 4 0.0600 123.151 -1.652 -1.413
326 1 2 -0.1200 124.82 0.0 0.0
327 1 3 -0.0600 126.30799999999999 0.0 0.0
328 1 1 -0.1800 126.952 -0.407 1.276
329 1 4 0.0600 124.50399999999999 0.515 -0.95
330 1 4 0.0600 124.353 -0.999 -0.06
331 1 4 0.0600 126.723 -0.506 -0.869
332 1 4 0.0600 128.04 -0.514 1.067
333 1 4 0.0600 126.89599999999999 0.343 2.075
334 1 4 0.0600 126.639 -1.413 1.652
335 1 2 -0.1200 128.308 0.0 0.0
336 1 3 -0.0600 129.796 0.0 0.0
337 1 1 -0.1800 130.44 1.276 -0.40700000000000003
338 1 4 0.0600 127.99199999999999 -0.95 0.5150000000000001
339 1 4 0.0600 127.841 -0.06000000000000006 -0.999
340 1 4 0.0600 130.21099999999998 -0.869 -0.506
341 1 4 0.0600 131.528 1.067 -0.5140000000000001
342 1 4 0.0600 130.384 2.075 0.3429999999999999
343 1 4 0.0600 130.12699999999998 1.652 -1.413
344 1 2 -0.1200 131.796 0.0 0.0
345 1 3 -0.0600 133.284 0.0 0.0
346 1 1 -0.1800 133.928 -0.407 -1.276
347 1 4 0.0600 131.48 0.515 0.95
348 1 4 0.0600 131.32899999999998 -0.999 0.06
349 1 4 0.0600 133.69899999999998 -0.506 0.869
350 1 4 0.0600 135.016 -0.514 -1.067
351 1 4 0.0600 133.87199999999999 0.343 -2.075
352 1 4 0.0600 133.61499999999998 -1.413 -1.652
353 1 2 -0.1200 135.284 0.0 0.0
354 1 3 -0.0600 136.772 0.0 0.0
355 1 1 -0.1800 137.416 1.276 -0.40700000000000003
356 1 4 0.0600 134.968 -0.95 0.5150000000000001
357 1 4 0.0600 134.81699999999998 -0.06000000000000006 -0.999
358 1 4 0.0600 137.18699999999998 -0.869 -0.506
359 1 4 0.0600 138.504 1.067 -0.5140000000000001
360 1 4 0.0600 137.35999999999999 2.075 0.3429999999999999
361 1 4 0.0600 137.10299999999998 1.652 -1.413
362 1 2 -0.1200 138.772 0.0 0.0
363 1 3 -0.0600 140.26 0.0 0.0
364 1 1 -0.1800 140.904 -0.407 -1.276
365 1 4 0.0600 138.456 0.515 0.95
366 1 4 0.0600 138.30499999999998 -0.999 0.06
367 1 4 0.0600 140.67499999999998 -0.506 0.869
368 1 4 0.0600 141.992 -0.514 -1.067
369 1 4 0.0600 140.84799999999998 0.343 -2.075
370 1 4 0.0600 140.59099999999998 -1.413 -1.652
371 1 2 -0.1200 142.26 0.0 0.0
372 1 3 -0.0600 143.748 0.0 0.0
373 1 1 -0.1800 144.392 -1.276 -0.4069999999999999
374 1 4 0.0600 141.944 0.95 0.5149999999999999
375 1 4 0.0600 141.79299999999998 0.059999999999999935 -0.999
376 1 4 0.0600 144.16299999999998 0.869 -0.506
377 1 4 0.0600 145.48 -1.067 -0.5139999999999999
378 1 4 0.0600 144.33599999999998 -2.075 0.34300000000000014
379 1 4 0.0600 144.07899999999998 -1.652 -1.413
380 1 2 -0.1200 145.748 0.0 0.0
381 1 3 -0.0600 147.236 0.0 0.0
382 1 1 -0.1800 147.88 -0.407 -1.276
383 1 4 0.0600 145.432 0.515 0.95
384 1 4 0.0600 145.28099999999998 -0.999 0.06
385 1 4 0.0600 147.65099999999998 -0.506 0.869
386 1 4 0.0600 148.968 -0.514 -1.067
387 1 4 0.0600 147.82399999999998 0.343 -2.075
388 1 4 0.0600 147.56699999999998 -1.413 -1.652
389 1 2 -0.1200 149.236 0.0 0.0
390 1 3 -0.0600 150.724 0.0 0.0
391 1 1 -0.1800 151.368 -1.276 -0.4069999999999999
392 1 4 0.0600 148.92 0.95 0.5149999999999999
393 1 4 0.0600 148.76899999999998 0.059999999999999935 -0.999
394 1 4 0.0600 151.13899999999998 0.869 -0.506
395 1 4 0.0600 152.456 -1.067 -0.5139999999999999
396 1 4 0.0600 151.31199999999998 -2.075 0.34300000000000014
397 1 4 0.0600 151.05499999999998 -1.652 -1.413
398 1 2 -0.1200 152.724 0.0 0.0
399 1 3 -0.0600 154.212 0.0 0.0
400 1 1 -0.1800 154.856 -0.407 -1.276
401 1 4 0.0600 152.408 0.515 0.95
402 1 4 0.0600 152.25699999999998 -0.999 0.06
403 1 4 0.0600 154.62699999999998 -0.506 0.869
404 1 4 0.0600 155.944 -0.514 -1.067
405 1 4 0.0600 154.79999999999998 0.343 -2.075
406 1 4 0.0600 154.54299999999998 -1.413 -1.652
407 1 2 -0.1200 156.212 0.0 0.0
408 1 3 -0.0600 157.7 0.0 0.0
409 1 1 -0.1800 158.344 1.276 -0.40700000000000003
410 1 4 0.0600 155.896 -0.95 0.5150000000000001
411 1 4 0.0600 155.74499999999998 -0.06000000000000006 -0.999
412 1 4 0.0600 158.11499999999998 -0.869 -0.506
413 1 4 0.0600 159.432 1.067 -0.5140000000000001
414 1 4 0.0600 158.28799999999998 2.075 0.3429999999999999
415 1 4 0.0600 158.03099999999998 1.652 -1.413
416 1 2 -0.1200 159.7 0.0 0.0
417 1 3 -0.0600 161.188 0.0 0.0
418 1 1 -0.1800 161.832 -0.407 -1.276
419 1 4 0.0600 159.384 0.515 0.95
420 1 4 0.0600 159.23299999999998 -0.999 0.06
421 1 4 0.0600 161.60299999999998 -0.506 0.869
422 1 4 0.0600 162.92 -0.514 -1.067
423 1 4 0.0600 161.77599999999998 0.343 -2.075
424 1 4 0.0600 161.51899999999998 -1.413 -1.652
425 1 2 -0.1200 163.188 0.0 0.0
426 1 3 -0.0600 164.676 0.0 0.0
427 1 1 -0.1800 165.32 1.276 -0.40700000000000003
428 1 4 0.0600 162.87199999999999 -0.95 0.5150000000000001
429 1 4 0.0600 162.72099999999998 -0.06000000000000006 -0.999
430 1 4 0.0600 165.09099999999998 -0.869 -0.506
431 1 4 0.0600 166.408 1.067 -0.5140000000000001
432 1 4 0.0600 165.26399999999998 2.075 0.3429999999999999
433 1 4 0.0600 165.00699999999998 1.652 -1.413
434 1 2 -0.1200 166.676 0.0 0.0
435 1 3 -0.0600 168.164 0.0 0.0
436 1 1 -0.1800 168.808 -0.407 -1.276
437 1 4 0.0600 166.35999999999999 0.515 0.95
438 1 4 0.0600 166.20899999999997 -0.999 0.06
439 1 4 0.0600 168.57899999999998 -0.506 0.869
440 1 4 0.0600 169.896 -0.514 -1.067
441 1 4 0.0600 168.75199999999998 0.343 -2.075
442 1 4 0.0600 168.49499999999998 -1.413 -1.652
443 1 2 -0.1200 169.237 0.0 0.0
444 1 2 -0.1200 170.58499999999998 -0.32999999999999996 0.57
445 1 1 -0.1800 171.606 0.457 -0.24500000000000002
446 1 4 0.0600 168.47 -0.3549999999999999 0.703
447 1 4 0.0600 169.17399999999998 -0.43900000000000006 -1.008
448 1 4 0.0600 170.742 -1.417 0.5030000000000001
449 1 4 0.0600 170.71599999999998 -0.0249999999999999 1.618
450 1 4 0.0600 171.43699999999998 0.36199999999999993 -1.33
451 1 4 0.0600 171.5 1.506 0.05699999999999991
452 1 4 0.0600 172.57899999999998 0.0 0.0
453 2 1 -0.1800 181.27370000000002 0.0 0.0
454 2 3 -0.0600 182.7577 0.0 0.0
455 2 1 -0.1800 183.40370000000001 -0.424 1.258
456 2 4 0.0600 180.79670000000002 -0.948 0.325
457 2 4 0.0600 180.8947 0.773 0.716
458 2 4 0.0600 180.9367 0.291 -1.017
459 2 4 0.0600 183.2467 -0.292 -0.93
460 2 4 0.0600 184.32670000000002 0.202 1.4
461 2 4 0.0600 183.71970000000002 -1.499 1.29
462 2 4 0.0600 182.6997 -0.259 2.096
463 2 2 -0.1200 184.75570000000002 0.0 0.0
464 2 3 -0.0600 186.24370000000002 0.0 0.0
465 2 1 -0.1800 186.88770000000002 1.276 -0.40700000000000003
466 2 4 0.0600 184.43970000000002 -0.95 0.5150000000000001
467 2 4 0.0600 184.2887 -0.06000000000000006 -0.999
468 2 4 0.0600 186.6587 -0.869 -0.506
469 2 4 0.0600 187.97570000000002 1.067 -0.5140000000000001
470 2 4 0.0600 186.8317 2.075 0.3429999999999999
471 2 4 0.0600 186.5747 1.652 -1.413
472 2 2 -0.1200 188.24370000000002 0.0 0.0
473 2 3 -0.0600 189.73170000000002 0.0 0.0
474 2 1 -0.1800 190.37570000000002 -0.407 -1.276
475 2 4 0.0600 187.92770000000002 0.515 0.95
476 2 4 0.0600 187.7767 -0.999 0.06
477 2 4 0.0600 190.1467 -0.506 0.869
478 2 4 0.0600 191.46370000000002 -0.514 -1.067
479 2 4 0.0600 190.3197 0.343 -2.075
480 2 4 0.0600 190.0627 -1.413 -1.652
481 2 2 -0.1200 191.73170000000002 0.0 0.0
482 2 3 -0.0600 193.21970000000002 0.0 0.0
483 2 1 -0.1800 193.86370000000002 1.276 -0.40700000000000003
484 2 4 0.0600 191.41570000000002 -0.95 0.5150000000000001
485 2 4 0.0600 191.2647 -0.06000000000000006 -0.999
486 2 4 0.0600 193.6347 -0.869 -0.506
487 2 4 0.0600 194.95170000000002 1.067 -0.5140000000000001
488 2 4 0.0600 193.8077 2.075 0.3429999999999999
489 2 4 0.0600 193.5507 1.652 -1.413
490 2 2 -0.1200 195.21970000000002 0.0 0.0
491 2 3 -0.0600 196.70770000000002 0.0 0.0
492 2 1 -0.1800 197.35170000000002 -0.407 -1.276
493 2 4 0.0600 194.90370000000001 0.515 0.95
494 2 4 0.0600 194.7527 -0.999 0.06
495 2 4 0.0600 197.1227 -0.506 0.869
496 2 4 0.0600 198.43970000000002 -0.514 -1.067
497 2 4 0.0600 197.2957 0.343 -2.075
498 2 4 0.0600 197.0387 -1.413 -1.652
499 2 2 -0.1200 198.70770000000002 0.0 0.0
500 2 3 -0.0600 200.19570000000002 0.0 0.0
501 2 1 -0.1800 200.83970000000002 1.276 -0.40700000000000003
502 2 4 0.0600 198.39170000000001 -0.95 0.5150000000000001
503 2 4 0.0600 198.2407 -0.06000000000000006 -0.999
504 2 4 0.0600 200.6107 -0.869 -0.506
505 2 4 0.0600 201.92770000000002 1.067 -0.5140000000000001
506 2 4 0.0600 200.7837 2.075 0.3429999999999999
507 2 4 0.0600 200.5267 1.652 -1.413
508 2 2 -0.1200 202.19570000000002 0.0 0.0
509 2 3 -0.0600 203.68370000000002 0.0 0.0
510 2 1 -0.1800 204.32770000000002 -0.407 1.276
511 2 4 0.0600 201.8797 0.515 -0.95
512 2 4 0.0600 201.7287 -0.999 -0.06
513 2 4 0.0600 204.0987 -0.506 -0.869
514 2 4 0.0600 205.41570000000002 -0.514 1.067
515 2 4 0.0600 204.2717 0.343 2.075
516 2 4 0.0600 204.0147 -1.413 1.652
517 2 2 -0.1200 205.68370000000002 0.0 0.0
518 2 3 -0.0600 207.17170000000002 0.0 0.0
519 2 1 -0.1800 207.81570000000002 1.276 -0.40700000000000003
520 2 4 0.0600 205.3677 -0.95 0.5150000000000001
521 2 4 0.0600 205.2167 -0.06000000000000006 -0.999
522 2 4 0.0600 207.5867 -0.869 -0.506
523 2 4 0.0600 208.90370000000001 1.067 -0.5140000000000001
524 2 4 0.0600 207.7597 2.075 0.3429999999999999
525 2 4 0.0600 207.5027 1.652 -1.413
526 2 2 -0.1200 209.17170000000002 0.0 0.0
527 2 3 -0.0600 210.65970000000002 0.0 0.0
528 2 1 -0.1800 211.30370000000002 -0.407 -1.276
529 2 4 0.0600 208.8557 0.515 0.95
530 2 4 0.0600 208.7047 -0.999 0.06
531 2 4 0.0600 211.0747 -0.506 0.869
532 2 4 0.0600 212.39170000000001 -0.514 -1.067
533 2 4 0.0600 211.2477 0.343 -2.075
534 2 4 0.0600 210.9907 -1.413 -1.652
535 2 2 -0.1200 212.65970000000002 0.0 0.0
536 2 3 -0.0600 214.14770000000001 0.0 0.0
537 2 1 -0.1800 214.79170000000002 1.276 -0.40700000000000003
538 2 4 0.0600 212.3437 -0.95 0.5150000000000001
539 2 4 0.0600 212.1927 -0.06000000000000006 -0.999
540 2 4 0.0600 214.5627 -0.869 -0.506
541 2 4 0.0600 215.8797 1.067 -0.5140000000000001
542 2 4 0.0600 214.7357 2.075 0.3429999999999999
543 2 4 0.0600 214.4787 1.652 -1.413
544 2 2 -0.1200 216.14770000000001 0.0 0.0
545 2 3 -0.0600 217.6357 0.0 0.0
546 2 1 -0.1800 218.27970000000002 -0.407 1.276
547 2 4 0.0600 215.8317 0.515 -0.95
548 2 4 0.0600 215.6807 -0.999 -0.06
549 2 4 0.0600 218.0507 -0.506 -0.869
550 2 4 0.0600 219.3677 -0.514 1.067
551 2 4 0.0600 218.2237 0.343 2.075
552 2 4 0.0600 217.9667 -1.413 1.652
553 2 2 -0.1200 219.6357 0.0 0.0
554 2 3 -0.0600 221.1237 0.0 0.0
555 2 1 -0.1800 221.76770000000002 -1.276 -0.4069999999999999
556 2 4 0.0600 219.3197 0.95 0.5149999999999999
557 2 4 0.0600 219.1687 0.059999999999999935 -0.999
558 2 4 0.0600 221.5387 0.869 -0.506
559 2 4 0.0600 222.8557 -1.067 -0.5139999999999999
560 2 4 0.0600 221.7117 -2.075 0.34300000000000014
561 2 4 0.0600 221.4547 -1.652 -1.413
562 2 2 -0.1200 223.1237 0.0 0.0
563 2 3 -0.0600 224.6117 0.0 0.0
564 2 1 -0.1800 225.25570000000002 -0.407 -1.276
565 2 4 0.0600 222.8077 0.515 0.95
566 2 4 0.0600 222.6567 -0.999 0.06
567 2 4 0.0600 225.0267 -0.506 0.869
568 2 4 0.0600 226.3437 -0.514 -1.067
569 2 4 0.0600 225.1997 0.343 -2.075
570 2 4 0.0600 224.9427 -1.413 -1.652
571 2 2 -0.1200 226.6117 0.0 0.0
572 2 3 -0.0600 228.0997 0.0 0.0
573 2 1 -0.1800 228.74370000000002 1.276 -0.40700000000000003
574 2 4 0.0600 226.2957 -0.95 0.5150000000000001
575 2 4 0.0600 226.1447 -0.06000000000000006 -0.999
576 2 4 0.0600 228.5147 -0.869 -0.506
577 2 4 0.0600 229.8317 1.067 -0.5140000000000001
578 2 4 0.0600 228.6877 2.075 0.3429999999999999
579 2 4 0.0600 228.4307 1.652 -1.413
580 2 2 -0.1200 230.0997 0.0 0.0
581 2 3 -0.0600 231.5877 0.0 0.0
582 2 1 -0.1800 232.23170000000002 -0.407 -1.276
583 2 4 0.0600 229.7837 0.515 0.95
584 2 4 0.0600 229.6327 -0.999 0.06
585 2 4 0.0600 232.0027 -0.506 0.869
586 2 4 0.0600 233.3197 -0.514 -1.067
587 2 4 0.0600 232.1757 0.343 -2.075
588 2 4 0.0600 231.9187 -1.413 -1.652
589 2 2 -0.1200 233.5877 0.0 0.0
590 2 3 -0.0600 235.0757 0.0 0.0
591 2 1 -0.1800 235.71970000000002 -1.276 -0.4069999999999999
592 2 4 0.0600 233.2717 0.95 0.5149999999999999
593 2 4 0.0600 233.1207 0.059999999999999935 -0.999
594 2 4 0.0600 235.4907 0.869 -0.506
595 2 4 0.0600 236.8077 -1.067 -0.5139999999999999
596 2 4 0.0600 235.6637 -2.075 0.34300000000000014
597 2 4 0.0600 235.4067 -1.652 -1.413
598 2 2 -0.1200 237.0757 0.0 0.0
599 2 3 -0.0600 238.5637 0.0 0.0
600 2 1 -0.1800 239.20770000000002 -0.407 -1.276
601 2 4 0.0600 236.7597 0.515 0.95
602 2 4 0.0600 236.6087 -0.999 0.06
603 2 4 0.0600 238.9787 -0.506 0.869
604 2 4 0.0600 240.2957 -0.514 -1.067
605 2 4 0.0600 239.1517 0.343 -2.075
606 2 4 0.0600 238.8947 -1.413 -1.652
607 2 2 -0.1200 240.5637 0.0 0.0
608 2 3 -0.0600 242.0517 0.0 0.0
609 2 1 -0.1800 242.69570000000002 -1.276 -0.4069999999999999
610 2 4 0.0600 240.2477 0.95 0.5149999999999999
611 2 4 0.0600 240.0967 0.059999999999999935 -0.999
612 2 4 0.0600 242.4667 0.869 -0.506
613 2 4 0.0600 243.7837 -1.067 -0.5139999999999999
614 2 4 0.0600 242.6397 -2.075 0.34300000000000014
615 2 4 0.0600 242.3827 -1.652 -1.413
616 2 2 -0.1200 244.0517 0.0 0.0
617 2 3 -0.0600 245.5397 0.0 0.0
618 2 1 -0.1800 246.18370000000002 -0.407 1.276
619 2 4 0.0600 243.7357 0.515 -0.95
620 2 4 0.0600 243.5847 -0.999 -0.06
621 2 4 0.0600 245.9547 -0.506 -0.869
622 2 4 0.0600 247.2717 -0.514 1.067
623 2 4 0.0600 246.1277 0.343 2.075
624 2 4 0.0600 245.8707 -1.413 1.652
625 2 2 -0.1200 247.5397 0.0 0.0
626 2 3 -0.0600 249.0277 0.0 0.0
627 2 1 -0.1800 249.67170000000002 -1.276 -0.4069999999999999
628 2 4 0.0600 247.2237 0.95 0.5149999999999999
629 2 4 0.0600 247.0727 0.059999999999999935 -0.999
630 2 4 0.0600 249.4427 0.869 -0.506
631 2 4 0.0600 250.7597 -1.067 -0.5139999999999999
632 2 4 0.0600 249.6157 -2.075 0.34300000000000014
633 2 4 0.0600 249.3587 -1.652 -1.413
634 2 2 -0.1200 251.0277 0.0 0.0
635 2 3 -0.0600 252.5157 0.0 0.0
636 2 1 -0.1800 253.15970000000002 -0.407 -1.276
637 2 4 0.0600 250.7117 0.515 0.95
638 2 4 0.0600 250.5607 -0.999 0.06
639 2 4 0.0600 252.9307 -0.506 0.869
640 2 4 0.0600 254.2477 -0.514 -1.067
641 2 4 0.0600 253.1037 0.343 -2.075
642 2 4 0.0600 252.8467 -1.413 -1.652
643 2 2 -0.1200 254.5157 0.0 0.0
644 2 3 -0.0600 256.00370000000004 0.0 0.0
645 2 1 -0.1800 256.6477 1.276 -0.40700000000000003
646 2 4 0.0600 254.1997 -0.95 0.5150000000000001
647 2 4 0.0600 254.0487 -0.06000000000000006 -0.999
648 2 4 0.0600 256.4187 -0.869 -0.506
649 2 4 0.0600 257.7357 1.067 -0.5140000000000001
650 2 4 0.0600 256.5917 2.075 0.3429999999999999
651 2 4 0.0600 256.3347 1.652 -1.413
652 2 2 -0.1200 258.0037 0.0 0.0
653 2 3 -0.0600 259.49170000000004 0.0 0.0
654 2 1 -0.1800 260.1357 -0.407 1.276
655 2 4 0.0600 257.6877 0.515 -0.95
656 2 4 0.0600 257.5367 -0.999 -0.06
657 2 4 0.0600 259.9067 -0.506 -0.869
658 2 4 0.0600 261.2237 -0.514 1.067
659 2 4 0.0600 260.0797 0.343 2.075
660 2 4 0.0600 259.8227 -1.413 1.652
661 2 2 -0.1200 261.4917 0.0 0.0
662 2 3 -0.0600 262.97970000000004 0.0 0.0
663 2 1 -0.1800 263.6237 -1.276 -0.4069999999999999
664 2 4 0.0600 261.1757 0.95 0.5149999999999999
665 2 4 0.0600 261.0247 0.059999999999999935 -0.999
666 2 4 0.0600 263.3947 0.869 -0.506
667 2 4 0.0600 264.7117 -1.067 -0.5139999999999999
668 2 4 0.0600 263.5677 -2.075 0.34300000000000014
669 2 4 0.0600 263.3107 -1.652 -1.413
670 2 2 -0.1200 264.9797 0.0 0.0
671 2 3 -0.0600 266.46770000000004 0.0 0.0
672 2 1 -0.1800 267.1117 -0.407 -1.276
673 2 4 0.0600 264.6637 0.515 0.95
674 2 4 0.0600 264.5127 -0.999 0.06
675 2 4 0.0600 266.8827 -0.506 0.869
676 2 4 0.0600 268.1997 -0.514 -1.067
677 2 4 0.0600 267.0557 0.343 -2.075
678 2 4 0.0600 266.7987 -1.413 -1.652
679 2 2 -0.1200 268.4677 0.0 0.0
680 2 3 -0.0600 269.95570000000004 0.0 0.0
681 2 1 -0.1800 270.5997 1.276 -0.40700000000000003
682 2 4 0.0600 268.1517 -0.95 0.5150000000000001
683 2 4 0.0600 268.0007 -0.06000000000000006 -0.999
684 2 4 0.0600 270.3707 -0.869 -0.506
685 2 4 0.0600 271.6877 1.067 -0.5140000000000001
686 2 4 0.0600 270.5437 2.075 0.3429999999999999
687 2 4 0.0600 270.2867 1.652 -1.413
688 2 2 -0.1200 271.9557 0.0 0.0
689 2 3 -0.0600 273.44370000000004 0.0 0.0
690 2 1 -0.1800 274.0877 -0.407 -1.276
691 2 4 0.0600 271.6397 0.515 0.95
692 2 4 0.0600 271.4887 -0.999 0.06
693 2 4 0.0600 273.8587 -0.506 0.869
694 2 4 0.0600 275.1757 -0.514 -1.067
695 2 4 0.0600 274.0317 0.343 -2.075
696 2 4 0.0600 273.7747 -1.413 -1.652
697 2 2 -0.1200 275.4437 0.0 0.0
698 2 3 -0.0600 276.93170000000003 0.0 0.0
699 2 1 -0.1800 277.5757 -1.276 -0.4069999999999999
700 2 4 0.0600 275.1277 0.95 0.5149999999999999
701 2 4 0.0600 274.9767 0.059999999999999935 -0.999
702 2 4 0.0600 277.3467 0.869 -0.506
703 2 4 0.0600 278.6637 -1.067 -0.5139999999999999
704 2 4 0.0600 277.5197 -2.075 0.34300000000000014
705 2 4 0.0600 277.2627 -1.652 -1.413
706 2 2 -0.1200 278.9317 0.0 0.0
707 2 3 -0.0600 280.41970000000003 0.0 0.0
708 2 1 -0.1800 281.0637 -0.407 1.276
709 2 4 0.0600 278.6157 0.515 -0.95
710 2 4 0.0600 278.4647 -0.999 -0.06
711 2 4 0.0600 280.8347 -0.506 -0.869
712 2 4 0.0600 282.1517 -0.514 1.067
713 2 4 0.0600 281.0077 0.343 2.075
714 2 4 0.0600 280.7507 -1.413 1.652
715 2 2 -0.1200 282.4197 0.0 0.0
716 2 3 -0.0600 283.90770000000003 0.0 0.0
717 2 1 -0.1800 284.5517 -1.276 -0.4069999999999999
718 2 4 0.0600 282.1037 0.95 0.5149999999999999
719 2 4 0.0600 281.9527 0.059999999999999935 -0.999
720 2 4 0.0600 284.3227 0.869 -0.506
721 2 4 0.0600 285.6397 -1.067 -0.5139999999999999
722 2 4 0.0600 284.4957 -2.075 0.34300000000000014
723 2 4 0.0600 284.2387 -1.652 -1.413
724 2 2 -0.1200 285.9077 0.0 0.0
725 2 3 -0.0600 287.39570000000003 0.0 0.0
726 2 1 -0.1800 288.0397 -0.407 1.276
727 2 4 0.0600 285.5917 0.515 -0.95
728 2 4 0.0600 285.4407 -0.999 -0.06
729 2 4 0.0600 287.8107 -0.506 -0.869
730 2 4 0.0600 289.1277 -0.514 1.067
731 2 4 0.0600 287.9837 0.343 2.075
732 2 4 0.0600 287.7267 -1.413 1.652
733 2 2 -0.1200 289.3957 0.0 0.0
734 2 3 -0.0600 290.88370000000003 0.0 0.0
735 2 1 -0.1800 291.5277 -1.276 -0.4069999999999999
736 2 4 0.0600 289.0797 0.95 0.5149999999999999
737 2 4 0.0600 288.9287 0.059999999999999935 -0.999
738 2 4 0.0600 291.2987 0.869 -0.506
739 2 4 0.0600 292.6157 -1.067 -0.5139999999999999
740 2 4 0.0600 291.4717 -2.075 0.34300000000000014
741 2 4 0.0600 291.2147 -1.652 -1.413
742 2 2 -0.1200 292.8837 0.0 0.0
743 2 3 -0.0600 294.37170000000003 0.0 0.0
744 2 1 -0.1800 295.0157 -0.407 -1.276
745 2 4 0.0600 292.5677 0.515 0.95
746 2 4 0.0600 292.4167 -0.999 0.06
747 2 4 0.0600 294.7867 -0.506 0.869
748 2 4 0.0600 296.1037 -0.514 -1.067
749 2 4 0.0600 294.9597 0.343 -2.075
750 2 4 0.0600 294.7027 -1.413 -1.652
751 2 2 -0.1200 296.3717 0.0 0.0
752 2 3 -0.0600 297.85970000000003 0.0 0.0
753 2 1 -0.1800 298.5037 -1.276 -0.4069999999999999
754 2 4 0.0600 296.0557 0.95 0.5149999999999999
755 2 4 0.0600 295.9047 0.059999999999999935 -0.999
756 2 4 0.0600 298.2747 0.869 -0.506
757 2 4 0.0600 299.5917 -1.067 -0.5139999999999999
758 2 4 0.0600 298.4477 -2.075 0.34300000000000014
759 2 4 0.0600 298.1907 -1.652 -1.413
760 2 2 -0.1200 299.8597 0.0 0.0
761 2 3 -0.0600 301.34770000000003 0.0 0.0
762 2 1 -0.1800 301.9917 -0.407 1.276
763 2 4 0.0600 299.5437 0.515 -0.95
764 2 4 0.0600 299.3927 -0.999 -0.06
765 2 4 0.0600 301.7627 -0.506 -0.869
766 2 4 0.0600 303.0797 -0.514 1.067
767 2 4 0.0600 301.9357 0.343 2.075
768 2 4 0.0600 301.6787 -1.413 1.652
769 2 2 -0.1200 303.3477 0.0 0.0
770 2 3 -0.0600 304.83570000000003 0.0 0.0
771 2 1 -0.1800 305.4797 -1.276 -0.4069999999999999
772 2 4 0.0600 303.0317 0.95 0.5149999999999999
773 2 4 0.0600 302.8807 0.059999999999999935 -0.999
774 2 4 0.0600 305.2507 0.869 -0.506
775 2 4 0.0600 306.5677 -1.067 -0.5139999999999999
776 2 4 0.0600 305.4237 -2.075 0.34300000000000014
777 2 4 0.0600 305.1667 -1.652 -1.413
778 2 2 -0.1200 306.8357 0.0 0.0
779 2 3 -0.0600 308.32370000000003 0.0 0.0
780 2 1 -0.1800 308.9677 -0.407 -1.276
781 2 4 0.0600 306.5197 0.515 0.95
782 2 4 0.0600 306.3687 -0.999 0.06
783 2 4 0.0600 308.7387 -0.506 0.869
784 2 4 0.0600 310.0557 -0.514 -1.067
785 2 4 0.0600 308.9117 0.343 -2.075
786 2 4 0.0600 308.6547 -1.413 -1.652
787 2 2 -0.1200 310.3237 0.0 0.0
788 2 3 -0.0600 311.81170000000003 0.0 0.0
789 2 1 -0.1800 312.4557 -1.276 -0.4069999999999999
790 2 4 0.0600 310.0077 0.95 0.5149999999999999
791 2 4 0.0600 309.8567 0.059999999999999935 -0.999
792 2 4 0.0600 312.2267 0.869 -0.506
793 2 4 0.0600 313.5437 -1.067 -0.5139999999999999
794 2 4 0.0600 312.3997 -2.075 0.34300000000000014
795 2 4 0.0600 312.1427 -1.652 -1.413
796 2 2 -0.1200 313.8117 0.0 0.0
797 2 3 -0.0600 315.29970000000003 0.0 0.0
798 2 1 -0.1800 315.9437 -0.407 1.276
799 2 4 0.0600 313.4957 0.515 -0.95
800 2 4 0.0600 313.3447 -0.999 -0.06
801 2 4 0.0600 315.7147 -0.506 -0.869
802 2 4 0.0600 317.0317 -0.514 1.067
803 2 4 0.0600 315.8877 0.343 2.075
804 2 4 0.0600 315.6307 -1.413 1.652
805 2 2 -0.1200 317.2997 0.0 0.0
806 2 3 -0.0600 318.78770000000003 0.0 0.0
807 2 1 -0.1800 319.4317 -1.276 -0.4069999999999999
808 2 4 0.0600 316.9837 0.95 0.5149999999999999
809 2 4 0.0600 316.8327 0.059999999999999935 -0.999
810 2 4 0.0600 319.2027 0.869 -0.506
811 2 4 0.0600 320.5197 -1.067 -0.5139999999999999
812 2 4 0.0600 319.3757 -2.075 0.34300000000000014
813 2 4 0.0600 319.1187 -1.652 -1.413
814 2 2 -0.1200 320.7877 0.0 0.0
815 2 3 -0.0600 322.27570000000003 0.0 0.0
816 2 1 -0.1800 322.9197 -0.407 1.276
817 2 4 0.0600 320.4717 0.515 -0.95
818 2 4 0.0600 320.3207 -0.999 -0.06
819 2 4 0.0600 322.6907 -0.506 -0.869
820 2 4 0.0600 324.0077 -0.514 1.067
821 2 4 0.0600 322.8637 0.343 2.075
822 2 4 0.0600 322.6067 -1.413 1.652
823 2 2 -0.1200 324.2757 0.0 0.0
824 2 3 -0.0600 325.76370000000003 0.0 0.0
825 2 1 -0.1800 326.4077 -1.276 -0.4069999999999999
826 2 4 0.0600 323.9597 0.95 0.5149999999999999
827 2 4 0.0600 323.8087 0.059999999999999935 -0.999
828 2 4 0.0600 326.1787 0.869 -0.506
829 2 4 0.0600 327.4957 -1.067 -0.5139999999999999
830 2 4 0.0600 326.3517 -2.075 0.34300000000000014
831 2 4 0.0600 326.0947 -1.652 -1.413
832 2 2 -0.1200 327.7637 0.0 0.0
833 2 3 -0.0600 329.2517 0.0 0.0
834 2 1 -0.1800 329.8957 -0.407 -1.276
835 2 4 0.0600 327.4477 0.515 0.95
836 2 4 0.0600 327.2967 -0.999 0.06
837 2 4 0.0600 329.6667 -0.506 0.869
838 2 4 0.0600 330.9837 -0.514 -1.067
839 2 4 0.0600 329.8397 0.343 -2.075
840 2 4 0.0600 329.5827 -1.413 -1.652
841 2 2 -0.1200 331.25169999999997 0.0 0.0
842 2 3 -0.0600 332.7397 0.0 0.0
843 2 1 -0.1800 333.3837 -1.276 -0.4069999999999999
844 2 4 0.0600 330.9357 0.95 0.5149999999999999
845 2 4 0.0600 330.7847 0.059999999999999935 -0.999
846 2 4 0.0600 333.1547 0.869 -0.506
847 2 4 0.0600 334.4717 -1.067 -0.5139999999999999
848 2 4 0.0600 333.3277 -2.075 0.34300000000000014
849 2 4 0.0600 333.0707 -1.652 -1.413
850 2 2 -0.1200 334.73969999999997 0.0 0.0
851 2 3 -0.0600 336.2277 0.0 0.0
852 2 1 -0.1800 336.8717 -0.407 1.276
853 2 4 0.0600 334.4237 0.515 -0.95
854 2 4 0.0600 334.2727 -0.999 -0.06
855 2 4 0.0600 336.6427 -0.506 -0.869
856 2 4 0.0600 337.9597 -0.514 1.067
857 2 4 0.0600 336.8157 0.343 2.075
858 2 4 0.0600 336.5587 -1.413 1.652
859 2 2 -0.1200 338.22769999999997 0.0 0.0
860 2 3 -0.0600 339.7157 0.0 0.0
861 2 1 -0.1800 340.3597 1.276 -0.40700000000000003
862 2 4 0.0600 337.9117 -0.95 0.5150000000000001
863 2 4 0.0600 337.7607 -0.06000000000000006 -0.999
864 2 4 0.0600 340.1307 -0.869 -0.506
865 2 4 0.0600 341.4477 1.067 -0.5140000000000001
866 2 4 0.0600 340.3037 2.075 0.3429999999999999
867 2 4 0.0600 340.0467 1.652 -1.413
868 2 2 -0.1200 341.71569999999997 0.0 0.0
869 2 3 -0.0600 343.2037 0.0 0.0
870 2 1 -0.1800 343.8477 -0.407 -1.276
871 2 4 0.0600 341.3997 0.515 0.95
872 2 4 0.0600 341.2487 -0.999 0.06
873 2 4 0.0600 343.6187 -0.506 0.869
874 2 4 0.0600 344.9357 -0.514 -1.067
875 2 4 0.0600 343.7917 0.343 -2.075
876 2 4 0.0600 343.5347 -1.413 -1.652
877 2 2 -0.1200 345.20369999999997 0.0 0.0
878 2 3 -0.0600 346.6917 0.0 0.0
879 2 1 -0.1800 347.3357 1.276 -0.40700000000000003
880 2 4 0.0600 344.8877 -0.95 0.5150000000000001
881 2 4 0.0600 344.7367 -0.06000000000000006 -0.999
882 2 4 0.0600 347.1067 -0.869 -0.506
883 2 4 0.0600 348.4237 1.067 -0.5140000000000001
884 2 4 0.0600 347.2797 2.075 0.3429999999999999
885 2 4 0.0600 347.0227 1.652 -1.413
886 2 2 -0.1200 348.69169999999997 0.0 0.0
887 2 3 -0.0600 350.1797 0.0 0.0
888 2 1 -0.1800 350.8237 -0.407 1.276
889 2 4 0.0600 348.3757 0.515 -0.95
890 2 4 0.0600 348.2247 -0.999 -0.06
891 2 4 0.0600 350.5947 -0.506 -0.869
892 2 4 0.0600 351.9117 -0.514 1.067
893 2 4 0.0600 350.7677 0.343 2.075
894 2 4 0.0600 350.5107 -1.413 1.652
895 2 2 -0.1200 351.2527 0.0 0.0
896 2 2 -0.1200 352.6007 -0.32999999999999996 0.57
897 2 1 -0.1800 353.6217 0.457 -0.24500000000000002
898 2 4 0.0600 350.4857 -0.3549999999999999 0.703
899 2 4 0.0600 351.1897 -0.43900000000000006 -1.008
900 2 4 0.0600 352.7577 -1.417 0.5030000000000001
901 2 4 0.0600 352.7317 -0.0249999999999999 1.618
902 2 4 0.0600 353.4527 0.36199999999999993 -1.33
903 2 4 0.0600 353.5157 1.506 0.05699999999999991
904 2 4 0.0600 354.5947 0.0 0.0
905 3 1 -0.1800 363.28929999999997 0.0 0.0
906 3 3 -0.0600 364.7733 0.0 0.0
907 3 1 -0.1800 365.41929999999996 -0.424 -1.258
908 3 4 0.0600 362.8123 -0.948 -0.325
909 3 4 0.0600 362.9103 0.773 -0.716
910 3 4 0.0600 362.9523 0.291 1.017
911 3 4 0.0600 365.2623 -0.292 0.93
912 3 4 0.0600 366.34229999999997 0.202 -1.4
913 3 4 0.0600 365.7353 -1.499 -1.29
914 3 4 0.0600 364.7153 -0.259 -2.096
915 3 2 -0.1200 366.77129999999994 0.0 0.0
916 3 3 -0.0600 368.2593 0.0 0.0
917 3 1 -0.1800 368.90329999999994 -1.276 -0.4069999999999999
918 3 4 0.0600 366.45529999999997 0.95 0.5149999999999999
919 3 4 0.0600 366.30429999999996 0.059999999999999935 -0.999
920 3 4 0.0600 368.67429999999996 0.869 -0.506
921 3 4 0.0600 369.99129999999997 -1.067 -0.5139999999999999
922 3 4 0.0600 368.84729999999996 -2.075 0.34300000000000014
923 3 4 0.0600 368.59029999999996 -1.652 -1.413
924 3 2 -0.1200 370.25929999999994 0.0 0.0
925 3 3 -0.0600 371.7473 0.0 0.0
926 3 1 -0.1800 372.39129999999994 -0.407 1.276
927 3 4 0.0600 369.94329999999997 0.515 -0.95
928 3 4 0.0600 369.79229999999995 -0.999 -0.06
929 3 4 0.0600 372.16229999999996 -0.506 -0.869
930 3 4 0.0600 373.47929999999997 -0.514 1.067
931 3 4 0.0600 372.33529999999996 0.343 2.075
932 3 4 0.0600 372.07829999999996 -1.413 1.652
933 3 2 -0.1200 373.74729999999994 0.0 0.0
934 3 3 -0.0600 375.2353 0.0 0.0
935 3 1 -0.1800 375.87929999999994 1.276 -0.40700000000000003
936 3 4 0.0600 373.43129999999996 -0.95 0.5150000000000001
937 3 4 0.0600 373.28029999999995 -0.06000000000000006 -0.999
938 3 4 0.0600 375.65029999999996 -0.869 -0.506
939 3 4 0.0600 376.96729999999997 1.067 -0.5140000000000001
940 3 4 0.0600 375.82329999999996 2.075 0.3429999999999999
941 3 4 0.0600 375.56629999999996 1.652 -1.413
942 3 2 -0.1200 377.23529999999994 0.0 0.0
943 3 3 -0.0600 378.7233 0.0 0.0
944 3 1 -0.1800 379.36729999999994 -0.407 -1.276
945 3 4 0.0600 376.91929999999996 0.515 0.95
946 3 4 0.0600 376.76829999999995 -0.999 0.06
947 3 4 0.0600 379.13829999999996 -0.506 0.869
948 3 4 0.0600 380.45529999999997 -0.514 -1.067
949 3 4 0.0600 379.31129999999996 0.343 -2.075
950 3 4 0.0600 379.05429999999996 -1.413 -1.652
951 3 2 -0.1200 380.72329999999994 0.0 0.0
952 3 3 -0.0600 382.2113 0.0 0.0
953 3 1 -0.1800 382.85529999999994 1.276 -0.40700000000000003
954 3 4 0.0600 380.40729999999996 -0.95 0.5150000000000001
955 3 4 0.0600 380.25629999999995 -0.06000000000000006 -0.999
956 3 4 0.0600 382.62629999999996 -0.869 -0.506
957 3 4 0.0600 383.94329999999997 1.067 -0.5140000000000001
958 3 4 0.0600 382.79929999999996 2.075 0.3429999999999999
959 3 4 0.0600 382.54229999999995 1.652 -1.413
960 3 2 -0.1200 384.21129999999994 0.0 0.0
961 3 3 -0.0600 385.6993 0.0 0.0
962 3 1 -0.1800 386.34329999999994 -0.407 1.276
963 3 4 0.0600 383.89529999999996 0.515 -0.95
964 3 4 0.0600 383.74429999999995 -0.999 -0.06
965 3 4 0.0600 386.11429999999996 -0.506 -0.869
966 3 4 0.0600 387.43129999999996 -0.514 1.067
967 3 4 0.0600 386.28729999999996 0.343 2.075
968 3 4 0.0600 386.03029999999995 -1.413 1.652
969 3 2 -0.1200 387.69929999999994 0.0 0.0
970 3 3 -0.0600 389.1873 0.0 0.0
971 3 1 -0.1800 389.83129999999994 -1.276 -0.4069999999999999
972 3 4 0.0600 387.38329999999996 0.95 0.5149999999999999
973 3 4 0.0600 387.23229999999995 0.059999999999999935 -0.999
974 3 4 0.0600 389.60229999999996 0.869 -0.506
975 3 4 0.0600 390.91929999999996 -1.067 -0.5139999999999999
976 3 4 0.0600 389.77529999999996 -2.075 0.34300000000000014
977 3 4 0.0600 389.51829999999995 -1.652 -1.413
978 3 2 -0.1200 391.18729999999994 0.0 0.0
979 3 3 -0.0600 392.6753 0.0 0.0
980 3 1 -0.1800 393.31929999999994 -0.407 1.276
981 3 4 0.0600 390.87129999999996 0.515 -0.95
982 3 4 0.0600 390.72029999999995 -0.999 -0.06
983 3 4 0.0600 393.09029999999996 -0.506 -0.869
984 3 4 0.0600 394.40729999999996 -0.514 1.067
985 3 4 0.0600 393.26329999999996 0.343 2.075
986 3 4 0.0600 393.00629999999995 -1.413 1.652
987 3 2 -0.1200 394.67529999999994 0.0 0.0
988 3 3 -0.0600 396.1633 0.0 0.0
989 3 1 -0.1800 396.80729999999994 -1.276 -0.4069999999999999
990 3 4 0.0600 394.35929999999996 0.95 0.5149999999999999
991 3 4 0.0600 394.20829999999995 0.059999999999999935 -0.999
992 3 4 0.0600 396.57829999999996 0.869 -0.506
993 3 4 0.0600 397.89529999999996 -1.067 -0.5139999999999999
994 3 4 0.0600 396.75129999999996 -2.075 0.34300000000000014
995 3 4 0.0600 396.49429999999995 -1.652 -1.413
996 3 2 -0.1200 398.16329999999994 0.0 0.0
997 3 3 -0.0600 399.6513 0.0 0.0
998 3 1 -0.1800 400.29529999999994 -0.407 1.276
999 3 4 0.0600 397.84729999999996 0.515 -0.95
1000 3 4 0.0600 397.69629999999995 -0.999 -0.06
1001 3 4 0.0600 400.06629999999996 -0.506 -0.869
1002 3 4 0.0600 401.38329999999996 -0.514 1.067
1003 3 4 0.0600 400.23929999999996 0.343 2.075
1004 3 4 0.0600 399.98229999999995 -1.413 1.652
1005 3 2 -0.1200 401.65129999999994 0.0 0.0
1006 3 3 -0.0600 403.1393 0.0 0.0
1007 3 1 -0.1800 403.78329999999994 -1.276 -0.4069999999999999
1008 3 4 0.0600 401.33529999999996 0.95 0.5149999999999999
1009 3 4 0.0600 401.18429999999995 0.059999999999999935 -0.999
1010 3 4 0.0600 403.55429999999996 0.869 -0.506
1011 3 4 0.0600 404.87129999999996 -1.067 -0.5139999999999999
1012 3 4 0.0600 403.72729999999996 -2.075 0.34300000000000014
1013 3 4 0.0600 403.47029999999995 -1.652 -1.413
1014 3 2 -0.1200 405.13929999999993 0.0 0.0
1015 3 3 -0.0600 406.6273 0.0 0.0
1016 3 1 -0.1800 407.27129999999994 -0.407 -1.276
1017 3 4 0.0600 404.82329999999996 0.515 0.95
1018 3 4 0.0600 404.67229999999995 -0.999 0.06
1019 3 4 0.0600 407.04229999999995 -0.506 0.869
1020 3 4 0.0600 408.35929999999996 -0.514 -1.067
1021 3 4 0.0600 407.21529999999996 0.343 -2.075
1022 3 4 0.0600 406.95829999999995 -1.413 -1.652
1023 3 2 -0.1200 408.6273 0.0 0.0
1024 3 3 -0.0600 410.11530000000005 0.0 0.0
1025 3 1 -0.1800 410.7593 -1.276 -0.4069999999999999
1026 3 4 0.0600 408.3113 0.95 0.5149999999999999
1027 3 4 0.0600 408.1603 0.059999999999999935 -0.999
1028 3 4 0.0600 410.5303 0.869 -0.506
1029 3 4 0.0600 411.8473 -1.067 -0.5139999999999999
1030 3 4 0.0600 410.7033 -2.075 0.34300000000000014
1031 3 4 0.0600 410.4463 -1.652 -1.413
1032 3 2 -0.1200 412.11529999999993 0.0 0.0
1033 3 3 -0.0600 413.6033 0.0 0.0
1034 3 1 -0.1800 414.24729999999994 -0.407 1.276
1035 3 4 0.0600 411.79929999999996 0.515 -0.95
1036 3 4 0.0600 411.64829999999995 -0.999 -0.06
1037 3 4 0.0600 414.01829999999995 -0.506 -0.869
1038 3 4 0.0600 415.33529999999996 -0.514 1.067
1039 3 4 0.0600 414.19129999999996 0.343 2.075
1040 3 4 0.0600 413.93429999999995 -1.413 1.652
1041 3 2 -0.1200 415.6033 0.0 0.0
1042 3 3 -0.0600 417.09130000000005 0.0 0.0
1043 3 1 -0.1800 417.7353 -1.276 -0.4069999999999999
1044 3 4 0.0600 415.2873 0.95 0.5149999999999999
1045 3 4 0.0600 415.1363 0.059999999999999935 -0.999
1046 3 4 0.0600 417.5063 0.869 -0.506
1047 3 4 0.0600 418.8233 -1.067 -0.5139999999999999
1048 3 4 0.0600 417.6793 -2.075 0.34300000000000014
1049 3 4 0.0600 417.4223 -1.652 -1.413
1050 3 2 -0.1200 419.09129999999993 0.0 0.0
1051 3 3 -0.0600 420.5793 0.0 0.0
1052 3 1 -0.1800 421.22329999999994 -0.407 1.276
1053 3 4 0.0600 418.77529999999996 0.515 -0.95
1054 3 4 0.0600 418.62429999999995 -0.999 -0.06
1055 3 4 0.0600 420.99429999999995 -0.506 -0.869
1056 3 4 0.0600 422.31129999999996 -0.514 1.067
1057 3 4 0.0600 421.16729999999995 0.343 2.075
1058 3 4 0.0600 420.91029999999995 -1.413 1.652
1059 3 2 -0.1200 422.5793 0.0 0.0
1060 3 3 -0.0600 424.06730000000005 0.0 0.0
1061 3 1 -0.1800 424.7113 -1.276 -0.4069999999999999
1062 3 4 0.0600 422.2633 0.95 0.5149999999999999
1063 3 4 0.0600 422.1123 0.059999999999999935 -0.999
1064 3 4 0.0600 424.4823 0.869 -0.506
1065 3 4 0.0600 425.7993 -1.067 -0.5139999999999999
1066 3 4 0.0600 424.6553 -2.075 0.34300000000000014
1067 3 4 0.0600 424.3983 -1.652 -1.413
1068 3 2 -0.1200 426.06729999999993 0.0 0.0
1069 3 3 -0.0600 427.5553 0.0 0.0
1070 3 1 -0.1800 428.19929999999994 -0.407 -1.276
1071 3 4 0.0600 425.75129999999996 0.515 0.95
1072 3 4 0.0600 425.60029999999995 -0.999 0.06
1073 3 4 0.0600 427.97029999999995 -0.506 0.869
1074 3 4 0.0600 429.28729999999996 -0.514 -1.067
1075 3 4 0.0600 428.14329999999995 0.343 -2.075
1076 3 4 0.0600 427.88629999999995 -1.413 -1.652
1077 3 2 -0.1200 429.5553 0.0 0.0
1078 3 3 -0.0600 431.04330000000004 0.0 0.0
1079 3 1 -0.1800 431.6873 1.276 -0.40700000000000003
1080 3 4 0.0600 429.2393 -0.95 0.5150000000000001
1081 3 4 0.0600 429.0883 -0.06000000000000006 -0.999
1082 3 4 0.0600 431.4583 -0.869 -0.506
1083 3 4 0.0600 432.7753 1.067 -0.5140000000000001
1084 3 4 0.0600 431.6313 2.075 0.3429999999999999
1085 3 4 0.0600 431.3743 1.652 -1.413
1086 3 2 -0.1200 433.04329999999993 0.0 0.0
1087 3 3 -0.0600 434.5313 0.0 0.0
1088 3 1 -0.1800 435.17529999999994 -0.407 1.276
1089 3 4 0.0600 432.72729999999996 0.515 -0.95
1090 3 4 0.0600 432.57629999999995 -0.999 -0.06
1091 3 4 0.0600 434.94629999999995 -0.506 -0.869
1092 3 4 0.0600 436.26329999999996 -0.514 1.067
1093 3 4 0.0600 435.11929999999995 0.343 2.075
1094 3 4 0.0600 434.86229999999995 -1.413 1.652
1095 3 2 -0.1200 436.5313 0.0 0.0
1096 3 3 -0.0600 438.01930000000004 0.0 0.0
1097 3 1 -0.1800 438.6633 1.276 -0.40700000000000003
1098 3 4 0.0600 436.2153 -0.95 0.5150000000000001
1099 3 4 0.0600 436.0643 -0.06000000000000006 -0.999
1100 3 4 0.0600 438.4343 -0.869 -0.506
1101 3 4 0.0600 439.7513 1.067 -0.5140000000000001
1102 3 4 0.0600 438.6073 2.075 0.3429999999999999
1103 3 4 0.0600 438.3503 1.652 -1.413
1104 3 2 -0.1200 440.01929999999993 0.0 0.0
1105 3 3 -0.0600 441.5073 0.0 0.0
1106 3 1 -0.1800 442.15129999999994 -0.407 1.276
1107 3 4 0.0600 439.70329999999996 0.515 -0.95
1108 3 4 0.0600 439.55229999999995 -0.999 -0.06
1109 3 4 0.0600 441.92229999999995 -0.506 -0.869
1110 3 4 0.0600 443.23929999999996 -0.514 1.067
1111 3 4 0.0600 442.09529999999995 0.343 2.075
1112 3 4 0.0600 441.83829999999995 -1.413 1.652
1113 3 2 -0.1200 443.5073 0.0 0.0
1114 3 3 -0.0600 444.99530000000004 0.0 0.0
1115 3 1 -0.1800 445.6393 -1.276 -0.4069999999999999
1116 3 4 0.0600 443.1913 0.95 0.5149999999999999
1117 3 4 0.0600 443.0403 0.059999999999999935 -0.999
1118 3 4 0.0600 445.4103 0.869 -0.506
1119 3 4 0.0600 446.7273 -1.067 -0.5139999999999999
1120 3 4 0.0600 445.5833 -2.075 0.34300000000000014
1121 3 4 0.0600 445.3263 -1.652 -1.413
1122 3 2 -0.1200 446.99529999999993 0.0 0.0
1123 3 3 -0.0600 448.4833 0.0 0.0
1124 3 1 -0.1800 449.12729999999993 -0.407 1.276
1125 3 4 0.0600 446.67929999999996 0.515 -0.95
1126 3 4 0.0600 446.52829999999994 -0.999 -0.06
1127 3 4 0.0600 448.89829999999995 -0.506 -0.869
1128 3 4 0.0600 450.21529999999996 -0.514 1.067
1129 3 4 0.0600 449.07129999999995 0.343 2.075
1130 3 4 0.0600 448.81429999999995 -1.413 1.652
1131 3 2 -0.1200 450.4833 0.0 0.0
1132 3 3 -0.0600 451.97130000000004 0.0 0.0
1133 3 1 -0.1800 452.6153 1.276 -0.40700000000000003
1134 3 4 0.0600 450.1673 -0.95 0.5150000000000001
1135 3 4 0.0600 450.0163 -0.06000000000000006 -0.999
1136 3 4 0.0600 452.3863 -0.869 -0.506
1137 3 4 0.0600 453.7033 1.067 -0.5140000000000001
1138 3 4 0.0600 452.5593 2.075 0.3429999999999999
1139 3 4 0.0600 452.3023 1.652 -1.413
1140 3 2 -0.1200 453.9712999999999 0.0 0.0
1141 3 3 -0.0600 455.4593 0.0 0.0
1142 3 1 -0.1800 456.10329999999993 -0.407 1.276
1143 3 4 0.0600 453.65529999999995 0.515 -0.95
1144 3 4 0.0600 453.50429999999994 -0.999 -0.06
1145 3 4 0.0600 455.87429999999995 -0.506 -0.869
1146 3 4 0.0600 457.19129999999996 -0.514 1.067
1147 3 4 0.0600 456.04729999999995 0.343 2.075
1148 3 4 0.0600 455.79029999999995 -1.413 1.652
1149 3 2 -0.1200 457.4593 0.0 0.0
1150 3 3 -0.0600 458.94730000000004 0.0 0.0
1151 3 1 -0.1800 459.5913 1.276 -0.40700000000000003
1152 3 4 0.0600 457.1433 -0.95 0.5150000000000001
1153 3 4 0.0600 456.9923 -0.06000000000000006 -0.999
1154 3 4 0.0600 459.3623 -0.869 -0.506
1155 3 4 0.0600 460.6793 1.067 -0.5140000000000001
1156 3 4 0.0600 459.5353 2.075 0.3429999999999999
1157 3 4 0.0600 459.2783 1.652 -1.413
1158 3 2 -0.1200 460.9472999999999 0.0 0.0
1159 3 3 -0.0600 462.4353 0.0 0.0
1160 3 1 -0.1800 463.07929999999993 -0.407 -1.276
1161 3 4 0.0600 460.63129999999995 0.515 0.95
1162 3 4 0.0600 460.48029999999994 -0.999 0.06
1163 3 4 0.0600 462.85029999999995 -0.506 0.869
1164 3 4 0.0600 464.16729999999995 -0.514 -1.067
1165 3 4 0.0600 463.02329999999995 0.343 -2.075
1166 3 4 0.0600 462.76629999999994 -1.413 -1.652
1167 3 2 -0.1200 464.4353 0.0 0.0
1168 3 3 -0.0600 465.92330000000004 0.0 0.0
1169 3 1 -0.1800 466.5673 1.276 -0.40700000000000003
1170 3 4 0.0600 464.1193 -0.95 0.5150000000000001
1171 3 4 0.0600 463.9683 -0.06000000000000006 -0.999
1172 3 4 0.0600 466.3383 -0.869 -0.506
1173 3 4 0.0600 467.6553 1.067 -0.5140000000000001
1174 3 4 0.0600 466.5113 2.075 0.3429999999999999
1175 3 4 0.0600 466.2543 1.652 -1.413
1176 3 2 -0.1200 467.9232999999999 0.0 0.0
1177 3 3 -0.0600 469.4113 0.0 0.0
1178 3 1 -0.1800 470.05529999999993 -0.407 -1.276
1179 3 4 0.0600 467.60729999999995 0.515 0.95
1180 3 4 0.0600 467.45629999999994 -0.999 0.06
1181 3 4 0.0600 469.82629999999995 -0.506 0.869
1182 3 4 0.0600 471.14329999999995 -0.514 -1.067
1183 3 4 0.0600 469.99929999999995 0.343 -2.075
1184 3 4 0.0600 469.74229999999994 -1.413 -1.652
1185 3 2 -0.1200 471.4113 0.0 0.0
1186 3 3 -0.0600 472.89930000000004 0.0 0.0
1187 3 1 -0.1800 473.5433 1.276 -0.40700000000000003
1188 3 4 0.0600 471.0953 -0.95 0.5150000000000001
1189 3 4 0.0600 470.9443 -0.06000000000000006 -0.999
1190 3 4 0.0600 473.3143 -0.869 -0.506
1191 3 4 0.0600 474.6313 1.067 -0.5140000000000001
1192 3 4 0.0600 473.4873 2.075 0.3429999999999999
1193 3 4 0.0600 473.2303 1.652 -1.413
1194 3 2 -0.1200 474.8992999999999 0.0 0.0
1195 3 3 -0.0600 476.3873 0.0 0.0
1196 3 1 -0.1800 477.03129999999993 -0.407 1.276
1197 3 4 0.0600 474.58329999999995 0.515 -0.95
1198 3 4 0.0600 474.43229999999994 -0.999 -0.06
1199 3 4 0.0600 476.80229999999995 -0.506 -0.869
1200 3 4 0.0600 478.11929999999995 -0.514 1.067
1201 3 4 0.0600 476.97529999999995 0.343 2.075
1202 3 4 0.0600 476.71829999999994 -1.413 1.652
1203 3 2 -0.1200 478.3873 0.0 0.0
1204 3 3 -0.0600 479.87530000000004 0.0 0.0
1205 3 1 -0.1800 480.5193 1.276 -0.40700000000000003
1206 3 4 0.0600 478.0713 -0.95 0.5150000000000001
1207 3 4 0.0600 477.9203 -0.06000000000000006 -0.999
1208 3 4 0.0600 480.2903 -0.869 -0.506
1209 3 4 0.0600 481.6073 1.067 -0.5140000000000001
1210 3 4 0.0600 480.4633 2.075 0.3429999999999999
1211 3 4 0.0600 480.2063 1.652 -1.413
1212 3 2 -0.1200 481.8752999999999 0.0 0.0
1213 3 3 -0.0600 483.3633 0.0 0.0
1214 3 1 -0.1800 484.00729999999993 -0.407 1.276
1215 3 4 0.0600 481.55929999999995 0.515 -0.95
1216 3 4 0.0600 481.40829999999994 -0.999 -0.06
1217 3 4 0.0600 483.77829999999994 -0.506 -0.869
1218 3 4 0.0600 485.09529999999995 -0.514 1.067
1219 3 4 0.0600 483.95129999999995 0.343 2.075
1220 3 4 0.0600 483.69429999999994 -1.413 1.652
1221 3 2 -0.1200 485.3633 0.0 0.0
1222 3 3 -0.0600 486.85130000000004 0.0 0.0
1223 3 1 -0.1800 487.4953 1.276 -0.40700000000000003
1224 3 4 0.0600 485.0473 -0.95 0.5150000000000001
1225 3 4 0.0600 484.8963 -0.06000000000000006 -0.999
1226 3 4 0.0600 487.2663 -0.869 -0.506
1227 3 4 0.0600 488.5833 1.067 -0.5140000000000001
1228 3 4 0.0600 487.4393 2.075 0.3429999999999999
1229 3 4 0.0600 487.1823 1.652 -1.413
1230 3 2 -0.1200 488.8512999999999 0.0 0.0
1231 3 3 -0.0600 490.3393 0.0 0.0
1232 3 1 -0.1800 490.98329999999993 -0.407 1.276
1233 3 4 0.0600 488.53529999999995 0.515 -0.95
1234 3 4 0.0600 488.38429999999994 -0.999 -0.06
1235 3 4 0.0600 490.75429999999994 -0.506 -0.869
1236 3 4 0.0600 492.07129999999995 -0.514 1.067
1237 3 4 0.0600 490.92729999999995 0.343 2.075
1238 3 4 0.0600 490.67029999999994 -1.413 1.652
1239 3 2 -0.1200 492.3393 0.0 0.0
1240 3 3 -0.0600 493.82730000000004 0.0 0.0
1241 3 1 -0.1800 494.4713 1.276 -0.40700000000000003
1242 3 4 0.0600 492.0233 -0.95 0.5150000000000001
1243 3 4 0.0600 491.8723 -0.06000000000000006 -0.999
1244 3 4 0.0600 494.2423 -0.869 -0.506
1245 3 4 0.0600 495.5593 1.067 -0.5140000000000001
1246 3 4 0.0600 494.4153 2.075 0.3429999999999999
1247 3 4 0.0600 494.1583 1.652 -1.413
1248 3 2 -0.1200 495.8272999999999 0.0 0.0
1249 3 3 -0.0600 497.3153 0.0 0.0
1250 3 1 -0.1800 497.9592999999999 -0.407 -1.276
1251 3 4 0.0600 495.51129999999995 0.515 0.95
1252 3 4 0.0600 495.36029999999994 -0.999 0.06
1253 3 4 0.0600 497.73029999999994 -0.506 0.869
1254 3 4 0.0600 499.04729999999995 -0.514 -1.067
1255 3 4 0.0600 497.90329999999994 0.343 -2.075
1256 3 4 0.0600 497.64629999999994 -1.413 -1.652
1257 3 2 -0.1200 499.3153 0.0 0.0
1258 3 3 -0.0600 500.80330000000004 0.0 0.0
1259 3 1 -0.1800 501.4473 -1.276 -0.4069999999999999
1260 3 4 0.0600 498.9993 0.95 0.5149999999999999
1261 3 4 0.0600 498.8483 0.059999999999999935 -0.999
1262 3 4 0.0600 501.2183 0.869 -0.506
1263 3 4 0.0600 502.5353 -1.067 -0.5139999999999999
1264 3 4 0.0600 501.3913 -2.075 0.34300000000000014
1265 3 4 0.0600 501.1343 -1.652 -1.413
1266 3 2 -0.1200 502.8032999999999 0.0 0.0
1267 3 3 -0.0600 504.2913 0.0 0.0
1268 3 1 -0.1800 504.9352999999999 -0.407 -1.276
1269 3 4 0.0600 502.48729999999995 0.515 0.95
1270 3 4 0.0600 502.33629999999994 -0.999 0.06
1271 3 4 0.0600 504.70629999999994 -0.506 0.869
1272 3 4 0.0600 506.02329999999995 -0.514 -1.067
1273 3 4 0.0600 504.87929999999994 0.343 -2.075
1274 3 4 0.0600 504.62229999999994 -1.413 -1.652
1275 3 2 -0.1200 506.2913 0.0 0.0
1276 3 3 -0.0600 507.77930000000003 0.0 0.0
1277 3 1 -0.1800 508.4233 1.276 -0.40700000000000003
1278 3 4 0.0600 505.9753 -0.95 0.5150000000000001
1279 3 4 0.0600 505.8243 -0.06000000000000006 -0.999
1280 3 4 0.0600 508.1943 -0.869 -0.506
1281 3 4 0.0600 509.5113 1.067 -0.5140000000000001
1282 3 4 0.0600 508.3673 2.075 0.3429999999999999
1283 3 4 0.0600 508.1103 1.652 -1.413
1284 3 2 -0.1200 509.7792999999999 0.0 0.0
1285 3 3 -0.0600 511.2673 0.0 0.0
1286 3 1 -0.1800 511.9112999999999 -0.407 -1.276
1287 3 4 0.0600 509.46329999999995 0.515 0.95
1288 3 4 0.0600 509.31229999999994 -0.999 0.06
1289 3 4 0.0600 511.68229999999994 -0.506 0.869
1290 3 4 0.0600 512.9993 -0.514 -1.067
1291 3 4 0.0600 511.85529999999994 0.343 -2.075
1292 3 4 0.0600 511.59829999999994 -1.413 -1.652
1293 3 2 -0.1200 513.2673 0.0 0.0
1294 3 3 -0.0600 514.7553 0.0 0.0
1295 3 1 -0.1800 515.3993 -1.276 -0.4069999999999999
1296 3 4 0.0600 512.9513000000001 0.95 0.5149999999999999
1297 3 4 0.0600 512.8003 0.059999999999999935 -0.999
1298 3 4 0.0600 515.1703 0.869 -0.506
1299 3 4 0.0600 516.4873 -1.067 -0.5139999999999999
1300 3 4 0.0600 515.3433 -2.075 0.34300000000000014
1301 3 4 0.0600 515.0863 -1.652 -1.413
1302 3 2 -0.1200 516.7552999999999 0.0 0.0
1303 3 3 -0.0600 518.2433 0.0 0.0
1304 3 1 -0.1800 518.8873 -0.407 1.276
1305 3 4 0.0600 516.4393 0.515 -0.95
1306 3 4 0.0600 516.2882999999999 -0.999 -0.06
1307 3 4 0.0600 518.6582999999999 -0.506 -0.869
1308 3 4 0.0600 519.9753 -0.514 1.067
1309 3 4 0.0600 518.8312999999999 0.343 2.075
1310 3 4 0.0600 518.5743 -1.413 1.652
1311 3 2 -0.1200 520.2433 0.0 0.0
1312 3 3 -0.0600 521.7313 0.0 0.0
1313 3 1 -0.1800 522.3753 1.276 -0.40700000000000003
1314 3 4 0.0600 519.9273000000001 -0.95 0.5150000000000001
1315 3 4 0.0600 519.7763 -0.06000000000000006 -0.999
1316 3 4 0.0600 522.1463 -0.869 -0.506
1317 3 4 0.0600 523.4633 1.067 -0.5140000000000001
1318 3 4 0.0600 522.3193 2.075 0.3429999999999999
1319 3 4 0.0600 522.0623 1.652 -1.413
1320 3 2 -0.1200 523.7312999999999 0.0 0.0
1321 3 3 -0.0600 525.2193 0.0 0.0
1322 3 1 -0.1800 525.8633 -0.407 -1.276
1323 3 4 0.0600 523.4153 0.515 0.95
1324 3 4 0.0600 523.2642999999999 -0.999 0.06
1325 3 4 0.0600 525.6342999999999 -0.506 0.869
1326 3 4 0.0600 526.9513 -0.514 -1.067
1327 3 4 0.0600 525.8072999999999 0.343 -2.075
1328 3 4 0.0600 525.5503 -1.413 -1.652
1329 3 2 -0.1200 527.2193 0.0 0.0
1330 3 3 -0.0600 528.7073 0.0 0.0
1331 3 1 -0.1800 529.3513 1.276 -0.40700000000000003
1332 3 4 0.0600 526.9033000000001 -0.95 0.5150000000000001
1333 3 4 0.0600 526.7523 -0.06000000000000006 -0.999
1334 3 4 0.0600 529.1223 -0.869 -0.506
1335 3 4 0.0600 530.4393 1.067 -0.5140000000000001
1336 3 4 0.0600 529.2953 2.075 0.3429999999999999
1337 3 4 0.0600 529.0383 1.652 -1.413
1338 3 2 -0.1200 530.7072999999999 0.0 0.0
1339 3 3 -0.0600 532.1953 0.0 0.0
1340 3 1 -0.1800 532.8393 -0.407 -1.276
1341 3 4 0.0600 530.3913 0.515 0.95
1342 3 4 0.0600 530.2402999999999 -0.999 0.06
1343 3 4 0.0600 532.6102999999999 -0.506 0.869
1344 3 4 0.0600 533.9273 -0.514 -1.067
1345 3 4 0.0600 532.7832999999999 0.343 -2.075
1346 3 4 0.0600 532.5263 -1.413 -1.652
1347 3 2 -0.1200 533.2683 0.0 0.0
1348 3 2 -0.1200 534.6163 0.33000000000000007 0.57
1349 3 1 -0.1800 535.6373 -0.457 -0.24499999999999997
1350 3 4 0.0600 532.5013 0.35500000000000004 0.703
1351 3 4 0.0600 533.2053 0.43899999999999995 -1.008
1352 3 4 0.0600 534.7733 1.417 0.5029999999999999
1353 3 4 0.0600 534.7473 0.025000000000000102 1.618
1354 3 4 0.0600 535.4683 -0.36200000000000004 -1.33
1355 3 4 0.0600 535.5313 -1.506 0.05700000000000009
1356 3 4 0.0600 536.6103 0.0 0.0
1357 4 1 -0.1800 545.3050000000001 0.0 0.0
1358 4 3 -0.0600 546.789 0.0 0.0
1359 4 1 -0.1800 547.4350000000001 -0.424 1.258
1360 4 4 0.0600 544.828 -0.948 0.325
1361 4 4 0.0600 544.926 0.773 0.716
1362 4 4 0.0600 544.9680000000001 0.291 -1.017
1363 4 4 0.0600 547.278 -0.292 -0.93
1364 4 4 0.0600 548.3580000000001 0.202 1.4
1365 4 4 0.0600 547.751 -1.499 1.29
1366 4 4 0.0600 546.731 -0.259 2.096
1367 4 2 -0.1200 548.787 0.0 0.0
1368 4 3 -0.0600 550.2750000000001 0.0 0.0
1369 4 1 -0.1800 550.9190000000001 -1.276 -0.4069999999999999
1370 4 4 0.0600 548.4710000000001 0.95 0.5149999999999999
1371 4 4 0.0600 548.32 0.059999999999999935 -0.999
1372 4 4 0.0600 550.69 0.869 -0.506
1373 4 4 0.0600 552.0070000000001 -1.067 -0.5139999999999999
1374 4 4 0.0600 550.863 -2.075 0.34300000000000014
1375 4 4 0.0600 550.6060000000001 -1.652 -1.413
1376 4 2 -0.1200 552.275 0.0 0.0
1377 4 3 -0.0600 553.763 0.0 0.0
1378 4 1 -0.1800 554.407 -0.407 1.276
1379 4 4 0.0600 551.9590000000001 0.515 -0.95
1380 4 4 0.0600 551.808 -0.999 -0.06
1381 4 4 0.0600 554.178 -0.506 -0.869
1382 4 4 0.0600 555.495 -0.514 1.067
1383 4 4 0.0600 554.351 0.343 2.075
1384 4 4 0.0600 554.094 -1.413 1.652
1385 4 2 -0.1200 555.763 0.0 0.0
1386 4 3 -0.0600 557.2510000000001 0.0 0.0
1387 4 1 -0.1800 557.8950000000001 1.276 -0.40700000000000003
1388 4 4 0.0600 555.4470000000001 -0.95 0.5150000000000001
1389 4 4 0.0600 555.296 -0.06000000000000006 -0.999
1390 4 4 0.0600 557.666 -0.869 -0.506
1391 4 4 0.0600 558.9830000000001 1.067 -0.5140000000000001
1392 4 4 0.0600 557.839 2.075 0.3429999999999999
1393 4 4 0.0600 557.5820000000001 1.652 -1.413
1394 4 2 -0.1200 559.251 0.0 0.0
1395 4 3 -0.0600 560.739 0.0 0.0
1396 4 1 -0.1800 561.383 -0.407 1.276
1397 4 4 0.0600 558.9350000000001 0.515 -0.95
1398 4 4 0.0600 558.784 -0.999 -0.06
1399 4 4 0.0600 561.154 -0.506 -0.869
1400 4 4 0.0600 562.471 -0.514 1.067
1401 4 4 0.0600 561.327 0.343 2.075
1402 4 4 0.0600 561.07 -1.413 1.652
1403 4 2 -0.1200 562.739 0.0 0.0
1404 4 3 -0.0600 564.2270000000001 0.0 0.0
1405 4 1 -0.1800 564.8710000000001 1.276 -0.40700000000000003
1406 4 4 0.0600 562.4230000000001 -0.95 0.5150000000000001
1407 4 4 0.0600 562.272 -0.06000000000000006 -0.999
1408 4 4 0.0600 564.642 -0.869 -0.506
1409 4 4 0.0600 565.9590000000001 1.067 -0.5140000000000001
1410 4 4 0.0600 564.815 2.075 0.3429999999999999
1411 4 4 0.0600 564.5580000000001 1.652 -1.413
1412 4 2 -0.1200 566.227 0.0 0.0
1413 4 3 -0.0600 567.715 0.0 0.0
1414 4 1 -0.1800 568.359 -0.407 1.276
1415 4 4 0.0600 565.9110000000001 0.515 -0.95
1416 4 4 0.0600 565.76 -0.999 -0.06
1417 4 4 0.0600 568.13 -0.506 -0.869
1418 4 4 0.0600 569.447 -0.514 1.067
1419 4 4 0.0600 568.303 0.343 2.075
1420 4 4 0.0600 568.046 -1.413 1.652
1421 4 2 -0.1200 569.715 0.0 0.0
1422 4 3 -0.0600 571.2030000000001 0.0 0.0
1423 4 1 -0.1800 571.8470000000001 1.276 -0.40700000000000003
1424 4 4 0.0600 569.3990000000001 -0.95 0.5150000000000001
1425 4 4 0.0600 569.248 -0.06000000000000006 -0.999
1426 4 4 0.0600 571.618 -0.869 -0.506
1427 4 4 0.0600 572.9350000000001 1.067 -0.5140000000000001
1428 4 4 0.0600 571.791 2.075 0.3429999999999999
1429 4 4 0.0600 571.5340000000001 1.652 -1.413
1430 4 2 -0.1200 573.203 0.0 0.0
1431 4 3 -0.0600 574.691 0.0 0.0
1432 4 1 -0.1800 575.335 -0.407 1.276
1433 4 4 0.0600 572.8870000000001 0.515 -0.95
1434 4 4 0.0600 572.736 -0.999 -0.06
1435 4 4 0.0600 575.106 -0.506 -0.869
1436 4 4 0.0600 576.423 -0.514 1.067
1437 4 4 0.0600 575.279 0.343 2.075
1438 4 4 0.0600 575.022 -1.413 1.652
1439 4 2 -0.1200 576.691 0.0 0.0
1440 4 3 -0.0600 578.1790000000001 0.0 0.0
1441 4 1 -0.1800 578.8230000000001 1.276 -0.40700000000000003
1442 4 4 0.0600 576.3750000000001 -0.95 0.5150000000000001
1443 4 4 0.0600 576.224 -0.06000000000000006 -0.999
1444 4 4 0.0600 578.594 -0.869 -0.506
1445 4 4 0.0600 579.9110000000001 1.067 -0.5140000000000001
1446 4 4 0.0600 578.767 2.075 0.3429999999999999
1447 4 4 0.0600 578.5100000000001 1.652 -1.413
1448 4 2 -0.1200 580.179 0.0 0.0
1449 4 3 -0.0600 581.667 0.0 0.0
1450 4 1 -0.1800 582.311 -0.407 -1.276
1451 4 4 0.0600 579.863 0.515 0.95
1452 4 4 0.0600 579.712 -0.999 0.06
1453 4 4 0.0600 582.082 -0.506 0.869
1454 4 4 0.0600 583.399 -0.514 -1.067
1455 4 4 0.0600 582.255 0.343 -2.075
1456 4 4 0.0600 581.998 -1.413 -1.652
1457 4 2 -0.1200 583.667 0.0 0.0
1458 4 3 -0.0600 585.1550000000001 0.0 0.0
1459 4 1 -0.1800 585.7990000000001 -1.276 -0.4069999999999999
1460 4 4 0.0600 583.3510000000001 0.95 0.5149999999999999
1461 4 4 0.0600 583.2 0.059999999999999935 -0.999
1462 4 4 0.0600 585.57 0.869 -0.506
1463 4 4 0.0600 586.8870000000001 -1.067 -0.5139999999999999
1464 4 4 0.0600 585.743 -2.075 0.34300000000000014
1465 4 4 0.0600 585.4860000000001 -1.652 -1.413
1466 4 2 -0.1200 587.155 0.0 0.0
1467 4 3 -0.0600 588.643 0.0 0.0
1468 4 1 -0.1800 589.287 -0.407 -1.276
1469 4 4 0.0600 586.839 0.515 0.95
1470 4 4 0.0600 586.688 -0.999 0.06
1471 4 4 0.0600 589.058 -0.506 0.869
1472 4 4 0.0600 590.375 -0.514 -1.067
1473 4 4 0.0600 589.231 0.343 -2.075
1474 4 4 0.0600 588.974 -1.413 -1.652
1475 4 2 -0.1200 590.643 0.0 0.0
1476 4 3 -0.0600 592.1310000000001 0.0 0.0
1477 4 1 -0.1800 592.7750000000001 1.276 -0.40700000000000003
1478 4 4 0.0600 590.3270000000001 -0.95 0.5150000000000001
1479 4 4 0.0600 590.176 -0.06000000000000006 -0.999
1480 4 4 0.0600 592.546 -0.869 -0.506
1481 4 4 0.0600 593.863 1.067 -0.5140000000000001
1482 4 4 0.0600 592.719 2.075 0.3429999999999999
1483 4 4 0.0600 592.4620000000001 1.652 -1.413
1484 4 2 -0.1200 594.131 0.0 0.0
1485 4 3 -0.0600 595.619 0.0 0.0
1486 4 1 -0.1800 596.263 -0.407 -1.276
1487 4 4 0.0600 593.815 0.515 0.95
1488 4 4 0.0600 593.664 -0.999 0.06
1489 4 4 0.0600 596.034 -0.506 0.869
1490 4 4 0.0600 597.351 -0.514 -1.067
1491 4 4 0.0600 596.207 0.343 -2.075
1492 4 4 0.0600 595.95 -1.413 -1.652
1493 4 2 -0.1200 597.619 0.0 0.0
1494 4 3 -0.0600 599.1070000000001 0.0 0.0
1495 4 1 -0.1800 599.7510000000001 1.276 -0.40700000000000003
1496 4 4 0.0600 597.3030000000001 -0.95 0.5150000000000001
1497 4 4 0.0600 597.152 -0.06000000000000006 -0.999
1498 4 4 0.0600 599.522 -0.869 -0.506
1499 4 4 0.0600 600.839 1.067 -0.5140000000000001
1500 4 4 0.0600 599.695 2.075 0.3429999999999999
1501 4 4 0.0600 599.4380000000001 1.652 -1.413
1502 4 2 -0.1200 601.107 0.0 0.0
1503 4 3 -0.0600 602.595 0.0 0.0
1504 4 1 -0.1800 603.239 -0.407 1.276
1505 4 4 0.0600 600.791 0.515 -0.95
1506 4 4 0.0600 600.64 -0.999 -0.06
1507 4 4 0.0600 603.01 -0.506 -0.869
1508 4 4 0.0600 604.327 -0.514 1.067
1509 4 4 0.0600 603.183 0.343 2.075
1510 4 4 0.0600 602.926 -1.413 1.652
1511 4 2 -0.1200 604.595 0.0 0.0
1512 4 3 -0.0600 606.0830000000001 0.0 0.0
1513 4 1 -0.1800 606.7270000000001 1.276 -0.40700000000000003
1514 4 4 0.0600 604.2790000000001 -0.95 0.5150000000000001
1515 4 4 0.0600 604.128 -0.06000000000000006 -0.999
1516 4 4 0.0600 606.498 -0.869 -0.506
1517 4 4 0.0600 607.815 1.067 -0.5140000000000001
1518 4 4 0.0600 606.671 2.075 0.3429999999999999
1519 4 4 0.0600 606.4140000000001 1.652 -1.413
1520 4 2 -0.1200 608.083 0.0 0.0
1521 4 3 -0.0600 609.571 0.0 0.0
1522 4 1 -0.1800 610.215 -0.407 -1.276
1523 4 4 0.0600 607.767 0.515 0.95
1524 4 4 0.0600 607.616 -0.999 0.06
1525 4 4 0.0600 609.986 -0.506 0.869
1526 4 4 0.0600 611.303 -0.514 -1.067
1527 4 4 0.0600 610.159 0.343 -2.075
1528 4 4 0.0600 609.902 -1.413 -1.652
1529 4 2 -0.1200 611.571 0.0 0.0
1530 4 3 -0.0600 613.0590000000001 0.0 0.0
1531 4 1 -0.1800 613.7030000000001 1.276 -0.40700000000000003
1532 4 4 0.0600 611.2550000000001 -0.95 0.5150000000000001
1533 4 4 0.0600 611.104 -0.06000000000000006 -0.999
1534 4 4 0.0600 613.474 -0.869 -0.506
1535 4 4 0.0600 614.791 1.067 -0.5140000000000001
1536 4 4 0.0600 613.647 2.075 0.3429999999999999
1537 4 4 0.0600 613.3900000000001 1.652 -1.413
1538 4 2 -0.1200 615.059 0.0 0.0
1539 4 3 -0.0600 616.547 0.0 0.0
1540 4 1 -0.1800 617.191 -0.407 1.276
1541 4 4 0.0600 614.743 0.515 -0.95
1542 4 4 0.0600 614.592 -0.999 -0.06
1543 4 4 0.0600 616.962 -0.506 -0.869
1544 4 4 0.0600 618.279 -0.514 1.067
1545 4 4 0.0600 617.135 0.343 2.075
1546 4 4 0.0600 616.878 -1.413 1.652
1547 4 2 -0.1200 618.547 0.0 0.0
1548 4 3 -0.0600 620.0350000000001 0.0 0.0
1549 4 1 -0.1800 620.6790000000001 1.276 -0.40700000000000003
1550 4 4 0.0600 618.2310000000001 -0.95 0.5150000000000001
1551 4 4 0.0600 618.08 -0.06000000000000006 -0.999
1552 4 4 0.0600 620.45 -0.869 -0.506
1553 4 4 0.0600 621.767 1.067 -0.5140000000000001
1554 4 4 0.0600 620.623 2.075 0.3429999999999999
1555 4 4 0.0600 620.3660000000001 1.652 -1.413
1556 4 2 -0.1200 622.035 0.0 0.0
1557 4 3 -0.0600 623.523 0.0 0.0
1558 4 1 -0.1800 624.167 -0.407 -1.276
1559 4 4 0.0600 621.719 0.515 0.95
1560 4 4 0.0600 621.568 -0.999 0.06
1561 4 4 0.0600 623.938 -0.506 0.869
1562 4 4 0.0600 625.255 -0.514 -1.067
1563 4 4 0.0600 624.111 0.343 -2.075
1564 4 4 0.0600 623.854 -1.413 -1.652
1565 4 2 -0.1200 625.523 0.0 0.0
1566 4 3 -0.0600 627.0110000000001 0.0 0.0
1567 4 1 -0.1800 627.6550000000001 1.276 -0.40700000000000003
1568 4 4 0.0600 625.2070000000001 -0.95 0.5150000000000001
1569 4 4 0.0600 625.056 -0.06000000000000006 -0.999
1570 4 4 0.0600 627.426 -0.869 -0.506
1571 4 4 0.0600 628.743 1.067 -0.5140000000000001
1572 4 4 0.0600 627.599 2.075 0.3429999999999999
1573 4 4 0.0600 627.3420000000001 1.652 -1.413
1574 4 2 -0.1200 629.011 0.0 0.0
1575 4 3 -0.0600 630.499 0.0 0.0
1576 4 1 -0.1800 631.143 -0.407 -1.276
1577 4 4 0.0600 628.695 0.515 0.95
1578 4 4 0.0600 628.544 -0.999 0.06
1579 4 4 0.0600 630.914 -0.506 0.869
1580 4 4 0.0600 632.231 -0.514 -1.067
1581 4 4 0.0600 631.087 0.343 -2.075
1582 4 4 0.0600 630.83 -1.413 -1.652
1583 4 2 -0.1200 632.499 0.0 0.0
1584 4 3 -0.0600 633.9870000000001 0.0 0.0
1585 4 1 -0.1800 634.6310000000001 1.276 -0.40700000000000003
1586 4 4 0.0600 632.1830000000001 -0.95 0.5150000000000001
1587 4 4 0.0600 632.032 -0.06000000000000006 -0.999
1588 4 4 0.0600 634.402 -0.869 -0.506
1589 4 4 0.0600 635.719 1.067 -0.5140000000000001
1590 4 4 0.0600 634.575 2.075 0.3429999999999999
1591 4 4 0.0600 634.3180000000001 1.652 -1.413
1592 4 2 -0.1200 635.987 0.0 0.0
1593 4 3 -0.0600 637.475 0.0 0.0
1594 4 1 -0.1800 638.119 -0.407 1.276
1595 4 4 0.0600 635.671 0.515 -0.95
1596 4 4 0.0600 635.52 -0.999 -0.06
1597 4 4 0.0600 637.89 -0.506 -0.869
1598 4 4 0.0600 639.207 -0.514 1.067
1599 4 4 0.0600 638.063 0.343 2.075
1600 4 4 0.0600 637.806 -1.413 1.652
1601 4 2 -0.1200 639.475 0.0 0.0
1602 4 3 -0.0600 640.9630000000001 0.0 0.0
1603 4 1 -0.1800 641.6070000000001 -1.276 -0.4069999999999999
1604 4 4 0.0600 639.1590000000001 0.95 0.5149999999999999
1605 4 4 0.0600 639.008 0.059999999999999935 -0.999
1606 4 4 0.0600 641.378 0.869 -0.506
1607 4 4 0.0600 642.695 -1.067 -0.5139999999999999
1608 4 4 0.0600 641.551 -2.075 0.34300000000000014
1609 4 4 0.0600 641.2940000000001 -1.652 -1.413
1610 4 2 -0.1200 642.963 0.0 0.0
1611 4 3 -0.0600 644.451 0.0 0.0
1612 4 1 -0.1800 645.095 -0.407 1.276
1613 4 4 0.0600 642.647 0.515 -0.95
1614 4 4 0.0600 642.496 -0.999 -0.06
1615 4 4 0.0600 644.866 -0.506 -0.869
1616 4 4 0.0600 646.183 -0.514 1.067
1617 4 4 0.0600 645.039 0.343 2.075
1618 4 4 0.0600 644.782 -1.413 1.652
1619 4 2 -0.1200 646.451 0.0 0.0
1620 4 3 -0.0600 647.9390000000001 0.0 0.0
1621 4 1 -0.1800 648.5830000000001 1.276 -0.40700000000000003
1622 4 4 0.0600 646.1350000000001 -0.95 0.5150000000000001
1623 4 4 0.0600 645.984 -0.06000000000000006 -0.999
1624 4 4 0.0600 648.354 -0.869 -0.506
1625 4 4 0.0600 649.671 1.067 -0.5140000000000001
1626 4 4 0.0600 648.527 2.075 0.3429999999999999
1627 4 4 0.0600 648.2700000000001 1.652 -1.413
1628 4 2 -0.1200 649.939 0.0 0.0
1629 4 3 -0.0600 651.427 0.0 0.0
1630 4 1 -0.1800 652.071 -0.407 -1.276
1631 4 4 0.0600 649.623 0.515 0.95
1632 4 4 0.0600 649.472 -0.999 0.06
1633 4 4 0.0600 651.842 -0.506 0.869
1634 4 4 0.0600 653.159 -0.514 -1.067
1635 4 4 0.0600 652.015 0.343 -2.075
1636 4 4 0.0600 651.758 -1.413 -1.652
1637 4 2 -0.1200 653.427 0.0 0.0
1638 4 3 -0.0600 654.9150000000001 0.0 0.0
1639 4 1 -0.1800 655.5590000000001 -1.276 -0.4069999999999999
1640 4 4 0.0600 653.1110000000001 0.95 0.5149999999999999
1641 4 4 0.0600 652.96 0.059999999999999935 -0.999
1642 4 4 0.0600 655.33 0.869 -0.506
1643 4 4 0.0600 656.647 -1.067 -0.5139999999999999
1644 4 4 0.0600 655.503 -2.075 0.34300000000000014
1645 4 4 0.0600 655.2460000000001 -1.652 -1.413
1646 4 2 -0.1200 656.915 0.0 0.0
1647 4 3 -0.0600 658.403 0.0 0.0
1648 4 1 -0.1800 659.047 -0.407 1.276
1649 4 4 0.0600 656.599 0.515 -0.95
1650 4 4 0.0600 656.448 -0.999 -0.06
1651 4 4 0.0600 658.818 -0.506 -0.869
1652 4 4 0.0600 660.135 -0.514 1.067
1653 4 4 0.0600 658.991 0.343 2.075
1654 4 4 0.0600 658.734 -1.413 1.652
1655 4 2 -0.1200 660.403 0.0 0.0
1656 4 3 -0.0600 661.8910000000001 0.0 0.0
1657 4 1 -0.1800 662.5350000000001 -1.276 -0.4069999999999999
1658 4 4 0.0600 660.0870000000001 0.95 0.5149999999999999
1659 4 4 0.0600 659.936 0.059999999999999935 -0.999
1660 4 4 0.0600 662.306 0.869 -0.506
1661 4 4 0.0600 663.623 -1.067 -0.5139999999999999
1662 4 4 0.0600 662.479 -2.075 0.34300000000000014
1663 4 4 0.0600 662.2220000000001 -1.652 -1.413
1664 4 2 -0.1200 663.891 0.0 0.0
1665 4 3 -0.0600 665.379 0.0 0.0
1666 4 1 -0.1800 666.023 -0.407 1.276
1667 4 4 0.0600 663.575 0.515 -0.95
1668 4 4 0.0600 663.424 -0.999 -0.06
1669 4 4 0.0600 665.794 -0.506 -0.869
1670 4 4 0.0600 667.111 -0.514 1.067
1671 4 4 0.0600 665.967 0.343 2.075
1672 4 4 0.0600 665.71 -1.413 1.652
1673 4 2 -0.1200 667.379 0.0 0.0
1674 4 3 -0.0600 668.8670000000001 0.0 0.0
1675 4 1 -0.1800 669.5110000000001 1.276 -0.40700000000000003
1676 4 4 0.0600 667.0630000000001 -0.95 0.5150000000000001
1677 4 4 0.0600 666.912 -0.06000000000000006 -0.999
1678 4 4 0.0600 669.282 -0.869 -0.506
1679 4 4 0.0600 670.599 1.067 -0.5140000000000001
1680 4 4 0.0600 669.455 2.075 0.3429999999999999
1681 4 4 0.0600 669.1980000000001 1.652 -1.413
1682 4 2 -0.1200 670.867 0.0 0.0
1683 4 3 -0.0600 672.355 0.0 0.0
1684 4 1 -0.1800 672.999 -0.407 -1.276
1685 4 4 0.0600 670.551 0.515 0.95
1686 4 4 0.0600 670.4 -0.999 0.06
1687 4 4 0.0600 672.77 -0.506 0.869
1688 4 4 0.0600 674.087 -0.514 -1.067
1689 4 4 0.0600 672.943 0.343 -2.075
1690 4 4 0.0600 672.686 -1.413 -1.652
1691 4 2 -0.1200 674.355 0.0 0.0
1692 4 3 -0.0600 675.8430000000001 0.0 0.0
1693 4 1 -0.1800 676.4870000000001 1.276 -0.40700000000000003
1694 4 4 0.0600 674.0390000000001 -0.95 0.5150000000000001
1695 4 4 0.0600 673.888 -0.06000000000000006 -0.999
1696 4 4 0.0600 676.258 -0.869 -0.506
1697 4 4 0.0600 677.575 1.067 -0.5140000000000001
1698 4 4 0.0600 676.431 2.075 0.3429999999999999
1699 4 4 0.0600 676.1740000000001 1.652 -1.413
1700 4 2 -0.1200 677.843 0.0 0.0
1701 4 3 -0.0600 679.331 0.0 0.0
1702 4 1 -0.1800 679.975 -0.407 -1.276
1703 4 4 0.0600 677.527 0.515 0.95
1704 4 4 0.0600 677.376 -0.999 0.06
1705 4 4 0.0600 679.746 -0.506 0.869
1706 4 4 0.0600 681.063 -0.514 -1.067
1707 4 4 0.0600 679.919 0.343 -2.075
1708 4 4 0.0600 679.662 -1.413 -1.652
1709 4 2 -0.1200 681.331 0.0 0.0
1710 4 3 -0.0600 682.8190000000001 0.0 0.0
1711 4 1 -0.1800 683.4630000000001 1.276 -0.40700000000000003
1712 4 4 0.0600 681.0150000000001 -0.95 0.5150000000000001
1713 4 4 0.0600 680.864 -0.06000000000000006 -0.999
1714 4 4 0.0600 683.234 -0.869 -0.506
1715 4 4 0.0600 684.551 1.067 -0.5140000000000001
1716 4 4 0.0600 683.407 2.075 0.3429999999999999
1717 4 4 0.0600 683.1500000000001 1.652 -1.413
1718 4 2 -0.1200 684.819 0.0 0.0
1719 4 3 -0.0600 686.307 0.0 0.0
1720 4 1 -0.1800 686.951 -0.407 1.276
1721 4 4 0.0600 684.503 0.515 -0.95
1722 4 4 0.0600 684.352 -0.999 -0.06
1723 4 4 0.0600 686.722 -0.506 -0.869
1724 4 4 0.0600 688.039 -0.514 1.067
1725 4 4 0.0600 686.895 0.343 2.075
1726 4 4 0.0600 686.638 -1.413 1.652
1727 4 2 -0.1200 688.307 0.0 0.0
1728 4 3 -0.0600 689.7950000000001 0.0 0.0
1729 4 1 -0.1800 690.4390000000001 -1.276 -0.4069999999999999
1730 4 4 0.0600 687.9910000000001 0.95 0.5149999999999999
1731 4 4 0.0600 687.84 0.059999999999999935 -0.999
1732 4 4 0.0600 690.21 0.869 -0.506
1733 4 4 0.0600 691.527 -1.067 -0.5139999999999999
1734 4 4 0.0600 690.383 -2.075 0.34300000000000014
1735 4 4 0.0600 690.1260000000001 -1.652 -1.413
1736 4 2 -0.1200 691.795 0.0 0.0
1737 4 3 -0.0600 693.283 0.0 0.0
1738 4 1 -0.1800 693.927 -0.407 1.276
1739 4 4 0.0600 691.479 0.515 -0.95
1740 4 4 0.0600 691.328 -0.999 -0.06
1741 4 4 0.0600 693.698 -0.506 -0.869
1742 4 4 0.0600 695.015 -0.514 1.067
1743 4 4 0.0600 693.871 0.343 2.075
1744 4 4 0.0600 693.614 -1.413 1.652
1745 4 2 -0.1200 695.283 0.0 0.0
1746 4 3 -0.0600 696.7710000000001 0.0 0.0
1747 4 1 -0.1800 697.4150000000001 1.276 -0.40700000000000003
1748 4 4 0.0600 694.9670000000001 -0.95 0.5150000000000001
1749 4 4 0.0600 694.816 -0.06000000000000006 -0.999
1750 4 4 0.0600 697.186 -0.869 -0.506
1751 4 4 0.0600 698.503 1.067 -0.5140000000000001
1752 4 4 0.0600 697.359 2.075 0.3429999999999999
1753 4 4 0.0600 697.1020000000001 1.652 -1.413
1754 4 2 -0.1200 698.771 0.0 0.0
1755 4 3 -0.0600 700.259 0.0 0.0
1756 4 1 -0.1800 700.903 -0.407 -1.276
1757 4 4 0.0600 698.455 0.515 0.95
1758 4 4 0.0600 698.304 -0.999 0.06
1759 4 4 0.0600 700.674 -0.506 0.869
1760 4 4 0.0600 701.991 -0.514 -1.067
1761 4 4 0.0600 700.847 0.343 -2.075
1762 4 4 0.0600 700.59 -1.413 -1.652
1763 4 2 -0.1200 702.259 0.0 0.0
1764 4 3 -0.0600 703.7470000000001 0.0 0.0
1765 4 1 -0.1800 704.3910000000001 1.276 -0.40700000000000003
1766 4 4 0.0600 701.9430000000001 -0.95 0.5150000000000001
1767 4 4 0.0600 701.792 -0.06000000000000006 -0.999
1768 4 4 0.0600 704.162 -0.869 -0.506
1769 4 4 0.0600 705.479 1.067 -0.5140000000000001
1770 4 4 0.0600 704.335 2.075 0.3429999999999999
1771 4 4 0.0600 704.0780000000001 1.652 -1.413
1772 4 2 -0.1200 705.747 0.0 0.0
1773 4 3 -0.0600 707.235 0.0 0.0
1774 4 1 -0.1800 707.879 -0.407 1.276
1775 4 4 0.0600 705.431 0.515 -0.95
1776 4 4 0.0600 705.28 -0.999 -0.06
1777 4 4 0.0600 707.65 -0.506 -0.869
1778 4 4 0.0600 708.967 -0.514 1.067
1779 4 4 0.0600 707.823 0.343 2.075
1780 4 4 0.0600 707.566 -1.413 1.652
1781 4 2 -0.1200 709.235 0.0 0.0
1782 4 3 -0.0600 710.7230000000001 0.0 0.0
1783 4 1 -0.1800 711.3670000000001 1.276 -0.40700000000000003
1784 4 4 0.0600 708.9190000000001 -0.95 0.5150000000000001
1785 4 4 0.0600 708.768 -0.06000000000000006 -0.999
1786 4 4 0.0600 711.138 -0.869 -0.506
1787 4 4 0.0600 712.455 1.067 -0.5140000000000001
1788 4 4 0.0600 711.311 2.075 0.3429999999999999
1789 4 4 0.0600 711.0540000000001 1.652 -1.413
1790 4 2 -0.1200 712.723 0.0 0.0
1791 4 3 -0.0600 714.211 0.0 0.0
1792 4 1 -0.1800 714.855 -0.407 -1.276
1793 4 4 0.0600 712.407 0.515 0.95
1794 4 4 0.0600 712.256 -0.999 0.06
1795 4 4 0.0600 714.626 -0.506 0.869
1796 4 4 0.0600 715.943 -0.514 -1.067
1797 4 4 0.0600 714.799 0.343 -2.075
1798 4 4 0.0600 714.542 -1.413 -1.652
1799 4 2 -0.1200 715.284 0.0 0.0
1800 4 2 -0.1200 716.6320000000001 -0.32999999999999996 0.57
1801 4 1 -0.1800 717.653 0.457 -0.24500000000000002
1802 4 4 0.0600 714.517 -0.3549999999999999 0.703
1803 4 4 0.0600 715.221 -0.43900000000000006 -1.008
1804 4 4 0.0600 716.789 -1.417 0.5030000000000001
1805 4 4 0.0600 716.763 -0.0249999999999999 1.618
1806 4 4 0.0600 717.484 0.36199999999999993 -1.33
1807 4 4 0.0600 717.547 1.506 0.05699999999999991
1808 4 4 0.0600 718.6260000000001 0.0 0.0
1809 5 1 -0.1800 -0.742 182.0157 0.0
1810 5 3 -0.0600 0.742 182.0157 0.0
1811 5 1 -0.1800 1.388 181.5917 -1.258
1812 5 4 0.0600 -1.219 181.0677 -0.325
1813 5 4 0.0600 -1.121 182.7887 -0.716
1814 5 4 0.0600 -1.079 182.3067 1.017
1815 5 4 0.0600 1.231 181.7237 0.93
1816 5 4 0.0600 2.311 182.2177 -1.4
1817 5 4 0.0600 1.704 180.51670000000001 -1.29
1818 5 4 0.0600 0.684 181.75670000000002 -2.096
1819 5 2 -0.1200 2.74 182.0157 0.0
1820 5 3 -0.0600 4.228 182.0157 0.0
1821 5 1 -0.1800 4.872 180.7397 -0.4069999999999999
1822 5 4 0.0600 2.424 182.9657 0.5149999999999999
1823 5 4 0.0600 2.2729999999999997 182.0757 -0.999
1824 5 4 0.0600 4.643 182.8847 -0.506
1825 5 4 0.0600 5.96 180.9487 -0.5139999999999999
1826 5 4 0.0600 4.816 179.94070000000002 0.34300000000000014
1827 5 4 0.0600 4.559 180.36370000000002 -1.413
1828 5 2 -0.1200 6.228000000000001 182.0157 0.0
1829 5 3 -0.0600 7.716 182.0157 0.0
1830 5 1 -0.1800 8.36 181.6087 1.276
1831 5 4 0.0600 5.912000000000001 182.5307 -0.95
1832 5 4 0.0600 5.761 181.01670000000001 -0.06
1833 5 4 0.0600 8.131 181.5097 -0.869
1834 5 4 0.0600 9.448 181.5017 1.067
1835 5 4 0.0600 8.304 182.3587 2.075
1836 5 4 0.0600 8.047 180.6027 1.652
1837 5 2 -0.1200 9.716000000000001 182.0157 0.0
1838 5 3 -0.0600 11.204 182.0157 0.0
1839 5 1 -0.1800 11.848 180.7397 -0.4069999999999999
1840 5 4 0.0600 9.4 182.9657 0.5149999999999999
1841 5 4 0.0600 9.249 182.0757 -0.999
1842 5 4 0.0600 11.619000000000002 182.8847 -0.506
1843 5 4 0.0600 12.936 180.9487 -0.5139999999999999
1844 5 4 0.0600 11.792000000000002 179.94070000000002 0.34300000000000014
1845 5 4 0.0600 11.535 180.36370000000002 -1.413
1846 5 2 -0.1200 13.204 182.0157 0.0
1847 5 3 -0.0600 14.692 182.0157 0.0
1848 5 1 -0.1800 15.336 181.6087 1.276
1849 5 4 0.0600 12.888 182.5307 -0.95
1850 5 4 0.0600 12.737 181.01670000000001 -0.06
1851 5 4 0.0600 15.107000000000001 181.5097 -0.869
1852 5 4 0.0600 16.424 181.5017 1.067
1853 5 4 0.0600 15.280000000000001 182.3587 2.075
1854 5 4 0.0600 15.023 180.6027 1.652
1855 5 2 -0.1200 16.692 182.0157 0.0
1856 5 3 -0.0600 18.18 182.0157 0.0
1857 5 1 -0.1800 18.823999999999998 180.7397 -0.4069999999999999
1858 5 4 0.0600 16.376 182.9657 0.5149999999999999
1859 5 4 0.0600 16.225 182.0757 -0.999
1860 5 4 0.0600 18.595 182.8847 -0.506
1861 5 4 0.0600 19.912 180.9487 -0.5139999999999999
1862 5 4 0.0600 18.768 179.94070000000002 0.34300000000000014
1863 5 4 0.0600 18.511 180.36370000000002 -1.413
1864 5 2 -0.1200 20.18 182.0157 0.0
1865 5 3 -0.0600 21.668 182.0157 0.0
1866 5 1 -0.1800 22.311999999999998 181.6087 -1.276
1867 5 4 0.0600 19.864 182.5307 0.95
1868 5 4 0.0600 19.713 181.01670000000001 0.06
1869 5 4 0.0600 22.083 181.5097 0.869
1870 5 4 0.0600 23.4 181.5017 -1.067
1871 5 4 0.0600 22.256 182.3587 -2.075
1872 5 4 0.0600 21.999 180.6027 -1.652
1873 5 2 -0.1200 23.668 182.0157 0.0
1874 5 3 -0.0600 25.156 182.0157 0.0
1875 5 1 -0.1800 25.799999999999997 180.7397 -0.4069999999999999
1876 5 4 0.0600 23.352 182.9657 0.5149999999999999
1877 5 4 0.0600 23.201 182.0757 -0.999
1878 5 4 0.0600 25.570999999999998 182.8847 -0.506
1879 5 4 0.0600 26.887999999999998 180.9487 -0.5139999999999999
1880 5 4 0.0600 25.744 179.94070000000002 0.34300000000000014
1881 5 4 0.0600 25.487 180.36370000000002 -1.413
1882 5 2 -0.1200 27.156 182.0157 0.0
1883 5 3 -0.0600 28.644 182.0157 0.0
1884 5 1 -0.1800 29.287999999999997 181.6087 -1.276
1885 5 4 0.0600 26.84 182.5307 0.95
1886 5 4 0.0600 26.689 181.01670000000001 0.06
1887 5 4 0.0600 29.058999999999997 181.5097 0.869
1888 5 4 0.0600 30.375999999999998 181.5017 -1.067
1889 5 4 0.0600 29.232 182.3587 -2.075
1890 5 4 0.0600 28.974999999999998 180.6027 -1.652
1891 5 2 -0.1200 30.644000000000002 182.0157 0.0
1892 5 3 -0.0600 32.132000000000005 182.0157 0.0
1893 5 1 -0.1800 32.776 180.7397 -0.4069999999999999
1894 5 4 0.0600 30.328000000000003 182.9657 0.5149999999999999
1895 5 4 0.0600 30.177000000000003 182.0757 -0.999
1896 5 4 0.0600 32.547000000000004 182.8847 -0.506
1897 5 4 0.0600 33.864000000000004 180.9487 -0.5139999999999999
1898 5 4 0.0600 32.72 179.94070000000002 0.34300000000000014
1899 5 4 0.0600 32.463 180.36370000000002 -1.413
1900 5 2 -0.1200 34.132 182.0157 0.0
1901 5 3 -0.0600 35.62 182.0157 0.0
1902 5 1 -0.1800 36.263999999999996 181.6087 1.276
1903 5 4 0.0600 33.815999999999995 182.5307 -0.95
1904 5 4 0.0600 33.665 181.01670000000001 -0.06
1905 5 4 0.0600 36.035 181.5097 -0.869
1906 5 4 0.0600 37.352 181.5017 1.067
1907 5 4 0.0600 36.208 182.3587 2.075
1908 5 4 0.0600 35.951 180.6027 1.652
1909 5 2 -0.1200 37.62 182.0157 0.0
1910 5 3 -0.0600 39.108 182.0157 0.0
1911 5 1 -0.1800 39.751999999999995 180.7397 -0.4069999999999999
1912 5 4 0.0600 37.303999999999995 182.9657 0.5149999999999999
1913 5 4 0.0600 37.153 182.0757 -0.999
1914 5 4 0.0600 39.522999999999996 182.8847 -0.506
1915 5 4 0.0600 40.839999999999996 180.9487 -0.5139999999999999
1916 5 4 0.0600 39.696 179.94070000000002 0.34300000000000014
1917 5 4 0.0600 39.439 180.36370000000002 -1.413
1918 5 2 -0.1200 41.108 182.0157 0.0
1919 5 3 -0.0600 42.596 182.0157 0.0
1920 5 1 -0.1800 43.239999999999995 181.6087 -1.276
1921 5 4 0.0600 40.791999999999994 182.5307 0.95
1922 5 4 0.0600 40.641 181.01670000000001 0.06
1923 5 4 0.0600 43.010999999999996 181.5097 0.869
1924 5 4 0.0600 44.327999999999996 181.5017 -1.067
1925 5 4 0.0600 43.184 182.3587 -2.075
1926 5 4 0.0600 42.927 180.6027 -1.652
1927 5 2 -0.1200 44.596000000000004 182.0157 0.0
1928 5 3 -0.0600 46.084 182.0157 0.0
1929 5 1 -0.1800 46.728 183.29170000000002 -0.40700000000000003
1930 5 4 0.0600 44.28 181.06570000000002 0.5150000000000001
1931 5 4 0.0600 44.129000000000005 181.9557 -0.999
1932 5 4 0.0600 46.499 181.1467 -0.506
1933 5 4 0.0600 47.816 183.08270000000002 -0.5140000000000001
1934 5 4 0.0600 46.672000000000004 184.0907 0.3429999999999999
1935 5 4 0.0600 46.415000000000006 183.6677 -1.413
1936 5 2 -0.1200 48.084 182.0157 0.0
1937 5 3 -0.0600 49.572 182.0157 0.0
1938 5 1 -0.1800 50.216 181.6087 -1.276
1939 5 4 0.0600 47.768 182.5307 0.95
1940 5 4 0.0600 47.617000000000004 181.01670000000001 0.06
1941 5 4 0.0600 49.987 181.5097 0.869
1942 5 4 0.0600 51.304 181.5017 -1.067
1943 5 4 0.0600 50.160000000000004 182.3587 -2.075
1944 5 4 0.0600 49.903000000000006 180.6027 -1.652
1945 5 2 -0.1200 51.572 182.0157 0.0
1946 5 3 -0.0600 53.06 182.0157 0.0
1947 5 1 -0.1800 53.704 180.7397 -0.4069999999999999
1948 5 4 0.0600 51.256 182.9657 0.5149999999999999
1949 5 4 0.0600 51.105000000000004 182.0757 -0.999
1950 5 4 0.0600 53.475 182.8847 -0.506
1951 5 4 0.0600 54.792 180.9487 -0.5139999999999999
1952 5 4 0.0600 53.648 179.94070000000002 0.34300000000000014
1953 5 4 0.0600 53.391000000000005 180.36370000000002 -1.413
1954 5 2 -0.1200 55.06 182.0157 0.0
1955 5 3 -0.0600 56.548 182.0157 0.0
1956 5 1 -0.1800 57.192 181.6087 1.276
1957 5 4 0.0600 54.744 182.5307 -0.95
1958 5 4 0.0600 54.593 181.01670000000001 -0.06
1959 5 4 0.0600 56.963 181.5097 -0.869
1960 5 4 0.0600 58.28 181.5017 1.067
1961 5 4 0.0600 57.136 182.3587 2.075
1962 5 4 0.0600 56.879000000000005 180.6027 1.652
1963 5 2 -0.1200 58.548 182.0157 0.0
1964 5 3 -0.0600 60.036 182.0157 0.0
1965 5 1 -0.1800 60.68 183.29170000000002 -0.40700000000000003
1966 5 4 0.0600 58.232 181.06570000000002 0.5150000000000001
1967 5 4 0.0600 58.081 181.9557 -0.999
1968 5 4 0.0600 60.451 181.1467 -0.506
1969 5 4 0.0600 61.768 183.08270000000002 -0.5140000000000001
1970 5 4 0.0600 60.624 184.0907 0.3429999999999999
1971 5 4 0.0600 60.367000000000004 183.6677 -1.413
1972 5 2 -0.1200 62.036 182.0157 0.0
1973 5 3 -0.0600 63.524 182.0157 0.0
1974 5 1 -0.1800 64.168 181.6087 -1.276
1975 5 4 0.0600 61.72 182.5307 0.95
1976 5 4 0.0600 61.569 181.01670000000001 0.06
1977 5 4 0.0600 63.939 181.5097 0.869
1978 5 4 0.0600 65.256 181.5017 -1.067
1979 5 4 0.0600 64.112 182.3587 -2.075
1980 5 4 0.0600 63.855000000000004 180.6027 -1.652
1981 5 2 -0.1200 65.524 182.0157 0.0
1982 5 3 -0.0600 67.012 182.0157 0.0
1983 5 1 -0.1800 67.656 180.7397 -0.4069999999999999
1984 5 4 0.0600 65.208 182.9657 0.5149999999999999
1985 5 4 0.0600 65.057 182.0757 -0.999
1986 5 4 0.0600 67.427 182.8847 -0.506
1987 5 4 0.0600 68.744 180.9487 -0.5139999999999999
1988 5 4 0.0600 67.6 179.94070000000002 0.34300000000000014
1989 5 4 0.0600 67.343 180.36370000000002 -1.413
1990 5 2 -0.1200 69.012 182.0157 0.0
1991 5 3 -0.0600 70.5 182.0157 0.0
1992 5 1 -0.1800 71.144 181.6087 -1.276
1993 5 4 0.0600 68.696 182.5307 0.95
1994 5 4 0.0600 68.545 181.01670000000001 0.06
1995 5 4 0.0600 70.915 181.5097 0.869
1996 5 4 0.0600 72.232 181.5017 -1.067
1997 5 4 0.0600 71.088 182.3587 -2.075
1998 5 4 0.0600 70.831 180.6027 -1.652
1999 5 2 -0.1200 72.5 182.0157 0.0
2000 5 3 -0.0600 73.988 182.0157 0.0
2001 5 1 -0.1800 74.632 183.29170000000002 -0.40700000000000003
2002 5 4 0.0600 72.184 181.06570000000002 0.5150000000000001
2003 5 4 0.0600 72.033 181.9557 -0.999
2004 5 4 0.0600 74.403 181.1467 -0.506
2005 5 4 0.0600 75.72 183.08270000000002 -0.5140000000000001
2006 5 4 0.0600 74.576 184.0907 0.3429999999999999
2007 5 4 0.0600 74.319 183.6677 -1.413
2008 5 2 -0.1200 75.988 182.0157 0.0
2009 5 3 -0.0600 77.476 182.0157 0.0
2010 5 1 -0.1800 78.12 181.6087 -1.276
2011 5 4 0.0600 75.672 182.5307 0.95
2012 5 4 0.0600 75.521 181.01670000000001 0.06
2013 5 4 0.0600 77.891 181.5097 0.869
2014 5 4 0.0600 79.208 181.5017 -1.067
2015 5 4 0.0600 78.064 182.3587 -2.075
2016 5 4 0.0600 77.807 180.6027 -1.652
2017 5 2 -0.1200 79.476 182.0157 0.0
2018 5 3 -0.0600 80.964 182.0157 0.0
2019 5 1 -0.1800 81.608 180.7397 -0.4069999999999999
2020 5 4 0.0600 79.16 182.9657 0.5149999999999999
2021 5 4 0.0600 79.009 182.0757 -0.999
2022 5 4 0.0600 81.379 182.8847 -0.506
2023 5 4 0.0600 82.696 180.9487 -0.5139999999999999
2024 5 4 0.0600 81.55199999999999 179.94070000000002 0.34300000000000014
2025 5 4 0.0600 81.295 180.36370000000002 -1.413
2026 5 2 -0.1200 82.964 182.0157 0.0
2027 5 3 -0.0600 84.452 182.0157 0.0
2028 5 1 -0.1800 85.096 181.6087 -1.276
2029 5 4 0.0600 82.648 182.5307 0.95
2030 5 4 0.0600 82.497 181.01670000000001 0.06
2031 5 4 0.0600 84.867 181.5097 0.869
2032 5 4 0.0600 86.184 181.5017 -1.067
2033 5 4 0.0600 85.03999999999999 182.3587 -2.075
2034 5 4 0.0600 84.783 180.6027 -1.652
2035 5 2 -0.1200 86.452 182.0157 0.0
2036 5 3 -0.0600 87.94 182.0157 0.0
2037 5 1 -0.1800 88.584 180.7397 -0.4069999999999999
2038 5 4 0.0600 86.136 182.9657 0.5149999999999999
2039 5 4 0.0600 85.985 182.0757 -0.999
2040 5 4 0.0600 88.355 182.8847 -0.506
2041 5 4 0.0600 89.672 180.9487 -0.5139999999999999
2042 5 4 0.0600 88.52799999999999 179.94070000000002 0.34300000000000014
2043 5 4 0.0600 88.271 180.36370000000002 -1.413
2044 5 2 -0.1200 89.94 182.0157 0.0
2045 5 3 -0.0600 91.428 182.0157 0.0
2046 5 1 -0.1800 92.072 181.6087 -1.276
2047 5 4 0.0600 89.624 182.5307 0.95
2048 5 4 0.0600 89.473 181.01670000000001 0.06
2049 5 4 0.0600 91.843 181.5097 0.869
2050 5 4 0.0600 93.16 181.5017 -1.067
2051 5 4 0.0600 92.01599999999999 182.3587 -2.075
2052 5 4 0.0600 91.759 180.6027 -1.652
2053 5 2 -0.1200 93.428 182.0157 0.0
2054 5 3 -0.0600 94.916 182.0157 0.0
2055 5 1 -0.1800 95.56 183.29170000000002 -0.40700000000000003
2056 5 4 0.0600 93.112 181.06570000000002 0.5150000000000001
2057 5 4 0.0600 92.961 181.9557 -0.999
2058 5 4 0.0600 95.331 181.1467 -0.506
2059 5 4 0.0600 96.648 183.08270000000002 -0.5140000000000001
2060 5 4 0.0600 95.50399999999999 184.0907 0.3429999999999999
2061 5 4 0.0600 95.247 183.6677 -1.413
2062 5 2 -0.1200 96.916 182.0157 0.0
2063 5 3 -0.0600 98.404 182.0157 0.0
2064 5 1 -0.1800 99.048 181.6087 1.276
2065 5 4 0.0600 96.6 182.5307 -0.95
2066 5 4 0.0600 96.449 181.01670000000001 -0.06
2067 5 4 0.0600 98.819 181.5097 -0.869
2068 5 4 0.0600 100.136 181.5017 1.067
2069 5 4 0.0600 98.99199999999999 182.3587 2.075
2070 5 4 0.0600 98.735 180.6027 1.652
2071 5 2 -0.1200 100.404 182.0157 0.0
2072 5 3 -0.0600 101.892 182.0157 0.0
2073 5 1 -0.1800 102.536 183.29170000000002 -0.40700000000000003
2074 5 4 0.0600 100.088 181.06570000000002 0.5150000000000001
2075 5 4 0.0600 99.937 181.9557 -0.999
2076 5 4 0.0600 102.307 181.1467 -0.506
2077 5 4 0.0600 103.624 183.08270000000002 -0.5140000000000001
2078 5 4 0.0600 102.47999999999999 184.0907 0.3429999999999999
2079 5 4 0.0600 102.223 183.6677 -1.413
2080 5 2 -0.1200 103.892 182.0157 0.0
2081 5 3 -0.0600 105.38 182.0157 0.0
2082 5 1 -0.1800 106.024 181.6087 1.276
2083 5 4 0.0600 103.576 182.5307 -0.95
2084 5 4 0.0600 103.425 181.01670000000001 -0.06
2085 5 4 0.0600 105.795 181.5097 -0.869
2086 5 4 0.0600 107.112 181.5017 1.067
2087 5 4 0.0600 105.96799999999999 182.3587 2.075
2088 5 4 0.0600 105.711 180.6027 1.652
2089 5 2 -0.1200 107.38 182.0157 0.0
2090 5 3 -0.0600 108.868 182.0157 0.0
2091 5 1 -0.1800 109.512 180.7397 -0.4069999999999999
2092 5 4 0.0600 107.064 182.9657 0.5149999999999999
2093 5 4 0.0600 106.913 182.0757 -0.999
2094 5 4 0.0600 109.283 182.8847 -0.506
2095 5 4 0.0600 110.6 180.9487 -0.5139999999999999
2096 5 4 0.0600 109.45599999999999 179.94070000000002 0.34300000000000014
2097 5 4 0.0600 109.199 180.36370000000002 -1.413
2098 5 2 -0.1200 110.868 182.0157 0.0
2099 5 3 -0.0600 112.356 182.0157 0.0
2100 5 1 -0.1800 113.0 181.6087 -1.276
2101 5 4 0.0600 110.55199999999999 182.5307 0.95
2102 5 4 0.0600 110.401 181.01670000000001 0.06
2103 5 4 0.0600 112.771 181.5097 0.869
2104 5 4 0.0600 114.088 181.5017 -1.067
2105 5 4 0.0600 112.94399999999999 182.3587 -2.075
2106 5 4 0.0600 112.687 180.6027 -1.652
2107 5 2 -0.1200 114.356 182.0157 0.0
2108 5 3 -0.0600 115.844 182.0157 0.0
2109 5 1 -0.1800 116.488 183.29170000000002 -0.40700000000000003
2110 5 4 0.0600 114.03999999999999 181.06570000000002 0.5150000000000001
2111 5 4 0.0600 113.889 181.9557 -0.999
2112 5 4 0.0600 116.259 181.1467 -0.506
2113 5 4 0.0600 117.576 183.08270000000002 -0.5140000000000001
2114 5 4 0.0600 116.43199999999999 184.0907 0.3429999999999999
2115 5 4 0.0600 116.175 183.6677 -1.413
2116 5 2 -0.1200 117.844 182.0157 0.0
2117 5 3 -0.0600 119.332 182.0157 0.0
2118 5 1 -0.1800 119.976 181.6087 1.276
2119 5 4 0.0600 117.52799999999999 182.5307 -0.95
2120 5 4 0.0600 117.377 181.01670000000001 -0.06
2121 5 4 0.0600 119.747 181.5097 -0.869
2122 5 4 0.0600 121.064 181.5017 1.067
2123 5 4 0.0600 119.91999999999999 182.3587 2.075
2124 5 4 0.0600 119.663 180.6027 1.652
2125 5 2 -0.1200 121.332 182.0157 0.0
2126 5 3 -0.0600 122.82 182.0157 0.0
2127 5 1 -0.1800 123.464 180.7397 -0.4069999999999999
2128 5 4 0.0600 121.01599999999999 182.9657 0.5149999999999999
2129 5 4 0.0600 120.865 182.0757 -0.999
2130 5 4 0.0600 123.235 182.8847 -0.506
2131 5 4 0.0600 124.55199999999999 180.9487 -0.5139999999999999
2132 5 4 0.0600 123.40799999999999 179.94070000000002 0.34300000000000014
2133 5 4 0.0600 123.151 180.36370000000002 -1.413
2134 5 2 -0.1200 124.82 182.0157 0.0
2135 5 3 -0.0600 126.30799999999999 182.0157 0.0
2136 5 1 -0.1800 126.952 181.6087 1.276
2137 5 4 0.0600 124.50399999999999 182.5307 -0.95
2138 5 4 0.0600 124.353 181.01670000000001 -0.06
2139 5 4 0.0600 126.723 181.5097 -0.869
2140 5 4 0.0600 128.04 181.5017 1.067
2141 5 4 0.0600 126.89599999999999 182.3587 2.075
2142 5 4 0.0600 126.639 180.6027 1.652
2143 5 2 -0.1200 128.308 182.0157 0.0
2144 5 3 -0.0600 129.796 182.0157 0.0
2145 5 1 -0.1800 130.44 183.29170000000002 -0.40700000000000003
2146 5 4 0.0600 127.99199999999999 181.06570000000002 0.5150000000000001
2147 5 4 0.0600 127.841 181.9557 -0.999
2148 5 4 0.0600 130.21099999999998 181.1467 -0.506
2149 5 4 0.0600 131.528 183.08270000000002 -0.5140000000000001
2150 5 4 0.0600 130.384 184.0907 0.3429999999999999
2151 5 4 0.0600 130.12699999999998 183.6677 -1.413
2152 5 2 -0.1200 131.796 182.0157 0.0
2153 5 3 -0.0600 133.284 182.0157 0.0
2154 5 1 -0.1800 133.928 181.6087 -1.276
2155 5 4 0.0600 131.48 182.5307 0.95
2156 5 4 0.0600 131.32899999999998 181.01670000000001 0.06
2157 5 4 0.0600 133.69899999999998 181.5097 0.869
2158 5 4 0.0600 135.016 181.5017 -1.067
2159 5 4 0.0600 133.87199999999999 182.3587 -2.075
2160 5 4 0.0600 133.61499999999998 180.6027 -1.652
2161 5 2 -0.1200 135.284 182.0157 0.0
2162 5 3 -0.0600 136.772 182.0157 0.0
2163 5 1 -0.1800 137.416 180.7397 -0.4069999999999999
2164 5 4 0.0600 134.968 182.9657 0.5149999999999999
2165 5 4 0.0600 134.81699999999998 182.0757 -0.999
2166 5 4 0.0600 137.18699999999998 182.8847 -0.506
2167 5 4 0.0600 138.504 180.9487 -0.5139999999999999
2168 5 4 0.0600 137.35999999999999 179.94070000000002 0.34300000000000014
2169 5 4 0.0600 137.10299999999998 180.36370000000002 -1.413
2170 5 2 -0.1200 138.772 182.0157 0.0
2171 5 3 -0.0600 140.26 182.0157 0.0
2172 5 1 -0.1800 140.904 181.6087 -1.276
2173 5 4 0.0600 138.456 182.5307 0.95
2174 5 4 0.0600 138.30499999999998 181.01670000000001 0.06
2175 5 4 0.0600 140.67499999999998 181.5097 0.869
2176 5 4 0.0600 141.992 181.5017 -1.067
2177 5 4 0.0600 140.84799999999998 182.3587 -2.075
2178 5 4 0.0600 140.59099999999998 180.6027 -1.652
2179 5 2 -0.1200 142.26 182.0157 0.0
2180 5 3 -0.0600 143.748 182.0157 0.0
2181 5 1 -0.1800 144.392 180.7397 -0.4069999999999999
2182 5 4 0.0600 141.944 182.9657 0.5149999999999999
2183 5 4 0.0600 141.79299999999998 182.0757 -0.999
2184 5 4 0.0600 144.16299999999998 182.8847 -0.506
2185 5 4 0.0600 145.48 180.9487 -0.5139999999999999
2186 5 4 0.0600 144.33599999999998 179.94070000000002 0.34300000000000014
2187 5 4 0.0600 144.07899999999998 180.36370000000002 -1.413
2188 5 2 -0.1200 145.748 182.0157 0.0
2189 5 3 -0.0600 147.236 182.0157 0.0
2190 5 1 -0.1800 147.88 181.6087 1.276
2191 5 4 0.0600 145.432 182.5307 -0.95
2192 5 4 0.0600 145.28099999999998 181.01670000000001 -0.06
2193 5 4 0.0600 147.65099999999998 181.5097 -0.869
2194 5 4 0.0600 148.968 181.5017 1.067
2195 5 4 0.0600 147.82399999999998 182.3587 2.075
2196 5 4 0.0600 147.56699999999998 180.6027 1.652
2197 5 2 -0.1200 149.236 182.0157 0.0
2198 5 3 -0.0600 150.724 182.0157 0.0
2199 5 1 -0.1800 151.368 183.29170000000002 -0.40700000000000003
2200 5 4 0.0600 148.92 181.06570000000002 0.5150000000000001
2201 5 4 0.0600 148.76899999999998 181.9557 -0.999
2202 5 4 0.0600 151.13899999999998 181.1467 -0.506
2203 5 4 0.0600 152.456 183.08270000000002 -0.5140000000000001
2204 5 4 0.0600 151.31199999999998 184.0907 0.3429999999999999
2205 5 4 0.0600 151.05499999999998 183.6677 -1.413
2206 5 2 -0.1200 152.724 182.0157 0.0
2207 5 3 -0.0600 154.212 182.0157 0.0
2208 5 1 -0.1800 154.856 181.6087 -1.276
2209 5 4 0.0600 152.408 182.5307 0.95
2210 5 4 0.0600 152.25699999999998 181.01670000000001 0.06
2211 5 4 0.0600 154.62699999999998 181.5097 0.869
2212 5 4 0.0600 155.944 181.5017 -1.067
2213 5 4 0.0600 154.79999999999998 182.3587 -2.075
2214 5 4 0.0600 154.54299999999998 180.6027 -1.652
2215 5 2 -0.1200 156.212 182.0157 0.0
2216 5 3 -0.0600 157.7 182.0157 0.0
2217 5 1 -0.1800 158.344 180.7397 -0.4069999999999999
2218 5 4 0.0600 155.896 182.9657 0.5149999999999999
2219 5 4 0.0600 155.74499999999998 182.0757 -0.999
2220 5 4 0.0600 158.11499999999998 182.8847 -0.506
2221 5 4 0.0600 159.432 180.9487 -0.5139999999999999
2222 5 4 0.0600 158.28799999999998 179.94070000000002 0.34300000000000014
2223 5 4 0.0600 158.03099999999998 180.36370000000002 -1.413
2224 5 2 -0.1200 159.7 182.0157 0.0
2225 5 3 -0.0600 161.188 182.0157 0.0
2226 5 1 -0.1800 161.832 181.6087 -1.276
2227 5 4 0.0600 159.384 182.5307 0.95
2228 5 4 0.0600 159.23299999999998 181.01670000000001 0.06
2229 5 4 0.0600 161.60299999999998 181.5097 0.869
2230 5 4 0.0600 162.92 181.5017 -1.067
2231 5 4 0.0600 161.77599999999998 182.3587 -2.075
2232 5 4 0.0600 161.51899999999998 180.6027 -1.652
2233 5 2 -0.1200 163.188 182.0157 0.0
2234 5 3 -0.0600 164.676 182.0157 0.0
2235 5 1 -0.1800 165.32 183.29170000000002 -0.40700000000000003
2236 5 4 0.0600 162.87199999999999 181.06570000000002 0.5150000000000001
2237 5 4 0.0600 162.72099999999998 181.9557 -0.999
2238 5 4 0.0600 165.09099999999998 181.1467 -0.506
2239 5 4 0.0600 166.408 183.08270000000002 -0.5140000000000001
2240 5 4 0.0600 165.26399999999998 184.0907 0.3429999999999999
2241 5 4 0.0600 165.00699999999998 183.6677 -1.413
2242 5 2 -0.1200 166.676 182.0157 0.0
2243 5 3 -0.0600 168.164 182.0157 0.0
2244 5 1 -0.1800 168.808 181.6087 1.276
2245 5 4 0.0600 166.35999999999999 182.5307 -0.95
2246 5 4 0.0600 166.20899999999997 181.01670000000001 -0.06
2247 5 4 0.0600 168.57899999999998 181.5097 -0.869
2248 5 4 0.0600 169.896 181.5017 1.067
2249 5 4 0.0600 168.75199999999998 182.3587 2.075
2250 5 4 0.0600 168.49499999999998 180.6027 1.652
2251 5 2 -0.1200 169.237 182.0157 0.0
2252 5 2 -0.1200 170.58499999999998 182.34570000000002 0.57
2253 5 1 -0.1800 171.606 181.55870000000002 -0.24499999999999997
2254 5 4 0.0600 168.47 182.3707 0.703
2255 5 4 0.0600 169.17399999999998 182.4547 -1.008
2256 5 4 0.0600 170.742 183.4327 0.5029999999999999
2257 5 4 0.0600 170.71599999999998 182.04070000000002 1.618
2258 5 4 0.0600 171.43699999999998 181.65370000000001 -1.33
2259 5 4 0.0600 171.5 180.5097 0.05700000000000009
2260 5 4 0.0600 172.57899999999998 182.0157 0.0
2261 6 1 -0.1800 181.27370000000002 182.0157 0.0
2262 6 3 -0.0600 182.7577 182.0157 0.0
2263 6 1 -0.1800 183.40370000000001 181.5917 1.258
2264 6 4 0.0600 180.79670000000002 181.0677 0.325
2265 6 4 0.0600 180.8947 182.7887 0.716
2266 6 4 0.0600 180.9367 182.3067 -1.017
2267 6 4 0.0600 183.2467 181.7237 -0.93
2268 6 4 0.0600 184.32670000000002 182.2177 1.4
2269 6 4 0.0600 183.71970000000002 180.51670000000001 1.29
2270 6 4 0.0600 182.6997 181.75670000000002 2.096
2271 6 2 -0.1200 184.75570000000002 182.0157 0.0
2272 6 3 -0.0600 186.24370000000002 182.0157 0.0
2273 6 1 -0.1800 186.88770000000002 183.29170000000002 -0.40700000000000003
2274 6 4 0.0600 184.43970000000002 181.06570000000002 0.5150000000000001
2275 6 4 0.0600 184.2887 181.9557 -0.999
2276 6 4 0.0600 186.6587 181.1467 -0.506
2277 6 4 0.0600 187.97570000000002 183.08270000000002 -0.5140000000000001
2278 6 4 0.0600 186.8317 184.0907 0.3429999999999999
2279 6 4 0.0600 186.5747 183.6677 -1.413
2280 6 2 -0.1200 188.24370000000002 182.0157 0.0
2281 6 3 -0.0600 189.73170000000002 182.0157 0.0
2282 6 1 -0.1800 190.37570000000002 181.6087 1.276
2283 6 4 0.0600 187.92770000000002 182.5307 -0.95
2284 6 4 0.0600 187.7767 181.01670000000001 -0.06
2285 6 4 0.0600 190.1467 181.5097 -0.869
2286 6 4 0.0600 191.46370000000002 181.5017 1.067
2287 6 4 0.0600 190.3197 182.3587 2.075
2288 6 4 0.0600 190.0627 180.6027 1.652
2289 6 2 -0.1200 191.73170000000002 182.0157 0.0
2290 6 3 -0.0600 193.21970000000002 182.0157 0.0
2291 6 1 -0.1800 193.86370000000002 180.7397 -0.4069999999999999
2292 6 4 0.0600 191.41570000000002 182.9657 0.5149999999999999
2293 6 4 0.0600 191.2647 182.0757 -0.999
2294 6 4 0.0600 193.6347 182.8847 -0.506
2295 6 4 0.0600 194.95170000000002 180.9487 -0.5139999999999999
2296 6 4 0.0600 193.8077 179.94070000000002 0.34300000000000014
2297 6 4 0.0600 193.5507 180.36370000000002 -1.413
2298 6 2 -0.1200 195.21970000000002 182.0157 0.0
2299 6 3 -0.0600 196.70770000000002 182.0157 0.0
2300 6 1 -0.1800 197.35170000000002 181.6087 -1.276
2301 6 4 0.0600 194.90370000000001 182.5307 0.95
2302 6 4 0.0600 194.7527 181.01670000000001 0.06
2303 6 4 0.0600 197.1227 181.5097 0.869
2304 6 4 0.0600 198.43970000000002 181.5017 -1.067
2305 6 4 0.0600 197.2957 182.3587 -2.075
2306 6 4 0.0600 197.0387 180.6027 -1.652
2307 6 2 -0.1200 198.70770000000002 182.0157 0.0
2308 6 3 -0.0600 200.19570000000002 182.0157 0.0
2309 6 1 -0.1800 200.83970000000002 183.29170000000002 -0.40700000000000003
2310 6 4 0.0600 198.39170000000001 181.06570000000002 0.5150000000000001
2311 6 4 0.0600 198.2407 181.9557 -0.999
2312 6 4 0.0600 200.6107 181.1467 -0.506
2313 6 4 0.0600 201.92770000000002 183.08270000000002 -0.5140000000000001
2314 6 4 0.0600 200.7837 184.0907 0.3429999999999999
2315 6 4 0.0600 200.5267 183.6677 -1.413
2316 6 2 -0.1200 202.19570000000002 182.0157 0.0
2317 6 3 -0.0600 203.68370000000002 182.0157 0.0
2318 6 1 -0.1800 204.32770000000002 181.6087 1.276
2319 6 4 0.0600 201.8797 182.5307 -0.95
2320 6 4 0.0600 201.7287 181.01670000000001 -0.06
2321 6 4 0.0600 204.0987 181.5097 -0.869
2322 6 4 0.0600 205.41570000000002 181.5017 1.067
2323 6 4 0.0600 204.2717 182.3587 2.075
2324 6 4 0.0600 204.0147 180.6027 1.652
2325 6 2 -0.1200 205.68370000000002 182.0157 0.0
2326 6 3 -0.0600 207.17170000000002 182.0157 0.0
2327 6 1 -0.1800 207.81570000000002 183.29170000000002 -0.40700000000000003
2328 6 4 0.0600 205.3677 181.06570000000002 0.5150000000000001
2329 6 4 0.0600 205.2167 181.9557 -0.999
2330 6 4 0.0600 207.5867 181.1467 -0.506
2331 6 4 0.0600 208.90370000000001 183.08270000000002 -0.5140000000000001
2332 6 4 0.0600 207.7597 184.0907 0.3429999999999999
2333 6 4 0.0600 207.5027 183.6677 -1.413
2334 6 2 -0.1200 209.17170000000002 182.0157 0.0
2335 6 3 -0.0600 210.65970000000002 182.0157 0.0
2336 6 1 -0.1800 211.30370000000002 181.6087 -1.276
2337 6 4 0.0600 208.8557 182.5307 0.95
2338 6 4 0.0600 208.7047 181.01670000000001 0.06
2339 6 4 0.0600 211.0747 181.5097 0.869
2340 6 4 0.0600 212.39170000000001 181.5017 -1.067
2341 6 4 0.0600 211.2477 182.3587 -2.075
2342 6 4 0.0600 210.9907 180.6027 -1.652
2343 6 2 -0.1200 212.65970000000002 182.0157 0.0
2344 6 3 -0.0600 214.14770000000001 182.0157 0.0
2345 6 1 -0.1800 214.79170000000002 183.29170000000002 -0.40700000000000003
2346 6 4 0.0600 212.3437 181.06570000000002 0.5150000000000001
2347 6 4 0.0600 212.1927 181.9557 -0.999
2348 6 4 0.0600 214.5627 181.1467 -0.506
2349 6 4 0.0600 215.8797 183.08270000000002 -0.5140000000000001
2350 6 4 0.0600 214.7357 184.0907 0.3429999999999999
2351 6 4 0.0600 214.4787 183.6677 -1.413
2352 6 2 -0.1200 216.14770000000001 182.0157 0.0
2353 6 3 -0.0600 217.6357 182.0157 0.0
2354 6 1 -0.1800 218.27970000000002 181.6087 -1.276
2355 6 4 0.0600 215.8317 182.5307 0.95
2356 6 4 0.0600 215.6807 181.01670000000001 0.06
2357 6 4 0.0600 218.0507 181.5097 0.869
2358 6 4 0.0600 219.3677 181.5017 -1.067
2359 6 4 0.0600 218.2237 182.3587 -2.075
2360 6 4 0.0600 217.9667 180.6027 -1.652
2361 6 2 -0.1200 219.6357 182.0157 0.0
2362 6 3 -0.0600 221.1237 182.0157 0.0
2363 6 1 -0.1800 221.76770000000002 183.29170000000002 -0.40700000000000003
2364 6 4 0.0600 219.3197 181.06570000000002 0.5150000000000001
2365 6 4 0.0600 219.1687 181.9557 -0.999
2366 6 4 0.0600 221.5387 181.1467 -0.506
2367 6 4 0.0600 222.8557 183.08270000000002 -0.5140000000000001
2368 6 4 0.0600 221.7117 184.0907 0.3429999999999999
2369 6 4 0.0600 221.4547 183.6677 -1.413
2370 6 2 -0.1200 223.1237 182.0157 0.0
2371 6 3 -0.0600 224.6117 182.0157 0.0
2372 6 1 -0.1800 225.25570000000002 181.6087 1.276
2373 6 4 0.0600 222.8077 182.5307 -0.95
2374 6 4 0.0600 222.6567 181.01670000000001 -0.06
2375 6 4 0.0600 225.0267 181.5097 -0.869
2376 6 4 0.0600 226.3437 181.5017 1.067
2377 6 4 0.0600 225.1997 182.3587 2.075
2378 6 4 0.0600 224.9427 180.6027 1.652
2379 6 2 -0.1200 226.6117 182.0157 0.0
2380 6 3 -0.0600 228.0997 182.0157 0.0
2381 6 1 -0.1800 228.74370000000002 183.29170000000002 -0.40700000000000003
2382 6 4 0.0600 226.2957 181.06570000000002 0.5150000000000001
2383 6 4 0.0600 226.1447 181.9557 -0.999
2384 6 4 0.0600 228.5147 181.1467 -0.506
2385 6 4 0.0600 229.8317 183.08270000000002 -0.5140000000000001
2386 6 4 0.0600 228.6877 184.0907 0.3429999999999999
2387 6 4 0.0600 228.4307 183.6677 -1.413
2388 6 2 -0.1200 230.0997 182.0157 0.0
2389 6 3 -0.0600 231.5877 182.0157 0.0
2390 6 1 -0.1800 232.23170000000002 181.6087 1.276
2391 6 4 0.0600 229.7837 182.5307 -0.95
2392 6 4 0.0600 229.6327 181.01670000000001 -0.06
2393 6 4 0.0600 232.0027 181.5097 -0.869
2394 6 4 0.0600 233.3197 181.5017 1.067
2395 6 4 0.0600 232.1757 182.3587 2.075
2396 6 4 0.0600 231.9187 180.6027 1.652
2397 6 2 -0.1200 233.5877 182.0157 0.0
2398 6 3 -0.0600 235.0757 182.0157 0.0
2399 6 1 -0.1800 235.71970000000002 183.29170000000002 -0.40700000000000003
2400 6 4 0.0600 233.2717 181.06570000000002 0.5150000000000001
2401 6 4 0.0600 233.1207 181.9557 -0.999
2402 6 4 0.0600 235.4907 181.1467 -0.506
2403 6 4 0.0600 236.8077 183.08270000000002 -0.5140000000000001
2404 6 4 0.0600 235.6637 184.0907 0.3429999999999999
2405 6 4 0.0600 235.4067 183.6677 -1.413
2406 6 2 -0.1200 237.0757 182.0157 0.0
2407 6 3 -0.0600 238.5637 182.0157 0.0
2408 6 1 -0.1800 239.20770000000002 181.6087 1.276
2409 6 4 0.0600 236.7597 182.5307 -0.95
2410 6 4 0.0600 236.6087 181.01670000000001 -0.06
2411 6 4 0.0600 238.9787 181.5097 -0.869
2412 6 4 0.0600 240.2957 181.5017 1.067
2413 6 4 0.0600 239.1517 182.3587 2.075
2414 6 4 0.0600 238.8947 180.6027 1.652
2415 6 2 -0.1200 240.5637 182.0157 0.0
2416 6 3 -0.0600 242.0517 182.0157 0.0
2417 6 1 -0.1800 242.69570000000002 183.29170000000002 -0.40700000000000003
2418 6 4 0.0600 240.2477 181.06570000000002 0.5150000000000001
2419 6 4 0.0600 240.0967 181.9557 -0.999
2420 6 4 0.0600 242.4667 181.1467 -0.506
2421 6 4 0.0600 243.7837 183.08270000000002 -0.5140000000000001
2422 6 4 0.0600 242.6397 184.0907 0.3429999999999999
2423 6 4 0.0600 242.3827 183.6677 -1.413
2424 6 2 -0.1200 244.0517 182.0157 0.0
2425 6 3 -0.0600 245.5397 182.0157 0.0
2426 6 1 -0.1800 246.18370000000002 181.6087 1.276
2427 6 4 0.0600 243.7357 182.5307 -0.95
2428 6 4 0.0600 243.5847 181.01670000000001 -0.06
2429 6 4 0.0600 245.9547 181.5097 -0.869
2430 6 4 0.0600 247.2717 181.5017 1.067
2431 6 4 0.0600 246.1277 182.3587 2.075
2432 6 4 0.0600 245.8707 180.6027 1.652
2433 6 2 -0.1200 247.5397 182.0157 0.0
2434 6 3 -0.0600 249.0277 182.0157 0.0
2435 6 1 -0.1800 249.67170000000002 183.29170000000002 -0.40700000000000003
2436 6 4 0.0600 247.2237 181.06570000000002 0.5150000000000001
2437 6 4 0.0600 247.0727 181.9557 -0.999
2438 6 4 0.0600 249.4427 181.1467 -0.506
2439 6 4 0.0600 250.7597 183.08270000000002 -0.5140000000000001
2440 6 4 0.0600 249.6157 184.0907 0.3429999999999999
2441 6 4 0.0600 249.3587 183.6677 -1.413
2442 6 2 -0.1200 251.0277 182.0157 0.0
2443 6 3 -0.0600 252.5157 182.0157 0.0
2444 6 1 -0.1800 253.15970000000002 181.6087 -1.276
2445 6 4 0.0600 250.7117 182.5307 0.95
2446 6 4 0.0600 250.5607 181.01670000000001 0.06
2447 6 4 0.0600 252.9307 181.5097 0.869
2448 6 4 0.0600 254.2477 181.5017 -1.067
2449 6 4 0.0600 253.1037 182.3587 -2.075
2450 6 4 0.0600 252.8467 180.6027 -1.652
2451 6 2 -0.1200 254.5157 182.0157 0.0
2452 6 3 -0.0600 256.00370000000004 182.0157 0.0
2453 6 1 -0.1800 256.6477 183.29170000000002 -0.40700000000000003
2454 6 4 0.0600 254.1997 181.06570000000002 0.5150000000000001
2455 6 4 0.0600 254.0487 181.9557 -0.999
2456 6 4 0.0600 256.4187 181.1467 -0.506
2457 6 4 0.0600 257.7357 183.08270000000002 -0.5140000000000001
2458 6 4 0.0600 256.5917 184.0907 0.3429999999999999
2459 6 4 0.0600 256.3347 183.6677 -1.413
2460 6 2 -0.1200 258.0037 182.0157 0.0
2461 6 3 -0.0600 259.49170000000004 182.0157 0.0
2462 6 1 -0.1800 260.1357 181.6087 -1.276
2463 6 4 0.0600 257.6877 182.5307 0.95
2464 6 4 0.0600 257.5367 181.01670000000001 0.06
2465 6 4 0.0600 259.9067 181.5097 0.869
2466 6 4 0.0600 261.2237 181.5017 -1.067
2467 6 4 0.0600 260.0797 182.3587 -2.075
2468 6 4 0.0600 259.8227 180.6027 -1.652
2469 6 2 -0.1200 261.4917 182.0157 0.0
2470 6 3 -0.0600 262.97970000000004 182.0157 0.0
2471 6 1 -0.1800 263.6237 183.29170000000002 -0.40700000000000003
2472 6 4 0.0600 261.1757 181.06570000000002 0.5150000000000001
2473 6 4 0.0600 261.0247 181.9557 -0.999
2474 6 4 0.0600 263.3947 181.1467 -0.506
2475 6 4 0.0600 264.7117 183.08270000000002 -0.5140000000000001
2476 6 4 0.0600 263.5677 184.0907 0.3429999999999999
2477 6 4 0.0600 263.3107 183.6677 -1.413
2478 6 2 -0.1200 264.9797 182.0157 0.0
2479 6 3 -0.0600 266.46770000000004 182.0157 0.0
2480 6 1 -0.1800 267.1117 181.6087 -1.276
2481 6 4 0.0600 264.6637 182.5307 0.95
2482 6 4 0.0600 264.5127 181.01670000000001 0.06
2483 6 4 0.0600 266.8827 181.5097 0.869
2484 6 4 0.0600 268.1997 181.5017 -1.067
2485 6 4 0.0600 267.0557 182.3587 -2.075
2486 6 4 0.0600 266.7987 180.6027 -1.652
2487 6 2 -0.1200 268.4677 182.0157 0.0
2488 6 3 -0.0600 269.95570000000004 182.0157 0.0
2489 6 1 -0.1800 270.5997 183.29170000000002 -0.40700000000000003
2490 6 4 0.0600 268.1517 181.06570000000002 0.5150000000000001
2491 6 4 0.0600 268.0007 181.9557 -0.999
2492 6 4 0.0600 270.3707 181.1467 -0.506
2493 6 4 0.0600 271.6877 183.08270000000002 -0.5140000000000001
2494 6 4 0.0600 270.5437 184.0907 0.3429999999999999
2495 6 4 0.0600 270.2867 183.6677 -1.413
2496 6 2 -0.1200 271.9557 182.0157 0.0
2497 6 3 -0.0600 273.44370000000004 182.0157 0.0
2498 6 1 -0.1800 274.0877 181.6087 -1.276
2499 6 4 0.0600 271.6397 182.5307 0.95
2500 6 4 0.0600 271.4887 181.01670000000001 0.06
2501 6 4 0.0600 273.8587 181.5097 0.869
2502 6 4 0.0600 275.1757 181.5017 -1.067
2503 6 4 0.0600 274.0317 182.3587 -2.075
2504 6 4 0.0600 273.7747 180.6027 -1.652
2505 6 2 -0.1200 275.4437 182.0157 0.0
2506 6 3 -0.0600 276.93170000000003 182.0157 0.0
2507 6 1 -0.1800 277.5757 180.7397 -0.4069999999999999
2508 6 4 0.0600 275.1277 182.9657 0.5149999999999999
2509 6 4 0.0600 274.9767 182.0757 -0.999
2510 6 4 0.0600 277.3467 182.8847 -0.506
2511 6 4 0.0600 278.6637 180.9487 -0.5139999999999999
2512 6 4 0.0600 277.5197 179.94070000000002 0.34300000000000014
2513 6 4 0.0600 277.2627 180.36370000000002 -1.413
2514 6 2 -0.1200 278.9317 182.0157 0.0
2515 6 3 -0.0600 280.41970000000003 182.0157 0.0
2516 6 1 -0.1800 281.0637 181.6087 -1.276
2517 6 4 0.0600 278.6157 182.5307 0.95
2518 6 4 0.0600 278.4647 181.01670000000001 0.06
2519 6 4 0.0600 280.8347 181.5097 0.869
2520 6 4 0.0600 282.1517 181.5017 -1.067
2521 6 4 0.0600 281.0077 182.3587 -2.075
2522 6 4 0.0600 280.7507 180.6027 -1.652
2523 6 2 -0.1200 282.4197 182.0157 0.0
2524 6 3 -0.0600 283.90770000000003 182.0157 0.0
2525 6 1 -0.1800 284.5517 180.7397 -0.4069999999999999
2526 6 4 0.0600 282.1037 182.9657 0.5149999999999999
2527 6 4 0.0600 281.9527 182.0757 -0.999
2528 6 4 0.0600 284.3227 182.8847 -0.506
2529 6 4 0.0600 285.6397 180.9487 -0.5139999999999999
2530 6 4 0.0600 284.4957 179.94070000000002 0.34300000000000014
2531 6 4 0.0600 284.2387 180.36370000000002 -1.413
2532 6 2 -0.1200 285.9077 182.0157 0.0
2533 6 3 -0.0600 287.39570000000003 182.0157 0.0
2534 6 1 -0.1800 288.0397 181.6087 1.276
2535 6 4 0.0600 285.5917 182.5307 -0.95
2536 6 4 0.0600 285.4407 181.01670000000001 -0.06
2537 6 4 0.0600 287.8107 181.5097 -0.869
2538 6 4 0.0600 289.1277 181.5017 1.067
2539 6 4 0.0600 287.9837 182.3587 2.075
2540 6 4 0.0600 287.7267 180.6027 1.652
2541 6 2 -0.1200 289.3957 182.0157 0.0
2542 6 3 -0.0600 290.88370000000003 182.0157 0.0
2543 6 1 -0.1800 291.5277 180.7397 -0.4069999999999999
2544 6 4 0.0600 289.0797 182.9657 0.5149999999999999
2545 6 4 0.0600 288.9287 182.0757 -0.999
2546 6 4 0.0600 291.2987 182.8847 -0.506
2547 6 4 0.0600 292.6157 180.9487 -0.5139999999999999
2548 6 4 0.0600 291.4717 179.94070000000002 0.34300000000000014
2549 6 4 0.0600 291.2147 180.36370000000002 -1.413
2550 6 2 -0.1200 292.8837 182.0157 0.0
2551 6 3 -0.0600 294.37170000000003 182.0157 0.0
2552 6 1 -0.1800 295.0157 181.6087 1.276
2553 6 4 0.0600 292.5677 182.5307 -0.95
2554 6 4 0.0600 292.4167 181.01670000000001 -0.06
2555 6 4 0.0600 294.7867 181.5097 -0.869
2556 6 4 0.0600 296.1037 181.5017 1.067
2557 6 4 0.0600 294.9597 182.3587 2.075
2558 6 4 0.0600 294.7027 180.6027 1.652
2559 6 2 -0.1200 296.3717 182.0157 0.0
2560 6 3 -0.0600 297.85970000000003 182.0157 0.0
2561 6 1 -0.1800 298.5037 183.29170000000002 -0.40700000000000003
2562 6 4 0.0600 296.0557 181.06570000000002 0.5150000000000001
2563 6 4 0.0600 295.9047 181.9557 -0.999
2564 6 4 0.0600 298.2747 181.1467 -0.506
2565 6 4 0.0600 299.5917 183.08270000000002 -0.5140000000000001
2566 6 4 0.0600 298.4477 184.0907 0.3429999999999999
2567 6 4 0.0600 298.1907 183.6677 -1.413
2568 6 2 -0.1200 299.8597 182.0157 0.0
2569 6 3 -0.0600 301.34770000000003 182.0157 0.0
2570 6 1 -0.1800 301.9917 181.6087 1.276
2571 6 4 0.0600 299.5437 182.5307 -0.95
2572 6 4 0.0600 299.3927 181.01670000000001 -0.06
2573 6 4 0.0600 301.7627 181.5097 -0.869
2574 6 4 0.0600 303.0797 181.5017 1.067
2575 6 4 0.0600 301.9357 182.3587 2.075
2576 6 4 0.0600 301.6787 180.6027 1.652
2577 6 2 -0.1200 303.3477 182.0157 0.0
2578 6 3 -0.0600 304.83570000000003 182.0157 0.0
2579 6 1 -0.1800 305.4797 180.7397 -0.4069999999999999
2580 6 4 0.0600 303.0317 182.9657 0.5149999999999999
2581 6 4 0.0600 302.8807 182.0757 -0.999
2582 6 4 0.0600 305.2507 182.8847 -0.506
2583 6 4 0.0600 306.5677 180.9487 -0.5139999999999999
2584 6 4 0.0600 305.4237 179.94070000000002 0.34300000000000014
2585 6 4 0.0600 305.1667 180.36370000000002 -1.413
2586 6 2 -0.1200 306.8357 182.0157 0.0
2587 6 3 -0.0600 308.32370000000003 182.0157 0.0
2588 6 1 -0.1800 308.9677 181.6087 1.276
2589 6 4 0.0600 306.5197 182.5307 -0.95
2590 6 4 0.0600 306.3687 181.01670000000001 -0.06
2591 6 4 0.0600 308.7387 181.5097 -0.869
2592 6 4 0.0600 310.0557 181.5017 1.067
2593 6 4 0.0600 308.9117 182.3587 2.075
2594 6 4 0.0600 308.6547 180.6027 1.652
2595 6 2 -0.1200 310.3237 182.0157 0.0
2596 6 3 -0.0600 311.81170000000003 182.0157 0.0
2597 6 1 -0.1800 312.4557 183.29170000000002 -0.40700000000000003
2598 6 4 0.0600 310.0077 181.06570000000002 0.5150000000000001
2599 6 4 0.0600 309.8567 181.9557 -0.999
2600 6 4 0.0600 312.2267 181.1467 -0.506
2601 6 4 0.0600 313.5437 183.08270000000002 -0.5140000000000001
2602 6 4 0.0600 312.3997 184.0907 0.3429999999999999
2603 6 4 0.0600 312.1427 183.6677 -1.413
2604 6 2 -0.1200 313.8117 182.0157 0.0
2605 6 3 -0.0600 315.29970000000003 182.0157 0.0
2606 6 1 -0.1800 315.9437 181.6087 1.276
2607 6 4 0.0600 313.4957 182.5307 -0.95
2608 6 4 0.0600 313.3447 181.01670000000001 -0.06
2609 6 4 0.0600 315.7147 181.5097 -0.869
2610 6 4 0.0600 317.0317 181.5017 1.067
2611 6 4 0.0600 315.8877 182.3587 2.075
2612 6 4 0.0600 315.6307 180.6027 1.652
2613 6 2 -0.1200 317.2997 182.0157 0.0
2614 6 3 -0.0600 318.78770000000003 182.0157 0.0
2615 6 1 -0.1800 319.4317 180.7397 -0.4069999999999999
2616 6 4 0.0600 316.9837 182.9657 0.5149999999999999
2617 6 4 0.0600 316.8327 182.0757 -0.999
2618 6 4 0.0600 319.2027 182.8847 -0.506
2619 6 4 0.0600 320.5197 180.9487 -0.5139999999999999
2620 6 4 0.0600 319.3757 179.94070000000002 0.34300000000000014
2621 6 4 0.0600 319.1187 180.36370000000002 -1.413
2622 6 2 -0.1200 320.7877 182.0157 0.0
2623 6 3 -0.0600 322.27570000000003 182.0157 0.0
2624 6 1 -0.1800 322.9197 181.6087 1.276
2625 6 4 0.0600 320.4717 182.5307 -0.95
2626 6 4 0.0600 320.3207 181.01670000000001 -0.06
2627 6 4 0.0600 322.6907 181.5097 -0.869
2628 6 4 0.0600 324.0077 181.5017 1.067
2629 6 4 0.0600 322.8637 182.3587 2.075
2630 6 4 0.0600 322.6067 180.6027 1.652
2631 6 2 -0.1200 324.2757 182.0157 0.0
2632 6 3 -0.0600 325.76370000000003 182.0157 0.0
2633 6 1 -0.1800 326.4077 183.29170000000002 -0.40700000000000003
2634 6 4 0.0600 323.9597 181.06570000000002 0.5150000000000001
2635 6 4 0.0600 323.8087 181.9557 -0.999
2636 6 4 0.0600 326.1787 181.1467 -0.506
2637 6 4 0.0600 327.4957 183.08270000000002 -0.5140000000000001
2638 6 4 0.0600 326.3517 184.0907 0.3429999999999999
2639 6 4 0.0600 326.0947 183.6677 -1.413
2640 6 2 -0.1200 327.7637 182.0157 0.0
2641 6 3 -0.0600 329.2517 182.0157 0.0
2642 6 1 -0.1800 329.8957 181.6087 -1.276
2643 6 4 0.0600 327.4477 182.5307 0.95
2644 6 4 0.0600 327.2967 181.01670000000001 0.06
2645 6 4 0.0600 329.6667 181.5097 0.869
2646 6 4 0.0600 330.9837 181.5017 -1.067
2647 6 4 0.0600 329.8397 182.3587 -2.075
2648 6 4 0.0600 329.5827 180.6027 -1.652
2649 6 2 -0.1200 331.25169999999997 182.0157 0.0
2650 6 3 -0.0600 332.7397 182.0157 0.0
2651 6 1 -0.1800 333.3837 183.29170000000002 -0.40700000000000003
2652 6 4 0.0600 330.9357 181.06570000000002 0.5150000000000001
2653 6 4 0.0600 330.7847 181.9557 -0.999
2654 6 4 0.0600 333.1547 181.1467 -0.506
2655 6 4 0.0600 334.4717 183.08270000000002 -0.5140000000000001
2656 6 4 0.0600 333.3277 184.0907 0.3429999999999999
2657 6 4 0.0600 333.0707 183.6677 -1.413
2658 6 2 -0.1200 334.73969999999997 182.0157 0.0
2659 6 3 -0.0600 336.2277 182.0157 0.0
2660 6 1 -0.1800 336.8717 181.6087 1.276
2661 6 4 0.0600 334.4237 182.5307 -0.95
2662 6 4 0.0600 334.2727 181.01670000000001 -0.06
2663 6 4 0.0600 336.6427 181.5097 -0.869
2664 6 4 0.0600 337.9597 181.5017 1.067
2665 6 4 0.0600 336.8157 182.3587 2.075
2666 6 4 0.0600 336.5587 180.6027 1.652
2667 6 2 -0.1200 338.22769999999997 182.0157 0.0
2668 6 3 -0.0600 339.7157 182.0157 0.0
2669 6 1 -0.1800 340.3597 183.29170000000002 -0.40700000000000003
2670 6 4 0.0600 337.9117 181.06570000000002 0.5150000000000001
2671 6 4 0.0600 337.7607 181.9557 -0.999
2672 6 4 0.0600 340.1307 181.1467 -0.506
2673 6 4 0.0600 341.4477 183.08270000000002 -0.5140000000000001
2674 6 4 0.0600 340.3037 184.0907 0.3429999999999999
2675 6 4 0.0600 340.0467 183.6677 -1.413
2676 6 2 -0.1200 341.71569999999997 182.0157 0.0
2677 6 3 -0.0600 343.2037 182.0157 0.0
2678 6 1 -0.1800 343.8477 181.6087 1.276
2679 6 4 0.0600 341.3997 182.5307 -0.95
2680 6 4 0.0600 341.2487 181.01670000000001 -0.06
2681 6 4 0.0600 343.6187 181.5097 -0.869
2682 6 4 0.0600 344.9357 181.5017 1.067
2683 6 4 0.0600 343.7917 182.3587 2.075
2684 6 4 0.0600 343.5347 180.6027 1.652
2685 6 2 -0.1200 345.20369999999997 182.0157 0.0
2686 6 3 -0.0600 346.6917 182.0157 0.0
2687 6 1 -0.1800 347.3357 180.7397 -0.4069999999999999
2688 6 4 0.0600 344.8877 182.9657 0.5149999999999999
2689 6 4 0.0600 344.7367 182.0757 -0.999
2690 6 4 0.0600 347.1067 182.8847 -0.506
2691 6 4 0.0600 348.4237 180.9487 -0.5139999999999999
2692 6 4 0.0600 347.2797 179.94070000000002 0.34300000000000014
2693 6 4 0.0600 347.0227 180.36370000000002 -1.413
2694 6 2 -0.1200 348.69169999999997 182.0157 0.0
2695 6 3 -0.0600 350.1797 182.0157 0.0
2696 6 1 -0.1800 350.8237 181.6087 1.276
2697 6 4 0.0600 348.3757 182.5307 -0.95
2698 6 4 0.0600 348.2247 181.01670000000001 -0.06
2699 6 4 0.0600 350.5947 181.5097 -0.869
2700 6 4 0.0600 351.9117 181.5017 1.067
2701 6 4 0.0600 350.7677 182.3587 2.075
2702 6 4 0.0600 350.5107 180.6027 1.652
2703 6 2 -0.1200 351.2527 182.0157 0.0
2704 6 2 -0.1200 352.6007 181.6857 0.57
2705 6 1 -0.1800 353.6217 182.4727 -0.24500000000000002
2706 6 4 0.0600 350.4857 181.66070000000002 0.703
2707 6 4 0.0600 351.1897 181.57670000000002 -1.008
2708 6 4 0.0600 352.7577 180.5987 0.5030000000000001
2709 6 4 0.0600 352.7317 181.9907 1.618
2710 6 4 0.0600 353.4527 182.3777 -1.33
2711 6 4 0.0600 353.5157 183.5217 0.05699999999999991
2712 6 4 0.0600 354.5947 182.0157 0.0
2713 7 1 -0.1800 363.28929999999997 182.0157 0.0
2714 7 3 -0.0600 364.7733 182.0157 0.0
2715 7 1 -0.1800 365.41929999999996 181.5917 1.258
2716 7 4 0.0600 362.8123 181.0677 0.325
2717 7 4 0.0600 362.9103 182.7887 0.716
2718 7 4 0.0600 362.9523 182.3067 -1.017
2719 7 4 0.0600 365.2623 181.7237 -0.93
2720 7 4 0.0600 366.34229999999997 182.2177 1.4
2721 7 4 0.0600 365.7353 180.51670000000001 1.29
2722 7 4 0.0600 364.7153 181.75670000000002 2.096
2723 7 2 -0.1200 366.77129999999994 182.0157 0.0
2724 7 3 -0.0600 368.2593 182.0157 0.0
2725 7 1 -0.1800 368.90329999999994 180.7397 -0.4069999999999999
2726 7 4 0.0600 366.45529999999997 182.9657 0.5149999999999999
2727 7 4 0.0600 366.30429999999996 182.0757 -0.999
2728 7 4 0.0600 368.67429999999996 182.8847 -0.506
2729 7 4 0.0600 369.99129999999997 180.9487 -0.5139999999999999
2730 7 4 0.0600 368.84729999999996 179.94070000000002 0.34300000000000014
2731 7 4 0.0600 368.59029999999996 180.36370000000002 -1.413
2732 7 2 -0.1200 370.25929999999994 182.0157 0.0
2733 7 3 -0.0600 371.7473 182.0157 0.0
2734 7 1 -0.1800 372.39129999999994 181.6087 -1.276
2735 7 4 0.0600 369.94329999999997 182.5307 0.95
2736 7 4 0.0600 369.79229999999995 181.01670000000001 0.06
2737 7 4 0.0600 372.16229999999996 181.5097 0.869
2738 7 4 0.0600 373.47929999999997 181.5017 -1.067
2739 7 4 0.0600 372.33529999999996 182.3587 -2.075
2740 7 4 0.0600 372.07829999999996 180.6027 -1.652
2741 7 2 -0.1200 373.74729999999994 182.0157 0.0
2742 7 3 -0.0600 375.2353 182.0157 0.0
2743 7 1 -0.1800 375.87929999999994 183.29170000000002 -0.40700000000000003
2744 7 4 0.0600 373.43129999999996 181.06570000000002 0.5150000000000001
2745 7 4 0.0600 373.28029999999995 181.9557 -0.999
2746 7 4 0.0600 375.65029999999996 181.1467 -0.506
2747 7 4 0.0600 376.96729999999997 183.08270000000002 -0.5140000000000001
2748 7 4 0.0600 375.82329999999996 184.0907 0.3429999999999999
2749 7 4 0.0600 375.56629999999996 183.6677 -1.413
2750 7 2 -0.1200 377.23529999999994 182.0157 0.0
2751 7 3 -0.0600 378.7233 182.0157 0.0
2752 7 1 -0.1800 379.36729999999994 181.6087 -1.276
2753 7 4 0.0600 376.91929999999996 182.5307 0.95
2754 7 4 0.0600 376.76829999999995 181.01670000000001 0.06
2755 7 4 0.0600 379.13829999999996 181.5097 0.869
2756 7 4 0.0600 380.45529999999997 181.5017 -1.067
2757 7 4 0.0600 379.31129999999996 182.3587 -2.075
2758 7 4 0.0600 379.05429999999996 180.6027 -1.652
2759 7 2 -0.1200 380.72329999999994 182.0157 0.0
2760 7 3 -0.0600 382.2113 182.0157 0.0
2761 7 1 -0.1800 382.85529999999994 183.29170000000002 -0.40700000000000003
2762 7 4 0.0600 380.40729999999996 181.06570000000002 0.5150000000000001
2763 7 4 0.0600 380.25629999999995 181.9557 -0.999
2764 7 4 0.0600 382.62629999999996 181.1467 -0.506
2765 7 4 0.0600 383.94329999999997 183.08270000000002 -0.5140000000000001
2766 7 4 0.0600 382.79929999999996 184.0907 0.3429999999999999
2767 7 4 0.0600 382.54229999999995 183.6677 -1.413
2768 7 2 -0.1200 384.21129999999994 182.0157 0.0
2769 7 3 -0.0600 385.6993 182.0157 0.0
2770 7 1 -0.1800 386.34329999999994 181.6087 1.276
2771 7 4 0.0600 383.89529999999996 182.5307 -0.95
2772 7 4 0.0600 383.74429999999995 181.01670000000001 -0.06
2773 7 4 0.0600 386.11429999999996 181.5097 -0.869
2774 7 4 0.0600 387.43129999999996 181.5017 1.067
2775 7 4 0.0600 386.28729999999996 182.3587 2.075
2776 7 4 0.0600 386.03029999999995 180.6027 1.652
2777 7 2 -0.1200 387.69929999999994 182.0157 0.0
2778 7 3 -0.0600 389.1873 182.0157 0.0
2779 7 1 -0.1800 389.83129999999994 180.7397 -0.4069999999999999
2780 7 4 0.0600 387.38329999999996 182.9657 0.5149999999999999
2781 7 4 0.0600 387.23229999999995 182.0757 -0.999
2782 7 4 0.0600 389.60229999999996 182.8847 -0.506
2783 7 4 0.0600 390.91929999999996 180.9487 -0.5139999999999999
2784 7 4 0.0600 389.77529999999996 179.94070000000002 0.34300000000000014
2785 7 4 0.0600 389.51829999999995 180.36370000000002 -1.413
2786 7 2 -0.1200 391.18729999999994 182.0157 0.0
2787 7 3 -0.0600 392.6753 182.0157 0.0
2788 7 1 -0.1800 393.31929999999994 181.6087 -1.276
2789 7 4 0.0600 390.87129999999996 182.5307 0.95
2790 7 4 0.0600 390.72029999999995 181.01670000000001 0.06
2791 7 4 0.0600 393.09029999999996 181.5097 0.869
2792 7 4 0.0600 394.40729999999996 181.5017 -1.067
2793 7 4 0.0600 393.26329999999996 182.3587 -2.075
2794 7 4 0.0600 393.00629999999995 180.6027 -1.652
2795 7 2 -0.1200 394.67529999999994 182.0157 0.0
2796 7 3 -0.0600 396.1633 182.0157 0.0
2797 7 1 -0.1800 396.80729999999994 183.29170000000002 -0.40700000000000003
2798 7 4 0.0600 394.35929999999996 181.06570000000002 0.5150000000000001
2799 7 4 0.0600 394.20829999999995 181.9557 -0.999
2800 7 4 0.0600 396.57829999999996 181.1467 -0.506
2801 7 4 0.0600 397.89529999999996 183.08270000000002 -0.5140000000000001
2802 7 4 0.0600 396.75129999999996 184.0907 0.3429999999999999
2803 7 4 0.0600 396.49429999999995 183.6677 -1.413
2804 7 2 -0.1200 398.16329999999994 182.0157 0.0
2805 7 3 -0.0600 399.6513 182.0157 0.0
2806 7 1 -0.1800 400.29529999999994 181.6087 -1.276
2807 7 4 0.0600 397.84729999999996 182.5307 0.95
2808 7 4 0.0600 397.69629999999995 181.01670000000001 0.06
2809 7 4 0.0600 400.06629999999996 181.5097 0.869
2810 7 4 0.0600 401.38329999999996 181.5017 -1.067
2811 7 4 0.0600 400.23929999999996 182.3587 -2.075
2812 7 4 0.0600 399.98229999999995 180.6027 -1.652
2813 7 2 -0.1200 401.65129999999994 182.0157 0.0
2814 7 3 -0.0600 403.1393 182.0157 0.0
2815 7 1 -0.1800 403.78329999999994 183.29170000000002 -0.40700000000000003
2816 7 4 0.0600 401.33529999999996 181.06570000000002 0.5150000000000001
2817 7 4 0.0600 401.18429999999995 181.9557 -0.999
2818 7 4 0.0600 403.55429999999996 181.1467 -0.506
2819 7 4 0.0600 404.87129999999996 183.08270000000002 -0.5140000000000001
2820 7 4 0.0600 403.72729999999996 184.0907 0.3429999999999999
2821 7 4 0.0600 403.47029999999995 183.6677 -1.413
2822 7 2 -0.1200 405.13929999999993 182.0157 0.0
2823 7 3 -0.0600 406.6273 182.0157 0.0
2824 7 1 -0.1800 407.27129999999994 181.6087 -1.276
2825 7 4 0.0600 404.82329999999996 182.5307 0.95
2826 7 4 0.0600 404.67229999999995 181.01670000000001 0.06
2827 7 4 0.0600 407.04229999999995 181.5097 0.869
2828 7 4 0.0600 408.35929999999996 181.5017 -1.067
2829 7 4 0.0600 407.21529999999996 182.3587 -2.075
2830 7 4 0.0600 406.95829999999995 180.6027 -1.652
2831 7 2 -0.1200 408.6273 182.0157 0.0
2832 7 3 -0.0600 410.11530000000005 182.0157 0.0
2833 7 1 -0.1800 410.7593 180.7397 -0.4069999999999999
2834 7 4 0.0600 408.3113 182.9657 0.5149999999999999
2835 7 4 0.0600 408.1603 182.0757 -0.999
2836 7 4 0.0600 410.5303 182.8847 -0.506
2837 7 4 0.0600 411.8473 180.9487 -0.5139999999999999
2838 7 4 0.0600 410.7033 179.94070000000002 0.34300000000000014
2839 7 4 0.0600 410.4463 180.36370000000002 -1.413
2840 7 2 -0.1200 412.11529999999993 182.0157 0.0
2841 7 3 -0.0600 413.6033 182.0157 0.0
2842 7 1 -0.1800 414.24729999999994 181.6087 -1.276
2843 7 4 0.0600 411.79929999999996 182.5307 0.95
2844 7 4 0.0600 411.64829999999995 181.01670000000001 0.06
2845 7 4 0.0600 414.01829999999995 181.5097 0.869
2846 7 4 0.0600 415.33529999999996 181.5017 -1.067
2847 7 4 0.0600 414.19129999999996 182.3587 -2.075
2848 7 4 0.0600 413.93429999999995 180.6027 -1.652
2849 7 2 -0.1200 415.6033 182.0157 0.0
2850 7 3 -0.0600 417.09130000000005 182.0157 0.0
2851 7 1 -0.1800 417.7353 183.29170000000002 -0.40700000000000003
2852 7 4 0.0600 415.2873 181.06570000000002 0.5150000000000001
2853 7 4 0.0600 415.1363 181.9557 -0.999
2854 7 4 0.0600 417.5063 181.1467 -0.506
2855 7 4 0.0600 418.8233 183.08270000000002 -0.5140000000000001
2856 7 4 0.0600 417.6793 184.0907 0.3429999999999999
2857 7 4 0.0600 417.4223 183.6677 -1.413
2858 7 2 -0.1200 419.09129999999993 182.0157 0.0
2859 7 3 -0.0600 420.5793 182.0157 0.0
2860 7 1 -0.1800 421.22329999999994 181.6087 -1.276
2861 7 4 0.0600 418.77529999999996 182.5307 0.95
2862 7 4 0.0600 418.62429999999995 181.01670000000001 0.06
2863 7 4 0.0600 420.99429999999995 181.5097 0.869
2864 7 4 0.0600 422.31129999999996 181.5017 -1.067
2865 7 4 0.0600 421.16729999999995 182.3587 -2.075
2866 7 4 0.0600 420.91029999999995 180.6027 -1.652
2867 7 2 -0.1200 422.5793 182.0157 0.0
2868 7 3 -0.0600 424.06730000000005 182.0157 0.0
2869 7 1 -0.1800 424.7113 183.29170000000002 -0.40700000000000003
2870 7 4 0.0600 422.2633 181.06570000000002 0.5150000000000001
2871 7 4 0.0600 422.1123 181.9557 -0.999
2872 7 4 0.0600 424.4823 181.1467 -0.506
2873 7 4 0.0600 425.7993 183.08270000000002 -0.5140000000000001
2874 7 4 0.0600 424.6553 184.0907 0.3429999999999999
2875 7 4 0.0600 424.3983 183.6677 -1.413
2876 7 2 -0.1200 426.06729999999993 182.0157 0.0
2877 7 3 -0.0600 427.5553 182.0157 0.0
2878 7 1 -0.1800 428.19929999999994 181.6087 -1.276
2879 7 4 0.0600 425.75129999999996 182.5307 0.95
2880 7 4 0.0600 425.60029999999995 181.01670000000001 0.06
2881 7 4 0.0600 427.97029999999995 181.5097 0.869
2882 7 4 0.0600 429.28729999999996 181.5017 -1.067
2883 7 4 0.0600 428.14329999999995 182.3587 -2.075
2884 7 4 0.0600 427.88629999999995 180.6027 -1.652
2885 7 2 -0.1200 429.5553 182.0157 0.0
2886 7 3 -0.0600 431.04330000000004 182.0157 0.0
2887 7 1 -0.1800 431.6873 180.7397 -0.4069999999999999
2888 7 4 0.0600 429.2393 182.9657 0.5149999999999999
2889 7 4 0.0600 429.0883 182.0757 -0.999
2890 7 4 0.0600 431.4583 182.8847 -0.506
2891 7 4 0.0600 432.7753 180.9487 -0.5139999999999999
2892 7 4 0.0600 431.6313 179.94070000000002 0.34300000000000014
2893 7 4 0.0600 431.3743 180.36370000000002 -1.413
2894 7 2 -0.1200 433.04329999999993 182.0157 0.0
2895 7 3 -0.0600 434.5313 182.0157 0.0
2896 7 1 -0.1800 435.17529999999994 181.6087 1.276
2897 7 4 0.0600 432.72729999999996 182.5307 -0.95
2898 7 4 0.0600 432.57629999999995 181.01670000000001 -0.06
2899 7 4 0.0600 434.94629999999995 181.5097 -0.869
2900 7 4 0.0600 436.26329999999996 181.5017 1.067
2901 7 4 0.0600 435.11929999999995 182.3587 2.075
2902 7 4 0.0600 434.86229999999995 180.6027 1.652
2903 7 2 -0.1200 436.5313 182.0157 0.0
2904 7 3 -0.0600 438.01930000000004 182.0157 0.0
2905 7 1 -0.1800 438.6633 183.29170000000002 -0.40700000000000003
2906 7 4 0.0600 436.2153 181.06570000000002 0.5150000000000001
2907 7 4 0.0600 436.0643 181.9557 -0.999
2908 7 4 0.0600 438.4343 181.1467 -0.506
2909 7 4 0.0600 439.7513 183.08270000000002 -0.5140000000000001
2910 7 4 0.0600 438.6073 184.0907 0.3429999999999999
2911 7 4 0.0600 438.3503 183.6677 -1.413
2912 7 2 -0.1200 440.01929999999993 182.0157 0.0
2913 7 3 -0.0600 441.5073 182.0157 0.0
2914 7 1 -0.1800 442.15129999999994 181.6087 -1.276
2915 7 4 0.0600 439.70329999999996 182.5307 0.95
2916 7 4 0.0600 439.55229999999995 181.01670000000001 0.06
2917 7 4 0.0600 441.92229999999995 181.5097 0.869
2918 7 4 0.0600 443.23929999999996 181.5017 -1.067
2919 7 4 0.0600 442.09529999999995 182.3587 -2.075
2920 7 4 0.0600 441.83829999999995 180.6027 -1.652
2921 7 2 -0.1200 443.5073 182.0157 0.0
2922 7 3 -0.0600 444.99530000000004 182.0157 0.0
2923 7 1 -0.1800 445.6393 180.7397 -0.4069999999999999
2924 7 4 0.0600 443.1913 182.9657 0.5149999999999999
2925 7 4 0.0600 443.0403 182.0757 -0.999
2926 7 4 0.0600 445.4103 182.8847 -0.506
2927 7 4 0.0600 446.7273 180.9487 -0.5139999999999999
2928 7 4 0.0600 445.5833 179.94070000000002 0.34300000000000014
2929 7 4 0.0600 445.3263 180.36370000000002 -1.413
2930 7 2 -0.1200 446.99529999999993 182.0157 0.0
2931 7 3 -0.0600 448.4833 182.0157 0.0
2932 7 1 -0.1800 449.12729999999993 181.6087 -1.276
2933 7 4 0.0600 446.67929999999996 182.5307 0.95
2934 7 4 0.0600 446.52829999999994 181.01670000000001 0.06
2935 7 4 0.0600 448.89829999999995 181.5097 0.869
2936 7 4 0.0600 450.21529999999996 181.5017 -1.067
2937 7 4 0.0600 449.07129999999995 182.3587 -2.075
2938 7 4 0.0600 448.81429999999995 180.6027 -1.652
2939 7 2 -0.1200 450.4833 182.0157 0.0
2940 7 3 -0.0600 451.97130000000004 182.0157 0.0
2941 7 1 -0.1800 452.6153 183.29170000000002 -0.40700000000000003
2942 7 4 0.0600 450.1673 181.06570000000002 0.5150000000000001
2943 7 4 0.0600 450.0163 181.9557 -0.999
2944 7 4 0.0600 452.3863 181.1467 -0.506
2945 7 4 0.0600 453.7033 183.08270000000002 -0.5140000000000001
2946 7 4 0.0600 452.5593 184.0907 0.3429999999999999
2947 7 4 0.0600 452.3023 183.6677 -1.413
2948 7 2 -0.1200 453.9712999999999 182.0157 0.0
2949 7 3 -0.0600 455.4593 182.0157 0.0
2950 7 1 -0.1800 456.10329999999993 181.6087 1.276
2951 7 4 0.0600 453.65529999999995 182.5307 -0.95
2952 7 4 0.0600 453.50429999999994 181.01670000000001 -0.06
2953 7 4 0.0600 455.87429999999995 181.5097 -0.869
2954 7 4 0.0600 457.19129999999996 181.5017 1.067
2955 7 4 0.0600 456.04729999999995 182.3587 2.075
2956 7 4 0.0600 455.79029999999995 180.6027 1.652
2957 7 2 -0.1200 457.4593 182.0157 0.0
2958 7 3 -0.0600 458.94730000000004 182.0157 0.0
2959 7 1 -0.1800 459.5913 183.29170000000002 -0.40700000000000003
2960 7 4 0.0600 457.1433 181.06570000000002 0.5150000000000001
2961 7 4 0.0600 456.9923 181.9557 -0.999
2962 7 4 0.0600 459.3623 181.1467 -0.506
2963 7 4 0.0600 460.6793 183.08270000000002 -0.5140000000000001
2964 7 4 0.0600 459.5353 184.0907 0.3429999999999999
2965 7 4 0.0600 459.2783 183.6677 -1.413
2966 7 2 -0.1200 460.9472999999999 182.0157 0.0
2967 7 3 -0.0600 462.4353 182.0157 0.0
2968 7 1 -0.1800 463.07929999999993 181.6087 -1.276
2969 7 4 0.0600 460.63129999999995 182.5307 0.95
2970 7 4 0.0600 460.48029999999994 181.01670000000001 0.06
2971 7 4 0.0600 462.85029999999995 181.5097 0.869
2972 7 4 0.0600 464.16729999999995 181.5017 -1.067
2973 7 4 0.0600 463.02329999999995 182.3587 -2.075
2974 7 4 0.0600 462.76629999999994 180.6027 -1.652
2975 7 2 -0.1200 464.4353 182.0157 0.0
2976 7 3 -0.0600 465.92330000000004 182.0157 0.0
2977 7 1 -0.1800 466.5673 183.29170000000002 -0.40700000000000003
2978 7 4 0.0600 464.1193 181.06570000000002 0.5150000000000001
2979 7 4 0.0600 463.9683 181.9557 -0.999
2980 7 4 0.0600 466.3383 181.1467 -0.506
2981 7 4 0.0600 467.6553 183.08270000000002 -0.5140000000000001
2982 7 4 0.0600 466.5113 184.0907 0.3429999999999999
2983 7 4 0.0600 466.2543 183.6677 -1.413
2984 7 2 -0.1200 467.9232999999999 182.0157 0.0
2985 7 3 -0.0600 469.4113 182.0157 0.0
2986 7 1 -0.1800 470.05529999999993 181.6087 -1.276
2987 7 4 0.0600 467.60729999999995 182.5307 0.95
2988 7 4 0.0600 467.45629999999994 181.01670000000001 0.06
2989 7 4 0.0600 469.82629999999995 181.5097 0.869
2990 7 4 0.0600 471.14329999999995 181.5017 -1.067
2991 7 4 0.0600 469.99929999999995 182.3587 -2.075
2992 7 4 0.0600 469.74229999999994 180.6027 -1.652
2993 7 2 -0.1200 471.4113 182.0157 0.0
2994 7 3 -0.0600 472.89930000000004 182.0157 0.0
2995 7 1 -0.1800 473.5433 183.29170000000002 -0.40700000000000003
2996 7 4 0.0600 471.0953 181.06570000000002 0.5150000000000001
2997 7 4 0.0600 470.9443 181.9557 -0.999
2998 7 4 0.0600 473.3143 181.1467 -0.506
2999 7 4 0.0600 474.6313 183.08270000000002 -0.5140000000000001
3000 7 4 0.0600 473.4873 184.0907 0.3429999999999999
3001 7 4 0.0600 473.2303 183.6677 -1.413
3002 7 2 -0.1200 474.8992999999999 182.0157 0.0
3003 7 3 -0.0600 476.3873 182.0157 0.0
3004 7 1 -0.1800 477.03129999999993 181.6087 1.276
3005 7 4 0.0600 474.58329999999995 182.5307 -0.95
3006 7 4 0.0600 474.43229999999994 181.01670000000001 -0.06
3007 7 4 0.0600 476.80229999999995 181.5097 -0.869
3008 7 4 0.0600 478.11929999999995 181.5017 1.067
3009 7 4 0.0600 476.97529999999995 182.3587 2.075
3010 7 4 0.0600 476.71829999999994 180.6027 1.652
3011 7 2 -0.1200 478.3873 182.0157 0.0
3012 7 3 -0.0600 479.87530000000004 182.0157 0.0
3013 7 1 -0.1800 480.5193 183.29170000000002 -0.40700000000000003
3014 7 4 0.0600 478.0713 181.06570000000002 0.5150000000000001
3015 7 4 0.0600 477.9203 181.9557 -0.999
3016 7 4 0.0600 480.2903 181.1467 -0.506
3017 7 4 0.0600 481.6073 183.08270000000002 -0.5140000000000001
3018 7 4 0.0600 480.4633 184.0907 0.3429999999999999
3019 7 4 0.0600 480.2063 183.6677 -1.413
3020 7 2 -0.1200 481.8752999999999 182.0157 0.0
3021 7 3 -0.0600 483.3633 182.0157 0.0
3022 7 1 -0.1800 484.00729999999993 181.6087 1.276
3023 7 4 0.0600 481.55929999999995 182.5307 -0.95
3024 7 4 0.0600 481.40829999999994 181.01670000000001 -0.06
3025 7 4 0.0600 483.77829999999994 181.5097 -0.869
3026 7 4 0.0600 485.09529999999995 181.5017 1.067
3027 7 4 0.0600 483.95129999999995 182.3587 2.075
3028 7 4 0.0600 483.69429999999994 180.6027 1.652
3029 7 2 -0.1200 485.3633 182.0157 0.0
3030 7 3 -0.0600 486.85130000000004 182.0157 0.0
3031 7 1 -0.1800 487.4953 180.7397 -0.4069999999999999
3032 7 4 0.0600 485.0473 182.9657 0.5149999999999999
3033 7 4 0.0600 484.8963 182.0757 -0.999
3034 7 4 0.0600 487.2663 182.8847 -0.506
3035 7 4 0.0600 488.5833 180.9487 -0.5139999999999999
3036 7 4 0.0600 487.4393 179.94070000000002 0.34300000000000014
3037 7 4 0.0600 487.1823 180.36370000000002 -1.413
3038 7 2 -0.1200 488.8512999999999 182.0157 0.0
3039 7 3 -0.0600 490.3393 182.0157 0.0
3040 7 1 -0.1800 490.98329999999993 181.6087 1.276
3041 7 4 0.0600 488.53529999999995 182.5307 -0.95
3042 7 4 0.0600 488.38429999999994 181.01670000000001 -0.06
3043 7 4 0.0600 490.75429999999994 181.5097 -0.869
3044 7 4 0.0600 492.07129999999995 181.5017 1.067
3045 7 4 0.0600 490.92729999999995 182.3587 2.075
3046 7 4 0.0600 490.67029999999994 180.6027 1.652
3047 7 2 -0.1200 492.3393 182.0157 0.0
3048 7 3 -0.0600 493.82730000000004 182.0157 0.0
3049 7 1 -0.1800 494.4713 183.29170000000002 -0.40700000000000003
3050 7 4 0.0600 492.0233 181.06570000000002 0.5150000000000001
3051 7 4 0.0600 491.8723 181.9557 -0.999
3052 7 4 0.0600 494.2423 181.1467 -0.506
3053 7 4 0.0600 495.5593 183.08270000000002 -0.5140000000000001
3054 7 4 0.0600 494.4153 184.0907 0.3429999999999999
3055 7 4 0.0600 494.1583 183.6677 -1.413
3056 7 2 -0.1200 495.8272999999999 182.0157 0.0
3057 7 3 -0.0600 497.3153 182.0157 0.0
3058 7 1 -0.1800 497.9592999999999 181.6087 1.276
3059 7 4 0.0600 495.51129999999995 182.5307 -0.95
3060 7 4 0.0600 495.36029999999994 181.01670000000001 -0.06
3061 7 4 0.0600 497.73029999999994 181.5097 -0.869
3062 7 4 0.0600 499.04729999999995 181.5017 1.067
3063 7 4 0.0600 497.90329999999994 182.3587 2.075
3064 7 4 0.0600 497.64629999999994 180.6027 1.652
3065 7 2 -0.1200 499.3153 182.0157 0.0
3066 7 3 -0.0600 500.80330000000004 182.0157 0.0
3067 7 1 -0.1800 501.4473 183.29170000000002 -0.40700000000000003
3068 7 4 0.0600 498.9993 181.06570000000002 0.5150000000000001
3069 7 4 0.0600 498.8483 181.9557 -0.999
3070 7 4 0.0600 501.2183 181.1467 -0.506
3071 7 4 0.0600 502.5353 183.08270000000002 -0.5140000000000001
3072 7 4 0.0600 501.3913 184.0907 0.3429999999999999
3073 7 4 0.0600 501.1343 183.6677 -1.413
3074 7 2 -0.1200 502.8032999999999 182.0157 0.0
3075 7 3 -0.0600 504.2913 182.0157 0.0
3076 7 1 -0.1800 504.9352999999999 181.6087 -1.276
3077 7 4 0.0600 502.48729999999995 182.5307 0.95
3078 7 4 0.0600 502.33629999999994 181.01670000000001 0.06
3079 7 4 0.0600 504.70629999999994 181.5097 0.869
3080 7 4 0.0600 506.02329999999995 181.5017 -1.067
3081 7 4 0.0600 504.87929999999994 182.3587 -2.075
3082 7 4 0.0600 504.62229999999994 180.6027 -1.652
3083 7 2 -0.1200 506.2913 182.0157 0.0
3084 7 3 -0.0600 507.77930000000003 182.0157 0.0
3085 7 1 -0.1800 508.4233 183.29170000000002 -0.40700000000000003
3086 7 4 0.0600 505.9753 181.06570000000002 0.5150000000000001
3087 7 4 0.0600 505.8243 181.9557 -0.999
3088 7 4 0.0600 508.1943 181.1467 -0.506
3089 7 4 0.0600 509.5113 183.08270000000002 -0.5140000000000001
3090 7 4 0.0600 508.3673 184.0907 0.3429999999999999
3091 7 4 0.0600 508.1103 183.6677 -1.413
3092 7 2 -0.1200 509.7792999999999 182.0157 0.0
3093 7 3 -0.0600 511.2673 182.0157 0.0
3094 7 1 -0.1800 511.9112999999999 181.6087 1.276
3095 7 4 0.0600 509.46329999999995 182.5307 -0.95
3096 7 4 0.0600 509.31229999999994 181.01670000000001 -0.06
3097 7 4 0.0600 511.68229999999994 181.5097 -0.869
3098 7 4 0.0600 512.9993 181.5017 1.067
3099 7 4 0.0600 511.85529999999994 182.3587 2.075
3100 7 4 0.0600 511.59829999999994 180.6027 1.652
3101 7 2 -0.1200 513.2673 182.0157 0.0
3102 7 3 -0.0600 514.7553 182.0157 0.0
3103 7 1 -0.1800 515.3993 183.29170000000002 -0.40700000000000003
3104 7 4 0.0600 512.9513000000001 181.06570000000002 0.5150000000000001
3105 7 4 0.0600 512.8003 181.9557 -0.999
3106 7 4 0.0600 515.1703 181.1467 -0.506
3107 7 4 0.0600 516.4873 183.08270000000002 -0.5140000000000001
3108 7 4 0.0600 515.3433 184.0907 0.3429999999999999
3109 7 4 0.0600 515.0863 183.6677 -1.413
3110 7 2 -0.1200 516.7552999999999 182.0157 0.0
3111 7 3 -0.0600 518.2433 182.0157 0.0
3112 7 1 -0.1800 518.8873 181.6087 1.276
3113 7 4 0.0600 516.4393 182.5307 -0.95
3114 7 4 0.0600 516.2882999999999 181.01670000000001 -0.06
3115 7 4 0.0600 518.6582999999999 181.5097 -0.869
3116 7 4 0.0600 519.9753 181.5017 1.067
3117 7 4 0.0600 518.8312999999999 182.3587 2.075
3118 7 4 0.0600 518.5743 180.6027 1.652
3119 7 2 -0.1200 520.2433 182.0157 0.0
3120 7 3 -0.0600 521.7313 182.0157 0.0
3121 7 1 -0.1800 522.3753 180.7397 -0.4069999999999999
3122 7 4 0.0600 519.9273000000001 182.9657 0.5149999999999999
3123 7 4 0.0600 519.7763 182.0757 -0.999
3124 7 4 0.0600 522.1463 182.8847 -0.506
3125 7 4 0.0600 523.4633 180.9487 -0.5139999999999999
3126 7 4 0.0600 522.3193 179.94070000000002 0.34300000000000014
3127 7 4 0.0600 522.0623 180.36370000000002 -1.413
3128 7 2 -0.1200 523.7312999999999 182.0157 0.0
3129 7 3 -0.0600 525.2193 182.0157 0.0
3130 7 1 -0.1800 525.8633 181.6087 1.276
3131 7 4 0.0600 523.4153 182.5307 -0.95
3132 7 4 0.0600 523.2642999999999 181.01670000000001 -0.06
3133 7 4 0.0600 525.6342999999999 181.5097 -0.869
3134 7 4 0.0600 526.9513 181.5017 1.067
3135 7 4 0.0600 525.8072999999999 182.3587 2.075
3136 7 4 0.0600 525.5503 180.6027 1.652
3137 7 2 -0.1200 527.2193 182.0157 0.0
3138 7 3 -0.0600 528.7073 182.0157 0.0
3139 7 1 -0.1800 529.3513 183.29170000000002 -0.40700000000000003
3140 7 4 0.0600 526.9033000000001 181.06570000000002 0.5150000000000001
3141 7 4 0.0600 526.7523 181.9557 -0.999
3142 7 4 0.0600 529.1223 181.1467 -0.506
3143 7 4 0.0600 530.4393 183.08270000000002 -0.5140000000000001
3144 7 4 0.0600 529.2953 184.0907 0.3429999999999999
3145 7 4 0.0600 529.0383 183.6677 -1.413
3146 7 2 -0.1200 530.7072999999999 182.0157 0.0
3147 7 3 -0.0600 532.1953 182.0157 0.0
3148 7 1 -0.1800 532.8393 181.6087 1.276
3149 7 4 0.0600 530.3913 182.5307 -0.95
3150 7 4 0.0600 530.2402999999999 181.01670000000001 -0.06
3151 7 4 0.0600 532.6102999999999 181.5097 -0.869
3152 7 4 0.0600 533.9273 181.5017 1.067
3153 7 4 0.0600 532.7832999999999 182.3587 2.075
3154 7 4 0.0600 532.5263 180.6027 1.652
3155 7 2 -0.1200 533.2683 182.0157 0.0
3156 7 2 -0.1200 534.6163 182.34570000000002 0.57
3157 7 1 -0.1800 535.6373 181.55870000000002 -0.24499999999999997
3158 7 4 0.0600 532.5013 182.3707 0.703
3159 7 4 0.0600 533.2053 182.4547 -1.008
3160 7 4 0.0600 534.7733 183.4327 0.5029999999999999
3161 7 4 0.0600 534.7473 182.04070000000002 1.618
3162 7 4 0.0600 535.4683 181.65370000000001 -1.33
3163 7 4 0.0600 535.5313 180.5097 0.05700000000000009
3164 7 4 0.0600 536.6103 182.0157 0.0
3165 8 1 -0.1800 545.3050000000001 182.0157 0.0
3166 8 3 -0.0600 546.789 182.0157 0.0
3167 8 1 -0.1800 547.4350000000001 181.5917 -1.258
3168 8 4 0.0600 544.828 181.0677 -0.325
3169 8 4 0.0600 544.926 182.7887 -0.716
3170 8 4 0.0600 544.9680000000001 182.3067 1.017
3171 8 4 0.0600 547.278 181.7237 0.93
3172 8 4 0.0600 548.3580000000001 182.2177 -1.4
3173 8 4 0.0600 547.751 180.51670000000001 -1.29
3174 8 4 0.0600 546.731 181.75670000000002 -2.096
3175 8 2 -0.1200 548.787 182.0157 0.0
3176 8 3 -0.0600 550.2750000000001 182.0157 0.0
3177 8 1 -0.1800 550.9190000000001 180.7397 -0.4069999999999999
3178 8 4 0.0600 548.4710000000001 182.9657 0.5149999999999999
3179 8 4 0.0600 548.32 182.0757 -0.999
3180 8 4 0.0600 550.69 182.8847 -0.506
3181 8 4 0.0600 552.0070000000001 180.9487 -0.5139999999999999
3182 8 4 0.0600 550.863 179.94070000000002 0.34300000000000014
3183 8 4 0.0600 550.6060000000001 180.36370000000002 -1.413
3184 8 2 -0.1200 552.275 182.0157 0.0
3185 8 3 -0.0600 553.763 182.0157 0.0
3186 8 1 -0.1800 554.407 181.6087 -1.276
3187 8 4 0.0600 551.9590000000001 182.5307 0.95
3188 8 4 0.0600 551.808 181.01670000000001 0.06
3189 8 4 0.0600 554.178 181.5097 0.869
3190 8 4 0.0600 555.495 181.5017 -1.067
3191 8 4 0.0600 554.351 182.3587 -2.075
3192 8 4 0.0600 554.094 180.6027 -1.652
3193 8 2 -0.1200 555.763 182.0157 0.0
3194 8 3 -0.0600 557.2510000000001 182.0157 0.0
3195 8 1 -0.1800 557.8950000000001 183.29170000000002 -0.40700000000000003
3196 8 4 0.0600 555.4470000000001 181.06570000000002 0.5150000000000001
3197 8 4 0.0600 555.296 181.9557 -0.999
3198 8 4 0.0600 557.666 181.1467 -0.506
3199 8 4 0.0600 558.9830000000001 183.08270000000002 -0.5140000000000001
3200 8 4 0.0600 557.839 184.0907 0.3429999999999999
3201 8 4 0.0600 557.5820000000001 183.6677 -1.413
3202 8 2 -0.1200 559.251 182.0157 0.0
3203 8 3 -0.0600 560.739 182.0157 0.0
3204 8 1 -0.1800 561.383 181.6087 1.276
3205 8 4 0.0600 558.9350000000001 182.5307 -0.95
3206 8 4 0.0600 558.784 181.01670000000001 -0.06
3207 8 4 0.0600 561.154 181.5097 -0.869
3208 8 4 0.0600 562.471 181.5017 1.067
3209 8 4 0.0600 561.327 182.3587 2.075
3210 8 4 0.0600 561.07 180.6027 1.652
3211 8 2 -0.1200 562.739 182.0157 0.0
3212 8 3 -0.0600 564.2270000000001 182.0157 0.0
3213 8 1 -0.1800 564.8710000000001 180.7397 -0.4069999999999999
3214 8 4 0.0600 562.4230000000001 182.9657 0.5149999999999999
3215 8 4 0.0600 562.272 182.0757 -0.999
3216 8 4 0.0600 564.642 182.8847 -0.506
3217 8 4 0.0600 565.9590000000001 180.9487 -0.5139999999999999
3218 8 4 0.0600 564.815 179.94070000000002 0.34300000000000014
3219 8 4 0.0600 564.5580000000001 180.36370000000002 -1.413
3220 8 2 -0.1200 566.227 182.0157 0.0
3221 8 3 -0.0600 567.715 182.0157 0.0
3222 8 1 -0.1800 568.359 181.6087 -1.276
3223 8 4 0.0600 565.9110000000001 182.5307 0.95
3224 8 4 0.0600 565.76 181.01670000000001 0.06
3225 8 4 0.0600 568.13 181.5097 0.869
3226 8 4 0.0600 569.447 181.5017 -1.067
3227 8 4 0.0600 568.303 182.3587 -2.075
3228 8 4 0.0600 568.046 180.6027 -1.652
3229 8 2 -0.1200 569.715 182.0157 0.0
3230 8 3 -0.0600 571.2030000000001 182.0157 0.0
3231 8 1 -0.1800 571.8470000000001 183.29170000000002 -0.40700000000000003
3232 8 4 0.0600 569.3990000000001 181.06570000000002 0.5150000000000001
3233 8 4 0.0600 569.248 181.9557 -0.999
3234 8 4 0.0600 571.618 181.1467 -0.506
3235 8 4 0.0600 572.9350000000001 183.08270000000002 -0.5140000000000001
3236 8 4 0.0600 571.791 184.0907 0.3429999999999999
3237 8 4 0.0600 571.5340000000001 183.6677 -1.413
3238 8 2 -0.1200 573.203 182.0157 0.0
3239 8 3 -0.0600 574.691 182.0157 0.0
3240 8 1 -0.1800 575.335 181.6087 -1.276
3241 8 4 0.0600 572.8870000000001 182.5307 0.95
3242 8 4 0.0600 572.736 181.01670000000001 0.06
3243 8 4 0.0600 575.106 181.5097 0.869
3244 8 4 0.0600 576.423 181.5017 -1.067
3245 8 4 0.0600 575.279 182.3587 -2.075
3246 8 4 0.0600 575.022 180.6027 -1.652
3247 8 2 -0.1200 576.691 182.0157 0.0
3248 8 3 -0.0600 578.1790000000001 182.0157 0.0
3249 8 1 -0.1800 578.8230000000001 180.7397 -0.4069999999999999
3250 8 4 0.0600 576.3750000000001 182.9657 0.5149999999999999
3251 8 4 0.0600 576.224 182.0757 -0.999
3252 8 4 0.0600 578.594 182.8847 -0.506
3253 8 4 0.0600 579.9110000000001 180.9487 -0.5139999999999999
3254 8 4 0.0600 578.767 179.94070000000002 0.34300000000000014
3255 8 4 0.0600 578.5100000000001 180.36370000000002 -1.413
3256 8 2 -0.1200 580.179 182.0157 0.0
3257 8 3 -0.0600 581.667 182.0157 0.0
3258 8 1 -0.1800 582.311 181.6087 1.276
3259 8 4 0.0600 579.863 182.5307 -0.95
3260 8 4 0.0600 579.712 181.01670000000001 -0.06
3261 8 4 0.0600 582.082 181.5097 -0.869
3262 8 4 0.0600 583.399 181.5017 1.067
3263 8 4 0.0600 582.255 182.3587 2.075
3264 8 4 0.0600 581.998 180.6027 1.652
3265 8 2 -0.1200 583.667 182.0157 0.0
3266 8 3 -0.0600 585.1550000000001 182.0157 0.0
3267 8 1 -0.1800 585.7990000000001 180.7397 -0.4069999999999999
3268 8 4 0.0600 583.3510000000001 182.9657 0.5149999999999999
3269 8 4 0.0600 583.2 182.0757 -0.999
3270 8 4 0.0600 585.57 182.8847 -0.506
3271 8 4 0.0600 586.8870000000001 180.9487 -0.5139999999999999
3272 8 4 0.0600 585.743 179.94070000000002 0.34300000000000014
3273 8 4 0.0600 585.4860000000001 180.36370000000002 -1.413
3274 8 2 -0.1200 587.155 182.0157 0.0
3275 8 3 -0.0600 588.643 182.0157 0.0
3276 8 1 -0.1800 589.287 181.6087 1.276
3277 8 4 0.0600 586.839 182.5307 -0.95
3278 8 4 0.0600 586.688 181.01670000000001 -0.06
3279 8 4 0.0600 589.058 181.5097 -0.869
3280 8 4 0.0600 590.375 181.5017 1.067
3281 8 4 0.0600 589.231 182.3587 2.075
3282 8 4 0.0600 588.974 180.6027 1.652
3283 8 2 -0.1200 590.643 182.0157 0.0
3284 8 3 -0.0600 592.1310000000001 182.0157 0.0
3285 8 1 -0.1800 592.7750000000001 183.29170000000002 -0.40700000000000003
3286 8 4 0.0600 590.3270000000001 181.06570000000002 0.5150000000000001
3287 8 4 0.0600 590.176 181.9557 -0.999
3288 8 4 0.0600 592.546 181.1467 -0.506
3289 8 4 0.0600 593.863 183.08270000000002 -0.5140000000000001
3290 8 4 0.0600 592.719 184.0907 0.3429999999999999
3291 8 4 0.0600 592.4620000000001 183.6677 -1.413
3292 8 2 -0.1200 594.131 182.0157 0.0
3293 8 3 -0.0600 595.619 182.0157 0.0
3294 8 1 -0.1800 596.263 181.6087 -1.276
3295 8 4 0.0600 593.815 182.5307 0.95
3296 8 4 0.0600 593.664 181.01670000000001 0.06
3297 8 4 0.0600 596.034 181.5097 0.869
3298 8 4 0.0600 597.351 181.5017 -1.067
3299 8 4 0.0600 596.207 182.3587 -2.075
3300 8 4 0.0600 595.95 180.6027 -1.652
3301 8 2 -0.1200 597.619 182.0157 0.0
3302 8 3 -0.0600 599.1070000000001 182.0157 0.0
3303 8 1 -0.1800 599.7510000000001 183.29170000000002 -0.40700000000000003
3304 8 4 0.0600 597.3030000000001 181.06570000000002 0.5150000000000001
3305 8 4 0.0600 597.152 181.9557 -0.999
3306 8 4 0.0600 599.522 181.1467 -0.506
3307 8 4 0.0600 600.839 183.08270000000002 -0.5140000000000001
3308 8 4 0.0600 599.695 184.0907 0.3429999999999999
3309 8 4 0.0600 599.4380000000001 183.6677 -1.413
3310 8 2 -0.1200 601.107 182.0157 0.0
3311 8 3 -0.0600 602.595 182.0157 0.0
3312 8 1 -0.1800 603.239 181.6087 -1.276
3313 8 4 0.0600 600.791 182.5307 0.95
3314 8 4 0.0600 600.64 181.01670000000001 0.06
3315 8 4 0.0600 603.01 181.5097 0.869
3316 8 4 0.0600 604.327 181.5017 -1.067
3317 8 4 0.0600 603.183 182.3587 -2.075
3318 8 4 0.0600 602.926 180.6027 -1.652
3319 8 2 -0.1200 604.595 182.0157 0.0
3320 8 3 -0.0600 606.0830000000001 182.0157 0.0
3321 8 1 -0.1800 606.7270000000001 183.29170000000002 -0.40700000000000003
3322 8 4 0.0600 604.2790000000001 181.06570000000002 0.5150000000000001
3323 8 4 0.0600 604.128 181.9557 -0.999
3324 8 4 0.0600 606.498 181.1467 -0.506
3325 8 4 0.0600 607.815 183.08270000000002 -0.5140000000000001
3326 8 4 0.0600 606.671 184.0907 0.3429999999999999
3327 8 4 0.0600 606.4140000000001 183.6677 -1.413
3328 8 2 -0.1200 608.083 182.0157 0.0
3329 8 3 -0.0600 609.571 182.0157 0.0
3330 8 1 -0.1800 610.215 181.6087 1.276
3331 8 4 0.0600 607.767 182.5307 -0.95
3332 8 4 0.0600 607.616 181.01670000000001 -0.06
3333 8 4 0.0600 609.986 181.5097 -0.869
3334 8 4 0.0600 611.303 181.5017 1.067
3335 8 4 0.0600 610.159 182.3587 2.075
3336 8 4 0.0600 609.902 180.6027 1.652
3337 8 2 -0.1200 611.571 182.0157 0.0
3338 8 3 -0.0600 613.0590000000001 182.0157 0.0
3339 8 1 -0.1800 613.7030000000001 180.7397 -0.4069999999999999
3340 8 4 0.0600 611.2550000000001 182.9657 0.5149999999999999
3341 8 4 0.0600 611.104 182.0757 -0.999
3342 8 4 0.0600 613.474 182.8847 -0.506
3343 8 4 0.0600 614.791 180.9487 -0.5139999999999999
3344 8 4 0.0600 613.647 179.94070000000002 0.34300000000000014
3345 8 4 0.0600 613.3900000000001 180.36370000000002 -1.413
3346 8 2 -0.1200 615.059 182.0157 0.0
3347 8 3 -0.0600 616.547 182.0157 0.0
3348 8 1 -0.1800 617.191 181.6087 1.276
3349 8 4 0.0600 614.743 182.5307 -0.95
3350 8 4 0.0600 614.592 181.01670000000001 -0.06
3351 8 4 0.0600 616.962 181.5097 -0.869
3352 8 4 0.0600 618.279 181.5017 1.067
3353 8 4 0.0600 617.135 182.3587 2.075
3354 8 4 0.0600 616.878 180.6027 1.652
3355 8 2 -0.1200 618.547 182.0157 0.0
3356 8 3 -0.0600 620.0350000000001 182.0157 0.0
3357 8 1 -0.1800 620.6790000000001 180.7397 -0.4069999999999999
3358 8 4 0.0600 618.2310000000001 182.9657 0.5149999999999999
3359 8 4 0.0600 618.08 182.0757 -0.999
3360 8 4 0.0600 620.45 182.8847 -0.506
3361 8 4 0.0600 621.767 180.9487 -0.5139999999999999
3362 8 4 0.0600 620.623 179.94070000000002 0.34300000000000014
3363 8 4 0.0600 620.3660000000001 180.36370000000002 -1.413
3364 8 2 -0.1200 622.035 182.0157 0.0
3365 8 3 -0.0600 623.523 182.0157 0.0
3366 8 1 -0.1800 624.167 181.6087 1.276
3367 8 4 0.0600 621.719 182.5307 -0.95
3368 8 4 0.0600 621.568 181.01670000000001 -0.06
3369 8 4 0.0600 623.938 181.5097 -0.869
3370 8 4 0.0600 625.255 181.5017 1.067
3371 8 4 0.0600 624.111 182.3587 2.075
3372 8 4 0.0600 623.854 180.6027 1.652
3373 8 2 -0.1200 625.523 182.0157 0.0
3374 8 3 -0.0600 627.0110000000001 182.0157 0.0
3375 8 1 -0.1800 627.6550000000001 183.29170000000002 -0.40700000000000003
3376 8 4 0.0600 625.2070000000001 181.06570000000002 0.5150000000000001
3377 8 4 0.0600 625.056 181.9557 -0.999
3378 8 4 0.0600 627.426 181.1467 -0.506
3379 8 4 0.0600 628.743 183.08270000000002 -0.5140000000000001
3380 8 4 0.0600 627.599 184.0907 0.3429999999999999
3381 8 4 0.0600 627.3420000000001 183.6677 -1.413
3382 8 2 -0.1200 629.011 182.0157 0.0
3383 8 3 -0.0600 630.499 182.0157 0.0
3384 8 1 -0.1800 631.143 181.6087 -1.276
3385 8 4 0.0600 628.695 182.5307 0.95
3386 8 4 0.0600 628.544 181.01670000000001 0.06
3387 8 4 0.0600 630.914 181.5097 0.869
3388 8 4 0.0600 632.231 181.5017 -1.067
3389 8 4 0.0600 631.087 182.3587 -2.075
3390 8 4 0.0600 630.83 180.6027 -1.652
3391 8 2 -0.1200 632.499 182.0157 0.0
3392 8 3 -0.0600 633.9870000000001 182.0157 0.0
3393 8 1 -0.1800 634.6310000000001 183.29170000000002 -0.40700000000000003
3394 8 4 0.0600 632.1830000000001 181.06570000000002 0.5150000000000001
3395 8 4 0.0600 632.032 181.9557 -0.999
3396 8 4 0.0600 634.402 181.1467 -0.506
3397 8 4 0.0600 635.719 183.08270000000002 -0.5140000000000001
3398 8 4 0.0600 634.575 184.0907 0.3429999999999999
3399 8 4 0.0600 634.3180000000001 183.6677 -1.413
3400 8 2 -0.1200 635.987 182.0157 0.0
3401 8 3 -0.0600 637.475 182.0157 0.0
3402 8 1 -0.1800 638.119 181.6087 -1.276
3403 8 4 0.0600 635.671 182.5307 0.95
3404 8 4 0.0600 635.52 181.01670000000001 0.06
3405 8 4 0.0600 637.89 181.5097 0.869
3406 8 4 0.0600 639.207 181.5017 -1.067
3407 8 4 0.0600 638.063 182.3587 -2.075
3408 8 4 0.0600 637.806 180.6027 -1.652
3409 8 2 -0.1200 639.475 182.0157 0.0
3410 8 3 -0.0600 640.9630000000001 182.0157 0.0
3411 8 1 -0.1800 641.6070000000001 183.29170000000002 -0.40700000000000003
3412 8 4 0.0600 639.1590000000001 181.06570000000002 0.5150000000000001
3413 8 4 0.0600 639.008 181.9557 -0.999
3414 8 4 0.0600 641.378 181.1467 -0.506
3415 8 4 0.0600 642.695 183.08270000000002 -0.5140000000000001
3416 8 4 0.0600 641.551 184.0907 0.3429999999999999
3417 8 4 0.0600 641.2940000000001 183.6677 -1.413
3418 8 2 -0.1200 642.963 182.0157 0.0
3419 8 3 -0.0600 644.451 182.0157 0.0
3420 8 1 -0.1800 645.095 181.6087 1.276
3421 8 4 0.0600 642.647 182.5307 -0.95
3422 8 4 0.0600 642.496 181.01670000000001 -0.06
3423 8 4 0.0600 644.866 181.5097 -0.869
3424 8 4 0.0600 646.183 181.5017 1.067
3425 8 4 0.0600 645.039 182.3587 2.075
3426 8 4 0.0600 644.782 180.6027 1.652
3427 8 2 -0.1200 646.451 182.0157 0.0
3428 8 3 -0.0600 647.9390000000001 182.0157 0.0
3429 8 1 -0.1800 648.5830000000001 183.29170000000002 -0.40700000000000003
3430 8 4 0.0600 646.1350000000001 181.06570000000002 0.5150000000000001
3431 8 4 0.0600 645.984 181.9557 -0.999
3432 8 4 0.0600 648.354 181.1467 -0.506
3433 8 4 0.0600 649.671 183.08270000000002 -0.5140000000000001
3434 8 4 0.0600 648.527 184.0907 0.3429999999999999
3435 8 4 0.0600 648.2700000000001 183.6677 -1.413
3436 8 2 -0.1200 649.939 182.0157 0.0
3437 8 3 -0.0600 651.427 182.0157 0.0
3438 8 1 -0.1800 652.071 181.6087 -1.276
3439 8 4 0.0600 649.623 182.5307 0.95
3440 8 4 0.0600 649.472 181.01670000000001 0.06
3441 8 4 0.0600 651.842 181.5097 0.869
3442 8 4 0.0600 653.159 181.5017 -1.067
3443 8 4 0.0600 652.015 182.3587 -2.075
3444 8 4 0.0600 651.758 180.6027 -1.652
3445 8 2 -0.1200 653.427 182.0157 0.0
3446 8 3 -0.0600 654.9150000000001 182.0157 0.0
3447 8 1 -0.1800 655.5590000000001 183.29170000000002 -0.40700000000000003
3448 8 4 0.0600 653.1110000000001 181.06570000000002 0.5150000000000001
3449 8 4 0.0600 652.96 181.9557 -0.999
3450 8 4 0.0600 655.33 181.1467 -0.506
3451 8 4 0.0600 656.647 183.08270000000002 -0.5140000000000001
3452 8 4 0.0600 655.503 184.0907 0.3429999999999999
3453 8 4 0.0600 655.2460000000001 183.6677 -1.413
3454 8 2 -0.1200 656.915 182.0157 0.0
3455 8 3 -0.0600 658.403 182.0157 0.0
3456 8 1 -0.1800 659.047 181.6087 1.276
3457 8 4 0.0600 656.599 182.5307 -0.95
3458 8 4 0.0600 656.448 181.01670000000001 -0.06
3459 8 4 0.0600 658.818 181.5097 -0.869
3460 8 4 0.0600 660.135 181.5017 1.067
3461 8 4 0.0600 658.991 182.3587 2.075
3462 8 4 0.0600 658.734 180.6027 1.652
3463 8 2 -0.1200 660.403 182.0157 0.0
3464 8 3 -0.0600 661.8910000000001 182.0157 0.0
3465 8 1 -0.1800 662.5350000000001 183.29170000000002 -0.40700000000000003
3466 8 4 0.0600 660.0870000000001 181.06570000000002 0.5150000000000001
3467 8 4 0.0600 659.936 181.9557 -0.999
3468 8 4 0.0600 662.306 181.1467 -0.506
3469 8 4 0.0600 663.623 183.08270000000002 -0.5140000000000001
3470 8 4 0.0600 662.479 184.0907 0.3429999999999999
3471 8 4 0.0600 662.2220000000001 183.6677 -1.413
3472 8 2 -0.1200 663.891 182.0157 0.0
3473 8 3 -0.0600 665.379 182.0157 0.0
3474 8 1 -0.1800 666.023 181.6087 -1.276
3475 8 4 0.0600 663.575 182.5307 0.95
3476 8 4 0.0600 663.424 181.01670000000001 0.06
3477 8 4 0.0600 665.794 181.5097 0.869
3478 8 4 0.0600 667.111 181.5017 -1.067
3479 8 4 0.0600 665.967 182.3587 -2.075
3480 8 4 0.0600 665.71 180.6027 -1.652
3481 8 2 -0.1200 667.379 182.0157 0.0
3482 8 3 -0.0600 668.8670000000001 182.0157 0.0
3483 8 1 -0.1800 669.5110000000001 183.29170000000002 -0.40700000000000003
3484 8 4 0.0600 667.0630000000001 181.06570000000002 0.5150000000000001
3485 8 4 0.0600 666.912 181.9557 -0.999
3486 8 4 0.0600 669.282 181.1467 -0.506
3487 8 4 0.0600 670.599 183.08270000000002 -0.5140000000000001
3488 8 4 0.0600 669.455 184.0907 0.3429999999999999
3489 8 4 0.0600 669.1980000000001 183.6677 -1.413
3490 8 2 -0.1200 670.867 182.0157 0.0
3491 8 3 -0.0600 672.355 182.0157 0.0
3492 8 1 -0.1800 672.999 181.6087 1.276
3493 8 4 0.0600 670.551 182.5307 -0.95
3494 8 4 0.0600 670.4 181.01670000000001 -0.06
3495 8 4 0.0600 672.77 181.5097 -0.869
3496 8 4 0.0600 674.087 181.5017 1.067
3497 8 4 0.0600 672.943 182.3587 2.075
3498 8 4 0.0600 672.686 180.6027 1.652
3499 8 2 -0.1200 674.355 182.0157 0.0
3500 8 3 -0.0600 675.8430000000001 182.0157 0.0
3501 8 1 -0.1800 676.4870000000001 180.7397 -0.4069999999999999
3502 8 4 0.0600 674.0390000000001 182.9657 0.5149999999999999
3503 8 4 0.0600 673.888 182.0757 -0.999
3504 8 4 0.0600 676.258 182.8847 -0.506
3505 8 4 0.0600 677.575 180.9487 -0.5139999999999999
3506 8 4 0.0600 676.431 179.94070000000002 0.34300000000000014
3507 8 4 0.0600 676.1740000000001 180.36370000000002 -1.413
3508 8 2 -0.1200 677.843 182.0157 0.0
3509 8 3 -0.0600 679.331 182.0157 0.0
3510 8 1 -0.1800 679.975 181.6087 1.276
3511 8 4 0.0600 677.527 182.5307 -0.95
3512 8 4 0.0600 677.376 181.01670000000001 -0.06
3513 8 4 0.0600 679.746 181.5097 -0.869
3514 8 4 0.0600 681.063 181.5017 1.067
3515 8 4 0.0600 679.919 182.3587 2.075
3516 8 4 0.0600 679.662 180.6027 1.652
3517 8 2 -0.1200 681.331 182.0157 0.0
3518 8 3 -0.0600 682.8190000000001 182.0157 0.0
3519 8 1 -0.1800 683.4630000000001 180.7397 -0.4069999999999999
3520 8 4 0.0600 681.0150000000001 182.9657 0.5149999999999999
3521 8 4 0.0600 680.864 182.0757 -0.999
3522 8 4 0.0600 683.234 182.8847 -0.506
3523 8 4 0.0600 684.551 180.9487 -0.5139999999999999
3524 8 4 0.0600 683.407 179.94070000000002 0.34300000000000014
3525 8 4 0.0600 683.1500000000001 180.36370000000002 -1.413
3526 8 2 -0.1200 684.819 182.0157 0.0
3527 8 3 -0.0600 686.307 182.0157 0.0
3528 8 1 -0.1800 686.951 181.6087 -1.276
3529 8 4 0.0600 684.503 182.5307 0.95
3530 8 4 0.0600 684.352 181.01670000000001 0.06
3531 8 4 0.0600 686.722 181.5097 0.869
3532 8 4 0.0600 688.039 181.5017 -1.067
3533 8 4 0.0600 686.895 182.3587 -2.075
3534 8 4 0.0600 686.638 180.6027 -1.652
3535 8 2 -0.1200 688.307 182.0157 0.0
3536 8 3 -0.0600 689.7950000000001 182.0157 0.0
3537 8 1 -0.1800 690.4390000000001 180.7397 -0.4069999999999999
3538 8 4 0.0600 687.9910000000001 182.9657 0.5149999999999999
3539 8 4 0.0600 687.84 182.0757 -0.999
3540 8 4 0.0600 690.21 182.8847 -0.506
3541 8 4 0.0600 691.527 180.9487 -0.5139999999999999
3542 8 4 0.0600 690.383 179.94070000000002 0.34300000000000014
3543 8 4 0.0600 690.1260000000001 180.36370000000002 -1.413
3544 8 2 -0.1200 691.795 182.0157 0.0
3545 8 3 -0.0600 693.283 182.0157 0.0
3546 8 1 -0.1800 693.927 181.6087 -1.276
3547 8 4 0.0600 691.479 182.5307 0.95
3548 8 4 0.0600 691.328 181.01670000000001 0.06
3549 8 4 0.0600 693.698 181.5097 0.869
3550 8 4 0.0600 695.015 181.5017 -1.067
3551 8 4 0.0600 693.871 182.3587 -2.075
3552 8 4 0.0600 693.614 180.6027 -1.652
3553 8 2 -0.1200 695.283 182.0157 0.0
3554 8 3 -0.0600 696.7710000000001 182.0157 0.0
3555 8 1 -0.1800 697.4150000000001 180.7397 -0.4069999999999999
3556 8 4 0.0600 694.9670000000001 182.9657 0.5149999999999999
3557 8 4 0.0600 694.816 182.0757 -0.999
3558 8 4 0.0600 697.186 182.8847 -0.506
3559 8 4 0.0600 698.503 180.9487 -0.5139999999999999
3560 8 4 0.0600 697.359 179.94070000000002 0.34300000000000014
3561 8 4 0.0600 697.1020000000001 180.36370000000002 -1.413
3562 8 2 -0.1200 698.771 182.0157 0.0
3563 8 3 -0.0600 700.259 182.0157 0.0
3564 8 1 -0.1800 700.903 181.6087 -1.276
3565 8 4 0.0600 698.455 182.5307 0.95
3566 8 4 0.0600 698.304 181.01670000000001 0.06
3567 8 4 0.0600 700.674 181.5097 0.869
3568 8 4 0.0600 701.991 181.5017 -1.067
3569 8 4 0.0600 700.847 182.3587 -2.075
3570 8 4 0.0600 700.59 180.6027 -1.652
3571 8 2 -0.1200 702.259 182.0157 0.0
3572 8 3 -0.0600 703.7470000000001 182.0157 0.0
3573 8 1 -0.1800 704.3910000000001 183.29170000000002 -0.40700000000000003
3574 8 4 0.0600 701.9430000000001 181.06570000000002 0.5150000000000001
3575 8 4 0.0600 701.792 181.9557 -0.999
3576 8 4 0.0600 704.162 181.1467 -0.506
3577 8 4 0.0600 705.479 183.08270000000002 -0.5140000000000001
3578 8 4 0.0600 704.335 184.0907 0.3429999999999999
3579 8 4 0.0600 704.0780000000001 183.6677 -1.413
3580 8 2 -0.1200 705.747 182.0157 0.0
3581 8 3 -0.0600 707.235 182.0157 0.0
3582 8 1 -0.1800 707.879 181.6087 1.276
3583 8 4 0.0600 705.431 182.5307 -0.95
3584 8 4 0.0600 705.28 181.01670000000001 -0.06
3585 8 4 0.0600 707.65 181.5097 -0.869
3586 8 4 0.0600 708.967 181.5017 1.067
3587 8 4 0.0600 707.823 182.3587 2.075
3588 8 4 0.0600 707.566 180.6027 1.652
3589 8 2 -0.1200 709.235 182.0157 0.0
3590 8 3 -0.0600 710.7230000000001 182.0157 0.0
3591 8 1 -0.1800 711.3670000000001 180.7397 -0.4069999999999999
3592 8 4 0.0600 708.9190000000001 182.9657 0.5149999999999999
3593 8 4 0.0600 708.768 182.0757 -0.999
3594 8 4 0.0600 711.138 182.8847 -0.506
3595 8 4 0.0600 712.455 180.9487 -0.5139999999999999
3596 8 4 0.0600 711.311 179.94070000000002 0.34300000000000014
3597 8 4 0.0600 711.0540000000001 180.36370000000002 -1.413
3598 8 2 -0.1200 712.723 182.0157 0.0
3599 8 3 -0.0600 714.211 182.0157 0.0
3600 8 1 -0.1800 714.855 181.6087 -1.276
3601 8 4 0.0600 712.407 182.5307 0.95
3602 8 4 0.0600 712.256 181.01670000000001 0.06
3603 8 4 0.0600 714.626 181.5097 0.869
3604 8 4 0.0600 715.943 181.5017 -1.067
3605 8 4 0.0600 714.799 182.3587 -2.075
3606 8 4 0.0600 714.542 180.6027 -1.652
3607 8 2 -0.1200 715.284 182.0157 0.0
3608 8 2 -0.1200 716.6320000000001 181.6857 0.57
3609 8 1 -0.1800 717.653 182.4727 -0.24500000000000002
3610 8 4 0.0600 714.517 181.66070000000002 0.703
3611 8 4 0.0600 715.221 181.57670000000002 -1.008
3612 8 4 0.0600 716.789 180.5987 0.5030000000000001
3613 8 4 0.0600 716.763 181.9907 1.618
3614 8 4 0.0600 717.484 182.3777 -1.33
3615 8 4 0.0600 717.547 183.5217 0.05699999999999991
3616 8 4 0.0600 718.6260000000001 182.0157 0.0
3617 9 1 -0.1800 -0.742 364.0313 0.0
3618 9 3 -0.0600 0.742 364.0313 0.0
3619 9 1 -0.1800 1.388 363.6073 -1.258
3620 9 4 0.0600 -1.219 363.0833 -0.325
3621 9 4 0.0600 -1.121 364.8043 -0.716
3622 9 4 0.0600 -1.079 364.3223 1.017
3623 9 4 0.0600 1.231 363.7393 0.93
3624 9 4 0.0600 2.311 364.2333 -1.4
3625 9 4 0.0600 1.704 362.53229999999996 -1.29
3626 9 4 0.0600 0.684 363.7723 -2.096
3627 9 2 -0.1200 2.74 364.0313 0.0
3628 9 3 -0.0600 4.228 364.0313 0.0
3629 9 1 -0.1800 4.872 365.3073 -0.40700000000000003
3630 9 4 0.0600 2.424 363.0813 0.5150000000000001
3631 9 4 0.0600 2.2729999999999997 363.9713 -0.999
3632 9 4 0.0600 4.643 363.16229999999996 -0.506
3633 9 4 0.0600 5.96 365.0983 -0.5140000000000001
3634 9 4 0.0600 4.816 366.1063 0.3429999999999999
3635 9 4 0.0600 4.559 365.6833 -1.413
3636 9 2 -0.1200 6.228000000000001 364.0313 0.0
3637 9 3 -0.0600 7.716 364.0313 0.0
3638 9 1 -0.1800 8.36 363.6243 1.276
3639 9 4 0.0600 5.912000000000001 364.5463 -0.95
3640 9 4 0.0600 5.761 363.03229999999996 -0.06
3641 9 4 0.0600 8.131 363.5253 -0.869
3642 9 4 0.0600 9.448 363.5173 1.067
3643 9 4 0.0600 8.304 364.3743 2.075
3644 9 4 0.0600 8.047 362.6183 1.652
3645 9 2 -0.1200 9.716000000000001 364.0313 0.0
3646 9 3 -0.0600 11.204 364.0313 0.0
3647 9 1 -0.1800 11.848 362.7553 -0.4069999999999999
3648 9 4 0.0600 9.4 364.9813 0.5149999999999999
3649 9 4 0.0600 9.249 364.0913 -0.999
3650 9 4 0.0600 11.619000000000002 364.9003 -0.506
3651 9 4 0.0600 12.936 362.9643 -0.5139999999999999
3652 9 4 0.0600 11.792000000000002 361.9563 0.34300000000000014
3653 9 4 0.0600 11.535 362.3793 -1.413
3654 9 2 -0.1200 13.204 364.0313 0.0
3655 9 3 -0.0600 14.692 364.0313 0.0
3656 9 1 -0.1800 15.336 363.6243 1.276
3657 9 4 0.0600 12.888 364.5463 -0.95
3658 9 4 0.0600 12.737 363.03229999999996 -0.06
3659 9 4 0.0600 15.107000000000001 363.5253 -0.869
3660 9 4 0.0600 16.424 363.5173 1.067
3661 9 4 0.0600 15.280000000000001 364.3743 2.075
3662 9 4 0.0600 15.023 362.6183 1.652
3663 9 2 -0.1200 16.692 364.0313 0.0
3664 9 3 -0.0600 18.18 364.0313 0.0
3665 9 1 -0.1800 18.823999999999998 362.7553 -0.4069999999999999
3666 9 4 0.0600 16.376 364.9813 0.5149999999999999
3667 9 4 0.0600 16.225 364.0913 -0.999
3668 9 4 0.0600 18.595 364.9003 -0.506
3669 9 4 0.0600 19.912 362.9643 -0.5139999999999999
3670 9 4 0.0600 18.768 361.9563 0.34300000000000014
3671 9 4 0.0600 18.511 362.3793 -1.413
3672 9 2 -0.1200 20.18 364.0313 0.0
3673 9 3 -0.0600 21.668 364.0313 0.0
3674 9 1 -0.1800 22.311999999999998 363.6243 1.276
3675 9 4 0.0600 19.864 364.5463 -0.95
3676 9 4 0.0600 19.713 363.03229999999996 -0.06
3677 9 4 0.0600 22.083 363.5253 -0.869
3678 9 4 0.0600 23.4 363.5173 1.067
3679 9 4 0.0600 22.256 364.3743 2.075
3680 9 4 0.0600 21.999 362.6183 1.652
3681 9 2 -0.1200 23.668 364.0313 0.0
3682 9 3 -0.0600 25.156 364.0313 0.0
3683 9 1 -0.1800 25.799999999999997 365.3073 -0.40700000000000003
3684 9 4 0.0600 23.352 363.0813 0.5150000000000001
3685 9 4 0.0600 23.201 363.9713 -0.999
3686 9 4 0.0600 25.570999999999998 363.16229999999996 -0.506
3687 9 4 0.0600 26.887999999999998 365.0983 -0.5140000000000001
3688 9 4 0.0600 25.744 366.1063 0.3429999999999999
3689 9 4 0.0600 25.487 365.6833 -1.413
3690 9 2 -0.1200 27.156 364.0313 0.0
3691 9 3 -0.0600 28.644 364.0313 0.0
3692 9 1 -0.1800 29.287999999999997 363.6243 -1.276
3693 9 4 0.0600 26.84 364.5463 0.95
3694 9 4 0.0600 26.689 363.03229999999996 0.06
3695 9 4 0.0600 29.058999999999997 363.5253 0.869
3696 9 4 0.0600 30.375999999999998 363.5173 -1.067
3697 9 4 0.0600 29.232 364.3743 -2.075
3698 9 4 0.0600 28.974999999999998 362.6183 -1.652
3699 9 2 -0.1200 30.644000000000002 364.0313 0.0
3700 9 3 -0.0600 32.132000000000005 364.0313 0.0
3701 9 1 -0.1800 32.776 362.7553 -0.4069999999999999
3702 9 4 0.0600 30.328000000000003 364.9813 0.5149999999999999
3703 9 4 0.0600 30.177000000000003 364.0913 -0.999
3704 9 4 0.0600 32.547000000000004 364.9003 -0.506
3705 9 4 0.0600 33.864000000000004 362.9643 -0.5139999999999999
3706 9 4 0.0600 32.72 361.9563 0.34300000000000014
3707 9 4 0.0600 32.463 362.3793 -1.413
3708 9 2 -0.1200 34.132 364.0313 0.0
3709 9 3 -0.0600 35.62 364.0313 0.0
3710 9 1 -0.1800 36.263999999999996 363.6243 1.276
3711 9 4 0.0600 33.815999999999995 364.5463 -0.95
3712 9 4 0.0600 33.665 363.03229999999996 -0.06
3713 9 4 0.0600 36.035 363.5253 -0.869
3714 9 4 0.0600 37.352 363.5173 1.067
3715 9 4 0.0600 36.208 364.3743 2.075
3716 9 4 0.0600 35.951 362.6183 1.652
3717 9 2 -0.1200 37.62 364.0313 0.0
3718 9 3 -0.0600 39.108 364.0313 0.0
3719 9 1 -0.1800 39.751999999999995 362.7553 -0.4069999999999999
3720 9 4 0.0600 37.303999999999995 364.9813 0.5149999999999999
3721 9 4 0.0600 37.153 364.0913 -0.999
3722 9 4 0.0600 39.522999999999996 364.9003 -0.506
3723 9 4 0.0600 40.839999999999996 362.9643 -0.5139999999999999
3724 9 4 0.0600 39.696 361.9563 0.34300000000000014
3725 9 4 0.0600 39.439 362.3793 -1.413
3726 9 2 -0.1200 41.108 364.0313 0.0
3727 9 3 -0.0600 42.596 364.0313 0.0
3728 9 1 -0.1800 43.239999999999995 363.6243 -1.276
3729 9 4 0.0600 40.791999999999994 364.5463 0.95
3730 9 4 0.0600 40.641 363.03229999999996 0.06
3731 9 4 0.0600 43.010999999999996 363.5253 0.869
3732 9 4 0.0600 44.327999999999996 363.5173 -1.067
3733 9 4 0.0600 43.184 364.3743 -2.075
3734 9 4 0.0600 42.927 362.6183 -1.652
3735 9 2 -0.1200 44.596000000000004 364.0313 0.0
3736 9 3 -0.0600 46.084 364.0313 0.0
3737 9 1 -0.1800 46.728 365.3073 -0.40700000000000003
3738 9 4 0.0600 44.28 363.0813 0.5150000000000001
3739 9 4 0.0600 44.129000000000005 363.9713 -0.999
3740 9 4 0.0600 46.499 363.16229999999996 -0.506
3741 9 4 0.0600 47.816 365.0983 -0.5140000000000001
3742 9 4 0.0600 46.672000000000004 366.1063 0.3429999999999999
3743 9 4 0.0600 46.415000000000006 365.6833 -1.413
3744 9 2 -0.1200 48.084 364.0313 0.0
3745 9 3 -0.0600 49.572 364.0313 0.0
3746 9 1 -0.1800 50.216 363.6243 -1.276
3747 9 4 0.0600 47.768 364.5463 0.95
3748 9 4 0.0600 47.617000000000004 363.03229999999996 0.06
3749 9 4 0.0600 49.987 363.5253 0.869
3750 9 4 0.0600 51.304 363.5173 -1.067
3751 9 4 0.0600 50.160000000000004 364.3743 -2.075
3752 9 4 0.0600 49.903000000000006 362.6183 -1.652
3753 9 2 -0.1200 51.572 364.0313 0.0
3754 9 3 -0.0600 53.06 364.0313 0.0
3755 9 1 -0.1800 53.704 365.3073 -0.40700000000000003
3756 9 4 0.0600 51.256 363.0813 0.5150000000000001
3757 9 4 0.0600 51.105000000000004 363.9713 -0.999
3758 9 4 0.0600 53.475 363.16229999999996 -0.506
3759 9 4 0.0600 54.792 365.0983 -0.5140000000000001
3760 9 4 0.0600 53.648 366.1063 0.3429999999999999
3761 9 4 0.0600 53.391000000000005 365.6833 -1.413
3762 9 2 -0.1200 55.06 364.0313 0.0
3763 9 3 -0.0600 56.548 364.0313 0.0
3764 9 1 -0.1800 57.192 363.6243 -1.276
3765 9 4 0.0600 54.744 364.5463 0.95
3766 9 4 0.0600 54.593 363.03229999999996 0.06
3767 9 4 0.0600 56.963 363.5253 0.869
3768 9 4 0.0600 58.28 363.5173 -1.067
3769 9 4 0.0600 57.136 364.3743 -2.075
3770 9 4 0.0600 56.879000000000005 362.6183 -1.652
3771 9 2 -0.1200 58.548 364.0313 0.0
3772 9 3 -0.0600 60.036 364.0313 0.0
3773 9 1 -0.1800 60.68 362.7553 -0.4069999999999999
3774 9 4 0.0600 58.232 364.9813 0.5149999999999999
3775 9 4 0.0600 58.081 364.0913 -0.999
3776 9 4 0.0600 60.451 364.9003 -0.506
3777 9 4 0.0600 61.768 362.9643 -0.5139999999999999
3778 9 4 0.0600 60.624 361.9563 0.34300000000000014
3779 9 4 0.0600 60.367000000000004 362.3793 -1.413
3780 9 2 -0.1200 62.036 364.0313 0.0
3781 9 3 -0.0600 63.524 364.0313 0.0
3782 9 1 -0.1800 64.168 363.6243 1.276
3783 9 4 0.0600 61.72 364.5463 -0.95
3784 9 4 0.0600 61.569 363.03229999999996 -0.06
3785 9 4 0.0600 63.939 363.5253 -0.869
3786 9 4 0.0600 65.256 363.5173 1.067
3787 9 4 0.0600 64.112 364.3743 2.075
3788 9 4 0.0600 63.855000000000004 362.6183 1.652
3789 9 2 -0.1200 65.524 364.0313 0.0
3790 9 3 -0.0600 67.012 364.0313 0.0
3791 9 1 -0.1800 67.656 365.3073 -0.40700000000000003
3792 9 4 0.0600 65.208 363.0813 0.5150000000000001
3793 9 4 0.0600 65.057 363.9713 -0.999
3794 9 4 0.0600 67.427 363.16229999999996 -0.506
3795 9 4 0.0600 68.744 365.0983 -0.5140000000000001
3796 9 4 0.0600 67.6 366.1063 0.3429999999999999
3797 9 4 0.0600 67.343 365.6833 -1.413
3798 9 2 -0.1200 69.012 364.0313 0.0
3799 9 3 -0.0600 70.5 364.0313 0.0
3800 9 1 -0.1800 71.144 363.6243 -1.276
3801 9 4 0.0600 68.696 364.5463 0.95
3802 9 4 0.0600 68.545 363.03229999999996 0.06
3803 9 4 0.0600 70.915 363.5253 0.869
3804 9 4 0.0600 72.232 363.5173 -1.067
3805 9 4 0.0600 71.088 364.3743 -2.075
3806 9 4 0.0600 70.831 362.6183 -1.652
3807 9 2 -0.1200 72.5 364.0313 0.0
3808 9 3 -0.0600 73.988 364.0313 0.0
3809 9 1 -0.1800 74.632 362.7553 -0.4069999999999999
3810 9 4 0.0600 72.184 364.9813 0.5149999999999999
3811 9 4 0.0600 72.033 364.0913 -0.999
3812 9 4 0.0600 74.403 364.9003 -0.506
3813 9 4 0.0600 75.72 362.9643 -0.5139999999999999
3814 9 4 0.0600 74.576 361.9563 0.34300000000000014
3815 9 4 0.0600 74.319 362.3793 -1.413
3816 9 2 -0.1200 75.988 364.0313 0.0
3817 9 3 -0.0600 77.476 364.0313 0.0
3818 9 1 -0.1800 78.12 363.6243 1.276
3819 9 4 0.0600 75.672 364.5463 -0.95
3820 9 4 0.0600 75.521 363.03229999999996 -0.06
3821 9 4 0.0600 77.891 363.5253 -0.869
3822 9 4 0.0600 79.208 363.5173 1.067
3823 9 4 0.0600 78.064 364.3743 2.075
3824 9 4 0.0600 77.807 362.6183 1.652
3825 9 2 -0.1200 79.476 364.0313 0.0
3826 9 3 -0.0600 80.964 364.0313 0.0
3827 9 1 -0.1800 81.608 362.7553 -0.4069999999999999
3828 9 4 0.0600 79.16 364.9813 0.5149999999999999
3829 9 4 0.0600 79.009 364.0913 -0.999
3830 9 4 0.0600 81.379 364.9003 -0.506
3831 9 4 0.0600 82.696 362.9643 -0.5139999999999999
3832 9 4 0.0600 81.55199999999999 361.9563 0.34300000000000014
3833 9 4 0.0600 81.295 362.3793 -1.413
3834 9 2 -0.1200 82.964 364.0313 0.0
3835 9 3 -0.0600 84.452 364.0313 0.0
3836 9 1 -0.1800 85.096 363.6243 -1.276
3837 9 4 0.0600 82.648 364.5463 0.95
3838 9 4 0.0600 82.497 363.03229999999996 0.06
3839 9 4 0.0600 84.867 363.5253 0.869
3840 9 4 0.0600 86.184 363.5173 -1.067
3841 9 4 0.0600 85.03999999999999 364.3743 -2.075
3842 9 4 0.0600 84.783 362.6183 -1.652
3843 9 2 -0.1200 86.452 364.0313 0.0
3844 9 3 -0.0600 87.94 364.0313 0.0
3845 9 1 -0.1800 88.584 365.3073 -0.40700000000000003
3846 9 4 0.0600 86.136 363.0813 0.5150000000000001
3847 9 4 0.0600 85.985 363.9713 -0.999
3848 9 4 0.0600 88.355 363.16229999999996 -0.506
3849 9 4 0.0600 89.672 365.0983 -0.5140000000000001
3850 9 4 0.0600 88.52799999999999 366.1063 0.3429999999999999
3851 9 4 0.0600 88.271 365.6833 -1.413
3852 9 2 -0.1200 89.94 364.0313 0.0
3853 9 3 -0.0600 91.428 364.0313 0.0
3854 9 1 -0.1800 92.072 363.6243 1.276
3855 9 4 0.0600 89.624 364.5463 -0.95
3856 9 4 0.0600 89.473 363.03229999999996 -0.06
3857 9 4 0.0600 91.843 363.5253 -0.869
3858 9 4 0.0600 93.16 363.5173 1.067
3859 9 4 0.0600 92.01599999999999 364.3743 2.075
3860 9 4 0.0600 91.759 362.6183 1.652
3861 9 2 -0.1200 93.428 364.0313 0.0
3862 9 3 -0.0600 94.916 364.0313 0.0
3863 9 1 -0.1800 95.56 362.7553 -0.4069999999999999
3864 9 4 0.0600 93.112 364.9813 0.5149999999999999
3865 9 4 0.0600 92.961 364.0913 -0.999
3866 9 4 0.0600 95.331 364.9003 -0.506
3867 9 4 0.0600 96.648 362.9643 -0.5139999999999999
3868 9 4 0.0600 95.50399999999999 361.9563 0.34300000000000014
3869 9 4 0.0600 95.247 362.3793 -1.413
3870 9 2 -0.1200 96.916 364.0313 0.0
3871 9 3 -0.0600 98.404 364.0313 0.0
3872 9 1 -0.1800 99.048 363.6243 -1.276
3873 9 4 0.0600 96.6 364.5463 0.95
3874 9 4 0.0600 96.449 363.03229999999996 0.06
3875 9 4 0.0600 98.819 363.5253 0.869
3876 9 4 0.0600 100.136 363.5173 -1.067
3877 9 4 0.0600 98.99199999999999 364.3743 -2.075
3878 9 4 0.0600 98.735 362.6183 -1.652
3879 9 2 -0.1200 100.404 364.0313 0.0
3880 9 3 -0.0600 101.892 364.0313 0.0
3881 9 1 -0.1800 102.536 365.3073 -0.40700000000000003
3882 9 4 0.0600 100.088 363.0813 0.5150000000000001
3883 9 4 0.0600 99.937 363.9713 -0.999
3884 9 4 0.0600 102.307 363.16229999999996 -0.506
3885 9 4 0.0600 103.624 365.0983 -0.5140000000000001
3886 9 4 0.0600 102.47999999999999 366.1063 0.3429999999999999
3887 9 4 0.0600 102.223 365.6833 -1.413
3888 9 2 -0.1200 103.892 364.0313 0.0
3889 9 3 -0.0600 105.38 364.0313 0.0
3890 9 1 -0.1800 106.024 363.6243 -1.276
3891 9 4 0.0600 103.576 364.5463 0.95
3892 9 4 0.0600 103.425 363.03229999999996 0.06
3893 9 4 0.0600 105.795 363.5253 0.869
3894 9 4 0.0600 107.112 363.5173 -1.067
3895 9 4 0.0600 105.96799999999999 364.3743 -2.075
3896 9 4 0.0600 105.711 362.6183 -1.652
3897 9 2 -0.1200 107.38 364.0313 0.0
3898 9 3 -0.0600 108.868 364.0313 0.0
3899 9 1 -0.1800 109.512 362.7553 -0.4069999999999999
3900 9 4 0.0600 107.064 364.9813 0.5149999999999999
3901 9 4 0.0600 106.913 364.0913 -0.999
3902 9 4 0.0600 109.283 364.9003 -0.506
3903 9 4 0.0600 110.6 362.9643 -0.5139999999999999
3904 9 4 0.0600 109.45599999999999 361.9563 0.34300000000000014
3905 9 4 0.0600 109.199 362.3793 -1.413
3906 9 2 -0.1200 110.868 364.0313 0.0
3907 9 3 -0.0600 112.356 364.0313 0.0
3908 9 1 -0.1800 113.0 363.6243 -1.276
3909 9 4 0.0600 110.55199999999999 364.5463 0.95
3910 9 4 0.0600 110.401 363.03229999999996 0.06
3911 9 4 0.0600 112.771 363.5253 0.869
3912 9 4 0.0600 114.088 363.5173 -1.067
3913 9 4 0.0600 112.94399999999999 364.3743 -2.075
3914 9 4 0.0600 112.687 362.6183 -1.652
3915 9 2 -0.1200 114.356 364.0313 0.0
3916 9 3 -0.0600 115.844 364.0313 0.0
3917 9 1 -0.1800 116.488 365.3073 -0.40700000000000003
3918 9 4 0.0600 114.03999999999999 363.0813 0.5150000000000001
3919 9 4 0.0600 113.889 363.9713 -0.999
3920 9 4 0.0600 116.259 363.16229999999996 -0.506
3921 9 4 0.0600 117.576 365.0983 -0.5140000000000001
3922 9 4 0.0600 116.43199999999999 366.1063 0.3429999999999999
3923 9 4 0.0600 116.175 365.6833 -1.413
3924 9 2 -0.1200 117.844 364.0313 0.0
3925 9 3 -0.0600 119.332 364.0313 0.0
3926 9 1 -0.1800 119.976 363.6243 -1.276
3927 9 4 0.0600 117.52799999999999 364.5463 0.95
3928 9 4 0.0600 117.377 363.03229999999996 0.06
3929 9 4 0.0600 119.747 363.5253 0.869
3930 9 4 0.0600 121.064 363.5173 -1.067
3931 9 4 0.0600 119.91999999999999 364.3743 -2.075
3932 9 4 0.0600 119.663 362.6183 -1.652
3933 9 2 -0.1200 121.332 364.0313 0.0
3934 9 3 -0.0600 122.82 364.0313 0.0
3935 9 1 -0.1800 123.464 365.3073 -0.40700000000000003
3936 9 4 0.0600 121.01599999999999 363.0813 0.5150000000000001
3937 9 4 0.0600 120.865 363.9713 -0.999
3938 9 4 0.0600 123.235 363.16229999999996 -0.506
3939 9 4 0.0600 124.55199999999999 365.0983 -0.5140000000000001
3940 9 4 0.0600 123.40799999999999 366.1063 0.3429999999999999
3941 9 4 0.0600 123.151 365.6833 -1.413
3942 9 2 -0.1200 124.82 364.0313 0.0
3943 9 3 -0.0600 126.30799999999999 364.0313 0.0
3944 9 1 -0.1800 126.952 363.6243 1.276
3945 9 4 0.0600 124.50399999999999 364.5463 -0.95
3946 9 4 0.0600 124.353 363.03229999999996 -0.06
3947 9 4 0.0600 126.723 363.5253 -0.869
3948 9 4 0.0600 128.04 363.5173 1.067
3949 9 4 0.0600 126.89599999999999 364.3743 2.075
3950 9 4 0.0600 126.639 362.6183 1.652
3951 9 2 -0.1200 128.308 364.0313 0.0
3952 9 3 -0.0600 129.796 364.0313 0.0
3953 9 1 -0.1800 130.44 362.7553 -0.4069999999999999
3954 9 4 0.0600 127.99199999999999 364.9813 0.5149999999999999
3955 9 4 0.0600 127.841 364.0913 -0.999
3956 9 4 0.0600 130.21099999999998 364.9003 -0.506
3957 9 4 0.0600 131.528 362.9643 -0.5139999999999999
3958 9 4 0.0600 130.384 361.9563 0.34300000000000014
3959 9 4 0.0600 130.12699999999998 362.3793 -1.413
3960 9 2 -0.1200 131.796 364.0313 0.0
3961 9 3 -0.0600 133.284 364.0313 0.0
3962 9 1 -0.1800 133.928 363.6243 -1.276
3963 9 4 0.0600 131.48 364.5463 0.95
3964 9 4 0.0600 131.32899999999998 363.03229999999996 0.06
3965 9 4 0.0600 133.69899999999998 363.5253 0.869
3966 9 4 0.0600 135.016 363.5173 -1.067
3967 9 4 0.0600 133.87199999999999 364.3743 -2.075
3968 9 4 0.0600 133.61499999999998 362.6183 -1.652
3969 9 2 -0.1200 135.284 364.0313 0.0
3970 9 3 -0.0600 136.772 364.0313 0.0
3971 9 1 -0.1800 137.416 362.7553 -0.4069999999999999
3972 9 4 0.0600 134.968 364.9813 0.5149999999999999
3973 9 4 0.0600 134.81699999999998 364.0913 -0.999
3974 9 4 0.0600 137.18699999999998 364.9003 -0.506
3975 9 4 0.0600 138.504 362.9643 -0.5139999999999999
3976 9 4 0.0600 137.35999999999999 361.9563 0.34300000000000014
3977 9 4 0.0600 137.10299999999998 362.3793 -1.413
3978 9 2 -0.1200 138.772 364.0313 0.0
3979 9 3 -0.0600 140.26 364.0313 0.0
3980 9 1 -0.1800 140.904 363.6243 -1.276
3981 9 4 0.0600 138.456 364.5463 0.95
3982 9 4 0.0600 138.30499999999998 363.03229999999996 0.06
3983 9 4 0.0600 140.67499999999998 363.5253 0.869
3984 9 4 0.0600 141.992 363.5173 -1.067
3985 9 4 0.0600 140.84799999999998 364.3743 -2.075
3986 9 4 0.0600 140.59099999999998 362.6183 -1.652
3987 9 2 -0.1200 142.26 364.0313 0.0
3988 9 3 -0.0600 143.748 364.0313 0.0
3989 9 1 -0.1800 144.392 362.7553 -0.4069999999999999
3990 9 4 0.0600 141.944 364.9813 0.5149999999999999
3991 9 4 0.0600 141.79299999999998 364.0913 -0.999
3992 9 4 0.0600 144.16299999999998 364.9003 -0.506
3993 9 4 0.0600 145.48 362.9643 -0.5139999999999999
3994 9 4 0.0600 144.33599999999998 361.9563 0.34300000000000014
3995 9 4 0.0600 144.07899999999998 362.3793 -1.413
3996 9 2 -0.1200 145.748 364.0313 0.0
3997 9 3 -0.0600 147.236 364.0313 0.0
3998 9 1 -0.1800 147.88 363.6243 -1.276
3999 9 4 0.0600 145.432 364.5463 0.95
4000 9 4 0.0600 145.28099999999998 363.03229999999996 0.06
4001 9 4 0.0600 147.65099999999998 363.5253 0.869
4002 9 4 0.0600 148.968 363.5173 -1.067
4003 9 4 0.0600 147.82399999999998 364.3743 -2.075
4004 9 4 0.0600 147.56699999999998 362.6183 -1.652
4005 9 2 -0.1200 149.236 364.0313 0.0
4006 9 3 -0.0600 150.724 364.0313 0.0
4007 9 1 -0.1800 151.368 362.7553 -0.4069999999999999
4008 9 4 0.0600 148.92 364.9813 0.5149999999999999
4009 9 4 0.0600 148.76899999999998 364.0913 -0.999
4010 9 4 0.0600 151.13899999999998 364.9003 -0.506
4011 9 4 0.0600 152.456 362.9643 -0.5139999999999999
4012 9 4 0.0600 151.31199999999998 361.9563 0.34300000000000014
4013 9 4 0.0600 151.05499999999998 362.3793 -1.413
4014 9 2 -0.1200 152.724 364.0313 0.0
4015 9 3 -0.0600 154.212 364.0313 0.0
4016 9 1 -0.1800 154.856 363.6243 1.276
4017 9 4 0.0600 152.408 364.5463 -0.95
4018 9 4 0.0600 152.25699999999998 363.03229999999996 -0.06
4019 9 4 0.0600 154.62699999999998 363.5253 -0.869
4020 9 4 0.0600 155.944 363.5173 1.067
4021 9 4 0.0600 154.79999999999998 364.3743 2.075
4022 9 4 0.0600 154.54299999999998 362.6183 1.652
4023 9 2 -0.1200 156.212 364.0313 0.0
4024 9 3 -0.0600 157.7 364.0313 0.0
4025 9 1 -0.1800 158.344 362.7553 -0.4069999999999999
4026 9 4 0.0600 155.896 364.9813 0.5149999999999999
4027 9 4 0.0600 155.74499999999998 364.0913 -0.999
4028 9 4 0.0600 158.11499999999998 364.9003 -0.506
4029 9 4 0.0600 159.432 362.9643 -0.5139999999999999
4030 9 4 0.0600 158.28799999999998 361.9563 0.34300000000000014
4031 9 4 0.0600 158.03099999999998 362.3793 -1.413
4032 9 2 -0.1200 159.7 364.0313 0.0
4033 9 3 -0.0600 161.188 364.0313 0.0
4034 9 1 -0.1800 161.832 363.6243 1.276
4035 9 4 0.0600 159.384 364.5463 -0.95
4036 9 4 0.0600 159.23299999999998 363.03229999999996 -0.06
4037 9 4 0.0600 161.60299999999998 363.5253 -0.869
4038 9 4 0.0600 162.92 363.5173 1.067
4039 9 4 0.0600 161.77599999999998 364.3743 2.075
4040 9 4 0.0600 161.51899999999998 362.6183 1.652
4041 9 2 -0.1200 163.188 364.0313 0.0
4042 9 3 -0.0600 164.676 364.0313 0.0
4043 9 1 -0.1800 165.32 362.7553 -0.4069999999999999
4044 9 4 0.0600 162.87199999999999 364.9813 0.5149999999999999
4045 9 4 0.0600 162.72099999999998 364.0913 -0.999
4046 9 4 0.0600 165.09099999999998 364.9003 -0.506
4047 9 4 0.0600 166.408 362.9643 -0.5139999999999999
4048 9 4 0.0600 165.26399999999998 361.9563 0.34300000000000014
4049 9 4 0.0600 165.00699999999998 362.3793 -1.413
4050 9 2 -0.1200 166.676 364.0313 0.0
4051 9 3 -0.0600 168.164 364.0313 0.0
4052 9 1 -0.1800 168.808 363.6243 1.276
4053 9 4 0.0600 166.35999999999999 364.5463 -0.95
4054 9 4 0.0600 166.20899999999997 363.03229999999996 -0.06
4055 9 4 0.0600 168.57899999999998 363.5253 -0.869
4056 9 4 0.0600 169.896 363.5173 1.067
4057 9 4 0.0600 168.75199999999998 364.3743 2.075
4058 9 4 0.0600 168.49499999999998 362.6183 1.652
4059 9 2 -0.1200 169.237 364.0313 0.0
4060 9 2 -0.1200 170.58499999999998 363.7013 0.57
4061 9 1 -0.1800 171.606 364.4883 -0.24500000000000002
4062 9 4 0.0600 168.47 363.67629999999997 0.703
4063 9 4 0.0600 169.17399999999998 363.59229999999997 -1.008
4064 9 4 0.0600 170.742 362.6143 0.5030000000000001
4065 9 4 0.0600 170.71599999999998 364.0063 1.618
4066 9 4 0.0600 171.43699999999998 364.3933 -1.33
4067 9 4 0.0600 171.5 365.53729999999996 0.05699999999999991
4068 9 4 0.0600 172.57899999999998 364.0313 0.0
4069 10 1 -0.1800 181.27370000000002 364.0313 0.0
4070 10 3 -0.0600 182.7577 364.0313 0.0
4071 10 1 -0.1800 183.40370000000001 363.6073 -1.258
4072 10 4 0.0600 180.79670000000002 363.0833 -0.325
4073 10 4 0.0600 180.8947 364.8043 -0.716
4074 10 4 0.0600 180.9367 364.3223 1.017
4075 10 4 0.0600 183.2467 363.7393 0.93
4076 10 4 0.0600 184.32670000000002 364.2333 -1.4
4077 10 4 0.0600 183.71970000000002 362.53229999999996 -1.29
4078 10 4 0.0600 182.6997 363.7723 -2.096
4079 10 2 -0.1200 184.75570000000002 364.0313 0.0
4080 10 3 -0.0600 186.24370000000002 364.0313 0.0
4081 10 1 -0.1800 186.88770000000002 365.3073 -0.40700000000000003
4082 10 4 0.0600 184.43970000000002 363.0813 0.5150000000000001
4083 10 4 0.0600 184.2887 363.9713 -0.999
4084 10 4 0.0600 186.6587 363.16229999999996 -0.506
4085 10 4 0.0600 187.97570000000002 365.0983 -0.5140000000000001
4086 10 4 0.0600 186.8317 366.1063 0.3429999999999999
4087 10 4 0.0600 186.5747 365.6833 -1.413
4088 10 2 -0.1200 188.24370000000002 364.0313 0.0
4089 10 3 -0.0600 189.73170000000002 364.0313 0.0
4090 10 1 -0.1800 190.37570000000002 363.6243 -1.276
4091 10 4 0.0600 187.92770000000002 364.5463 0.95
4092 10 4 0.0600 187.7767 363.03229999999996 0.06
4093 10 4 0.0600 190.1467 363.5253 0.869
4094 10 4 0.0600 191.46370000000002 363.5173 -1.067
4095 10 4 0.0600 190.3197 364.3743 -2.075
4096 10 4 0.0600 190.0627 362.6183 -1.652
4097 10 2 -0.1200 191.73170000000002 364.0313 0.0
4098 10 3 -0.0600 193.21970000000002 364.0313 0.0
4099 10 1 -0.1800 193.86370000000002 365.3073 -0.40700000000000003
4100 10 4 0.0600 191.41570000000002 363.0813 0.5150000000000001
4101 10 4 0.0600 191.2647 363.9713 -0.999
4102 10 4 0.0600 193.6347 363.16229999999996 -0.506
4103 10 4 0.0600 194.95170000000002 365.0983 -0.5140000000000001
4104 10 4 0.0600 193.8077 366.1063 0.3429999999999999
4105 10 4 0.0600 193.5507 365.6833 -1.413
4106 10 2 -0.1200 195.21970000000002 364.0313 0.0
4107 10 3 -0.0600 196.70770000000002 364.0313 0.0
4108 10 1 -0.1800 197.35170000000002 363.6243 -1.276
4109 10 4 0.0600 194.90370000000001 364.5463 0.95
4110 10 4 0.0600 194.7527 363.03229999999996 0.06
4111 10 4 0.0600 197.1227 363.5253 0.869
4112 10 4 0.0600 198.43970000000002 363.5173 -1.067
4113 10 4 0.0600 197.2957 364.3743 -2.075
4114 10 4 0.0600 197.0387 362.6183 -1.652
4115 10 2 -0.1200 198.70770000000002 364.0313 0.0
4116 10 3 -0.0600 200.19570000000002 364.0313 0.0
4117 10 1 -0.1800 200.83970000000002 362.7553 -0.4069999999999999
4118 10 4 0.0600 198.39170000000001 364.9813 0.5149999999999999
4119 10 4 0.0600 198.2407 364.0913 -0.999
4120 10 4 0.0600 200.6107 364.9003 -0.506
4121 10 4 0.0600 201.92770000000002 362.9643 -0.5139999999999999
4122 10 4 0.0600 200.7837 361.9563 0.34300000000000014
4123 10 4 0.0600 200.5267 362.3793 -1.413
4124 10 2 -0.1200 202.19570000000002 364.0313 0.0
4125 10 3 -0.0600 203.68370000000002 364.0313 0.0
4126 10 1 -0.1800 204.32770000000002 363.6243 1.276
4127 10 4 0.0600 201.8797 364.5463 -0.95
4128 10 4 0.0600 201.7287 363.03229999999996 -0.06
4129 10 4 0.0600 204.0987 363.5253 -0.869
4130 10 4 0.0600 205.41570000000002 363.5173 1.067
4131 10 4 0.0600 204.2717 364.3743 2.075
4132 10 4 0.0600 204.0147 362.6183 1.652
4133 10 2 -0.1200 205.68370000000002 364.0313 0.0
4134 10 3 -0.0600 207.17170000000002 364.0313 0.0
4135 10 1 -0.1800 207.81570000000002 365.3073 -0.40700000000000003
4136 10 4 0.0600 205.3677 363.0813 0.5150000000000001
4137 10 4 0.0600 205.2167 363.9713 -0.999
4138 10 4 0.0600 207.5867 363.16229999999996 -0.506
4139 10 4 0.0600 208.90370000000001 365.0983 -0.5140000000000001
4140 10 4 0.0600 207.7597 366.1063 0.3429999999999999
4141 10 4 0.0600 207.5027 365.6833 -1.413
4142 10 2 -0.1200 209.17170000000002 364.0313 0.0
4143 10 3 -0.0600 210.65970000000002 364.0313 0.0
4144 10 1 -0.1800 211.30370000000002 363.6243 -1.276
4145 10 4 0.0600 208.8557 364.5463 0.95
4146 10 4 0.0600 208.7047 363.03229999999996 0.06
4147 10 4 0.0600 211.0747 363.5253 0.869
4148 10 4 0.0600 212.39170000000001 363.5173 -1.067
4149 10 4 0.0600 211.2477 364.3743 -2.075
4150 10 4 0.0600 210.9907 362.6183 -1.652
4151 10 2 -0.1200 212.65970000000002 364.0313 0.0
4152 10 3 -0.0600 214.14770000000001 364.0313 0.0
4153 10 1 -0.1800 214.79170000000002 362.7553 -0.4069999999999999
4154 10 4 0.0600 212.3437 364.9813 0.5149999999999999
4155 10 4 0.0600 212.1927 364.0913 -0.999
4156 10 4 0.0600 214.5627 364.9003 -0.506
4157 10 4 0.0600 215.8797 362.9643 -0.5139999999999999
4158 10 4 0.0600 214.7357 361.9563 0.34300000000000014
4159 10 4 0.0600 214.4787 362.3793 -1.413
4160 10 2 -0.1200 216.14770000000001 364.0313 0.0
4161 10 3 -0.0600 217.6357 364.0313 0.0
4162 10 1 -0.1800 218.27970000000002 363.6243 -1.276
4163 10 4 0.0600 215.8317 364.5463 0.95
4164 10 4 0.0600 215.6807 363.03229999999996 0.06
4165 10 4 0.0600 218.0507 363.5253 0.869
4166 10 4 0.0600 219.3677 363.5173 -1.067
4167 10 4 0.0600 218.2237 364.3743 -2.075
4168 10 4 0.0600 217.9667 362.6183 -1.652
4169 10 2 -0.1200 219.6357 364.0313 0.0
4170 10 3 -0.0600 221.1237 364.0313 0.0
4171 10 1 -0.1800 221.76770000000002 365.3073 -0.40700000000000003
4172 10 4 0.0600 219.3197 363.0813 0.5150000000000001
4173 10 4 0.0600 219.1687 363.9713 -0.999
4174 10 4 0.0600 221.5387 363.16229999999996 -0.506
4175 10 4 0.0600 222.8557 365.0983 -0.5140000000000001
4176 10 4 0.0600 221.7117 366.1063 0.3429999999999999
4177 10 4 0.0600 221.4547 365.6833 -1.413
4178 10 2 -0.1200 223.1237 364.0313 0.0
4179 10 3 -0.0600 224.6117 364.0313 0.0
4180 10 1 -0.1800 225.25570000000002 363.6243 -1.276
4181 10 4 0.0600 222.8077 364.5463 0.95
4182 10 4 0.0600 222.6567 363.03229999999996 0.06
4183 10 4 0.0600 225.0267 363.5253 0.869
4184 10 4 0.0600 226.3437 363.5173 -1.067
4185 10 4 0.0600 225.1997 364.3743 -2.075
4186 10 4 0.0600 224.9427 362.6183 -1.652
4187 10 2 -0.1200 226.6117 364.0313 0.0
4188 10 3 -0.0600 228.0997 364.0313 0.0
4189 10 1 -0.1800 228.74370000000002 365.3073 -0.40700000000000003
4190 10 4 0.0600 226.2957 363.0813 0.5150000000000001
4191 10 4 0.0600 226.1447 363.9713 -0.999
4192 10 4 0.0600 228.5147 363.16229999999996 -0.506
4193 10 4 0.0600 229.8317 365.0983 -0.5140000000000001
4194 10 4 0.0600 228.6877 366.1063 0.3429999999999999
4195 10 4 0.0600 228.4307 365.6833 -1.413
4196 10 2 -0.1200 230.0997 364.0313 0.0
4197 10 3 -0.0600 231.5877 364.0313 0.0
4198 10 1 -0.1800 232.23170000000002 363.6243 1.276
4199 10 4 0.0600 229.7837 364.5463 -0.95
4200 10 4 0.0600 229.6327 363.03229999999996 -0.06
4201 10 4 0.0600 232.0027 363.5253 -0.869
4202 10 4 0.0600 233.3197 363.5173 1.067
4203 10 4 0.0600 232.1757 364.3743 2.075
4204 10 4 0.0600 231.9187 362.6183 1.652
4205 10 2 -0.1200 233.5877 364.0313 0.0
4206 10 3 -0.0600 235.0757 364.0313 0.0
4207 10 1 -0.1800 235.71970000000002 362.7553 -0.4069999999999999
4208 10 4 0.0600 233.2717 364.9813 0.5149999999999999
4209 10 4 0.0600 233.1207 364.0913 -0.999
4210 10 4 0.0600 235.4907 364.9003 -0.506
4211 10 4 0.0600 236.8077 362.9643 -0.5139999999999999
4212 10 4 0.0600 235.6637 361.9563 0.34300000000000014
4213 10 4 0.0600 235.4067 362.3793 -1.413
4214 10 2 -0.1200 237.0757 364.0313 0.0
4215 10 3 -0.0600 238.5637 364.0313 0.0
4216 10 1 -0.1800 239.20770000000002 363.6243 1.276
4217 10 4 0.0600 236.7597 364.5463 -0.95
4218 10 4 0.0600 236.6087 363.03229999999996 -0.06
4219 10 4 0.0600 238.9787 363.5253 -0.869
4220 10 4 0.0600 240.2957 363.5173 1.067
4221 10 4 0.0600 239.1517 364.3743 2.075
4222 10 4 0.0600 238.8947 362.6183 1.652
4223 10 2 -0.1200 240.5637 364.0313 0.0
4224 10 3 -0.0600 242.0517 364.0313 0.0
4225 10 1 -0.1800 242.69570000000002 362.7553 -0.4069999999999999
4226 10 4 0.0600 240.2477 364.9813 0.5149999999999999
4227 10 4 0.0600 240.0967 364.0913 -0.999
4228 10 4 0.0600 242.4667 364.9003 -0.506
4229 10 4 0.0600 243.7837 362.9643 -0.5139999999999999
4230 10 4 0.0600 242.6397 361.9563 0.34300000000000014
4231 10 4 0.0600 242.3827 362.3793 -1.413
4232 10 2 -0.1200 244.0517 364.0313 0.0
4233 10 3 -0.0600 245.5397 364.0313 0.0
4234 10 1 -0.1800 246.18370000000002 363.6243 -1.276
4235 10 4 0.0600 243.7357 364.5463 0.95
4236 10 4 0.0600 243.5847 363.03229999999996 0.06
4237 10 4 0.0600 245.9547 363.5253 0.869
4238 10 4 0.0600 247.2717 363.5173 -1.067
4239 10 4 0.0600 246.1277 364.3743 -2.075
4240 10 4 0.0600 245.8707 362.6183 -1.652
4241 10 2 -0.1200 247.5397 364.0313 0.0
4242 10 3 -0.0600 249.0277 364.0313 0.0
4243 10 1 -0.1800 249.67170000000002 362.7553 -0.4069999999999999
4244 10 4 0.0600 247.2237 364.9813 0.5149999999999999
4245 10 4 0.0600 247.0727 364.0913 -0.999
4246 10 4 0.0600 249.4427 364.9003 -0.506
4247 10 4 0.0600 250.7597 362.9643 -0.5139999999999999
4248 10 4 0.0600 249.6157 361.9563 0.34300000000000014
4249 10 4 0.0600 249.3587 362.3793 -1.413
4250 10 2 -0.1200 251.0277 364.0313 0.0
4251 10 3 -0.0600 252.5157 364.0313 0.0
4252 10 1 -0.1800 253.15970000000002 363.6243 -1.276
4253 10 4 0.0600 250.7117 364.5463 0.95
4254 10 4 0.0600 250.5607 363.03229999999996 0.06
4255 10 4 0.0600 252.9307 363.5253 0.869
4256 10 4 0.0600 254.2477 363.5173 -1.067
4257 10 4 0.0600 253.1037 364.3743 -2.075
4258 10 4 0.0600 252.8467 362.6183 -1.652
4259 10 2 -0.1200 254.5157 364.0313 0.0
4260 10 3 -0.0600 256.00370000000004 364.0313 0.0
4261 10 1 -0.1800 256.6477 362.7553 -0.4069999999999999
4262 10 4 0.0600 254.1997 364.9813 0.5149999999999999
4263 10 4 0.0600 254.0487 364.0913 -0.999
4264 10 4 0.0600 256.4187 364.9003 -0.506
4265 10 4 0.0600 257.7357 362.9643 -0.5139999999999999
4266 10 4 0.0600 256.5917 361.9563 0.34300000000000014
4267 10 4 0.0600 256.3347 362.3793 -1.413
4268 10 2 -0.1200 258.0037 364.0313 0.0
4269 10 3 -0.0600 259.49170000000004 364.0313 0.0
4270 10 1 -0.1800 260.1357 363.6243 1.276
4271 10 4 0.0600 257.6877 364.5463 -0.95
4272 10 4 0.0600 257.5367 363.03229999999996 -0.06
4273 10 4 0.0600 259.9067 363.5253 -0.869
4274 10 4 0.0600 261.2237 363.5173 1.067
4275 10 4 0.0600 260.0797 364.3743 2.075
4276 10 4 0.0600 259.8227 362.6183 1.652
4277 10 2 -0.1200 261.4917 364.0313 0.0
4278 10 3 -0.0600 262.97970000000004 364.0313 0.0
4279 10 1 -0.1800 263.6237 365.3073 -0.40700000000000003
4280 10 4 0.0600 261.1757 363.0813 0.5150000000000001
4281 10 4 0.0600 261.0247 363.9713 -0.999
4282 10 4 0.0600 263.3947 363.16229999999996 -0.506
4283 10 4 0.0600 264.7117 365.0983 -0.5140000000000001
4284 10 4 0.0600 263.5677 366.1063 0.3429999999999999
4285 10 4 0.0600 263.3107 365.6833 -1.413
4286 10 2 -0.1200 264.9797 364.0313 0.0
4287 10 3 -0.0600 266.46770000000004 364.0313 0.0
4288 10 1 -0.1800 267.1117 363.6243 1.276
4289 10 4 0.0600 264.6637 364.5463 -0.95
4290 10 4 0.0600 264.5127 363.03229999999996 -0.06
4291 10 4 0.0600 266.8827 363.5253 -0.869
4292 10 4 0.0600 268.1997 363.5173 1.067
4293 10 4 0.0600 267.0557 364.3743 2.075
4294 10 4 0.0600 266.7987 362.6183 1.652
4295 10 2 -0.1200 268.4677 364.0313 0.0
4296 10 3 -0.0600 269.95570000000004 364.0313 0.0
4297 10 1 -0.1800 270.5997 365.3073 -0.40700000000000003
4298 10 4 0.0600 268.1517 363.0813 0.5150000000000001
4299 10 4 0.0600 268.0007 363.9713 -0.999
4300 10 4 0.0600 270.3707 363.16229999999996 -0.506
4301 10 4 0.0600 271.6877 365.0983 -0.5140000000000001
4302 10 4 0.0600 270.5437 366.1063 0.3429999999999999
4303 10 4 0.0600 270.2867 365.6833 -1.413
4304 10 2 -0.1200 271.9557 364.0313 0.0
4305 10 3 -0.0600 273.44370000000004 364.0313 0.0
4306 10 1 -0.1800 274.0877 363.6243 1.276
4307 10 4 0.0600 271.6397 364.5463 -0.95
4308 10 4 0.0600 271.4887 363.03229999999996 -0.06
4309 10 4 0.0600 273.8587 363.5253 -0.869
4310 10 4 0.0600 275.1757 363.5173 1.067
4311 10 4 0.0600 274.0317 364.3743 2.075
4312 10 4 0.0600 273.7747 362.6183 1.652
4313 10 2 -0.1200 275.4437 364.0313 0.0
4314 10 3 -0.0600 276.93170000000003 364.0313 0.0
4315 10 1 -0.1800 277.5757 362.7553 -0.4069999999999999
4316 10 4 0.0600 275.1277 364.9813 0.5149999999999999
4317 10 4 0.0600 274.9767 364.0913 -0.999
4318 10 4 0.0600 277.3467 364.9003 -0.506
4319 10 4 0.0600 278.6637 362.9643 -0.5139999999999999
4320 10 4 0.0600 277.5197 361.9563 0.34300000000000014
4321 10 4 0.0600 277.2627 362.3793 -1.413
4322 10 2 -0.1200 278.9317 364.0313 0.0
4323 10 3 -0.0600 280.41970000000003 364.0313 0.0
4324 10 1 -0.1800 281.0637 363.6243 -1.276
4325 10 4 0.0600 278.6157 364.5463 0.95
4326 10 4 0.0600 278.4647 363.03229999999996 0.06
4327 10 4 0.0600 280.8347 363.5253 0.869
4328 10 4 0.0600 282.1517 363.5173 -1.067
4329 10 4 0.0600 281.0077 364.3743 -2.075
4330 10 4 0.0600 280.7507 362.6183 -1.652
4331 10 2 -0.1200 282.4197 364.0313 0.0
4332 10 3 -0.0600 283.90770000000003 364.0313 0.0
4333 10 1 -0.1800 284.5517 365.3073 -0.40700000000000003
4334 10 4 0.0600 282.1037 363.0813 0.5150000000000001
4335 10 4 0.0600 281.9527 363.9713 -0.999
4336 10 4 0.0600 284.3227 363.16229999999996 -0.506
4337 10 4 0.0600 285.6397 365.0983 -0.5140000000000001
4338 10 4 0.0600 284.4957 366.1063 0.3429999999999999
4339 10 4 0.0600 284.2387 365.6833 -1.413
4340 10 2 -0.1200 285.9077 364.0313 0.0
4341 10 3 -0.0600 287.39570000000003 364.0313 0.0
4342 10 1 -0.1800 288.0397 363.6243 1.276
4343 10 4 0.0600 285.5917 364.5463 -0.95
4344 10 4 0.0600 285.4407 363.03229999999996 -0.06
4345 10 4 0.0600 287.8107 363.5253 -0.869
4346 10 4 0.0600 289.1277 363.5173 1.067
4347 10 4 0.0600 287.9837 364.3743 2.075
4348 10 4 0.0600 287.7267 362.6183 1.652
4349 10 2 -0.1200 289.3957 364.0313 0.0
4350 10 3 -0.0600 290.88370000000003 364.0313 0.0
4351 10 1 -0.1800 291.5277 362.7553 -0.4069999999999999
4352 10 4 0.0600 289.0797 364.9813 0.5149999999999999
4353 10 4 0.0600 288.9287 364.0913 -0.999
4354 10 4 0.0600 291.2987 364.9003 -0.506
4355 10 4 0.0600 292.6157 362.9643 -0.5139999999999999
4356 10 4 0.0600 291.4717 361.9563 0.34300000000000014
4357 10 4 0.0600 291.2147 362.3793 -1.413
4358 10 2 -0.1200 292.8837 364.0313 0.0
4359 10 3 -0.0600 294.37170000000003 364.0313 0.0
4360 10 1 -0.1800 295.0157 363.6243 1.276
4361 10 4 0.0600 292.5677 364.5463 -0.95
4362 10 4 0.0600 292.4167 363.03229999999996 -0.06
4363 10 4 0.0600 294.7867 363.5253 -0.869
4364 10 4 0.0600 296.1037 363.5173 1.067
4365 10 4 0.0600 294.9597 364.3743 2.075
4366 10 4 0.0600 294.7027 362.6183 1.652
4367 10 2 -0.1200 296.3717 364.0313 0.0
4368 10 3 -0.0600 297.85970000000003 364.0313 0.0
4369 10 1 -0.1800 298.5037 365.3073 -0.40700000000000003
4370 10 4 0.0600 296.0557 363.0813 0.5150000000000001
4371 10 4 0.0600 295.9047 363.9713 -0.999
4372 10 4 0.0600 298.2747 363.16229999999996 -0.506
4373 10 4 0.0600 299.5917 365.0983 -0.5140000000000001
4374 10 4 0.0600 298.4477 366.1063 0.3429999999999999
4375 10 4 0.0600 298.1907 365.6833 -1.413
4376 10 2 -0.1200 299.8597 364.0313 0.0
4377 10 3 -0.0600 301.34770000000003 364.0313 0.0
4378 10 1 -0.1800 301.9917 363.6243 -1.276
4379 10 4 0.0600 299.5437 364.5463 0.95
4380 10 4 0.0600 299.3927 363.03229999999996 0.06
4381 10 4 0.0600 301.7627 363.5253 0.869
4382 10 4 0.0600 303.0797 363.5173 -1.067
4383 10 4 0.0600 301.9357 364.3743 -2.075
4384 10 4 0.0600 301.6787 362.6183 -1.652
4385 10 2 -0.1200 303.3477 364.0313 0.0
4386 10 3 -0.0600 304.83570000000003 364.0313 0.0
4387 10 1 -0.1800 305.4797 365.3073 -0.40700000000000003
4388 10 4 0.0600 303.0317 363.0813 0.5150000000000001
4389 10 4 0.0600 302.8807 363.9713 -0.999
4390 10 4 0.0600 305.2507 363.16229999999996 -0.506
4391 10 4 0.0600 306.5677 365.0983 -0.5140000000000001
4392 10 4 0.0600 305.4237 366.1063 0.3429999999999999
4393 10 4 0.0600 305.1667 365.6833 -1.413
4394 10 2 -0.1200 306.8357 364.0313 0.0
4395 10 3 -0.0600 308.32370000000003 364.0313 0.0
4396 10 1 -0.1800 308.9677 363.6243 1.276
4397 10 4 0.0600 306.5197 364.5463 -0.95
4398 10 4 0.0600 306.3687 363.03229999999996 -0.06
4399 10 4 0.0600 308.7387 363.5253 -0.869
4400 10 4 0.0600 310.0557 363.5173 1.067
4401 10 4 0.0600 308.9117 364.3743 2.075
4402 10 4 0.0600 308.6547 362.6183 1.652
4403 10 2 -0.1200 310.3237 364.0313 0.0
4404 10 3 -0.0600 311.81170000000003 364.0313 0.0
4405 10 1 -0.1800 312.4557 365.3073 -0.40700000000000003
4406 10 4 0.0600 310.0077 363.0813 0.5150000000000001
4407 10 4 0.0600 309.8567 363.9713 -0.999
4408 10 4 0.0600 312.2267 363.16229999999996 -0.506
4409 10 4 0.0600 313.5437 365.0983 -0.5140000000000001
4410 10 4 0.0600 312.3997 366.1063 0.3429999999999999
4411 10 4 0.0600 312.1427 365.6833 -1.413
4412 10 2 -0.1200 313.8117 364.0313 0.0
4413 10 3 -0.0600 315.29970000000003 364.0313 0.0
4414 10 1 -0.1800 315.9437 363.6243 1.276
4415 10 4 0.0600 313.4957 364.5463 -0.95
4416 10 4 0.0600 313.3447 363.03229999999996 -0.06
4417 10 4 0.0600 315.7147 363.5253 -0.869
4418 10 4 0.0600 317.0317 363.5173 1.067
4419 10 4 0.0600 315.8877 364.3743 2.075
4420 10 4 0.0600 315.6307 362.6183 1.652
4421 10 2 -0.1200 317.2997 364.0313 0.0
4422 10 3 -0.0600 318.78770000000003 364.0313 0.0
4423 10 1 -0.1800 319.4317 365.3073 -0.40700000000000003
4424 10 4 0.0600 316.9837 363.0813 0.5150000000000001
4425 10 4 0.0600 316.8327 363.9713 -0.999
4426 10 4 0.0600 319.2027 363.16229999999996 -0.506
4427 10 4 0.0600 320.5197 365.0983 -0.5140000000000001
4428 10 4 0.0600 319.3757 366.1063 0.3429999999999999
4429 10 4 0.0600 319.1187 365.6833 -1.413
4430 10 2 -0.1200 320.7877 364.0313 0.0
4431 10 3 -0.0600 322.27570000000003 364.0313 0.0
4432 10 1 -0.1800 322.9197 363.6243 -1.276
4433 10 4 0.0600 320.4717 364.5463 0.95
4434 10 4 0.0600 320.3207 363.03229999999996 0.06
4435 10 4 0.0600 322.6907 363.5253 0.869
4436 10 4 0.0600 324.0077 363.5173 -1.067
4437 10 4 0.0600 322.8637 364.3743 -2.075
4438 10 4 0.0600 322.6067 362.6183 -1.652
4439 10 2 -0.1200 324.2757 364.0313 0.0
4440 10 3 -0.0600 325.76370000000003 364.0313 0.0
4441 10 1 -0.1800 326.4077 365.3073 -0.40700000000000003
4442 10 4 0.0600 323.9597 363.0813 0.5150000000000001
4443 10 4 0.0600 323.8087 363.9713 -0.999
4444 10 4 0.0600 326.1787 363.16229999999996 -0.506
4445 10 4 0.0600 327.4957 365.0983 -0.5140000000000001
4446 10 4 0.0600 326.3517 366.1063 0.3429999999999999
4447 10 4 0.0600 326.0947 365.6833 -1.413
4448 10 2 -0.1200 327.7637 364.0313 0.0
4449 10 3 -0.0600 329.2517 364.0313 0.0
4450 10 1 -0.1800 329.8957 363.6243 1.276
4451 10 4 0.0600 327.4477 364.5463 -0.95
4452 10 4 0.0600 327.2967 363.03229999999996 -0.06
4453 10 4 0.0600 329.6667 363.5253 -0.869
4454 10 4 0.0600 330.9837 363.5173 1.067
4455 10 4 0.0600 329.8397 364.3743 2.075
4456 10 4 0.0600 329.5827 362.6183 1.652
4457 10 2 -0.1200 331.25169999999997 364.0313 0.0
4458 10 3 -0.0600 332.7397 364.0313 0.0
4459 10 1 -0.1800 333.3837 365.3073 -0.40700000000000003
4460 10 4 0.0600 330.9357 363.0813 0.5150000000000001
4461 10 4 0.0600 330.7847 363.9713 -0.999
4462 10 4 0.0600 333.1547 363.16229999999996 -0.506
4463 10 4 0.0600 334.4717 365.0983 -0.5140000000000001
4464 10 4 0.0600 333.3277 366.1063 0.3429999999999999
4465 10 4 0.0600 333.0707 365.6833 -1.413
4466 10 2 -0.1200 334.73969999999997 364.0313 0.0
4467 10 3 -0.0600 336.2277 364.0313 0.0
4468 10 1 -0.1800 336.8717 363.6243 1.276
4469 10 4 0.0600 334.4237 364.5463 -0.95
4470 10 4 0.0600 334.2727 363.03229999999996 -0.06
4471 10 4 0.0600 336.6427 363.5253 -0.869
4472 10 4 0.0600 337.9597 363.5173 1.067
4473 10 4 0.0600 336.8157 364.3743 2.075
4474 10 4 0.0600 336.5587 362.6183 1.652
4475 10 2 -0.1200 338.22769999999997 364.0313 0.0
4476 10 3 -0.0600 339.7157 364.0313 0.0
4477 10 1 -0.1800 340.3597 362.7553 -0.4069999999999999
4478 10 4 0.0600 337.9117 364.9813 0.5149999999999999
4479 10 4 0.0600 337.7607 364.0913 -0.999
4480 10 4 0.0600 340.1307 364.9003 -0.506
4481 10 4 0.0600 341.4477 362.9643 -0.5139999999999999
4482 10 4 0.0600 340.3037 361.9563 0.34300000000000014
4483 10 4 0.0600 340.0467 362.3793 -1.413
4484 10 2 -0.1200 341.71569999999997 364.0313 0.0
4485 10 3 -0.0600 343.2037 364.0313 0.0
4486 10 1 -0.1800 343.8477 363.6243 1.276
4487 10 4 0.0600 341.3997 364.5463 -0.95
4488 10 4 0.0600 341.2487 363.03229999999996 -0.06
4489 10 4 0.0600 343.6187 363.5253 -0.869
4490 10 4 0.0600 344.9357 363.5173 1.067
4491 10 4 0.0600 343.7917 364.3743 2.075
4492 10 4 0.0600 343.5347 362.6183 1.652
4493 10 2 -0.1200 345.20369999999997 364.0313 0.0
4494 10 3 -0.0600 346.6917 364.0313 0.0
4495 10 1 -0.1800 347.3357 365.3073 -0.40700000000000003
4496 10 4 0.0600 344.8877 363.0813 0.5150000000000001
4497 10 4 0.0600 344.7367 363.9713 -0.999
4498 10 4 0.0600 347.1067 363.16229999999996 -0.506
4499 10 4 0.0600 348.4237 365.0983 -0.5140000000000001
4500 10 4 0.0600 347.2797 366.1063 0.3429999999999999
4501 10 4 0.0600 347.0227 365.6833 -1.413
4502 10 2 -0.1200 348.69169999999997 364.0313 0.0
4503 10 3 -0.0600 350.1797 364.0313 0.0
4504 10 1 -0.1800 350.8237 363.6243 1.276
4505 10 4 0.0600 348.3757 364.5463 -0.95
4506 10 4 0.0600 348.2247 363.03229999999996 -0.06
4507 10 4 0.0600 350.5947 363.5253 -0.869
4508 10 4 0.0600 351.9117 363.5173 1.067
4509 10 4 0.0600 350.7677 364.3743 2.075
4510 10 4 0.0600 350.5107 362.6183 1.652
4511 10 2 -0.1200 351.2527 364.0313 0.0
4512 10 2 -0.1200 352.6007 364.36129999999997 0.57
4513 10 1 -0.1800 353.6217 363.5743 -0.24499999999999997
4514 10 4 0.0600 350.4857 364.3863 0.703
4515 10 4 0.0600 351.1897 364.4703 -1.008
4516 10 4 0.0600 352.7577 365.44829999999996 0.5029999999999999
4517 10 4 0.0600 352.7317 364.05629999999996 1.618
4518 10 4 0.0600 353.4527 363.66929999999996 -1.33
4519 10 4 0.0600 353.5157 362.5253 0.05700000000000009
4520 10 4 0.0600 354.5947 364.0313 0.0
