1 7 1 2 3
2 7 453 454 455
3 7 905 906 907
4 7 1357 1358 1359
5 7 1809 1810 1811
6 7 2261 2262 2263
7 7 2713 2714 2715
8 7 3165 3166 3167
9 7 3617 3618 3619
10 7 4069 4070 4071
11 13 443 444 445
12 13 895 896 897
13 13 1347 1348 1349
14 13 1799 1800 1801
15 13 2251 2252 2253
16 13 2703 2704 2705
17 13 3155 3156 3157
18 13 3607 3608 3609
19 13 4059 4060 4061
20 13 4511 4512 4513
21 16 11 12 13
22 16 1 2 11
23 16 3 2 11
24 16 20 21 22
25 16 13 12 20
26 16 29 30 31
27 16 22 21 29
28 16 38 39 40
29 16 31 30 38
30 16 47 48 49
31 16 40 39 47
32 16 56 57 58
33 16 49 48 56
34 16 65 66 67
35 16 58 57 65
36 16 74 75 76
37 16 67 66 74
38 16 83 84 85
39 16 76 75 83
40 16 92 93 94
41 16 85 84 92
42 16 101 102 103
43 16 94 93 101
44 16 110 111 112
45 16 103 102 110
46 16 119 120 121
47 16 112 111 119
48 16 128 129 130
49 16 121 120 128
50 16 137 138 139
51 16 130 129 137
52 16 146 147 148
53 16 139 138 146
54 16 155 156 157
55 16 148 147 155
56 16 164 165 166
57 16 157 156 164
58 16 173 174 175
59 16 166 165 173
60 16 182 183 184
61 16 175 174 182
62 16 191 192 193
63 16 184 183 191
64 16 200 201 202
65 16 193 192 200
66 16 209 210 211
67 16 202 201 209
68 16 218 219 220
69 16 211 210 218
70 16 227 228 229
71 16 220 219 227
72 16 236 237 238
73 16 229 228 236
74 16 245 246 247
75 16 238 237 245
76 16 254 255 256
77 16 247 246 254
78 16 263 264 265
79 16 256 255 263
80 16 272 273 274
81 16 265 264 272
82 16 281 282 283
83 16 274 273 281
84 16 290 291 292
85 16 283 282 290
86 16 299 300 301
87 16 292 291 299
88 16 308 309 310
89 16 301 300 308
90 16 317 318 319
91 16 310 309 317
92 16 326 327 328
93 16 319 318 326
94 16 335 336 337
95 16 328 327 335
96 16 344 345 346
97 16 337 336 344
98 16 353 354 355
99 16 346 345 353
100 16 362 363 364
101 16 355 354 362
102 16 371 372 373
103 16 364 363 371
104 16 380 381 382
105 16 373 372 380
106 16 389 390 391
107 16 382 381 389
108 16 398 399 400
109 16 391 390 398
110 16 407 408 409
111 16 400 399 407
112 16 416 417 418
113 16 409 408 416
114 16 425 426 427
115 16 418 417 425
116 16 434 435 436
117 16 427 426 434
118 16 436 435 443
119 16 463 464 465
120 16 453 454 463
121 16 455 454 463
122 16 472 473 474
123 16 465 464 472
124 16 481 482 483
125 16 474 473 481
126 16 490 491 492
127 16 483 482 490
128 16 499 500 501
129 16 492 491 499
130 16 508 509 510
131 16 501 500 508
132 16 517 518 519
133 16 510 509 517
134 16 526 527 528
135 16 519 518 526
136 16 535 536 537
137 16 528 527 535
138 16 544 545 546
139 16 537 536 544
140 16 553 554 555
141 16 546 545 553
142 16 562 563 564
143 16 555 554 562
144 16 571 572 573
145 16 564 563 571
146 16 580 581 582
147 16 573 572 580
148 16 589 590 591
149 16 582 581 589
150 16 598 599 600
151 16 591 590 598
152 16 607 608 609
153 16 600 599 607
154 16 616 617 618
155 16 609 608 616
156 16 625 626 627
157 16 618 617 625
158 16 634 635 636
159 16 627 626 634
160 16 643 644 645
161 16 636 635 643
162 16 652 653 654
163 16 645 644 652
164 16 661 662 663
165 16 654 653 661
166 16 670 671 672
167 16 663 662 670
168 16 679 680 681
169 16 672 671 679
170 16 688 689 690
171 16 681 680 688
172 16 697 698 699
173 16 690 689 697
174 16 706 707 708
175 16 699 698 706
176 16 715 716 717
177 16 708 707 715
178 16 724 725 726
179 16 717 716 724
180 16 733 734 735
181 16 726 725 733
182 16 742 743 744
183 16 735 734 742
184 16 751 752 753
185 16 744 743 751
186 16 760 761 762
187 16 753 752 760
188 16 769 770 771
189 16 762 761 769
190 16 778 779 780
191 16 771 770 778
192 16 787 788 789
193 16 780 779 787
194 16 796 797 798
195 16 789 788 796
196 16 805 806 807
197 16 798 797 805
198 16 814 815 816
199 16 807 806 814
200 16 823 824 825
201 16 816 815 823
202 16 832 833 834
203 16 825 824 832
204 16 841 842 843
205 16 834 833 841
206 16 850 851 852
207 16 843 842 850
208 16 859 860 861
209 16 852 851 859
210 16 868 869 870
211 16 861 860 868
212 16 877 878 879
213 16 870 869 877
214 16 886 887 888
215 16 879 878 886
216 16 888 887 895
217 16 915 916 917
218 16 905 906 915
219 16 907 906 915
220 16 924 925 926
221 16 917 916 924
222 16 933 934 935
223 16 926 925 933
224 16 942 943 944
225 16 935 934 942
226 16 951 952 953
227 16 944 943 951
228 16 960 961 962
229 16 953 952 960
230 16 969 970 971
231 16 962 961 969
232 16 978 979 980
233 16 971 970 978
234 16 987 988 989
235 16 980 979 987
236 16 996 997 998
237 16 989 988 996
238 16 1005 1006 1007
239 16 998 997 1005
240 16 1014 1015 1016
241 16 1007 1006 1014
242 16 1023 1024 1025
243 16 1016 1015 1023
244 16 1032 1033 1034
245 16 1025 1024 1032
246 16 1041 1042 1043
247 16 1034 1033 1041
248 16 1050 1051 1052
249 16 1043 1042 1050
250 16 1059 1060 1061
251 16 1052 1051 1059
252 16 1068 1069 1070
253 16 1061 1060 1068
254 16 1077 1078 1079
255 16 1070 1069 1077
256 16 1086 1087 1088
257 16 1079 1078 1086
258 16 1095 1096 1097
259 16 1088 1087 1095
260 16 1104 1105 1106
261 16 1097 1096 1104
262 16 1113 1114 1115
263 16 1106 1105 1113
264 16 1122 1123 1124
265 16 1115 1114 1122
266 16 1131 1132 1133
267 16 1124 1123 1131
268 16 1140 1141 1142
269 16 1133 1132 1140
270 16 1149 1150 1151
271 16 1142 1141 1149
272 16 1158 1159 1160
273 16 1151 1150 1158
274 16 1167 1168 1169
275 16 1160 1159 1167
276 16 1176 1177 1178
277 16 1169 1168 1176
278 16 1185 1186 1187
279 16 1178 1177 1185
280 16 1194 1195 1196
281 16 1187 1186 1194
282 16 1203 1204 1205
283 16 1196 1195 1203
284 16 1212 1213 1214
285 16 1205 1204 1212
286 16 1221 1222 1223
287 16 1214 1213 1221
288 16 1230 1231 1232
289 16 1223 1222 1230
290 16 1239 1240 1241
291 16 1232 1231 1239
292 16 1248 1249 1250
293 16 1241 1240 1248
294 16 1257 1258 1259
295 16 1250 1249 1257
296 16 1266 1267 1268
297 16 1259 1258 1266
298 16 1275 1276 1277
299 16 1268 1267 1275
300 16 1284 1285 1286
301 16 1277 1276 1284
302 16 1293 1294 1295
303 16 1286 1285 1293
304 16 1302 1303 1304
305 16 1295 1294 1302
306 16 1311 1312 1313
307 16 1304 1303 1311
308 16 1320 1321 1322
309 16 1313 1312 1320
310 16 1329 1330 1331
311 16 1322 1321 1329
312 16 1338 1339 1340
313 16 1331 1330 1338
314 16 1340 1339 1347
315 16 1367 1368 1369
316 16 1357 1358 1367
317 16 1359 1358 1367
318 16 1376 1377 1378
319 16 1369 1368 1376
320 16 1385 1386 1387
321 16 1378 1377 1385
322 16 1394 1395 1396
323 16 1387 1386 1394
324 16 1403 1404 1405
325 16 1396 1395 1403
326 16 1412 1413 1414
327 16 1405 1404 1412
328 16 1421 1422 1423
329 16 1414 1413 1421
330 16 1430 1431 1432
331 16 1423 1422 1430
332 16 1439 1440 1441
333 16 1432 1431 1439
334 16 1448 1449 1450
335 16 1441 1440 1448
336 16 1457 1458 1459
337 16 1450 1449 1457
338 16 1466 1467 1468
339 16 1459 1458 1466
340 16 1475 1476 1477
341 16 1468 1467 1475
342 16 1484 1485 1486
343 16 1477 1476 1484
344 16 1493 1494 1495
345 16 1486 1485 1493
346 16 1502 1503 1504
347 16 1495 1494 1502
348 16 1511 1512 1513
349 16 1504 1503 1511
350 16 1520 1521 1522
351 16 1513 1512 1520
352 16 1529 1530 1531
353 16 1522 1521 1529
354 16 1538 1539 1540
355 16 1531 1530 1538
356 16 1547 1548 1549
357 16 1540 1539 1547
358 16 1556 1557 1558
359 16 1549 1548 1556
360 16 1565 1566 1567
361 16 1558 1557 1565
362 16 1574 1575 1576
363 16 1567 1566 1574
364 16 1583 1584 1585
365 16 1576 1575 1583
366 16 1592 1593 1594
367 16 1585 1584 1592
368 16 1601 1602 1603
369 16 1594 1593 1601
370 16 1610 1611 1612
371 16 1603 1602 1610
372 16 1619 1620 1621
373 16 1612 1611 1619
374 16 1628 1629 1630
375 16 1621 1620 1628
376 16 1637 1638 1639
377 16 1630 1629 1637
378 16 1646 1647 1648
379 16 1639 1638 1646
380 16 1655 1656 1657
381 16 1648 1647 1655
382 16 1664 1665 1666
383 16 1657 1656 1664
384 16 1673 1674 1675
385 16 1666 1665 1673
386 16 1682 1683 1684
387 16 1675 1674 1682
388 16 1691 1692 1693
389 16 1684 1683 1691
390 16 1700 1701 1702
391 16 1693 1692 1700
392 16 1709 1710 1711
393 16 1702 1701 1709
394 16 1718 1719 1720
395 16 1711 1710 1718
396 16 1727 1728 1729
397 16 1720 1719 1727
398 16 1736 1737 1738
399 16 1729 1728 1736
400 16 1745 1746 1747
401 16 1738 1737 1745
402 16 1754 1755 1756
403 16 1747 1746 1754
404 16 1763 1764 1765
405 16 1756 1755 1763
406 16 1772 1773 1774
407 16 1765 1764 1772
408 16 1781 1782 1783
409 16 1774 1773 1781
410 16 1790 1791 1792
411 16 1783 1782 1790
412 16 1792 1791 1799
413 16 1819 1820 1821
414 16 1809 1810 1819
415 16 1811 1810 1819
416 16 1828 1829 1830
417 16 1821 1820 1828
418 16 1837 1838 1839
419 16 1830 1829 1837
420 16 1846 1847 1848
421 16 1839 1838 1846
422 16 1855 1856 1857
423 16 1848 1847 1855
424 16 1864 1865 1866
425 16 1857 1856 1864
426 16 1873 1874 1875
427 16 1866 1865 1873
428 16 1882 1883 1884
429 16 1875 1874 1882
430 16 1891 1892 1893
431 16 1884 1883 1891
432 16 1900 1901 1902
433 16 1893 1892 1900
434 16 1909 1910 1911
435 16 1902 1901 1909
436 16 1918 1919 1920
437 16 1911 1910 1918
438 16 1927 1928 1929
439 16 1920 1919 1927
440 16 1936 1937 1938
441 16 1929 1928 1936
442 16 1945 1946 1947
443 16 1938 1937 1945
444 16 1954 1955 1956
445 16 1947 1946 1954
446 16 1963 1964 1965
447 16 1956 1955 1963
448 16 1972 1973 1974
449 16 1965 1964 1972
450 16 1981 1982 1983
451 16 1974 1973 1981
452 16 1990 1991 1992
453 16 1983 1982 1990
454 16 1999 2000 2001
455 16 1992 1991 1999
456 16 2008 2009 2010
457 16 2001 2000 2008
458 16 2017 2018 2019
459 16 2010 2009 2017
460 16 2026 2027 2028
461 16 2019 2018 2026
462 16 2035 2036 2037
463 16 2028 2027 2035
464 16 2044 2045 2046
465 16 2037 2036 2044
466 16 2053 2054 2055
467 16 2046 2045 2053
468 16 2062 2063 2064
469 16 2055 2054 2062
470 16 2071 2072 2073
471 16 2064 2063 2071
472 16 2080 2081 2082
473 16 2073 2072 2080
474 16 2089 2090 2091
475 16 2082 2081 2089
476 16 2098 2099 2100
477 16 2091 2090 2098
478 16 2107 2108 2109
479 16 2100 2099 2107
480 16 2116 2117 2118
481 16 2109 2108 2116
482 16 2125 2126 2127
483 16 2118 2117 2125
484 16 2134 2135 2136
485 16 2127 2126 2134
486 16 2143 2144 2145
487 16 2136 2135 2143
488 16 2152 2153 2154
489 16 2145 2144 2152
490 16 2161 2162 2163
491 16 2154 2153 2161
492 16 2170 2171 2172
493 16 2163 2162 2170
494 16 2179 2180 2181
495 16 2172 2171 2179
496 16 2188 2189 2190
497 16 2181 2180 2188
498 16 2197 2198 2199
499 16 2190 2189 2197
500 16 2206 2207 2208
501 16 2199 2198 2206
502 16 2215 2216 2217
503 16 2208 2207 2215
504 16 2224 2225 2226
505 16 2217 2216 2224
506 16 2233 2234 2235
507 16 2226 2225 2233
508 16 2242 2243 2244
509 16 2235 2234 2242
510 16 2244 2243 2251
511 16 2271 2272 2273
512 16 2261 2262 2271
513 16 2263 2262 2271
514 16 2280 2281 2282
515 16 2273 2272 2280
516 16 2289 2290 2291
517 16 2282 2281 2289
518 16 2298 2299 2300
519 16 2291 2290 2298
520 16 2307 2308 2309
521 16 2300 2299 2307
522 16 2316 2317 2318
523 16 2309 2308 2316
524 16 2325 2326 2327
525 16 2318 2317 2325
526 16 2334 2335 2336
527 16 2327 2326 2334
528 16 2343 2344 2345
529 16 2336 2335 2343
530 16 2352 2353 2354
531 16 2345 2344 2352
532 16 2361 2362 2363
533 16 2354 2353 2361
534 16 2370 2371 2372
535 16 2363 2362 2370
536 16 2379 2380 2381
537 16 2372 2371 2379
538 16 2388 2389 2390
539 16 2381 2380 2388
540 16 2397 2398 2399
541 16 2390 2389 2397
542 16 2406 2407 2408
543 16 2399 2398 2406
544 16 2415 2416 2417
545 16 2408 2407 2415
546 16 2424 2425 2426
547 16 2417 2416 2424
548 16 2433 2434 2435
549 16 2426 2425 2433
550 16 2442 2443 2444
551 16 2435 2434 2442
552 16 2451 2452 2453
553 16 2444 2443 2451
554 16 2460 2461 2462
555 16 2453 2452 2460
556 16 2469 2470 2471
557 16 2462 2461 2469
558 16 2478 2479 2480
559 16 2471 2470 2478
560 16 2487 2488 2489
561 16 2480 2479 2487
562 16 2496 2497 2498
563 16 2489 2488 2496
564 16 2505 2506 2507
565 16 2498 2497 2505
566 16 2514 2515 2516
567 16 2507 2506 2514
568 16 2523 2524 2525
569 16 2516 2515 2523
570 16 2532 2533 2534
571 16 2525 2524 2532
572 16 2541 2542 2543
573 16 2534 2533 2541
574 16 2550 2551 2552
575 16 2543 2542 2550
576 16 2559 2560 2561
577 16 2552 2551 2559
578 16 2568 2569 2570
579 16 2561 2560 2568
580 16 2577 2578 2579
581 16 2570 2569 2577
582 16 2586 2587 2588
583 16 2579 2578 2586
584 16 2595 2596 2597
585 16 2588 2587 2595
586 16 2604 2605 2606
587 16 2597 2596 2604
588 16 2613 2614 2615
589 16 2606 2605 2613
590 16 2622 2623 2624
591 16 2615 2614 2622
592 16 2631 2632 2633
593 16 2624 2623 2631
594 16 2640 2641 2642
595 16 2633 2632 2640
596 16 2649 2650 2651
597 16 2642 2641 2649
598 16 2658 2659 2660
599 16 2651 2650 2658
600 16 2667 2668 2669
601 16 2660 2659 2667
602 16 2676 2677 2678
603 16 2669 2668 2676
604 16 2685 2686 2687
605 16 2678 2677 2685
606 16 2694 2695 2696
607 16 2687 2686 2694
608 16 2696 2695 2703
609 16 2723 2724 2725
610 16 2713 2714 2723
611 16 2715 2714 2723
612 16 2732 2733 2734
613 16 2725 2724 2732
614 16 2741 2742 2743
615 16 2734 2733 2741
616 16 2750 2751 2752
617 16 2743 2742 2750
618 16 2759 2760 2761
619 16 2752 2751 2759
620 16 2768 2769 2770
621 16 2761 2760 2768
622 16 2777 2778 2779
623 16 2770 2769 2777
624 16 2786 2787 2788
625 16 2779 2778 2786
626 16 2795 2796 2797
627 16 2788 2787 2795
628 16 2804 2805 2806
629 16 2797 2796 2804
630 16 2813 2814 2815
631 16 2806 2805 2813
632 16 2822 2823 2824
633 16 2815 2814 2822
634 16 2831 2832 2833
635 16 2824 2823 2831
636 16 2840 2841 2842
637 16 2833 2832 2840
638 16 2849 2850 2851
639 16 2842 2841 2849
640 16 2858 2859 2860
641 16 2851 2850 2858
642 16 2867 2868 2869
643 16 2860 2859 2867
644 16 2876 2877 2878
645 16 2869 2868 2876
646 16 2885 2886 2887
647 16 2878 2877 2885
648 16 2894 2895 2896
649 16 2887 2886 2894
650 16 2903 2904 2905
651 16 2896 2895 2903
652 16 2912 2913 2914
653 16 2905 2904 2912
654 16 2921 2922 2923
655 16 2914 2913 2921
656 16 2930 2931 2932
657 16 2923 2922 2930
658 16 2939 2940 2941
659 16 2932 2931 2939
660 16 2948 2949 2950
661 16 2941 2940 2948
662 16 2957 2958 2959
663 16 2950 2949 2957
664 16 2966 2967 2968
665 16 2959 2958 2966
666 16 2975 2976 2977
667 16 2968 2967 2975
668 16 2984 2985 2986
669 16 2977 2976 2984
670 16 2993 2994 2995
671 16 2986 2985 2993
672 16 3002 3003 3004
673 16 2995 2994 3002
674 16 3011 3012 3013
675 16 3004 3003 3011
676 16 3020 3021 3022
677 16 3013 3012 3020
678 16 3029 3030 3031
679 16 3022 3021 3029
680 16 3038 3039 3040
681 16 3031 3030 3038
682 16 3047 3048 3049
683 16 3040 3039 3047
684 16 3056 3057 3058
685 16 3049 3048 3056
686 16 3065 3066 3067
687 16 3058 3057 3065
688 16 3074 3075 3076
689 16 3067 3066 3074
690 16 3083 3084 3085
691 16 3076 3075 3083
692 16 3092 3093 3094
693 16 3085 3084 3092
694 16 3101 3102 3103
695 16 3094 3093 3101
696 16 3110 3111 3112
697 16 3103 3102 3110
698 16 3119 3120 3121
699 16 3112 3111 3119
700 16 3128 3129 3130
701 16 3121 3120 3128
702 16 3137 3138 3139
703 16 3130 3129 3137
704 16 3146 3147 3148
705 16 3139 3138 3146
706 16 3148 3147 3155
707 16 3175 3176 3177
708 16 3165 3166 3175
709 16 3167 3166 3175
710 16 3184 3185 3186
711 16 3177 3176 3184
712 16 3193 3194 3195
713 16 3186 3185 3193
714 16 3202 3203 3204
715 16 3195 3194 3202
716 16 3211 3212 3213
717 16 3204 3203 3211
718 16 3220 3221 3222
719 16 3213 3212 3220
720 16 3229 3230 3231
721 16 3222 3221 3229
722 16 3238 3239 3240
723 16 3231 3230 3238
724 16 3247 3248 3249
725 16 3240 3239 3247
726 16 3256 3257 3258
727 16 3249 3248 3256
728 16 3265 3266 3267
729 16 3258 3257 3265
730 16 3274 3275 3276
731 16 3267 3266 3274
732 16 3283 3284 3285
733 16 3276 3275 3283
734 16 3292 3293 3294
735 16 3285 3284 3292
736 16 3301 3302 3303
737 16 3294 3293 3301
738 16 3310 3311 3312
739 16 3303 3302 3310
740 16 3319 3320 3321
741 16 3312 3311 3319
742 16 3328 3329 3330
743 16 3321 3320 3328
744 16 3337 3338 3339
745 16 3330 3329 3337
746 16 3346 3347 3348
747 16 3339 3338 3346
748 16 3355 3356 3357
749 16 3348 3347 3355
750 16 3364 3365 3366
751 16 3357 3356 3364
752 16 3373 3374 3375
753 16 3366 3365 3373
754 16 3382 3383 3384
755 16 3375 3374 3382
756 16 3391 3392 3393
757 16 3384 3383 3391
758 16 3400 3401 3402
759 16 3393 3392 3400
760 16 3409 3410 3411
761 16 3402 3401 3409
762 16 3418 3419 3420
763 16 3411 3410 3418
764 16 3427 3428 3429
765 16 3420 3419 3427
766 16 3436 3437 3438
767 16 3429 3428 3436
768 16 3445 3446 3447
769 16 3438 3437 3445
770 16 3454 3455 3456
771 16 3447 3446 3454
772 16 3463 3464 3465
773 16 3456 3455 3463
774 16 3472 3473 3474
775 16 3465 3464 3472
776 16 3481 3482 3483
777 16 3474 3473 3481
778 16 3490 3491 3492
779 16 3483 3482 3490
780 16 3499 3500 3501
781 16 3492 3491 3499
782 16 3508 3509 3510
783 16 3501 3500 3508
784 16 3517 3518 3519
785 16 3510 3509 3517
786 16 3526 3527 3528
787 16 3519 3518 3526
788 16 3535 3536 3537
789 16 3528 3527 3535
790 16 3544 3545 3546
791 16 3537 3536 3544
792 16 3553 3554 3555
793 16 3546 3545 3553
794 16 3562 3563 3564
795 16 3555 3554 3562
796 16 3571 3572 3573
797 16 3564 3563 3571
798 16 3580 3581 3582
799 16 3573 3572 3580
800 16 3589 3590 3591
801 16 3582 3581 3589
802 16 3598 3599 3600
803 16 3591 3590 3598
804 16 3600 3599 3607
805 16 3627 3628 3629
806 16 3617 3618 3627
807 16 3619 3618 3627
808 16 3636 3637 3638
809 16 3629 3628 3636
810 16 3645 3646 3647
811 16 3638 3637 3645
812 16 3654 3655 3656
813 16 3647 3646 3654
814 16 3663 3664 3665
815 16 3656 3655 3663
816 16 3672 3673 3674
817 16 3665 3664 3672
818 16 3681 3682 3683
819 16 3674 3673 3681
820 16 3690 3691 3692
821 16 3683 3682 3690
822 16 3699 3700 3701
823 16 3692 3691 3699
824 16 3708 3709 3710
825 16 3701 3700 3708
826 16 3717 3718 3719
827 16 3710 3709 3717
828 16 3726 3727 3728
829 16 3719 3718 3726
830 16 3735 3736 3737
831 16 3728 3727 3735
832 16 3744 3745 3746
833 16 3737 3736 3744
834 16 3753 3754 3755
835 16 3746 3745 3753
836 16 3762 3763 3764
837 16 3755 3754 3762
838 16 3771 3772 3773
839 16 3764 3763 3771
840 16 3780 3781 3782
841 16 3773 3772 3780
842 16 3789 3790 3791
843 16 3782 3781 3789
844 16 3798 3799 3800
845 16 3791 3790 3798
846 16 3807 3808 3809
847 16 3800 3799 3807
848 16 3816 3817 3818
849 16 3809 3808 3816
850 16 3825 3826 3827
851 16 3818 3817 3825
852 16 3834 3835 3836
853 16 3827 3826 3834
854 16 3843 3844 3845
855 16 3836 3835 3843
856 16 3852 3853 3854
857 16 3845 3844 3852
858 16 3861 3862 3863
859 16 3854 3853 3861
860 16 3870 3871 3872
861 16 3863 3862 3870
862 16 3879 3880 3881
863 16 3872 3871 3879
864 16 3888 3889 3890
865 16 3881 3880 3888
866 16 3897 3898 3899
867 16 3890 3889 3897
868 16 3906 3907 3908
869 16 3899 3898 3906
870 16 3915 3916 3917
871 16 3908 3907 3915
872 16 3924 3925 3926
873 16 3917 3916 3924
874 16 3933 3934 3935
875 16 3926 3925 3933
876 16 3942 3943 3944
877 16 3935 3934 3942
878 16 3951 3952 3953
879 16 3944 3943 3951
880 16 3960 3961 3962
881 16 3953 3952 3960
882 16 3969 3970 3971
883 16 3962 3961 3969
884 16 3978 3979 3980
885 16 3971 3970 3978
886 16 3987 3988 3989
887 16 3980 3979 3987
888 16 3996 3997 3998
889 16 3989 3988 3996
890 16 4005 4006 4007
891 16 3998 3997 4005
892 16 4014 4015 4016
893 16 4007 4006 4014
894 16 4023 4024 4025
895 16 4016 4015 4023
896 16 4032 4033 4034
897 16 4025 4024 4032
898 16 4041 4042 4043
899 16 4034 4033 4041
900 16 4050 4051 4052
901 16 4043 4042 4050
902 16 4052 4051 4059
903 16 4079 4080 4081
904 16 4069 4070 4079
905 16 4071 4070 4079
906 16 4088 4089 4090
907 16 4081 4080 4088
908 16 4097 4098 4099
909 16 4090 4089 4097
910 16 4106 4107 4108
911 16 4099 4098 4106
912 16 4115 4116 4117
913 16 4108 4107 4115
914 16 4124 4125 4126
915 16 4117 4116 4124
916 16 4133 4134 4135
917 16 4126 4125 4133
918 16 4142 4143 4144
919 16 4135 4134 4142
920 16 4151 4152 4153
921 16 4144 4143 4151
922 16 4160 4161 4162
923 16 4153 4152 4160
924 16 4169 4170 4171
925 16 4162 4161 4169
926 16 4178 4179 4180
927 16 4171 4170 4178
928 16 4187 4188 4189
929 16 4180 4179 4187
930 16 4196 4197 4198
931 16 4189 4188 4196
932 16 4205 4206 4207
933 16 4198 4197 4205
934 16 4214 4215 4216
935 16 4207 4206 4214
936 16 4223 4224 4225
937 16 4216 4215 4223
938 16 4232 4233 4234
939 16 4225 4224 4232
940 16 4241 4242 4243
941 16 4234 4233 4241
942 16 4250 4251 4252
943 16 4243 4242 4250
944 16 4259 4260 4261
945 16 4252 4251 4259
946 16 4268 4269 4270
947 16 4261 4260 4268
948 16 4277 4278 4279
949 16 4270 4269 4277
950 16 4286 4287 4288
951 16 4279 4278 4286
952 16 4295 4296 4297
953 16 4288 4287 4295
954 16 4304 4305 4306
955 16 4297 4296 4304
956 16 4313 4314 4315
957 16 4306 4305 4313
958 16 4322 4323 4324
959 16 4315 4314 4322
960 16 4331 4332 4333
961 16 4324 4323 4331
962 16 4340 4341 4342
963 16 4333 4332 4340
964 16 4349 4350 4351
965 16 4342 4341 4349
966 16 4358 4359 4360
967 16 4351 4350 4358
968 16 4367 4368 4369
969 16 4360 4359 4367
970 16 4376 4377 4378
971 16 4369 4368 4376
972 16 4385 4386 4387
973 16 4378 4377 4385
974 16 4394 4395 4396
975 16 4387 4386 4394
976 16 4403 4404 4405
977 16 4396 4395 4403
978 16 4412 4413 4414
979 16 4405 4404 4412
980 16 4421 4422 4423
981 16 4414 4413 4421
982 16 4430 4431 4432
983 16 4423 4422 4430
984 16 4439 4440 4441
985 16 4432 4431 4439
986 16 4448 4449 4450
987 16 4441 4440 4448
988 16 4457 4458 4459
989 16 4450 4449 4457
990 16 4466 4467 4468
991 16 4459 4458 4466
992 16 4475 4476 4477
993 16 4468 4467 4475
994 16 4484 4485 4486
995 16 4477 4476 4484
996 16 4493 4494 4495
997 16 4486 4485 4493
998 16 4502 4503 4504
999 16 4495 4494 4502
1000 16 4504 4503 4511
1001 17 11 12 20
1002 17 20 21 29
1003 17 29 30 38
1004 17 38 39 47
1005 17 47 48 56
1006 17 56 57 65
1007 17 65 66 74
1008 17 74 75 83
1009 17 83 84 92
1010 17 92 93 101
1011 17 101 102 110
1012 17 110 111 119
1013 17 119 120 128
1014 17 128 129 137
1015 17 137 138 146
1016 17 146 147 155
1017 17 155 156 164
1018 17 164 165 173
1019 17 173 174 182
1020 17 182 183 191
1021 17 191 192 200
1022 17 200 201 209
1023 17 209 210 218
1024 17 218 219 227
1025 17 227 228 236
1026 17 236 237 245
1027 17 245 246 254
1028 17 254 255 263
1029 17 263 264 272
1030 17 272 273 281
1031 17 281 282 290
1032 17 290 291 299
1033 17 299 300 308
1034 17 308 309 317
1035 17 317 318 326
1036 17 326 327 335
1037 17 335 336 344
1038 17 344 345 353
1039 17 353 354 362
1040 17 362 363 371
1041 17 371 372 380
1042 17 380 381 389
1043 17 389 390 398
1044 17 398 399 407
1045 17 407 408 416
1046 17 416 417 425
1047 17 425 426 434
1048 17 434 435 443
1049 17 463 464 472
1050 17 472 473 481
1051 17 481 482 490
1052 17 490 491 499
1053 17 499 500 508
1054 17 508 509 517
1055 17 517 518 526
1056 17 526 527 535
1057 17 535 536 544
1058 17 544 545 553
1059 17 553 554 562
1060 17 562 563 571
1061 17 571 572 580
1062 17 580 581 589
1063 17 589 590 598
1064 17 598 599 607
1065 17 607 608 616
1066 17 616 617 625
1067 17 625 626 634
1068 17 634 635 643
1069 17 643 644 652
1070 17 652 653 661
1071 17 661 662 670
1072 17 670 671 679
1073 17 679 680 688
1074 17 688 689 697
1075 17 697 698 706
1076 17 706 707 715
1077 17 715 716 724
1078 17 724 725 733
1079 17 733 734 742
1080 17 742 743 751
1081 17 751 752 760
1082 17 760 761 769
1083 17 769 770 778
1084 17 778 779 787
1085 17 787 788 796
1086 17 796 797 805
1087 17 805 806 814
1088 17 814 815 823
1089 17 823 824 832
1090 17 832 833 841
1091 17 841 842 850
1092 17 850 851 859
1093 17 859 860 868
1094 17 868 869 877
1095 17 877 878 886
1096 17 886 887 895
1097 17 915 916 924
1098 17 924 925 933
1099 17 933 934 942
1100 17 942 943 951
1101 17 951 952 960
1102 17 960 961 969
1103 17 969 970 978
1104 17 978 979 987
1105 17 987 988 996
1106 17 996 997 1005
1107 17 1005 1006 1014
1108 17 1014 1015 1023
1109 17 1023 1024 1032
1110 17 1032 1033 1041
1111 17 1041 1042 1050
1112 17 1050 1051 1059
1113 17 1059 1060 1068
1114 17 1068 1069 1077
1115 17 1077 1078 1086
1116 17 1086 1087 1095
1117 17 1095 1096 1104
1118 17 1104 1105 1113
1119 17 1113 1114 1122
1120 17 1122 1123 1131
1121 17 1131 1132 1140
1122 17 1140 1141 1149
1123 17 1149 1150 1158
1124 17 1158 1159 1167
1125 17 1167 1168 1176
1126 17 1176 1177 1185
1127 17 1185 1186 1194
1128 17 1194 1195 1203
1129 17 1203 1204 1212
1130 17 1212 1213 1221
1131 17 1221 1222 1230
1132 17 1230 1231 1239
1133 17 1239 1240 1248
1134 17 1248 1249 1257
1135 17 1257 1258 1266
1136 17 1266 1267 1275
1137 17 1275 1276 1284
1138 17 1284 1285 1293
1139 17 1293 1294 1302
1140 17 1302 1303 1311
1141 17 1311 1312 1320
1142 17 1320 1321 1329
1143 17 1329 1330 1338
1144 17 1338 1339 1347
1145 17 1367 1368 1376
1146 17 1376 1377 1385
1147 17 1385 1386 1394
1148 17 1394 1395 1403
1149 17 1403 1404 1412
1150 17 1412 1413 1421
1151 17 1421 1422 1430
1152 17 1430 1431 1439
1153 17 1439 1440 1448
1154 17 1448 1449 1457
1155 17 1457 1458 1466
1156 17 1466 1467 1475
1157 17 1475 1476 1484
1158 17 1484 1485 1493
1159 17 1493 1494 1502
1160 17 1502 1503 1511
1161 17 1511 1512 1520
1162 17 1520 1521 1529
1163 17 1529 1530 1538
1164 17 1538 1539 1547
1165 17 1547 1548 1556
1166 17 1556 1557 1565
1167 17 1565 1566 1574
1168 17 1574 1575 1583
1169 17 1583 1584 1592
1170 17 1592 1593 1601
1171 17 1601 1602 1610
1172 17 1610 1611 1619
1173 17 1619 1620 1628
1174 17 1628 1629 1637
1175 17 1637 1638 1646
1176 17 1646 1647 1655
1177 17 1655 1656 1664
1178 17 1664 1665 1673
1179 17 1673 1674 1682
1180 17 1682 1683 1691
1181 17 1691 1692 1700
1182 17 1700 1701 1709
1183 17 1709 1710 1718
1184 17 1718 1719 1727
1185 17 1727 1728 1736
1186 17 1736 1737 1745
1187 17 1745 1746 1754
1188 17 1754 1755 1763
1189 17 1763 1764 1772
1190 17 1772 1773 1781
1191 17 1781 1782 1790
1192 17 1790 1791 1799
1193 17 1819 1820 1828
1194 17 1828 1829 1837
1195 17 1837 1838 1846
1196 17 1846 1847 1855
1197 17 1855 1856 1864
1198 17 1864 1865 1873
1199 17 1873 1874 1882
1200 17 1882 1883 1891
1201 17 1891 1892 1900
1202 17 1900 1901 1909
1203 17 1909 1910 1918
1204 17 1918 1919 1927
1205 17 1927 1928 1936
1206 17 1936 1937 1945
1207 17 1945 1946 1954
1208 17 1954 1955 1963
1209 17 1963 1964 1972
1210 17 1972 1973 1981
1211 17 1981 1982 1990
1212 17 1990 1991 1999
1213 17 1999 2000 2008
1214 17 2008 2009 2017
1215 17 2017 2018 2026
1216 17 2026 2027 2035
1217 17 2035 2036 2044
1218 17 2044 2045 2053
1219 17 2053 2054 2062
1220 17 2062 2063 2071
1221 17 2071 2072 2080
1222 17 2080 2081 2089
1223 17 2089 2090 2098
1224 17 2098 2099 2107
1225 17 2107 2108 2116
1226 17 2116 2117 2125
1227 17 2125 2126 2134
1228 17 2134 2135 2143
1229 17 2143 2144 2152
1230 17 2152 2153 2161
1231 17 2161 2162 2170
1232 17 2170 2171 2179
1233 17 2179 2180 2188
1234 17 2188 2189 2197
1235 17 2197 2198 2206
1236 17 2206 2207 2215
1237 17 2215 2216 2224
1238 17 2224 2225 2233
1239 17 2233 2234 2242
1240 17 2242 2243 2251
1241 17 2271 2272 2280
1242 17 2280 2281 2289
1243 17 2289 2290 2298
1244 17 2298 2299 2307
1245 17 2307 2308 2316
1246 17 2316 2317 2325
1247 17 2325 2326 2334
1248 17 2334 2335 2343
1249 17 2343 2344 2352
1250 17 2352 2353 2361
1251 17 2361 2362 2370
1252 17 2370 2371 2379
1253 17 2379 2380 2388
1254 17 2388 2389 2397
1255 17 2397 2398 2406
1256 17 2406 2407 2415
1257 17 2415 2416 2424
1258 17 2424 2425 2433
1259 17 2433 2434 2442
1260 17 2442 2443 2451
1261 17 2451 2452 2460
1262 17 2460 2461 2469
1263 17 2469 2470 2478
1264 17 2478 2479 2487
1265 17 2487 2488 2496
1266 17 2496 2497 2505
1267 17 2505 2506 2514
1268 17 2514 2515 2523
1269 17 2523 2524 2532
1270 17 2532 2533 2541
1271 17 2541 2542 2550
1272 17 2550 2551 2559
1273 17 2559 2560 2568
1274 17 2568 2569 2577
1275 17 2577 2578 2586
1276 17 2586 2587 2595
1277 17 2595 2596 2604
1278 17 2604 2605 2613
1279 17 2613 2614 2622
1280 17 2622 2623 2631
1281 17 2631 2632 2640
1282 17 2640 2641 2649
1283 17 2649 2650 2658
1284 17 2658 2659 2667
1285 17 2667 2668 2676
1286 17 2676 2677 2685
1287 17 2685 2686 2694
1288 17 2694 2695 2703
1289 17 2723 2724 2732
1290 17 2732 2733 2741
1291 17 2741 2742 2750
1292 17 2750 2751 2759
1293 17 2759 2760 2768
1294 17 2768 2769 2777
1295 17 2777 2778 2786
1296 17 2786 2787 2795
1297 17 2795 2796 2804
1298 17 2804 2805 2813
1299 17 2813 2814 2822
1300 17 2822 2823 2831
1301 17 2831 2832 2840
1302 17 2840 2841 2849
1303 17 2849 2850 2858
1304 17 2858 2859 2867
1305 17 2867 2868 2876
1306 17 2876 2877 2885
1307 17 2885 2886 2894
1308 17 2894 2895 2903
1309 17 2903 2904 2912
1310 17 2912 2913 2921
1311 17 2921 2922 2930
1312 17 2930 2931 2939
1313 17 2939 2940 2948
1314 17 2948 2949 2957
1315 17 2957 2958 2966
1316 17 2966 2967 2975
1317 17 2975 2976 2984
1318 17 2984 2985 2993
1319 17 2993 2994 3002
1320 17 3002 3003 3011
1321 17 3011 3012 3020
1322 17 3020 3021 3029
1323 17 3029 3030 3038
1324 17 3038 3039 3047
1325 17 3047 3048 3056
1326 17 3056 3057 3065
1327 17 3065 3066 3074
1328 17 3074 3075 3083
1329 17 3083 3084 3092
1330 17 3092 3093 3101
1331 17 3101 3102 3110
1332 17 3110 3111 3119
1333 17 3119 3120 3128
1334 17 3128 3129 3137
1335 17 3137 3138 3146
1336 17 3146 3147 3155
1337 17 3175 3176 3184
1338 17 3184 3185 3193
1339 17 3193 3194 3202
1340 17 3202 3203 3211
1341 17 3211 3212 3220
1342 17 3220 3221 3229
1343 17 3229 3230 3238
1344 17 3238 3239 3247
1345 17 3247 3248 3256
1346 17 3256 3257 3265
1347 17 3265 3266 3274
1348 17 3274 3275 3283
1349 17 3283 3284 3292
1350 17 3292 3293 3301
1351 17 3301 3302 3310
1352 17 3310 3311 3319
1353 17 3319 3320 3328
1354 17 3328 3329 3337
1355 17 3337 3338 3346
1356 17 3346 3347 3355
1357 17 3355 3356 3364
1358 17 3364 3365 3373
1359 17 3373 3374 3382
1360 17 3382 3383 3391
1361 17 3391 3392 3400
1362 17 3400 3401 3409
1363 17 3409 3410 3418
1364 17 3418 3419 3427
1365 17 3427 3428 3436
1366 17 3436 3437 3445
1367 17 3445 3446 3454
1368 17 3454 3455 3463
1369 17 3463 3464 3472
1370 17 3472 3473 3481
1371 17 3481 3482 3490
1372 17 3490 3491 3499
1373 17 3499 3500 3508
1374 17 3508 3509 3517
1375 17 3517 3518 3526
1376 17 3526 3527 3535
1377 17 3535 3536 3544
1378 17 3544 3545 3553
1379 17 3553 3554 3562
1380 17 3562 3563 3571
1381 17 3571 3572 3580
1382 17 3580 3581 3589
1383 17 3589 3590 3598
1384 17 3598 3599 3607
1385 17 3627 3628 3636
1386 17 3636 3637 3645
1387 17 3645 3646 3654
1388 17 3654 3655 3663
1389 17 3663 3664 3672
1390 17 3672 3673 3681
1391 17 3681 3682 3690
1392 17 3690 3691 3699
1393 17 3699 3700 3708
1394 17 3708 3709 3717
1395 17 3717 3718 3726
1396 17 3726 3727 3735
1397 17 3735 3736 3744
1398 17 3744 3745 3753
1399 17 3753 3754 3762
1400 17 3762 3763 3771
1401 17 3771 3772 3780
1402 17 3780 3781 3789
1403 17 3789 3790 3798
1404 17 3798 3799 3807
1405 17 3807 3808 3816
1406 17 3816 3817 3825
1407 17 3825 3826 3834
1408 17 3834 3835 3843
1409 17 3843 3844 3852
1410 17 3852 3853 3861
1411 17 3861 3862 3870
1412 17 3870 3871 3879
1413 17 3879 3880 3888
1414 17 3888 3889 3897
1415 17 3897 3898 3906
1416 17 3906 3907 3915
1417 17 3915 3916 3924
1418 17 3924 3925 3933
1419 17 3933 3934 3942
1420 17 3942 3943 3951
1421 17 3951 3952 3960
1422 17 3960 3961 3969
1423 17 3969 3970 3978
1424 17 3978 3979 3987
1425 17 3987 3988 3996
1426 17 3996 3997 4005
1427 17 4005 4006 4014
1428 17 4014 4015 4023
1429 17 4023 4024 4032
1430 17 4032 4033 4041
1431 17 4041 4042 4050
1432 17 4050 4051 4059
1433 17 4079 4080 4088
1434 17 4088 4089 4097
1435 17 4097 4098 4106
1436 17 4106 4107 4115
1437 17 4115 4116 4124
1438 17 4124 4125 4133
1439 17 4133 4134 4142
1440 17 4142 4143 4151
1441 17 4151 4152 4160
1442 17 4160 4161 4169
1443 17 4169 4170 4178
1444 17 4178 4179 4187
1445 17 4187 4188 4196
1446 17 4196 4197 4205
1447 17 4205 4206 4214
1448 17 4214 4215 4223
1449 17 4223 4224 4232
1450 17 4232 4233 4241
1451 17 4241 4242 4250
1452 17 4250 4251 4259
1453 17 4259 4260 4268
1454 17 4268 4269 4277
1455 17 4277 4278 4286
1456 17 4286 4287 4295
1457 17 4295 4296 4304
1458 17 4304 4305 4313
1459 17 4313 4314 4322
1460 17 4322 4323 4331
1461 17 4331 4332 4340
1462 17 4340 4341 4349
1463 17 4349 4350 4358
1464 17 4358 4359 4367
1465 17 4367 4368 4376
1466 17 4376 4377 4385
1467 17 4385 4386 4394
1468 17 4394 4395 4403
1469 17 4403 4404 4412
1470 17 4412 4413 4421
1471 17 4421 4422 4430
1472 17 4430 4431 4439
1473 17 4439 4440 4448
1474 17 4448 4449 4457
1475 17 4457 4458 4466
1476 17 4466 4467 4475
1477 17 4475 4476 4484
1478 17 4484 4485 4493
1479 17 4493 4494 4502
1480 17 4502 4503 4511
1481 23 435 443 444
1482 23 887 895 896
1483 23 1339 1347 1348
1484 23 1791 1799 1800
1485 23 2243 2251 2252
1486 23 2695 2703 2704
1487 23 3147 3155 3156
1488 23 3599 3607 3608
1489 23 4051 4059 4060
1490 23 4503 4511 4512
1491 24 2 11 12
1492 24 12 20 21
1493 24 21 29 30
1494 24 30 38 39
1495 24 39 47 48
1496 24 48 56 57
1497 24 57 65 66
1498 24 66 74 75
1499 24 75 83 84
1500 24 84 92 93
1501 24 93 101 102
1502 24 102 110 111
1503 24 111 119 120
1504 24 120 128 129
1505 24 129 137 138
1506 24 138 146 147
1507 24 147 155 156
1508 24 156 164 165
1509 24 165 173 174
1510 24 174 182 183
1511 24 183 191 192
1512 24 192 200 201
1513 24 201 209 210
1514 24 210 218 219
1515 24 219 227 228
1516 24 228 236 237
1517 24 237 245 246
1518 24 246 254 255
1519 24 255 263 264
1520 24 264 272 273
1521 24 273 281 282
1522 24 282 290 291
1523 24 291 299 300
1524 24 300 308 309
1525 24 309 317 318
1526 24 318 326 327
1527 24 327 335 336
1528 24 336 344 345
1529 24 345 353 354
1530 24 354 362 363
1531 24 363 371 372
1532 24 372 380 381
1533 24 381 389 390
1534 24 390 398 399
1535 24 399 407 408
1536 24 408 416 417
1537 24 417 425 426
1538 24 426 434 435
1539 24 454 463 464
1540 24 464 472 473
1541 24 473 481 482
1542 24 482 490 491
1543 24 491 499 500
1544 24 500 508 509
1545 24 509 517 518
1546 24 518 526 527
1547 24 527 535 536
1548 24 536 544 545
1549 24 545 553 554
1550 24 554 562 563
1551 24 563 571 572
1552 24 572 580 581
1553 24 581 589 590
1554 24 590 598 599
1555 24 599 607 608
1556 24 608 616 617
1557 24 617 625 626
1558 24 626 634 635
1559 24 635 643 644
1560 24 644 652 653
1561 24 653 661 662
1562 24 662 670 671
1563 24 671 679 680
1564 24 680 688 689
1565 24 689 697 698
1566 24 698 706 707
1567 24 707 715 716
1568 24 716 724 725
1569 24 725 733 734
1570 24 734 742 743
1571 24 743 751 752
1572 24 752 760 761
1573 24 761 769 770
1574 24 770 778 779
1575 24 779 787 788
1576 24 788 796 797
1577 24 797 805 806
1578 24 806 814 815
1579 24 815 823 824
1580 24 824 832 833
1581 24 833 841 842
1582 24 842 850 851
1583 24 851 859 860
1584 24 860 868 869
1585 24 869 877 878
1586 24 878 886 887
1587 24 906 915 916
1588 24 916 924 925
1589 24 925 933 934
1590 24 934 942 943
1591 24 943 951 952
1592 24 952 960 961
1593 24 961 969 970
1594 24 970 978 979
1595 24 979 987 988
1596 24 988 996 997
1597 24 997 1005 1006
1598 24 1006 1014 1015
1599 24 1015 1023 1024
1600 24 1024 1032 1033
1601 24 1033 1041 1042
1602 24 1042 1050 1051
1603 24 1051 1059 1060
1604 24 1060 1068 1069
1605 24 1069 1077 1078
1606 24 1078 1086 1087
1607 24 1087 1095 1096
1608 24 1096 1104 1105
1609 24 1105 1113 1114
1610 24 1114 1122 1123
1611 24 1123 1131 1132
1612 24 1132 1140 1141
1613 24 1141 1149 1150
1614 24 1150 1158 1159
1615 24 1159 1167 1168
1616 24 1168 1176 1177
1617 24 1177 1185 1186
1618 24 1186 1194 1195
1619 24 1195 1203 1204
1620 24 1204 1212 1213
1621 24 1213 1221 1222
1622 24 1222 1230 1231
1623 24 1231 1239 1240
1624 24 1240 1248 1249
1625 24 1249 1257 1258
1626 24 1258 1266 1267
1627 24 1267 1275 1276
1628 24 1276 1284 1285
1629 24 1285 1293 1294
1630 24 1294 1302 1303
1631 24 1303 1311 1312
1632 24 1312 1320 1321
1633 24 1321 1329 1330
1634 24 1330 1338 1339
1635 24 1358 1367 1368
1636 24 1368 1376 1377
1637 24 1377 1385 1386
1638 24 1386 1394 1395
1639 24 1395 1403 1404
1640 24 1404 1412 1413
1641 24 1413 1421 1422
1642 24 1422 1430 1431
1643 24 1431 1439 1440
1644 24 1440 1448 1449
1645 24 1449 1457 1458
1646 24 1458 1466 1467
1647 24 1467 1475 1476
1648 24 1476 1484 1485
1649 24 1485 1493 1494
1650 24 1494 1502 1503
1651 24 1503 1511 1512
1652 24 1512 1520 1521
1653 24 1521 1529 1530
1654 24 1530 1538 1539
1655 24 1539 1547 1548
1656 24 1548 1556 1557
1657 24 1557 1565 1566
1658 24 1566 1574 1575
1659 24 1575 1583 1584
1660 24 1584 1592 1593
1661 24 1593 1601 1602
1662 24 1602 1610 1611
1663 24 1611 1619 1620
1664 24 1620 1628 1629
1665 24 1629 1637 1638
1666 24 1638 1646 1647
1667 24 1647 1655 1656
1668 24 1656 1664 1665
1669 24 1665 1673 1674
1670 24 1674 1682 1683
1671 24 1683 1691 1692
1672 24 1692 1700 1701
1673 24 1701 1709 1710
1674 24 1710 1718 1719
1675 24 1719 1727 1728
1676 24 1728 1736 1737
1677 24 1737 1745 1746
1678 24 1746 1754 1755
1679 24 1755 1763 1764
1680 24 1764 1772 1773
1681 24 1773 1781 1782
1682 24 1782 1790 1791
1683 24 1810 1819 1820
1684 24 1820 1828 1829
1685 24 1829 1837 1838
1686 24 1838 1846 1847
1687 24 1847 1855 1856
1688 24 1856 1864 1865
1689 24 1865 1873 1874
1690 24 1874 1882 1883
1691 24 1883 1891 1892
1692 24 1892 1900 1901
1693 24 1901 1909 1910
1694 24 1910 1918 1919
1695 24 1919 1927 1928
1696 24 1928 1936 1937
1697 24 1937 1945 1946
1698 24 1946 1954 1955
1699 24 1955 1963 1964
1700 24 1964 1972 1973
1701 24 1973 1981 1982
1702 24 1982 1990 1991
1703 24 1991 1999 2000
1704 24 2000 2008 2009
1705 24 2009 2017 2018
1706 24 2018 2026 2027
1707 24 2027 2035 2036
1708 24 2036 2044 2045
1709 24 2045 2053 2054
1710 24 2054 2062 2063
1711 24 2063 2071 2072
1712 24 2072 2080 2081
1713 24 2081 2089 2090
1714 24 2090 2098 2099
1715 24 2099 2107 2108
1716 24 2108 2116 2117
1717 24 2117 2125 2126
1718 24 2126 2134 2135
1719 24 2135 2143 2144
1720 24 2144 2152 2153
1721 24 2153 2161 2162
1722 24 2162 2170 2171
1723 24 2171 2179 2180
1724 24 2180 2188 2189
1725 24 2189 2197 2198
1726 24 2198 2206 2207
1727 24 2207 2215 2216
1728 24 2216 2224 2225
1729 24 2225 2233 2234
1730 24 2234 2242 2243
1731 24 2262 2271 2272
1732 24 2272 2280 2281
1733 24 2281 2289 2290
1734 24 2290 2298 2299
1735 24 2299 2307 2308
1736 24 2308 2316 2317
1737 24 2317 2325 2326
1738 24 2326 2334 2335
1739 24 2335 2343 2344
1740 24 2344 2352 2353
1741 24 2353 2361 2362
1742 24 2362 2370 2371
1743 24 2371 2379 2380
1744 24 2380 2388 2389
1745 24 2389 2397 2398
1746 24 2398 2406 2407
1747 24 2407 2415 2416
1748 24 2416 2424 2425
1749 24 2425 2433 2434
1750 24 2434 2442 2443
1751 24 2443 2451 2452
1752 24 2452 2460 2461
1753 24 2461 2469 2470
1754 24 2470 2478 2479
1755 24 2479 2487 2488
1756 24 2488 2496 2497
1757 24 2497 2505 2506
1758 24 2506 2514 2515
1759 24 2515 2523 2524
1760 24 2524 2532 2533
1761 24 2533 2541 2542
1762 24 2542 2550 2551
1763 24 2551 2559 2560
1764 24 2560 2568 2569
1765 24 2569 2577 2578
1766 24 2578 2586 2587
1767 24 2587 2595 2596
1768 24 2596 2604 2605
1769 24 2605 2613 2614
1770 24 2614 2622 2623
1771 24 2623 2631 2632
1772 24 2632 2640 2641
1773 24 2641 2649 2650
1774 24 2650 2658 2659
1775 24 2659 2667 2668
1776 24 2668 2676 2677
1777 24 2677 2685 2686
1778 24 2686 2694 2695
1779 24 2714 2723 2724
1780 24 2724 2732 2733
1781 24 2733 2741 2742
1782 24 2742 2750 2751
1783 24 2751 2759 2760
1784 24 2760 2768 2769
1785 24 2769 2777 2778
1786 24 2778 2786 2787
1787 24 2787 2795 2796
1788 24 2796 2804 2805
1789 24 2805 2813 2814
1790 24 2814 2822 2823
1791 24 2823 2831 2832
1792 24 2832 2840 2841
1793 24 2841 2849 2850
1794 24 2850 2858 2859
1795 24 2859 2867 2868
1796 24 2868 2876 2877
1797 24 2877 2885 2886
1798 24 2886 2894 2895
1799 24 2895 2903 2904
1800 24 2904 2912 2913
1801 24 2913 2921 2922
1802 24 2922 2930 2931
1803 24 2931 2939 2940
1804 24 2940 2948 2949
1805 24 2949 2957 2958
1806 24 2958 2966 2967
1807 24 2967 2975 2976
1808 24 2976 2984 2985
1809 24 2985 2993 2994
1810 24 2994 3002 3003
1811 24 3003 3011 3012
1812 24 3012 3020 3021
1813 24 3021 3029 3030
1814 24 3030 3038 3039
1815 24 3039 3047 3048
1816 24 3048 3056 3057
1817 24 3057 3065 3066
1818 24 3066 3074 3075
1819 24 3075 3083 3084
1820 24 3084 3092 3093
1821 24 3093 3101 3102
1822 24 3102 3110 3111
1823 24 3111 3119 3120
1824 24 3120 3128 3129
1825 24 3129 3137 3138
1826 24 3138 3146 3147
1827 24 3166 3175 3176
1828 24 3176 3184 3185
1829 24 3185 3193 3194
1830 24 3194 3202 3203
1831 24 3203 3211 3212
1832 24 3212 3220 3221
1833 24 3221 3229 3230
1834 24 3230 3238 3239
1835 24 3239 3247 3248
1836 24 3248 3256 3257
1837 24 3257 3265 3266
1838 24 3266 3274 3275
1839 24 3275 3283 3284
1840 24 3284 3292 3293
1841 24 3293 3301 3302
1842 24 3302 3310 3311
1843 24 3311 3319 3320
1844 24 3320 3328 3329
1845 24 3329 3337 3338
1846 24 3338 3346 3347
1847 24 3347 3355 3356
1848 24 3356 3364 3365
1849 24 3365 3373 3374
1850 24 3374 3382 3383
1851 24 3383 3391 3392
1852 24 3392 3400 3401
1853 24 3401 3409 3410
1854 24 3410 3418 3419
1855 24 3419 3427 3428
1856 24 3428 3436 3437
1857 24 3437 3445 3446
1858 24 3446 3454 3455
1859 24 3455 3463 3464
1860 24 3464 3472 3473
1861 24 3473 3481 3482
1862 24 3482 3490 3491
1863 24 3491 3499 3500
1864 24 3500 3508 3509
1865 24 3509 3517 3518
1866 24 3518 3526 3527
1867 24 3527 3535 3536
1868 24 3536 3544 3545
1869 24 3545 3553 3554
1870 24 3554 3562 3563
1871 24 3563 3571 3572
1872 24 3572 3580 3581
1873 24 3581 3589 3590
1874 24 3590 3598 3599
1875 24 3618 3627 3628
1876 24 3628 3636 3637
1877 24 3637 3645 3646
1878 24 3646 3654 3655
1879 24 3655 3663 3664
1880 24 3664 3672 3673
1881 24 3673 3681 3682
1882 24 3682 3690 3691
1883 24 3691 3699 3700
1884 24 3700 3708 3709
1885 24 3709 3717 3718
1886 24 3718 3726 3727
1887 24 3727 3735 3736
1888 24 3736 3744 3745
1889 24 3745 3753 3754
1890 24 3754 3762 3763
1891 24 3763 3771 3772
1892 24 3772 3780 3781
1893 24 3781 3789 3790
1894 24 3790 3798 3799
1895 24 3799 3807 3808
1896 24 3808 3816 3817
1897 24 3817 3825 3826
1898 24 3826 3834 3835
1899 24 3835 3843 3844
1900 24 3844 3852 3853
1901 24 3853 3861 3862
1902 24 3862 3870 3871
1903 24 3871 3879 3880
1904 24 3880 3888 3889
1905 24 3889 3897 3898
1906 24 3898 3906 3907
1907 24 3907 3915 3916
1908 24 3916 3924 3925
1909 24 3925 3933 3934
1910 24 3934 3942 3943
1911 24 3943 3951 3952
1912 24 3952 3960 3961
1913 24 3961 3969 3970
1914 24 3970 3978 3979
1915 24 3979 3987 3988
1916 24 3988 3996 3997
1917 24 3997 4005 4006
1918 24 4006 4014 4015
1919 24 4015 4023 4024
1920 24 4024 4032 4033
1921 24 4033 4041 4042
1922 24 4042 4050 4051
1923 24 4070 4079 4080
1924 24 4080 4088 4089
1925 24 4089 4097 4098
1926 24 4098 4106 4107
1927 24 4107 4115 4116
1928 24 4116 4124 4125
1929 24 4125 4133 4134
1930 24 4134 4142 4143
1931 24 4143 4151 4152
1932 24 4152 4160 4161
1933 24 4161 4169 4170
1934 24 4170 4178 4179
1935 24 4179 4187 4188
1936 24 4188 4196 4197
1937 24 4197 4205 4206
1938 24 4206 4214 4215
1939 24 4215 4223 4224
1940 24 4224 4232 4233
1941 24 4233 4241 4242
1942 24 4242 4250 4251
1943 24 4251 4259 4260
1944 24 4260 4268 4269
1945 24 4269 4277 4278
1946 24 4278 4286 4287
1947 24 4287 4295 4296
1948 24 4296 4304 4305
1949 24 4305 4313 4314
1950 24 4314 4322 4323
1951 24 4323 4331 4332
1952 24 4332 4340 4341
1953 24 4341 4349 4350
1954 24 4350 4358 4359
1955 24 4359 4367 4368
1956 24 4368 4376 4377
1957 24 4377 4385 4386
1958 24 4386 4394 4395
1959 24 4395 4403 4404
1960 24 4404 4412 4413
1961 24 4413 4421 4422
1962 24 4422 4430 4431
1963 24 4431 4439 4440
1964 24 4440 4448 4449
1965 24 4449 4457 4458
1966 24 4458 4466 4467
1967 24 4467 4475 4476
1968 24 4476 4484 4485
1969 24 4485 4493 4494
1970 24 4494 4502 4503
1971 28 4 1 5
1972 28 4 1 6
1973 28 5 1 6
1974 28 8 3 9
1975 28 8 3 10
1976 28 9 3 10
1977 28 17 13 18
1978 28 17 13 19
1979 28 18 13 19
1980 28 26 22 27
1981 28 26 22 28
1982 28 27 22 28
1983 28 35 31 36
1984 28 35 31 37
1985 28 36 31 37
1986 28 44 40 45
1987 28 44 40 46
1988 28 45 40 46
1989 28 53 49 54
1990 28 53 49 55
1991 28 54 49 55
1992 28 62 58 63
1993 28 62 58 64
1994 28 63 58 64
1995 28 71 67 72
1996 28 71 67 73
1997 28 72 67 73
1998 28 80 76 81
1999 28 80 76 82
2000 28 81 76 82
2001 28 89 85 90
2002 28 89 85 91
2003 28 90 85 91
2004 28 98 94 99
2005 28 98 94 100
2006 28 99 94 100
2007 28 107 103 108
2008 28 107 103 109
2009 28 108 103 109
2010 28 116 112 117
2011 28 116 112 118
2012 28 117 112 118
2013 28 125 121 126
2014 28 125 121 127
2015 28 126 121 127
2016 28 134 130 135
2017 28 134 130 136
2018 28 135 130 136
2019 28 143 139 144
2020 28 143 139 145
2021 28 144 139 145
2022 28 152 148 153
2023 28 152 148 154
2024 28 153 148 154
2025 28 161 157 162
2026 28 161 157 163
2027 28 162 157 163
2028 28 170 166 171
2029 28 170 166 172
2030 28 171 166 172
2031 28 179 175 180
2032 28 179 175 181
2033 28 180 175 181
2034 28 188 184 189
2035 28 188 184 190
2036 28 189 184 190
2037 28 197 193 198
2038 28 197 193 199
2039 28 198 193 199
2040 28 206 202 207
2041 28 206 202 208
2042 28 207 202 208
2043 28 215 211 216
2044 28 215 211 217
2045 28 216 211 217
2046 28 224 220 225
2047 28 224 220 226
2048 28 225 220 226
2049 28 233 229 234
2050 28 233 229 235
2051 28 234 229 235
2052 28 242 238 243
2053 28 242 238 244
2054 28 243 238 244
2055 28 251 247 252
2056 28 251 247 253
2057 28 252 247 253
2058 28 260 256 261
2059 28 260 256 262
2060 28 261 256 262
2061 28 269 265 270
2062 28 269 265 271
2063 28 270 265 271
2064 28 278 274 279
2065 28 278 274 280
2066 28 279 274 280
2067 28 287 283 288
2068 28 287 283 289
2069 28 288 283 289
2070 28 296 292 297
2071 28 296 292 298
2072 28 297 292 298
2073 28 305 301 306
2074 28 305 301 307
2075 28 306 301 307
2076 28 314 310 315
2077 28 314 310 316
2078 28 315 310 316
2079 28 323 319 324
2080 28 323 319 325
2081 28 324 319 325
2082 28 332 328 333
2083 28 332 328 334
2084 28 333 328 334
2085 28 341 337 342
2086 28 341 337 343
2087 28 342 337 343
2088 28 350 346 351
2089 28 350 346 352
2090 28 351 346 352
2091 28 359 355 360
2092 28 359 355 361
2093 28 360 355 361
2094 28 368 364 369
2095 28 368 364 370
2096 28 369 364 370
2097 28 377 373 378
2098 28 377 373 379
2099 28 378 373 379
2100 28 386 382 387
2101 28 386 382 388
2102 28 387 382 388
2103 28 395 391 396
2104 28 395 391 397
2105 28 396 391 397
2106 28 404 400 405
2107 28 404 400 406
2108 28 405 400 406
2109 28 413 409 414
2110 28 413 409 415
2111 28 414 409 415
2112 28 422 418 423
2113 28 422 418 424
2114 28 423 418 424
2115 28 431 427 432
2116 28 431 427 433
2117 28 432 427 433
2118 28 440 436 441
2119 28 440 436 442
2120 28 441 436 442
2121 28 450 445 451
2122 28 450 445 452
2123 28 451 445 452
2124 28 456 453 457
2125 28 456 453 458
2126 28 457 453 458
2127 28 460 455 461
2128 28 460 455 462
2129 28 461 455 462
2130 28 469 465 470
2131 28 469 465 471
2132 28 470 465 471
2133 28 478 474 479
2134 28 478 474 480
2135 28 479 474 480
2136 28 487 483 488
2137 28 487 483 489
2138 28 488 483 489
2139 28 496 492 497
2140 28 496 492 498
2141 28 497 492 498
2142 28 505 501 506
2143 28 505 501 507
2144 28 506 501 507
2145 28 514 510 515
2146 28 514 510 516
2147 28 515 510 516
2148 28 523 519 524
2149 28 523 519 525
2150 28 524 519 525
2151 28 532 528 533
2152 28 532 528 534
2153 28 533 528 534
2154 28 541 537 542
2155 28 541 537 543
2156 28 542 537 543
2157 28 550 546 551
2158 28 550 546 552
2159 28 551 546 552
2160 28 559 555 560
2161 28 559 555 561
2162 28 560 555 561
2163 28 568 564 569
2164 28 568 564 570
2165 28 569 564 570
2166 28 577 573 578
2167 28 577 573 579
2168 28 578 573 579
2169 28 586 582 587
2170 28 586 582 588
2171 28 587 582 588
2172 28 595 591 596
2173 28 595 591 597
2174 28 596 591 597
2175 28 604 600 605
2176 28 604 600 606
2177 28 605 600 606
2178 28 613 609 614
2179 28 613 609 615
2180 28 614 609 615
2181 28 622 618 623
2182 28 622 618 624
2183 28 623 618 624
2184 28 631 627 632
2185 28 631 627 633
2186 28 632 627 633
2187 28 640 636 641
2188 28 640 636 642
2189 28 641 636 642
2190 28 649 645 650
2191 28 649 645 651
2192 28 650 645 651
2193 28 658 654 659
2194 28 658 654 660
2195 28 659 654 660
2196 28 667 663 668
2197 28 667 663 669
2198 28 668 663 669
2199 28 676 672 677
2200 28 676 672 678
2201 28 677 672 678
2202 28 685 681 686
2203 28 685 681 687
2204 28 686 681 687
2205 28 694 690 695
2206 28 694 690 696
2207 28 695 690 696
2208 28 703 699 704
2209 28 703 699 705
2210 28 704 699 705
2211 28 712 708 713
2212 28 712 708 714
2213 28 713 708 714
2214 28 721 717 722
2215 28 721 717 723
2216 28 722 717 723
2217 28 730 726 731
2218 28 730 726 732
2219 28 731 726 732
2220 28 739 735 740
2221 28 739 735 741
2222 28 740 735 741
2223 28 748 744 749
2224 28 748 744 750
2225 28 749 744 750
2226 28 757 753 758
2227 28 757 753 759
2228 28 758 753 759
2229 28 766 762 767
2230 28 766 762 768
2231 28 767 762 768
2232 28 775 771 776
2233 28 775 771 777
2234 28 776 771 777
2235 28 784 780 785
2236 28 784 780 786
2237 28 785 780 786
2238 28 793 789 794
2239 28 793 789 795
2240 28 794 789 795
2241 28 802 798 803
2242 28 802 798 804
2243 28 803 798 804
2244 28 811 807 812
2245 28 811 807 813
2246 28 812 807 813
2247 28 820 816 821
2248 28 820 816 822
2249 28 821 816 822
2250 28 829 825 830
2251 28 829 825 831
2252 28 830 825 831
2253 28 838 834 839
2254 28 838 834 840
2255 28 839 834 840
2256 28 847 843 848
2257 28 847 843 849
2258 28 848 843 849
2259 28 856 852 857
2260 28 856 852 858
2261 28 857 852 858
2262 28 865 861 866
2263 28 865 861 867
2264 28 866 861 867
2265 28 874 870 875
2266 28 874 870 876
2267 28 875 870 876
2268 28 883 879 884
2269 28 883 879 885
2270 28 884 879 885
2271 28 892 888 893
2272 28 892 888 894
2273 28 893 888 894
2274 28 902 897 903
2275 28 902 897 904
2276 28 903 897 904
2277 28 908 905 909
2278 28 908 905 910
2279 28 909 905 910
2280 28 912 907 913
2281 28 912 907 914
2282 28 913 907 914
2283 28 921 917 922
2284 28 921 917 923
2285 28 922 917 923
2286 28 930 926 931
2287 28 930 926 932
2288 28 931 926 932
2289 28 939 935 940
2290 28 939 935 941
2291 28 940 935 941
2292 28 948 944 949
2293 28 948 944 950
2294 28 949 944 950
2295 28 957 953 958
2296 28 957 953 959
2297 28 958 953 959
2298 28 966 962 967
2299 28 966 962 968
2300 28 967 962 968
2301 28 975 971 976
2302 28 975 971 977
2303 28 976 971 977
2304 28 984 980 985
2305 28 984 980 986
2306 28 985 980 986
2307 28 993 989 994
2308 28 993 989 995
2309 28 994 989 995
2310 28 1002 998 1003
2311 28 1002 998 1004
2312 28 1003 998 1004
2313 28 1011 1007 1012
2314 28 1011 1007 1013
2315 28 1012 1007 1013
2316 28 1020 1016 1021
2317 28 1020 1016 1022
2318 28 1021 1016 1022
2319 28 1029 1025 1030
2320 28 1029 1025 1031
2321 28 1030 1025 1031
2322 28 1038 1034 1039
2323 28 1038 1034 1040
2324 28 1039 1034 1040
2325 28 1047 1043 1048
2326 28 1047 1043 1049
2327 28 1048 1043 1049
2328 28 1056 1052 1057
2329 28 1056 1052 1058
2330 28 1057 1052 1058
2331 28 1065 1061 1066
2332 28 1065 1061 1067
2333 28 1066 1061 1067
2334 28 1074 1070 1075
2335 28 1074 1070 1076
2336 28 1075 1070 1076
2337 28 1083 1079 1084
2338 28 1083 1079 1085
2339 28 1084 1079 1085
2340 28 1092 1088 1093
2341 28 1092 1088 1094
2342 28 1093 1088 1094
2343 28 1101 1097 1102
2344 28 1101 1097 1103
2345 28 1102 1097 1103
2346 28 1110 1106 1111
2347 28 1110 1106 1112
2348 28 1111 1106 1112
2349 28 1119 1115 1120
2350 28 1119 1115 1121
2351 28 1120 1115 1121
2352 28 1128 1124 1129
2353 28 1128 1124 1130
2354 28 1129 1124 1130
2355 28 1137 1133 1138
2356 28 1137 1133 1139
2357 28 1138 1133 1139
2358 28 1146 1142 1147
2359 28 1146 1142 1148
2360 28 1147 1142 1148
2361 28 1155 1151 1156
2362 28 1155 1151 1157
2363 28 1156 1151 1157
2364 28 1164 1160 1165
2365 28 1164 1160 1166
2366 28 1165 1160 1166
2367 28 1173 1169 1174
2368 28 1173 1169 1175
2369 28 1174 1169 1175
2370 28 1182 1178 1183
2371 28 1182 1178 1184
2372 28 1183 1178 1184
2373 28 1191 1187 1192
2374 28 1191 1187 1193
2375 28 1192 1187 1193
2376 28 1200 1196 1201
2377 28 1200 1196 1202
2378 28 1201 1196 1202
2379 28 1209 1205 1210
2380 28 1209 1205 1211
2381 28 1210 1205 1211
2382 28 1218 1214 1219
2383 28 1218 1214 1220
2384 28 1219 1214 1220
2385 28 1227 1223 1228
2386 28 1227 1223 1229
2387 28 1228 1223 1229
2388 28 1236 1232 1237
2389 28 1236 1232 1238
2390 28 1237 1232 1238
2391 28 1245 1241 1246
2392 28 1245 1241 1247
2393 28 1246 1241 1247
2394 28 1254 1250 1255
2395 28 1254 1250 1256
2396 28 1255 1250 1256
2397 28 1263 1259 1264
2398 28 1263 1259 1265
2399 28 1264 1259 1265
2400 28 1272 1268 1273
2401 28 1272 1268 1274
2402 28 1273 1268 1274
2403 28 1281 1277 1282
2404 28 1281 1277 1283
2405 28 1282 1277 1283
2406 28 1290 1286 1291
2407 28 1290 1286 1292
2408 28 1291 1286 1292
2409 28 1299 1295 1300
2410 28 1299 1295 1301
2411 28 1300 1295 1301
2412 28 1308 1304 1309
2413 28 1308 1304 1310
2414 28 1309 1304 1310
2415 28 1317 1313 1318
2416 28 1317 1313 1319
2417 28 1318 1313 1319
2418 28 1326 1322 1327
2419 28 1326 1322 1328
2420 28 1327 1322 1328
2421 28 1335 1331 1336
2422 28 1335 1331 1337
2423 28 1336 1331 1337
2424 28 1344 1340 1345
2425 28 1344 1340 1346
2426 28 1345 1340 1346
2427 28 1354 1349 1355
2428 28 1354 1349 1356
2429 28 1355 1349 1356
2430 28 1360 1357 1361
2431 28 1360 1357 1362
2432 28 1361 1357 1362
2433 28 1364 1359 1365
2434 28 1364 1359 1366
2435 28 1365 1359 1366
2436 28 1373 1369 1374
2437 28 1373 1369 1375
2438 28 1374 1369 1375
2439 28 1382 1378 1383
2440 28 1382 1378 1384
2441 28 1383 1378 1384
2442 28 1391 1387 1392
2443 28 1391 1387 1393
2444 28 1392 1387 1393
2445 28 1400 1396 1401
2446 28 1400 1396 1402
2447 28 1401 1396 1402
2448 28 1409 1405 1410
2449 28 1409 1405 1411
2450 28 1410 1405 1411
2451 28 1418 1414 1419
2452 28 1418 1414 1420
2453 28 1419 1414 1420
2454 28 1427 1423 1428
2455 28 1427 1423 1429
2456 28 1428 1423 1429
2457 28 1436 1432 1437
2458 28 1436 1432 1438
2459 28 1437 1432 1438
2460 28 1445 1441 1446
2461 28 1445 1441 1447
2462 28 1446 1441 1447
2463 28 1454 1450 1455
2464 28 1454 1450 1456
2465 28 1455 1450 1456
2466 28 1463 1459 1464
2467 28 1463 1459 1465
2468 28 1464 1459 1465
2469 28 1472 1468 1473
2470 28 1472 1468 1474
2471 28 1473 1468 1474
2472 28 1481 1477 1482
2473 28 1481 1477 1483
2474 28 1482 1477 1483
2475 28 1490 1486 1491
2476 28 1490 1486 1492
2477 28 1491 1486 1492
2478 28 1499 1495 1500
2479 28 1499 1495 1501
2480 28 1500 1495 1501
2481 28 1508 1504 1509
2482 28 1508 1504 1510
2483 28 1509 1504 1510
2484 28 1517 1513 1518
2485 28 1517 1513 1519
2486 28 1518 1513 1519
2487 28 1526 1522 1527
2488 28 1526 1522 1528
2489 28 1527 1522 1528
2490 28 1535 1531 1536
2491 28 1535 1531 1537
2492 28 1536 1531 1537
2493 28 1544 1540 1545
2494 28 1544 1540 1546
2495 28 1545 1540 1546
2496 28 1553 1549 1554
2497 28 1553 1549 1555
2498 28 1554 1549 1555
2499 28 1562 1558 1563
2500 28 1562 1558 1564
2501 28 1563 1558 1564
2502 28 1571 1567 1572
2503 28 1571 1567 1573
2504 28 1572 1567 1573
2505 28 1580 1576 1581
2506 28 1580 1576 1582
2507 28 1581 1576 1582
2508 28 1589 1585 1590
2509 28 1589 1585 1591
2510 28 1590 1585 1591
2511 28 1598 1594 1599
2512 28 1598 1594 1600
2513 28 1599 1594 1600
2514 28 1607 1603 1608
2515 28 1607 1603 1609
2516 28 1608 1603 1609
2517 28 1616 1612 1617
2518 28 1616 1612 1618
2519 28 1617 1612 1618
2520 28 1625 1621 1626
2521 28 1625 1621 1627
2522 28 1626 1621 1627
2523 28 1634 1630 1635
2524 28 1634 1630 1636
2525 28 1635 1630 1636
2526 28 1643 1639 1644
2527 28 1643 1639 1645
2528 28 1644 1639 1645
2529 28 1652 1648 1653
2530 28 1652 1648 1654
2531 28 1653 1648 1654
2532 28 1661 1657 1662
2533 28 1661 1657 1663
2534 28 1662 1657 1663
2535 28 1670 1666 1671
2536 28 1670 1666 1672
2537 28 1671 1666 1672
2538 28 1679 1675 1680
2539 28 1679 1675 1681
2540 28 1680 1675 1681
2541 28 1688 1684 1689
2542 28 1688 1684 1690
2543 28 1689 1684 1690
2544 28 1697 1693 1698
2545 28 1697 1693 1699
2546 28 1698 1693 1699
2547 28 1706 1702 1707
2548 28 1706 1702 1708
2549 28 1707 1702 1708
2550 28 1715 1711 1716
2551 28 1715 1711 1717
2552 28 1716 1711 1717
2553 28 1724 1720 1725
2554 28 1724 1720 1726
2555 28 1725 1720 1726
2556 28 1733 1729 1734
2557 28 1733 1729 1735
2558 28 1734 1729 1735
2559 28 1742 1738 1743
2560 28 1742 1738 1744
2561 28 1743 1738 1744
2562 28 1751 1747 1752
2563 28 1751 1747 1753
2564 28 1752 1747 1753
2565 28 1760 1756 1761
2566 28 1760 1756 1762
2567 28 1761 1756 1762
2568 28 1769 1765 1770
2569 28 1769 1765 1771
2570 28 1770 1765 1771
2571 28 1778 1774 1779
2572 28 1778 1774 1780
2573 28 1779 1774 1780
2574 28 1787 1783 1788
2575 28 1787 1783 1789
2576 28 1788 1783 1789
2577 28 1796 1792 1797
2578 28 1796 1792 1798
2579 28 1797 1792 1798
2580 28 1806 1801 1807
2581 28 1806 1801 1808
2582 28 1807 1801 1808
2583 28 1812 1809 1813
2584 28 1812 1809 1814
2585 28 1813 1809 1814
2586 28 1816 1811 1817
2587 28 1816 1811 1818
2588 28 1817 1811 1818
2589 28 1825 1821 1826
2590 28 1825 1821 1827
2591 28 1826 1821 1827
2592 28 1834 1830 1835
2593 28 1834 1830 1836
2594 28 1835 1830 1836
2595 28 1843 1839 1844
2596 28 1843 1839 1845
2597 28 1844 1839 1845
2598 28 1852 1848 1853
2599 28 1852 1848 1854
2600 28 1853 1848 1854
2601 28 1861 1857 1862
2602 28 1861 1857 1863
2603 28 1862 1857 1863
2604 28 1870 1866 1871
2605 28 1870 1866 1872
2606 28 1871 1866 1872
2607 28 1879 1875 1880
2608 28 1879 1875 1881
2609 28 1880 1875 1881
2610 28 1888 1884 1889
2611 28 1888 1884 1890
2612 28 1889 1884 1890
2613 28 1897 1893 1898
2614 28 1897 1893 1899
2615 28 1898 1893 1899
2616 28 1906 1902 1907
2617 28 1906 1902 1908
2618 28 1907 1902 1908
2619 28 1915 1911 1916
2620 28 1915 1911 1917
2621 28 1916 1911 1917
2622 28 1924 1920 1925
2623 28 1924 1920 1926
2624 28 1925 1920 1926
2625 28 1933 1929 1934
2626 28 1933 1929 1935
2627 28 1934 1929 1935
2628 28 1942 1938 1943
2629 28 1942 1938 1944
2630 28 1943 1938 1944
2631 28 1951 1947 1952
2632 28 1951 1947 1953
2633 28 1952 1947 1953
2634 28 1960 1956 1961
2635 28 1960 1956 1962
2636 28 1961 1956 1962
2637 28 1969 1965 1970
2638 28 1969 1965 1971
2639 28 1970 1965 1971
2640 28 1978 1974 1979
2641 28 1978 1974 1980
2642 28 1979 1974 1980
2643 28 1987 1983 1988
2644 28 1987 1983 1989
2645 28 1988 1983 1989
2646 28 1996 1992 1997
2647 28 1996 1992 1998
2648 28 1997 1992 1998
2649 28 2005 2001 2006
2650 28 2005 2001 2007
2651 28 2006 2001 2007
2652 28 2014 2010 2015
2653 28 2014 2010 2016
2654 28 2015 2010 2016
2655 28 2023 2019 2024
2656 28 2023 2019 2025
2657 28 2024 2019 2025
2658 28 2032 2028 2033
2659 28 2032 2028 2034
2660 28 2033 2028 2034
2661 28 2041 2037 2042
2662 28 2041 2037 2043
2663 28 2042 2037 2043
2664 28 2050 2046 2051
2665 28 2050 2046 2052
2666 28 2051 2046 2052
2667 28 2059 2055 2060
2668 28 2059 2055 2061
2669 28 2060 2055 2061
2670 28 2068 2064 2069
2671 28 2068 2064 2070
2672 28 2069 2064 2070
2673 28 2077 2073 2078
2674 28 2077 2073 2079
2675 28 2078 2073 2079
2676 28 2086 2082 2087
2677 28 2086 2082 2088
2678 28 2087 2082 2088
2679 28 2095 2091 2096
2680 28 2095 2091 2097
2681 28 2096 2091 2097
2682 28 2104 2100 2105
2683 28 2104 2100 2106
2684 28 2105 2100 2106
2685 28 2113 2109 2114
2686 28 2113 2109 2115
2687 28 2114 2109 2115
2688 28 2122 2118 2123
2689 28 2122 2118 2124
2690 28 2123 2118 2124
2691 28 2131 2127 2132
2692 28 2131 2127 2133
2693 28 2132 2127 2133
2694 28 2140 2136 2141
2695 28 2140 2136 2142
2696 28 2141 2136 2142
2697 28 2149 2145 2150
2698 28 2149 2145 2151
2699 28 2150 2145 2151
2700 28 2158 2154 2159
2701 28 2158 2154 2160
2702 28 2159 2154 2160
2703 28 2167 2163 2168
2704 28 2167 2163 2169
2705 28 2168 2163 2169
2706 28 2176 2172 2177
2707 28 2176 2172 2178
2708 28 2177 2172 2178
2709 28 2185 2181 2186
2710 28 2185 2181 2187
2711 28 2186 2181 2187
2712 28 2194 2190 2195
2713 28 2194 2190 2196
2714 28 2195 2190 2196
2715 28 2203 2199 2204
2716 28 2203 2199 2205
2717 28 2204 2199 2205
2718 28 2212 2208 2213
2719 28 2212 2208 2214
2720 28 2213 2208 2214
2721 28 2221 2217 2222
2722 28 2221 2217 2223
2723 28 2222 2217 2223
2724 28 2230 2226 2231
2725 28 2230 2226 2232
2726 28 2231 2226 2232
2727 28 2239 2235 2240
2728 28 2239 2235 2241
2729 28 2240 2235 2241
2730 28 2248 2244 2249
2731 28 2248 2244 2250
2732 28 2249 2244 2250
2733 28 2258 2253 2259
2734 28 2258 2253 2260
2735 28 2259 2253 2260
2736 28 2264 2261 2265
2737 28 2264 2261 2266
2738 28 2265 2261 2266
2739 28 2268 2263 2269
2740 28 2268 2263 2270
2741 28 2269 2263 2270
2742 28 2277 2273 2278
2743 28 2277 2273 2279
2744 28 2278 2273 2279
2745 28 2286 2282 2287
2746 28 2286 2282 2288
2747 28 2287 2282 2288
2748 28 2295 2291 2296
2749 28 2295 2291 2297
2750 28 2296 2291 2297
2751 28 2304 2300 2305
2752 28 2304 2300 2306
2753 28 2305 2300 2306
2754 28 2313 2309 2314
2755 28 2313 2309 2315
2756 28 2314 2309 2315
2757 28 2322 2318 2323
2758 28 2322 2318 2324
2759 28 2323 2318 2324
2760 28 2331 2327 2332
2761 28 2331 2327 2333
2762 28 2332 2327 2333
2763 28 2340 2336 2341
2764 28 2340 2336 2342
2765 28 2341 2336 2342
2766 28 2349 2345 2350
2767 28 2349 2345 2351
2768 28 2350 2345 2351
2769 28 2358 2354 2359
2770 28 2358 2354 2360
2771 28 2359 2354 2360
2772 28 2367 2363 2368
2773 28 2367 2363 2369
2774 28 2368 2363 2369
2775 28 2376 2372 2377
2776 28 2376 2372 2378
2777 28 2377 2372 2378
2778 28 2385 2381 2386
2779 28 2385 2381 2387
2780 28 2386 2381 2387
2781 28 2394 2390 2395
2782 28 2394 2390 2396
2783 28 2395 2390 2396
2784 28 2403 2399 2404
2785 28 2403 2399 2405
2786 28 2404 2399 2405
2787 28 2412 2408 2413
2788 28 2412 2408 2414
2789 28 2413 2408 2414
2790 28 2421 2417 2422
2791 28 2421 2417 2423
2792 28 2422 2417 2423
2793 28 2430 2426 2431
2794 28 2430 2426 2432
2795 28 2431 2426 2432
2796 28 2439 2435 2440
2797 28 2439 2435 2441
2798 28 2440 2435 2441
2799 28 2448 2444 2449
2800 28 2448 2444 2450
2801 28 2449 2444 2450
2802 28 2457 2453 2458
2803 28 2457 2453 2459
2804 28 2458 2453 2459
2805 28 2466 2462 2467
2806 28 2466 2462 2468
2807 28 2467 2462 2468
2808 28 2475 2471 2476
2809 28 2475 2471 2477
2810 28 2476 2471 2477
2811 28 2484 2480 2485
2812 28 2484 2480 2486
2813 28 2485 2480 2486
2814 28 2493 2489 2494
2815 28 2493 2489 2495
2816 28 2494 2489 2495
2817 28 2502 2498 2503
2818 28 2502 2498 2504
2819 28 2503 2498 2504
2820 28 2511 2507 2512
2821 28 2511 2507 2513
2822 28 2512 2507 2513
2823 28 2520 2516 2521
2824 28 2520 2516 2522
2825 28 2521 2516 2522
2826 28 2529 2525 2530
2827 28 2529 2525 2531
2828 28 2530 2525 2531
2829 28 2538 2534 2539
2830 28 2538 2534 2540
2831 28 2539 2534 2540
2832 28 2547 2543 2548
2833 28 2547 2543 2549
2834 28 2548 2543 2549
2835 28 2556 2552 2557
2836 28 2556 2552 2558
2837 28 2557 2552 2558
2838 28 2565 2561 2566
2839 28 2565 2561 2567
2840 28 2566 2561 2567
2841 28 2574 2570 2575
2842 28 2574 2570 2576
2843 28 2575 2570 2576
2844 28 2583 2579 2584
2845 28 2583 2579 2585
2846 28 2584 2579 2585
2847 28 2592 2588 2593
2848 28 2592 2588 2594
2849 28 2593 2588 2594
2850 28 2601 2597 2602
2851 28 2601 2597 2603
2852 28 2602 2597 2603
2853 28 2610 2606 2611
2854 28 2610 2606 2612
2855 28 2611 2606 2612
2856 28 2619 2615 2620
2857 28 2619 2615 2621
2858 28 2620 2615 2621
2859 28 2628 2624 2629
2860 28 2628 2624 2630
2861 28 2629 2624 2630
2862 28 2637 2633 2638
2863 28 2637 2633 2639
2864 28 2638 2633 2639
2865 28 2646 2642 2647
2866 28 2646 2642 2648
2867 28 2647 2642 2648
2868 28 2655 2651 2656
2869 28 2655 2651 2657
2870 28 2656 2651 2657
2871 28 2664 2660 2665
2872 28 2664 2660 2666
2873 28 2665 2660 2666
2874 28 2673 2669 2674
2875 28 2673 2669 2675
2876 28 2674 2669 2675
2877 28 2682 2678 2683
2878 28 2682 2678 2684
2879 28 2683 2678 2684
2880 28 2691 2687 2692
2881 28 2691 2687 2693
2882 28 2692 2687 2693
2883 28 2700 2696 2701
2884 28 2700 2696 2702
2885 28 2701 2696 2702
2886 28 2710 2705 2711
2887 28 2710 2705 2712
2888 28 2711 2705 2712
2889 28 2716 2713 2717
2890 28 2716 2713 2718
2891 28 2717 2713 2718
2892 28 2720 2715 2721
2893 28 2720 2715 2722
2894 28 2721 2715 2722
2895 28 2729 2725 2730
2896 28 2729 2725 2731
2897 28 2730 2725 2731
2898 28 2738 2734 2739
2899 28 2738 2734 2740
2900 28 2739 2734 2740
2901 28 2747 2743 2748
2902 28 2747 2743 2749
2903 28 2748 2743 2749
2904 28 2756 2752 2757
2905 28 2756 2752 2758
2906 28 2757 2752 2758
2907 28 2765 2761 2766
2908 28 2765 2761 2767
2909 28 2766 2761 2767
2910 28 2774 2770 2775
2911 28 2774 2770 2776
2912 28 2775 2770 2776
2913 28 2783 2779 2784
2914 28 2783 2779 2785
2915 28 2784 2779 2785
2916 28 2792 2788 2793
2917 28 2792 2788 2794
2918 28 2793 2788 2794
2919 28 2801 2797 2802
2920 28 2801 2797 2803
2921 28 2802 2797 2803
2922 28 2810 2806 2811
2923 28 2810 2806 2812
2924 28 2811 2806 2812
2925 28 2819 2815 2820
2926 28 2819 2815 2821
2927 28 2820 2815 2821
2928 28 2828 2824 2829
2929 28 2828 2824 2830
2930 28 2829 2824 2830
2931 28 2837 2833 2838
2932 28 2837 2833 2839
2933 28 2838 2833 2839
2934 28 2846 2842 2847
2935 28 2846 2842 2848
2936 28 2847 2842 2848
2937 28 2855 2851 2856
2938 28 2855 2851 2857
2939 28 2856 2851 2857
2940 28 2864 2860 2865
2941 28 2864 2860 2866
2942 28 2865 2860 2866
2943 28 2873 2869 2874
2944 28 2873 2869 2875
2945 28 2874 2869 2875
2946 28 2882 2878 2883
2947 28 2882 2878 2884
2948 28 2883 2878 2884
2949 28 2891 2887 2892
2950 28 2891 2887 2893
2951 28 2892 2887 2893
2952 28 2900 2896 2901
2953 28 2900 2896 2902
2954 28 2901 2896 2902
2955 28 2909 2905 2910
2956 28 2909 2905 2911
2957 28 2910 2905 2911
2958 28 2918 2914 2919
2959 28 2918 2914 2920
2960 28 2919 2914 2920
2961 28 2927 2923 2928
2962 28 2927 2923 2929
2963 28 2928 2923 2929
2964 28 2936 2932 2937
2965 28 2936 2932 2938
2966 28 2937 2932 2938
2967 28 2945 2941 2946
2968 28 2945 2941 2947
2969 28 2946 2941 2947
2970 28 2954 2950 2955
2971 28 2954 2950 2956
2972 28 2955 2950 2956
2973 28 2963 2959 2964
2974 28 2963 2959 2965
2975 28 2964 2959 2965
2976 28 2972 2968 2973
2977 28 2972 2968 2974
2978 28 2973 2968 2974
2979 28 2981 2977 2982
2980 28 2981 2977 2983
2981 28 2982 2977 2983
2982 28 2990 2986 2991
2983 28 2990 2986 2992
2984 28 2991 2986 2992
2985 28 2999 2995 3000
2986 28 2999 2995 3001
2987 28 3000 2995 3001
2988 28 3008 3004 3009
2989 28 3008 3004 3010
2990 28 3009 3004 3010
2991 28 3017 3013 3018
2992 28 3017 3013 3019
2993 28 3018 3013 3019
2994 28 3026 3022 3027
2995 28 3026 3022 3028
2996 28 3027 3022 3028
2997 28 3035 3031 3036
2998 28 3035 3031 3037
2999 28 3036 3031 3037
3000 28 3044 3040 3045
3001 28 3044 3040 3046
3002 28 3045 3040 3046
3003 28 3053 3049 3054
3004 28 3053 3049 3055
3005 28 3054 3049 3055
3006 28 3062 3058 3063
3007 28 3062 3058 3064
3008 28 3063 3058 3064
3009 28 3071 3067 3072
3010 28 3071 3067 3073
3011 28 3072 3067 3073
3012 28 3080 3076 3081
3013 28 3080 3076 3082
3014 28 3081 3076 3082
3015 28 3089 3085 3090
3016 28 3089 3085 3091
3017 28 3090 3085 3091
3018 28 3098 3094 3099
3019 28 3098 3094 3100
3020 28 3099 3094 3100
3021 28 3107 3103 3108
3022 28 3107 3103 3109
3023 28 3108 3103 3109
3024 28 3116 3112 3117
3025 28 3116 3112 3118
3026 28 3117 3112 3118
3027 28 3125 3121 3126
3028 28 3125 3121 3127
3029 28 3126 3121 3127
3030 28 3134 3130 3135
3031 28 3134 3130 3136
3032 28 3135 3130 3136
3033 28 3143 3139 3144
3034 28 3143 3139 3145
3035 28 3144 3139 3145
3036 28 3152 3148 3153
3037 28 3152 3148 3154
3038 28 3153 3148 3154
3039 28 3162 3157 3163
3040 28 3162 3157 3164
3041 28 3163 3157 3164
3042 28 3168 3165 3169
3043 28 3168 3165 3170
3044 28 3169 3165 3170
3045 28 3172 3167 3173
3046 28 3172 3167 3174
3047 28 3173 3167 3174
3048 28 3181 3177 3182
3049 28 3181 3177 3183
3050 28 3182 3177 3183
3051 28 3190 3186 3191
3052 28 3190 3186 3192
3053 28 3191 3186 3192
3054 28 3199 3195 3200
3055 28 3199 3195 3201
3056 28 3200 3195 3201
3057 28 3208 3204 3209
3058 28 3208 3204 3210
3059 28 3209 3204 3210
3060 28 3217 3213 3218
3061 28 3217 3213 3219
3062 28 3218 3213 3219
3063 28 3226 3222 3227
3064 28 3226 3222 3228
3065 28 3227 3222 3228
3066 28 3235 3231 3236
3067 28 3235 3231 3237
3068 28 3236 3231 3237
3069 28 3244 3240 3245
3070 28 3244 3240 3246
3071 28 3245 3240 3246
3072 28 3253 3249 3254
3073 28 3253 3249 3255
3074 28 3254 3249 3255
3075 28 3262 3258 3263
3076 28 3262 3258 3264
3077 28 3263 3258 3264
3078 28 3271 3267 3272
3079 28 3271 3267 3273
3080 28 3272 3267 3273
3081 28 3280 3276 3281
3082 28 3280 3276 3282
3083 28 3281 3276 3282
3084 28 3289 3285 3290
3085 28 3289 3285 3291
3086 28 3290 3285 3291
3087 28 3298 3294 3299
3088 28 3298 3294 3300
3089 28 3299 3294 3300
3090 28 3307 3303 3308
3091 28 3307 3303 3309
3092 28 3308 3303 3309
3093 28 3316 3312 3317
3094 28 3316 3312 3318
3095 28 3317 3312 3318
3096 28 3325 3321 3326
3097 28 3325 3321 3327
3098 28 3326 3321 3327
3099 28 3334 3330 3335
3100 28 3334 3330 3336
3101 28 3335 3330 3336
3102 28 3343 3339 3344
3103 28 3343 3339 3345
3104 28 3344 3339 3345
3105 28 3352 3348 3353
3106 28 3352 3348 3354
3107 28 3353 3348 3354
3108 28 3361 3357 3362
3109 28 3361 3357 3363
3110 28 3362 3357 3363
3111 28 3370 3366 3371
3112 28 3370 3366 3372
3113 28 3371 3366 3372
3114 28 3379 3375 3380
3115 28 3379 3375 3381
3116 28 3380 3375 3381
3117 28 3388 3384 3389
3118 28 3388 3384 3390
3119 28 3389 3384 3390
3120 28 3397 3393 3398
3121 28 3397 3393 3399
3122 28 3398 3393 3399
3123 28 3406 3402 3407
3124 28 3406 3402 3408
3125 28 3407 3402 3408
3126 28 3415 3411 3416
3127 28 3415 3411 3417
3128 28 3416 3411 3417
3129 28 3424 3420 3425
3130 28 3424 3420 3426
3131 28 3425 3420 3426
3132 28 3433 3429 3434
3133 28 3433 3429 3435
3134 28 3434 3429 3435
3135 28 3442 3438 3443
3136 28 3442 3438 3444
3137 28 3443 3438 3444
3138 28 3451 3447 3452
3139 28 3451 3447 3453
3140 28 3452 3447 3453
3141 28 3460 3456 3461
3142 28 3460 3456 3462
3143 28 3461 3456 3462
3144 28 3469 3465 3470
3145 28 3469 3465 3471
3146 28 3470 3465 3471
3147 28 3478 3474 3479
3148 28 3478 3474 3480
3149 28 3479 3474 3480
3150 28 3487 3483 3488
3151 28 3487 3483 3489
3152 28 3488 3483 3489
3153 28 3496 3492 3497
3154 28 3496 3492 3498
3155 28 3497 3492 3498
3156 28 3505 3501 3506
3157 28 3505 3501 3507
3158 28 3506 3501 3507
3159 28 3514 3510 3515
3160 28 3514 3510 3516
3161 28 3515 3510 3516
3162 28 3523 3519 3524
3163 28 3523 3519 3525
3164 28 3524 3519 3525
3165 28 3532 3528 3533
3166 28 3532 3528 3534
3167 28 3533 3528 3534
3168 28 3541 3537 3542
3169 28 3541 3537 3543
3170 28 3542 3537 3543
3171 28 3550 3546 3551
3172 28 3550 3546 3552
3173 28 3551 3546 3552
3174 28 3559 3555 3560
3175 28 3559 3555 3561
3176 28 3560 3555 3561
3177 28 3568 3564 3569
3178 28 3568 3564 3570
3179 28 3569 3564 3570
3180 28 3577 3573 3578
3181 28 3577 3573 3579
3182 28 3578 3573 3579
3183 28 3586 3582 3587
3184 28 3586 3582 3588
3185 28 3587 3582 3588
3186 28 3595 3591 3596
3187 28 3595 3591 3597
3188 28 3596 3591 3597
3189 28 3604 3600 3605
3190 28 3604 3600 3606
3191 28 3605 3600 3606
3192 28 3614 3609 3615
3193 28 3614 3609 3616
3194 28 3615 3609 3616
3195 28 3620 3617 3621
3196 28 3620 3617 3622
3197 28 3621 3617 3622
3198 28 3624 3619 3625
3199 28 3624 3619 3626
3200 28 3625 3619 3626
3201 28 3633 3629 3634
3202 28 3633 3629 3635
3203 28 3634 3629 3635
3204 28 3642 3638 3643
3205 28 3642 3638 3644
3206 28 3643 3638 3644
3207 28 3651 3647 3652
3208 28 3651 3647 3653
3209 28 3652 3647 3653
3210 28 3660 3656 3661
3211 28 3660 3656 3662
3212 28 3661 3656 3662
3213 28 3669 3665 3670
3214 28 3669 3665 3671
3215 28 3670 3665 3671
3216 28 3678 3674 3679
3217 28 3678 3674 3680
3218 28 3679 3674 3680
3219 28 3687 3683 3688
3220 28 3687 3683 3689
3221 28 3688 3683 3689
3222 28 3696 3692 3697
3223 28 3696 3692 3698
3224 28 3697 3692 3698
3225 28 3705 3701 3706
3226 28 3705 3701 3707
3227 28 3706 3701 3707
3228 28 3714 3710 3715
3229 28 3714 3710 3716
3230 28 3715 3710 3716
3231 28 3723 3719 3724
3232 28 3723 3719 3725
3233 28 3724 3719 3725
3234 28 3732 3728 3733
3235 28 3732 3728 3734
3236 28 3733 3728 3734
3237 28 3741 3737 3742
3238 28 3741 3737 3743
3239 28 3742 3737 3743
3240 28 3750 3746 3751
3241 28 3750 3746 3752
3242 28 3751 3746 3752
3243 28 3759 3755 3760
3244 28 3759 3755 3761
3245 28 3760 3755 3761
3246 28 3768 3764 3769
3247 28 3768 3764 3770
3248 28 3769 3764 3770
3249 28 3777 3773 3778
3250 28 3777 3773 3779
3251 28 3778 3773 3779
3252 28 3786 3782 3787
3253 28 3786 3782 3788
3254 28 3787 3782 3788
3255 28 3795 3791 3796
3256 28 3795 3791 3797
3257 28 3796 3791 3797
3258 28 3804 3800 3805
3259 28 3804 3800 3806
3260 28 3805 3800 3806
3261 28 3813 3809 3814
3262 28 3813 3809 3815
3263 28 3814 3809 3815
3264 28 3822 3818 3823
3265 28 3822 3818 3824
3266 28 3823 3818 3824
3267 28 3831 3827 3832
3268 28 3831 3827 3833
3269 28 3832 3827 3833
3270 28 3840 3836 3841
3271 28 3840 3836 3842
3272 28 3841 3836 3842
3273 28 3849 3845 3850
3274 28 3849 3845 3851
3275 28 3850 3845 3851
3276 28 3858 3854 3859
3277 28 3858 3854 3860
3278 28 3859 3854 3860
3279 28 3867 3863 3868
3280 28 3867 3863 3869
3281 28 3868 3863 3869
3282 28 3876 3872 3877
3283 28 3876 3872 3878
3284 28 3877 3872 3878
3285 28 3885 3881 3886
3286 28 3885 3881 3887
3287 28 3886 3881 3887
3288 28 3894 3890 3895
3289 28 3894 3890 3896
3290 28 3895 3890 3896
3291 28 3903 3899 3904
3292 28 3903 3899 3905
3293 28 3904 3899 3905
3294 28 3912 3908 3913
3295 28 3912 3908 3914
3296 28 3913 3908 3914
3297 28 3921 3917 3922
3298 28 3921 3917 3923
3299 28 3922 3917 3923
3300 28 3930 3926 3931
3301 28 3930 3926 3932
3302 28 3931 3926 3932
3303 28 3939 3935 3940
3304 28 3939 3935 3941
3305 28 3940 3935 3941
3306 28 3948 3944 3949
3307 28 3948 3944 3950
3308 28 3949 3944 3950
3309 28 3957 3953 3958
3310 28 3957 3953 3959
3311 28 3958 3953 3959
3312 28 3966 3962 3967
3313 28 3966 3962 3968
3314 28 3967 3962 3968
3315 28 3975 3971 3976
3316 28 3975 3971 3977
3317 28 3976 3971 3977
3318 28 3984 3980 3985
3319 28 3984 3980 3986
3320 28 3985 3980 3986
3321 28 3993 3989 3994
3322 28 3993 3989 3995
3323 28 3994 3989 3995
3324 28 4002 3998 4003
3325 28 4002 3998 4004
3326 28 4003 3998 4004
3327 28 4011 4007 4012
3328 28 4011 4007 4013
3329 28 4012 4007 4013
3330 28 4020 4016 4021
3331 28 4020 4016 4022
3332 28 4021 4016 4022
3333 28 4029 4025 4030
3334 28 4029 4025 4031
3335 28 4030 4025 4031
3336 28 4038 4034 4039
3337 28 4038 4034 4040
3338 28 4039 4034 4040
3339 28 4047 4043 4048
3340 28 4047 4043 4049
3341 28 4048 4043 4049
3342 28 4056 4052 4057
3343 28 4056 4052 4058
3344 28 4057 4052 4058
3345 28 4066 4061 4067
3346 28 4066 4061 4068
3347 28 4067 4061 4068
3348 28 4072 4069 4073
3349 28 4072 4069 4074
3350 28 4073 4069 4074
3351 28 4076 4071 4077
3352 28 4076 4071 4078
3353 28 4077 4071 4078
3354 28 4085 4081 4086
3355 28 4085 4081 4087
3356 28 4086 4081 4087
3357 28 4094 4090 4095
3358 28 4094 4090 4096
3359 28 4095 4090 4096
3360 28 4103 4099 4104
3361 28 4103 4099 4105
3362 28 4104 4099 4105
3363 28 4112 4108 4113
3364 28 4112 4108 4114
3365 28 4113 4108 4114
3366 28 4121 4117 4122
3367 28 4121 4117 4123
3368 28 4122 4117 4123
3369 28 4130 4126 4131
3370 28 4130 4126 4132
3371 28 4131 4126 4132
3372 28 4139 4135 4140
3373 28 4139 4135 4141
3374 28 4140 4135 4141
3375 28 4148 4144 4149
3376 28 4148 4144 4150
3377 28 4149 4144 4150
3378 28 4157 4153 4158
3379 28 4157 4153 4159
3380 28 4158 4153 4159
3381 28 4166 4162 4167
3382 28 4166 4162 4168
3383 28 4167 4162 4168
3384 28 4175 4171 4176
3385 28 4175 4171 4177
3386 28 4176 4171 4177
3387 28 4184 4180 4185
3388 28 4184 4180 4186
3389 28 4185 4180 4186
3390 28 4193 4189 4194
3391 28 4193 4189 4195
3392 28 4194 4189 4195
3393 28 4202 4198 4203
3394 28 4202 4198 4204
3395 28 4203 4198 4204
3396 28 4211 4207 4212
3397 28 4211 4207 4213
3398 28 4212 4207 4213
3399 28 4220 4216 4221
3400 28 4220 4216 4222
3401 28 4221 4216 4222
3402 28 4229 4225 4230
3403 28 4229 4225 4231
3404 28 4230 4225 4231
3405 28 4238 4234 4239
3406 28 4238 4234 4240
3407 28 4239 4234 4240
3408 28 4247 4243 4248
3409 28 4247 4243 4249
3410 28 4248 4243 4249
3411 28 4256 4252 4257
3412 28 4256 4252 4258
3413 28 4257 4252 4258
3414 28 4265 4261 4266
3415 28 4265 4261 4267
3416 28 4266 4261 4267
3417 28 4274 4270 4275
3418 28 4274 4270 4276
3419 28 4275 4270 4276
3420 28 4283 4279 4284
3421 28 4283 4279 4285
3422 28 4284 4279 4285
3423 28 4292 4288 4293
3424 28 4292 4288 4294
3425 28 4293 4288 4294
3426 28 4301 4297 4302
3427 28 4301 4297 4303
3428 28 4302 4297 4303
3429 28 4310 4306 4311
3430 28 4310 4306 4312
3431 28 4311 4306 4312
3432 28 4319 4315 4320
3433 28 4319 4315 4321
3434 28 4320 4315 4321
3435 28 4328 4324 4329
3436 28 4328 4324 4330
3437 28 4329 4324 4330
3438 28 4337 4333 4338
3439 28 4337 4333 4339
3440 28 4338 4333 4339
3441 28 4346 4342 4347
3442 28 4346 4342 4348
3443 28 4347 4342 4348
3444 28 4355 4351 4356
3445 28 4355 4351 4357
3446 28 4356 4351 4357
3447 28 4364 4360 4365
3448 28 4364 4360 4366
3449 28 4365 4360 4366
3450 28 4373 4369 4374
3451 28 4373 4369 4375
3452 28 4374 4369 4375
3453 28 4382 4378 4383
3454 28 4382 4378 4384
3455 28 4383 4378 4384
3456 28 4391 4387 4392
3457 28 4391 4387 4393
3458 28 4392 4387 4393
3459 28 4400 4396 4401
3460 28 4400 4396 4402
3461 28 4401 4396 4402
3462 28 4409 4405 4410
3463 28 4409 4405 4411
3464 28 4410 4405 4411
3465 28 4418 4414 4419
3466 28 4418 4414 4420
3467 28 4419 4414 4420
3468 28 4427 4423 4428
3469 28 4427 4423 4429
3470 28 4428 4423 4429
3471 28 4436 4432 4437
3472 28 4436 4432 4438
3473 28 4437 4432 4438
3474 28 4445 4441 4446
3475 28 4445 4441 4447
3476 28 4446 4441 4447
3477 28 4454 4450 4455
3478 28 4454 4450 4456
3479 28 4455 4450 4456
3480 28 4463 4459 4464
3481 28 4463 4459 4465
3482 28 4464 4459 4465
3483 28 4472 4468 4473
3484 28 4472 4468 4474
3485 28 4473 4468 4474
3486 28 4481 4477 4482
3487 28 4481 4477 4483
3488 28 4482 4477 4483
3489 28 4490 4486 4491
3490 28 4490 4486 4492
3491 28 4491 4486 4492
3492 28 4499 4495 4500
3493 28 4499 4495 4501
3494 28 4500 4495 4501
3495 28 4508 4504 4509
3496 28 4508 4504 4510
3497 28 4509 4504 4510
3498 28 4518 4513 4519
3499 28 4518 4513 4520
3500 28 4519 4513 4520
3501 29 14 11 15
3502 29 23 20 24
3503 29 32 29 33
3504 29 41 38 42
3505 29 50 47 51
3506 29 59 56 60
3507 29 68 65 69
3508 29 77 74 78
3509 29 86 83 87
3510 29 95 92 96
3511 29 104 101 105
3512 29 113 110 114
3513 29 122 119 123
3514 29 131 128 132
3515 29 140 137 141
3516 29 149 146 150
3517 29 158 155 159
3518 29 167 164 168
3519 29 176 173 177
3520 29 185 182 186
3521 29 194 191 195
3522 29 203 200 204
3523 29 212 209 213
3524 29 221 218 222
3525 29 230 227 231
3526 29 239 236 240
3527 29 248 245 249
3528 29 257 254 258
3529 29 266 263 267
3530 29 275 272 276
3531 29 284 281 285
3532 29 293 290 294
3533 29 302 299 303
3534 29 311 308 312
3535 29 320 317 321
3536 29 329 326 330
3537 29 338 335 339
3538 29 347 344 348
3539 29 356 353 357
3540 29 365 362 366
3541 29 374 371 375
3542 29 383 380 384
3543 29 392 389 393
3544 29 401 398 402
3545 29 410 407 411
3546 29 419 416 420
3547 29 428 425 429
3548 29 437 434 438
3549 29 446 443 447
3550 29 448 444 449
3551 29 466 463 467
3552 29 475 472 476
3553 29 484 481 485
3554 29 493 490 494
3555 29 502 499 503
3556 29 511 508 512
3557 29 520 517 521
3558 29 529 526 530
3559 29 538 535 539
3560 29 547 544 548
3561 29 556 553 557
3562 29 565 562 566
3563 29 574 571 575
3564 29 583 580 584
3565 29 592 589 593
3566 29 601 598 602
3567 29 610 607 611
3568 29 619 616 620
3569 29 628 625 629
3570 29 637 634 638
3571 29 646 643 647
3572 29 655 652 656
3573 29 664 661 665
3574 29 673 670 674
3575 29 682 679 683
3576 29 691 688 692
3577 29 700 697 701
3578 29 709 706 710
3579 29 718 715 719
3580 29 727 724 728
3581 29 736 733 737
3582 29 745 742 746
3583 29 754 751 755
3584 29 763 760 764
3585 29 772 769 773
3586 29 781 778 782
3587 29 790 787 791
3588 29 799 796 800
3589 29 808 805 809
3590 29 817 814 818
3591 29 826 823 827
3592 29 835 832 836
3593 29 844 841 845
3594 29 853 850 854
3595 29 862 859 863
3596 29 871 868 872
3597 29 880 877 881
3598 29 889 886 890
3599 29 898 895 899
3600 29 900 896 901
3601 29 918 915 919
3602 29 927 924 928
3603 29 936 933 937
3604 29 945 942 946
3605 29 954 951 955
3606 29 963 960 964
3607 29 972 969 973
3608 29 981 978 982
3609 29 990 987 991
3610 29 999 996 1000
3611 29 1008 1005 1009
3612 29 1017 1014 1018
3613 29 1026 1023 1027
3614 29 1035 1032 1036
3615 29 1044 1041 1045
3616 29 1053 1050 1054
3617 29 1062 1059 1063
3618 29 1071 1068 1072
3619 29 1080 1077 1081
3620 29 1089 1086 1090
3621 29 1098 1095 1099
3622 29 1107 1104 1108
3623 29 1116 1113 1117
3624 29 1125 1122 1126
3625 29 1134 1131 1135
3626 29 1143 1140 1144
3627 29 1152 1149 1153
3628 29 1161 1158 1162
3629 29 1170 1167 1171
3630 29 1179 1176 1180
3631 29 1188 1185 1189
3632 29 1197 1194 1198
3633 29 1206 1203 1207
3634 29 1215 1212 1216
3635 29 1224 1221 1225
3636 29 1233 1230 1234
3637 29 1242 1239 1243
3638 29 1251 1248 1252
3639 29 1260 1257 1261
3640 29 1269 1266 1270
3641 29 1278 1275 1279
3642 29 1287 1284 1288
3643 29 1296 1293 1297
3644 29 1305 1302 1306
3645 29 1314 1311 1315
3646 29 1323 1320 1324
3647 29 1332 1329 1333
3648 29 1341 1338 1342
3649 29 1350 1347 1351
3650 29 1352 1348 1353
3651 29 1370 1367 1371
3652 29 1379 1376 1380
3653 29 1388 1385 1389
3654 29 1397 1394 1398
3655 29 1406 1403 1407
3656 29 1415 1412 1416
3657 29 1424 1421 1425
3658 29 1433 1430 1434
3659 29 1442 1439 1443
3660 29 1451 1448 1452
3661 29 1460 1457 1461
3662 29 1469 1466 1470
3663 29 1478 1475 1479
3664 29 1487 1484 1488
3665 29 1496 1493 1497
3666 29 1505 1502 1506
3667 29 1514 1511 1515
3668 29 1523 1520 1524
3669 29 1532 1529 1533
3670 29 1541 1538 1542
3671 29 1550 1547 1551
3672 29 1559 1556 1560
3673 29 1568 1565 1569
3674 29 1577 1574 1578
3675 29 1586 1583 1587
3676 29 1595 1592 1596
3677 29 1604 1601 1605
3678 29 1613 1610 1614
3679 29 1622 1619 1623
3680 29 1631 1628 1632
3681 29 1640 1637 1641
3682 29 1649 1646 1650
3683 29 1658 1655 1659
3684 29 1667 1664 1668
3685 29 1676 1673 1677
3686 29 1685 1682 1686
3687 29 1694 1691 1695
3688 29 1703 1700 1704
3689 29 1712 1709 1713
3690 29 1721 1718 1722
3691 29 1730 1727 1731
3692 29 1739 1736 1740
3693 29 1748 1745 1749
3694 29 1757 1754 1758
3695 29 1766 1763 1767
3696 29 1775 1772 1776
3697 29 1784 1781 1785
3698 29 1793 1790 1794
3699 29 1802 1799 1803
3700 29 1804 1800 1805
3701 29 1822 1819 1823
3702 29 1831 1828 1832
3703 29 1840 1837 1841
3704 29 1849 1846 1850
3705 29 1858 1855 1859
3706 29 1867 1864 1868
3707 29 1876 1873 1877
3708 29 1885 1882 1886
3709 29 1894 1891 1895
3710 29 1903 1900 1904
3711 29 1912 1909 1913
3712 29 1921 1918 1922
3713 29 1930 1927 1931
3714 29 1939 1936 1940
3715 29 1948 1945 1949
3716 29 1957 1954 1958
3717 29 1966 1963 1967
3718 29 1975 1972 1976
3719 29 1984 1981 1985
3720 29 1993 1990 1994
3721 29 2002 1999 2003
3722 29 2011 2008 2012
3723 29 2020 2017 2021
3724 29 2029 2026 2030
3725 29 2038 2035 2039
3726 29 2047 2044 2048
3727 29 2056 2053 2057
3728 29 2065 2062 2066
3729 29 2074 2071 2075
3730 29 2083 2080 2084
3731 29 2092 2089 2093
3732 29 2101 2098 2102
3733 29 2110 2107 2111
3734 29 2119 2116 2120
3735 29 2128 2125 2129
3736 29 2137 2134 2138
3737 29 2146 2143 2147
3738 29 2155 2152 2156
3739 29 2164 2161 2165
3740 29 2173 2170 2174
3741 29 2182 2179 2183
3742 29 2191 2188 2192
3743 29 2200 2197 2201
3744 29 2209 2206 2210
3745 29 2218 2215 2219
3746 29 2227 2224 2228
3747 29 2236 2233 2237
3748 29 2245 2242 2246
3749 29 2254 2251 2255
3750 29 2256 2252 2257
3751 29 2274 2271 2275
3752 29 2283 2280 2284
3753 29 2292 2289 2293
3754 29 2301 2298 2302
3755 29 2310 2307 2311
3756 29 2319 2316 2320
3757 29 2328 2325 2329
3758 29 2337 2334 2338
3759 29 2346 2343 2347
3760 29 2355 2352 2356
3761 29 2364 2361 2365
3762 29 2373 2370 2374
3763 29 2382 2379 2383
3764 29 2391 2388 2392
3765 29 2400 2397 2401
3766 29 2409 2406 2410
3767 29 2418 2415 2419
3768 29 2427 2424 2428
3769 29 2436 2433 2437
3770 29 2445 2442 2446
3771 29 2454 2451 2455
3772 29 2463 2460 2464
3773 29 2472 2469 2473
3774 29 2481 2478 2482
3775 29 2490 2487 2491
3776 29 2499 2496 2500
3777 29 2508 2505 2509
3778 29 2517 2514 2518
3779 29 2526 2523 2527
3780 29 2535 2532 2536
3781 29 2544 2541 2545
3782 29 2553 2550 2554
3783 29 2562 2559 2563
3784 29 2571 2568 2572
3785 29 2580 2577 2581
3786 29 2589 2586 2590
3787 29 2598 2595 2599
3788 29 2607 2604 2608
3789 29 2616 2613 2617
3790 29 2625 2622 2626
3791 29 2634 2631 2635
3792 29 2643 2640 2644
3793 29 2652 2649 2653
3794 29 2661 2658 2662
3795 29 2670 2667 2671
3796 29 2679 2676 2680
3797 29 2688 2685 2689
3798 29 2697 2694 2698
3799 29 2706 2703 2707
3800 29 2708 2704 2709
3801 29 2726 2723 2727
3802 29 2735 2732 2736
3803 29 2744 2741 2745
3804 29 2753 2750 2754
3805 29 2762 2759 2763
3806 29 2771 2768 2772
3807 29 2780 2777 2781
3808 29 2789 2786 2790
3809 29 2798 2795 2799
3810 29 2807 2804 2808
3811 29 2816 2813 2817
3812 29 2825 2822 2826
3813 29 2834 2831 2835
3814 29 2843 2840 2844
3815 29 2852 2849 2853
3816 29 2861 2858 2862
3817 29 2870 2867 2871
3818 29 2879 2876 2880
3819 29 2888 2885 2889
3820 29 2897 2894 2898
3821 29 2906 2903 2907
3822 29 2915 2912 2916
3823 29 2924 2921 2925
3824 29 2933 2930 2934
3825 29 2942 2939 2943
3826 29 2951 2948 2952
3827 29 2960 2957 2961
3828 29 2969 2966 2970
3829 29 2978 2975 2979
3830 29 2987 2984 2988
3831 29 2996 2993 2997
3832 29 3005 3002 3006
3833 29 3014 3011 3015
3834 29 3023 3020 3024
3835 29 3032 3029 3033
3836 29 3041 3038 3042
3837 29 3050 3047 3051
3838 29 3059 3056 3060
3839 29 3068 3065 3069
3840 29 3077 3074 3078
3841 29 3086 3083 3087
3842 29 3095 3092 3096
3843 29 3104 3101 3105
3844 29 3113 3110 3114
3845 29 3122 3119 3123
3846 29 3131 3128 3132
3847 29 3140 3137 3141
3848 29 3149 3146 3150
3849 29 3158 3155 3159
3850 29 3160 3156 3161
3851 29 3178 3175 3179
3852 29 3187 3184 3188
3853 29 3196 3193 3197
3854 29 3205 3202 3206
3855 29 3214 3211 3215
3856 29 3223 3220 3224
3857 29 3232 3229 3233
3858 29 3241 3238 3242
3859 29 3250 3247 3251
3860 29 3259 3256 3260
3861 29 3268 3265 3269
3862 29 3277 3274 3278
3863 29 3286 3283 3287
3864 29 3295 3292 3296
3865 29 3304 3301 3305
3866 29 3313 3310 3314
3867 29 3322 3319 3323
3868 29 3331 3328 3332
3869 29 3340 3337 3341
3870 29 3349 3346 3350
3871 29 3358 3355 3359
3872 29 3367 3364 3368
3873 29 3376 3373 3377
3874 29 3385 3382 3386
3875 29 3394 3391 3395
3876 29 3403 3400 3404
3877 29 3412 3409 3413
3878 29 3421 3418 3422
3879 29 3430 3427 3431
3880 29 3439 3436 3440
3881 29 3448 3445 3449
3882 29 3457 3454 3458
3883 29 3466 3463 3467
3884 29 3475 3472 3476
3885 29 3484 3481 3485
3886 29 3493 3490 3494
3887 29 3502 3499 3503
3888 29 3511 3508 3512
3889 29 3520 3517 3521
3890 29 3529 3526 3530
3891 29 3538 3535 3539
3892 29 3547 3544 3548
3893 29 3556 3553 3557
3894 29 3565 3562 3566
3895 29 3574 3571 3575
3896 29 3583 3580 3584
3897 29 3592 3589 3593
3898 29 3601 3598 3602
3899 29 3610 3607 3611
3900 29 3612 3608 3613
3901 29 3630 3627 3631
3902 29 3639 3636 3640
3903 29 3648 3645 3649
3904 29 3657 3654 3658
3905 29 3666 3663 3667
3906 29 3675 3672 3676
3907 29 3684 3681 3685
3908 29 3693 3690 3694
3909 29 3702 3699 3703
3910 29 3711 3708 3712
3911 29 3720 3717 3721
3912 29 3729 3726 3730
3913 29 3738 3735 3739
3914 29 3747 3744 3748
3915 29 3756 3753 3757
3916 29 3765 3762 3766
3917 29 3774 3771 3775
3918 29 3783 3780 3784
3919 29 3792 3789 3793
3920 29 3801 3798 3802
3921 29 3810 3807 3811
3922 29 3819 3816 3820
3923 29 3828 3825 3829
3924 29 3837 3834 3838
3925 29 3846 3843 3847
3926 29 3855 3852 3856
3927 29 3864 3861 3865
3928 29 3873 3870 3874
3929 29 3882 3879 3883
3930 29 3891 3888 3892
3931 29 3900 3897 3901
3932 29 3909 3906 3910
3933 29 3918 3915 3919
3934 29 3927 3924 3928
3935 29 3936 3933 3937
3936 29 3945 3942 3946
3937 29 3954 3951 3955
3938 29 3963 3960 3964
3939 29 3972 3969 3973
3940 29 3981 3978 3982
3941 29 3990 3987 3991
3942 29 3999 3996 4000
3943 29 4008 4005 4009
3944 29 4017 4014 4018
3945 29 4026 4023 4027
3946 29 4035 4032 4036
3947 29 4044 4041 4045
3948 29 4053 4050 4054
3949 29 4062 4059 4063
3950 29 4064 4060 4065
3951 29 4082 4079 4083
3952 29 4091 4088 4092
3953 29 4100 4097 4101
3954 29 4109 4106 4110
3955 29 4118 4115 4119
3956 29 4127 4124 4128
3957 29 4136 4133 4137
3958 29 4145 4142 4146
3959 29 4154 4151 4155
3960 29 4163 4160 4164
3961 29 4172 4169 4173
3962 29 4181 4178 4182
3963 29 4190 4187 4191
3964 29 4199 4196 4200
3965 29 4208 4205 4209
3966 29 4217 4214 4218
3967 29 4226 4223 4227
3968 29 4235 4232 4236
3969 29 4244 4241 4245
3970 29 4253 4250 4254
3971 29 4262 4259 4263
3972 29 4271 4268 4272
3973 29 4280 4277 4281
3974 29 4289 4286 4290
3975 29 4298 4295 4299
3976 29 4307 4304 4308
3977 29 4316 4313 4317
3978 29 4325 4322 4326
3979 29 4334 4331 4335
3980 29 4343 4340 4344
3981 29 4352 4349 4353
3982 29 4361 4358 4362
3983 29 4370 4367 4371
3984 29 4379 4376 4380
3985 29 4388 4385 4389
3986 29 4397 4394 4398
3987 29 4406 4403 4407
3988 29 4415 4412 4416
3989 29 4424 4421 4425
3990 29 4433 4430 4434
3991 29 4442 4439 4443
3992 29 4451 4448 4452
3993 29 4460 4457 4461
3994 29 4469 4466 4470
3995 29 4478 4475 4479
3996 29 4487 4484 4488
3997 29 4496 4493 4497
3998 29 4505 4502 4506
3999 29 4514 4511 4515
4000 29 4516 4512 4517
4001 32 445 444 448
4002 32 445 444 449
4003 32 897 896 900
4004 32 897 896 901
4005 32 1349 1348 1352
4006 32 1349 1348 1353
4007 32 1801 1800 1804
4008 32 1801 1800 1805
4009 32 2253 2252 2256
4010 32 2253 2252 2257
4011 32 2705 2704 2708
4012 32 2705 2704 2709
4013 32 3157 3156 3160
4014 32 3157 3156 3161
4015 32 3609 3608 3612
4016 32 3609 3608 3613
4017 32 4061 4060 4064
4018 32 4061 4060 4065
4019 32 4513 4512 4516
4020 32 4513 4512 4517
4021 33 1 2 7
4022 33 3 2 7
4023 33 13 12 16
4024 33 22 21 25
4025 33 31 30 34
4026 33 40 39 43
4027 33 49 48 52
4028 33 58 57 61
4029 33 67 66 70
4030 33 76 75 79
4031 33 85 84 88
4032 33 94 93 97
4033 33 103 102 106
4034 33 112 111 115
4035 33 121 120 124
4036 33 130 129 133
4037 33 139 138 142
4038 33 148 147 151
4039 33 157 156 160
4040 33 166 165 169
4041 33 175 174 178
4042 33 184 183 187
4043 33 193 192 196
4044 33 202 201 205
4045 33 211 210 214
4046 33 220 219 223
4047 33 229 228 232
4048 33 238 237 241
4049 33 247 246 250
4050 33 256 255 259
4051 33 265 264 268
4052 33 274 273 277
4053 33 283 282 286
4054 33 292 291 295
4055 33 301 300 304
4056 33 310 309 313
4057 33 319 318 322
4058 33 328 327 331
4059 33 337 336 340
4060 33 346 345 349
4061 33 355 354 358
4062 33 364 363 367
4063 33 373 372 376
4064 33 382 381 385
4065 33 391 390 394
4066 33 400 399 403
4067 33 409 408 412
4068 33 418 417 421
4069 33 427 426 430
4070 33 436 435 439
4071 33 453 454 459
4072 33 455 454 459
4073 33 465 464 468
4074 33 474 473 477
4075 33 483 482 486
4076 33 492 491 495
4077 33 501 500 504
4078 33 510 509 513
4079 33 519 518 522
4080 33 528 527 531
4081 33 537 536 540
4082 33 546 545 549
4083 33 555 554 558
4084 33 564 563 567
4085 33 573 572 576
4086 33 582 581 585
4087 33 591 590 594
4088 33 600 599 603
4089 33 609 608 612
4090 33 618 617 621
4091 33 627 626 630
4092 33 636 635 639
4093 33 645 644 648
4094 33 654 653 657
4095 33 663 662 666
4096 33 672 671 675
4097 33 681 680 684
4098 33 690 689 693
4099 33 699 698 702
4100 33 708 707 711
4101 33 717 716 720
4102 33 726 725 729
4103 33 735 734 738
4104 33 744 743 747
4105 33 753 752 756
4106 33 762 761 765
4107 33 771 770 774
4108 33 780 779 783
4109 33 789 788 792
4110 33 798 797 801
4111 33 807 806 810
4112 33 816 815 819
4113 33 825 824 828
4114 33 834 833 837
4115 33 843 842 846
4116 33 852 851 855
4117 33 861 860 864
4118 33 870 869 873
4119 33 879 878 882
4120 33 888 887 891
4121 33 905 906 911
4122 33 907 906 911
4123 33 917 916 920
4124 33 926 925 929
4125 33 935 934 938
4126 33 944 943 947
4127 33 953 952 956
4128 33 962 961 965
4129 33 971 970 974
4130 33 980 979 983
4131 33 989 988 992
4132 33 998 997 1001
4133 33 1007 1006 1010
4134 33 1016 1015 1019
4135 33 1025 1024 1028
4136 33 1034 1033 1037
4137 33 1043 1042 1046
4138 33 1052 1051 1055
4139 33 1061 1060 1064
4140 33 1070 1069 1073
4141 33 1079 1078 1082
4142 33 1088 1087 1091
4143 33 1097 1096 1100
4144 33 1106 1105 1109
4145 33 1115 1114 1118
4146 33 1124 1123 1127
4147 33 1133 1132 1136
4148 33 1142 1141 1145
4149 33 1151 1150 1154
4150 33 1160 1159 1163
4151 33 1169 1168 1172
4152 33 1178 1177 1181
4153 33 1187 1186 1190
4154 33 1196 1195 1199
4155 33 1205 1204 1208
4156 33 1214 1213 1217
4157 33 1223 1222 1226
4158 33 1232 1231 1235
4159 33 1241 1240 1244
4160 33 1250 1249 1253
4161 33 1259 1258 1262
4162 33 1268 1267 1271
4163 33 1277 1276 1280
4164 33 1286 1285 1289
4165 33 1295 1294 1298
4166 33 1304 1303 1307
4167 33 1313 1312 1316
4168 33 1322 1321 1325
4169 33 1331 1330 1334
4170 33 1340 1339 1343
4171 33 1357 1358 1363
4172 33 1359 1358 1363
4173 33 1369 1368 1372
4174 33 1378 1377 1381
4175 33 1387 1386 1390
4176 33 1396 1395 1399
4177 33 1405 1404 1408
4178 33 1414 1413 1417
4179 33 1423 1422 1426
4180 33 1432 1431 1435
4181 33 1441 1440 1444
4182 33 1450 1449 1453
4183 33 1459 1458 1462
4184 33 1468 1467 1471
4185 33 1477 1476 1480
4186 33 1486 1485 1489
4187 33 1495 1494 1498
4188 33 1504 1503 1507
4189 33 1513 1512 1516
4190 33 1522 1521 1525
4191 33 1531 1530 1534
4192 33 1540 1539 1543
4193 33 1549 1548 1552
4194 33 1558 1557 1561
4195 33 1567 1566 1570
4196 33 1576 1575 1579
4197 33 1585 1584 1588
4198 33 1594 1593 1597
4199 33 1603 1602 1606
4200 33 1612 1611 1615
4201 33 1621 1620 1624
4202 33 1630 1629 1633
4203 33 1639 1638 1642
4204 33 1648 1647 1651
4205 33 1657 1656 1660
4206 33 1666 1665 1669
4207 33 1675 1674 1678
4208 33 1684 1683 1687
4209 33 1693 1692 1696
4210 33 1702 1701 1705
4211 33 1711 1710 1714
4212 33 1720 1719 1723
4213 33 1729 1728 1732
4214 33 1738 1737 1741
4215 33 1747 1746 1750
4216 33 1756 1755 1759
4217 33 1765 1764 1768
4218 33 1774 1773 1777
4219 33 1783 1782 1786
4220 33 1792 1791 1795
4221 33 1809 1810 1815
4222 33 1811 1810 1815
4223 33 1821 1820 1824
4224 33 1830 1829 1833
4225 33 1839 1838 1842
4226 33 1848 1847 1851
4227 33 1857 1856 1860
4228 33 1866 1865 1869
4229 33 1875 1874 1878
4230 33 1884 1883 1887
4231 33 1893 1892 1896
4232 33 1902 1901 1905
4233 33 1911 1910 1914
4234 33 1920 1919 1923
4235 33 1929 1928 1932
4236 33 1938 1937 1941
4237 33 1947 1946 1950
4238 33 1956 1955 1959
4239 33 1965 1964 1968
4240 33 1974 1973 1977
4241 33 1983 1982 1986
4242 33 1992 1991 1995
4243 33 2001 2000 2004
4244 33 2010 2009 2013
4245 33 2019 2018 2022
4246 33 2028 2027 2031
4247 33 2037 2036 2040
4248 33 2046 2045 2049
4249 33 2055 2054 2058
4250 33 2064 2063 2067
4251 33 2073 2072 2076
4252 33 2082 2081 2085
4253 33 2091 2090 2094
4254 33 2100 2099 2103
4255 33 2109 2108 2112
4256 33 2118 2117 2121
4257 33 2127 2126 2130
4258 33 2136 2135 2139
4259 33 2145 2144 2148
4260 33 2154 2153 2157
4261 33 2163 2162 2166
4262 33 2172 2171 2175
4263 33 2181 2180 2184
4264 33 2190 2189 2193
4265 33 2199 2198 2202
4266 33 2208 2207 2211
4267 33 2217 2216 2220
4268 33 2226 2225 2229
4269 33 2235 2234 2238
4270 33 2244 2243 2247
4271 33 2261 2262 2267
4272 33 2263 2262 2267
4273 33 2273 2272 2276
4274 33 2282 2281 2285
4275 33 2291 2290 2294
4276 33 2300 2299 2303
4277 33 2309 2308 2312
4278 33 2318 2317 2321
4279 33 2327 2326 2330
4280 33 2336 2335 2339
4281 33 2345 2344 2348
4282 33 2354 2353 2357
4283 33 2363 2362 2366
4284 33 2372 2371 2375
4285 33 2381 2380 2384
4286 33 2390 2389 2393
4287 33 2399 2398 2402
4288 33 2408 2407 2411
4289 33 2417 2416 2420
4290 33 2426 2425 2429
4291 33 2435 2434 2438
4292 33 2444 2443 2447
4293 33 2453 2452 2456
4294 33 2462 2461 2465
4295 33 2471 2470 2474
4296 33 2480 2479 2483
4297 33 2489 2488 2492
4298 33 2498 2497 2501
4299 33 2507 2506 2510
4300 33 2516 2515 2519
4301 33 2525 2524 2528
4302 33 2534 2533 2537
4303 33 2543 2542 2546
4304 33 2552 2551 2555
4305 33 2561 2560 2564
4306 33 2570 2569 2573
4307 33 2579 2578 2582
4308 33 2588 2587 2591
4309 33 2597 2596 2600
4310 33 2606 2605 2609
4311 33 2615 2614 2618
4312 33 2624 2623 2627
4313 33 2633 2632 2636
4314 33 2642 2641 2645
4315 33 2651 2650 2654
4316 33 2660 2659 2663
4317 33 2669 2668 2672
4318 33 2678 2677 2681
4319 33 2687 2686 2690
4320 33 2696 2695 2699
4321 33 2713 2714 2719
4322 33 2715 2714 2719
4323 33 2725 2724 2728
4324 33 2734 2733 2737
4325 33 2743 2742 2746
4326 33 2752 2751 2755
4327 33 2761 2760 2764
4328 33 2770 2769 2773
4329 33 2779 2778 2782
4330 33 2788 2787 2791
4331 33 2797 2796 2800
4332 33 2806 2805 2809
4333 33 2815 2814 2818
4334 33 2824 2823 2827
4335 33 2833 2832 2836
4336 33 2842 2841 2845
4337 33 2851 2850 2854
4338 33 2860 2859 2863
4339 33 2869 2868 2872
4340 33 2878 2877 2881
4341 33 2887 2886 2890
4342 33 2896 2895 2899
4343 33 2905 2904 2908
4344 33 2914 2913 2917
4345 33 2923 2922 2926
4346 33 2932 2931 2935
4347 33 2941 2940 2944
4348 33 2950 2949 2953
4349 33 2959 2958 2962
4350 33 2968 2967 2971
4351 33 2977 2976 2980
4352 33 2986 2985 2989
4353 33 2995 2994 2998
4354 33 3004 3003 3007
4355 33 3013 3012 3016
4356 33 3022 3021 3025
4357 33 3031 3030 3034
4358 33 3040 3039 3043
4359 33 3049 3048 3052
4360 33 3058 3057 3061
4361 33 3067 3066 3070
4362 33 3076 3075 3079
4363 33 3085 3084 3088
4364 33 3094 3093 3097
4365 33 3103 3102 3106
4366 33 3112 3111 3115
4367 33 3121 3120 3124
4368 33 3130 3129 3133
4369 33 3139 3138 3142
4370 33 3148 3147 3151
4371 33 3165 3166 3171
4372 33 3167 3166 3171
4373 33 3177 3176 3180
4374 33 3186 3185 3189
4375 33 3195 3194 3198
4376 33 3204 3203 3207
4377 33 3213 3212 3216
4378 33 3222 3221 3225
4379 33 3231 3230 3234
4380 33 3240 3239 3243
4381 33 3249 3248 3252
4382 33 3258 3257 3261
4383 33 3267 3266 3270
4384 33 3276 3275 3279
4385 33 3285 3284 3288
4386 33 3294 3293 3297
4387 33 3303 3302 3306
4388 33 3312 3311 3315
4389 33 3321 3320 3324
4390 33 3330 3329 3333
4391 33 3339 3338 3342
4392 33 3348 3347 3351
4393 33 3357 3356 3360
4394 33 3366 3365 3369
4395 33 3375 3374 3378
4396 33 3384 3383 3387
4397 33 3393 3392 3396
4398 33 3402 3401 3405
4399 33 3411 3410 3414
4400 33 3420 3419 3423
4401 33 3429 3428 3432
4402 33 3438 3437 3441
4403 33 3447 3446 3450
4404 33 3456 3455 3459
4405 33 3465 3464 3468
4406 33 3474 3473 3477
4407 33 3483 3482 3486
4408 33 3492 3491 3495
4409 33 3501 3500 3504
4410 33 3510 3509 3513
4411 33 3519 3518 3522
4412 33 3528 3527 3531
4413 33 3537 3536 3540
4414 33 3546 3545 3549
4415 33 3555 3554 3558
4416 33 3564 3563 3567
4417 33 3573 3572 3576
4418 33 3582 3581 3585
4419 33 3591 3590 3594
4420 33 3600 3599 3603
4421 33 3617 3618 3623
4422 33 3619 3618 3623
4423 33 3629 3628 3632
4424 33 3638 3637 3641
4425 33 3647 3646 3650
4426 33 3656 3655 3659
4427 33 3665 3664 3668
4428 33 3674 3673 3677
4429 33 3683 3682 3686
4430 33 3692 3691 3695
4431 33 3701 3700 3704
4432 33 3710 3709 3713
4433 33 3719 3718 3722
4434 33 3728 3727 3731
4435 33 3737 3736 3740
4436 33 3746 3745 3749
4437 33 3755 3754 3758
4438 33 3764 3763 3767
4439 33 3773 3772 3776
4440 33 3782 3781 3785
4441 33 3791 3790 3794
4442 33 3800 3799 3803
4443 33 3809 3808 3812
4444 33 3818 3817 3821
4445 33 3827 3826 3830
4446 33 3836 3835 3839
4447 33 3845 3844 3848
4448 33 3854 3853 3857
4449 33 3863 3862 3866
4450 33 3872 3871 3875
4451 33 3881 3880 3884
4452 33 3890 3889 3893
4453 33 3899 3898 3902
4454 33 3908 3907 3911
4455 33 3917 3916 3920
4456 33 3926 3925 3929
4457 33 3935 3934 3938
4458 33 3944 3943 3947
4459 33 3953 3952 3956
4460 33 3962 3961 3965
4461 33 3971 3970 3974
4462 33 3980 3979 3983
4463 33 3989 3988 3992
4464 33 3998 3997 4001
4465 33 4007 4006 4010
4466 33 4016 4015 4019
4467 33 4025 4024 4028
4468 33 4034 4033 4037
4469 33 4043 4042 4046
4470 33 4052 4051 4055
4471 33 4069 4070 4075
4472 33 4071 4070 4075
4473 33 4081 4080 4084
4474 33 4090 4089 4093
4475 33 4099 4098 4102
4476 33 4108 4107 4111
4477 33 4117 4116 4120
4478 33 4126 4125 4129
4479 33 4135 4134 4138
4480 33 4144 4143 4147
4481 33 4153 4152 4156
4482 33 4162 4161 4165
4483 33 4171 4170 4174
4484 33 4180 4179 4183
4485 33 4189 4188 4192
4486 33 4198 4197 4201
4487 33 4207 4206 4210
4488 33 4216 4215 4219
4489 33 4225 4224 4228
4490 33 4234 4233 4237
4491 33 4243 4242 4246
4492 33 4252 4251 4255
4493 33 4261 4260 4264
4494 33 4270 4269 4273
4495 33 4279 4278 4282
4496 33 4288 4287 4291
4497 33 4297 4296 4300
4498 33 4306 4305 4309
4499 33 4315 4314 4318
4500 33 4324 4323 4327
4501 33 4333 4332 4336
4502 33 4342 4341 4345
4503 33 4351 4350 4354
4504 33 4360 4359 4363
4505 33 4369 4368 4372
4506 33 4378 4377 4381
4507 33 4387 4386 4390
4508 33 4396 4395 4399
4509 33 4405 4404 4408
4510 33 4414 4413 4417
4511 33 4423 4422 4426
4512 33 4432 4431 4435
4513 33 4441 4440 4444
4514 33 4450 4449 4453
4515 33 4459 4458 4462
4516 33 4468 4467 4471
4517 33 4477 4476 4480
4518 33 4486 4485 4489
4519 33 4495 4494 4498
4520 33 4504 4503 4507
4521 34 444 445 450
4522 34 444 445 451
4523 34 444 445 452
4524 34 896 897 902
4525 34 896 897 903
4526 34 896 897 904
4527 34 1348 1349 1354
4528 34 1348 1349 1355
4529 34 1348 1349 1356
4530 34 1800 1801 1806
4531 34 1800 1801 1807
4532 34 1800 1801 1808
4533 34 2252 2253 2258
4534 34 2252 2253 2259
4535 34 2252 2253 2260
4536 34 2704 2705 2710
4537 34 2704 2705 2711
4538 34 2704 2705 2712
4539 34 3156 3157 3162
4540 34 3156 3157 3163
4541 34 3156 3157 3164
4542 34 3608 3609 3614
4543 34 3608 3609 3615
4544 34 3608 3609 3616
4545 34 4060 4061 4066
4546 34 4060 4061 4067
4547 34 4060 4061 4068
4548 34 4512 4513 4518
4549 34 4512 4513 4519
4550 34 4512 4513 4520
4551 35 443 444 448
4552 35 443 444 449
4553 35 444 443 446
4554 35 444 443 447
4555 35 895 896 900
4556 35 895 896 901
4557 35 896 895 898
4558 35 896 895 899
4559 35 1347 1348 1352
4560 35 1347 1348 1353
4561 35 1348 1347 1350
4562 35 1348 1347 1351
4563 35 1799 1800 1804
4564 35 1799 1800 1805
4565 35 1800 1799 1802
4566 35 1800 1799 1803
4567 35 2251 2252 2256
4568 35 2251 2252 2257
4569 35 2252 2251 2254
4570 35 2252 2251 2255
4571 35 2703 2704 2708
4572 35 2703 2704 2709
4573 35 2704 2703 2706
4574 35 2704 2703 2707
4575 35 3155 3156 3160
4576 35 3155 3156 3161
4577 35 3156 3155 3158
4578 35 3156 3155 3159
4579 35 3607 3608 3612
4580 35 3607 3608 3613
4581 35 3608 3607 3610
4582 35 3608 3607 3611
4583 35 4059 4060 4064
4584 35 4059 4060 4065
4585 35 4060 4059 4062
4586 35 4060 4059 4063
4587 35 4511 4512 4516
4588 35 4511 4512 4517
4589 35 4512 4511 4514
4590 35 4512 4511 4515
4591 36 11 12 16
4592 36 7 2 11
4593 36 20 21 25
4594 36 16 12 20
4595 36 29 30 34
4596 36 25 21 29
4597 36 38 39 43
4598 36 34 30 38
4599 36 47 48 52
4600 36 43 39 47
4601 36 56 57 61
4602 36 52 48 56
4603 36 65 66 70
4604 36 61 57 65
4605 36 74 75 79
4606 36 70 66 74
4607 36 83 84 88
4608 36 79 75 83
4609 36 92 93 97
4610 36 88 84 92
4611 36 101 102 106
4612 36 97 93 101
4613 36 110 111 115
4614 36 106 102 110
4615 36 119 120 124
4616 36 115 111 119
4617 36 128 129 133
4618 36 124 120 128
4619 36 137 138 142
4620 36 133 129 137
4621 36 146 147 151
4622 36 142 138 146
4623 36 155 156 160
4624 36 151 147 155
4625 36 164 165 169
4626 36 160 156 164
4627 36 173 174 178
4628 36 169 165 173
4629 36 182 183 187
4630 36 178 174 182
4631 36 191 192 196
4632 36 187 183 191
4633 36 200 201 205
4634 36 196 192 200
4635 36 209 210 214
4636 36 205 201 209
4637 36 218 219 223
4638 36 214 210 218
4639 36 227 228 232
4640 36 223 219 227
4641 36 236 237 241
4642 36 232 228 236
4643 36 245 246 250
4644 36 241 237 245
4645 36 254 255 259
4646 36 250 246 254
4647 36 263 264 268
4648 36 259 255 263
4649 36 272 273 277
4650 36 268 264 272
4651 36 281 282 286
4652 36 277 273 281
4653 36 290 291 295
4654 36 286 282 290
4655 36 299 300 304
4656 36 295 291 299
4657 36 308 309 313
4658 36 304 300 308
4659 36 317 318 322
4660 36 313 309 317
4661 36 326 327 331
4662 36 322 318 326
4663 36 335 336 340
4664 36 331 327 335
4665 36 344 345 349
4666 36 340 336 344
4667 36 353 354 358
4668 36 349 345 353
4669 36 362 363 367
4670 36 358 354 362
4671 36 371 372 376
4672 36 367 363 371
4673 36 380 381 385
4674 36 376 372 380
4675 36 389 390 394
4676 36 385 381 389
4677 36 398 399 403
4678 36 394 390 398
4679 36 407 408 412
4680 36 403 399 407
4681 36 416 417 421
4682 36 412 408 416
4683 36 425 426 430
4684 36 421 417 425
4685 36 434 435 439
4686 36 430 426 434
4687 36 439 435 443
4688 36 463 464 468
4689 36 459 454 463
4690 36 472 473 477
4691 36 468 464 472
4692 36 481 482 486
4693 36 477 473 481
4694 36 490 491 495
4695 36 486 482 490
4696 36 499 500 504
4697 36 495 491 499
4698 36 508 509 513
4699 36 504 500 508
4700 36 517 518 522
4701 36 513 509 517
4702 36 526 527 531
4703 36 522 518 526
4704 36 535 536 540
4705 36 531 527 535
4706 36 544 545 549
4707 36 540 536 544
4708 36 553 554 558
4709 36 549 545 553
4710 36 562 563 567
4711 36 558 554 562
4712 36 571 572 576
4713 36 567 563 571
4714 36 580 581 585
4715 36 576 572 580
4716 36 589 590 594
4717 36 585 581 589
4718 36 598 599 603
4719 36 594 590 598
4720 36 607 608 612
4721 36 603 599 607
4722 36 616 617 621
4723 36 612 608 616
4724 36 625 626 630
4725 36 621 617 625
4726 36 634 635 639
4727 36 630 626 634
4728 36 643 644 648
4729 36 639 635 643
4730 36 652 653 657
4731 36 648 644 652
4732 36 661 662 666
4733 36 657 653 661
4734 36 670 671 675
4735 36 666 662 670
4736 36 679 680 684
4737 36 675 671 679
4738 36 688 689 693
4739 36 684 680 688
4740 36 697 698 702
4741 36 693 689 697
4742 36 706 707 711
4743 36 702 698 706
4744 36 715 716 720
4745 36 711 707 715
4746 36 724 725 729
4747 36 720 716 724
4748 36 733 734 738
4749 36 729 725 733
4750 36 742 743 747
4751 36 738 734 742
4752 36 751 752 756
4753 36 747 743 751
4754 36 760 761 765
4755 36 756 752 760
4756 36 769 770 774
4757 36 765 761 769
4758 36 778 779 783
4759 36 774 770 778
4760 36 787 788 792
4761 36 783 779 787
4762 36 796 797 801
4763 36 792 788 796
4764 36 805 806 810
4765 36 801 797 805
4766 36 814 815 819
4767 36 810 806 814
4768 36 823 824 828
4769 36 819 815 823
4770 36 832 833 837
4771 36 828 824 832
4772 36 841 842 846
4773 36 837 833 841
4774 36 850 851 855
4775 36 846 842 850
4776 36 859 860 864
4777 36 855 851 859
4778 36 868 869 873
4779 36 864 860 868
4780 36 877 878 882
4781 36 873 869 877
4782 36 886 887 891
4783 36 882 878 886
4784 36 891 887 895
4785 36 915 916 920
4786 36 911 906 915
4787 36 924 925 929
4788 36 920 916 924
4789 36 933 934 938
4790 36 929 925 933
4791 36 942 943 947
4792 36 938 934 942
4793 36 951 952 956
4794 36 947 943 951
4795 36 960 961 965
4796 36 956 952 960
4797 36 969 970 974
4798 36 965 961 969
4799 36 978 979 983
4800 36 974 970 978
4801 36 987 988 992
4802 36 983 979 987
4803 36 996 997 1001
4804 36 992 988 996
4805 36 1005 1006 1010
4806 36 1001 997 1005
4807 36 1014 1015 1019
4808 36 1010 1006 1014
4809 36 1023 1024 1028
4810 36 1019 1015 1023
4811 36 1032 1033 1037
4812 36 1028 1024 1032
4813 36 1041 1042 1046
4814 36 1037 1033 1041
4815 36 1050 1051 1055
4816 36 1046 1042 1050
4817 36 1059 1060 1064
4818 36 1055 1051 1059
4819 36 1068 1069 1073
4820 36 1064 1060 1068
4821 36 1077 1078 1082
4822 36 1073 1069 1077
4823 36 1086 1087 1091
4824 36 1082 1078 1086
4825 36 1095 1096 1100
4826 36 1091 1087 1095
4827 36 1104 1105 1109
4828 36 1100 1096 1104
4829 36 1113 1114 1118
4830 36 1109 1105 1113
4831 36 1122 1123 1127
4832 36 1118 1114 1122
4833 36 1131 1132 1136
4834 36 1127 1123 1131
4835 36 1140 1141 1145
4836 36 1136 1132 1140
4837 36 1149 1150 1154
4838 36 1145 1141 1149
4839 36 1158 1159 1163
4840 36 1154 1150 1158
4841 36 1167 1168 1172
4842 36 1163 1159 1167
4843 36 1176 1177 1181
4844 36 1172 1168 1176
4845 36 1185 1186 1190
4846 36 1181 1177 1185
4847 36 1194 1195 1199
4848 36 1190 1186 1194
4849 36 1203 1204 1208
4850 36 1199 1195 1203
4851 36 1212 1213 1217
4852 36 1208 1204 1212
4853 36 1221 1222 1226
4854 36 1217 1213 1221
4855 36 1230 1231 1235
4856 36 1226 1222 1230
4857 36 1239 1240 1244
4858 36 1235 1231 1239
4859 36 1248 1249 1253
4860 36 1244 1240 1248
4861 36 1257 1258 1262
4862 36 1253 1249 1257
4863 36 1266 1267 1271
4864 36 1262 1258 1266
4865 36 1275 1276 1280
4866 36 1271 1267 1275
4867 36 1284 1285 1289
4868 36 1280 1276 1284
4869 36 1293 1294 1298
4870 36 1289 1285 1293
4871 36 1302 1303 1307
4872 36 1298 1294 1302
4873 36 1311 1312 1316
4874 36 1307 1303 1311
4875 36 1320 1321 1325
4876 36 1316 1312 1320
4877 36 1329 1330 1334
4878 36 1325 1321 1329
4879 36 1338 1339 1343
4880 36 1334 1330 1338
4881 36 1343 1339 1347
4882 36 1367 1368 1372
4883 36 1363 1358 1367
4884 36 1376 1377 1381
4885 36 1372 1368 1376
4886 36 1385 1386 1390
4887 36 1381 1377 1385
4888 36 1394 1395 1399
4889 36 1390 1386 1394
4890 36 1403 1404 1408
4891 36 1399 1395 1403
4892 36 1412 1413 1417
4893 36 1408 1404 1412
4894 36 1421 1422 1426
4895 36 1417 1413 1421
4896 36 1430 1431 1435
4897 36 1426 1422 1430
4898 36 1439 1440 1444
4899 36 1435 1431 1439
4900 36 1448 1449 1453
4901 36 1444 1440 1448
4902 36 1457 1458 1462
4903 36 1453 1449 1457
4904 36 1466 1467 1471
4905 36 1462 1458 1466
4906 36 1475 1476 1480
4907 36 1471 1467 1475
4908 36 1484 1485 1489
4909 36 1480 1476 1484
4910 36 1493 1494 1498
4911 36 1489 1485 1493
4912 36 1502 1503 1507
4913 36 1498 1494 1502
4914 36 1511 1512 1516
4915 36 1507 1503 1511
4916 36 1520 1521 1525
4917 36 1516 1512 1520
4918 36 1529 1530 1534
4919 36 1525 1521 1529
4920 36 1538 1539 1543
4921 36 1534 1530 1538
4922 36 1547 1548 1552
4923 36 1543 1539 1547
4924 36 1556 1557 1561
4925 36 1552 1548 1556
4926 36 1565 1566 1570
4927 36 1561 1557 1565
4928 36 1574 1575 1579
4929 36 1570 1566 1574
4930 36 1583 1584 1588
4931 36 1579 1575 1583
4932 36 1592 1593 1597
4933 36 1588 1584 1592
4934 36 1601 1602 1606
4935 36 1597 1593 1601
4936 36 1610 1611 1615
4937 36 1606 1602 1610
4938 36 1619 1620 1624
4939 36 1615 1611 1619
4940 36 1628 1629 1633
4941 36 1624 1620 1628
4942 36 1637 1638 1642
4943 36 1633 1629 1637
4944 36 1646 1647 1651
4945 36 1642 1638 1646
4946 36 1655 1656 1660
4947 36 1651 1647 1655
4948 36 1664 1665 1669
4949 36 1660 1656 1664
4950 36 1673 1674 1678
4951 36 1669 1665 1673
4952 36 1682 1683 1687
4953 36 1678 1674 1682
4954 36 1691 1692 1696
4955 36 1687 1683 1691
4956 36 1700 1701 1705
4957 36 1696 1692 1700
4958 36 1709 1710 1714
4959 36 1705 1701 1709
4960 36 1718 1719 1723
4961 36 1714 1710 1718
4962 36 1727 1728 1732
4963 36 1723 1719 1727
4964 36 1736 1737 1741
4965 36 1732 1728 1736
4966 36 1745 1746 1750
4967 36 1741 1737 1745
4968 36 1754 1755 1759
4969 36 1750 1746 1754
4970 36 1763 1764 1768
4971 36 1759 1755 1763
4972 36 1772 1773 1777
4973 36 1768 1764 1772
4974 36 1781 1782 1786
4975 36 1777 1773 1781
4976 36 1790 1791 1795
4977 36 1786 1782 1790
4978 36 1795 1791 1799
4979 36 1819 1820 1824
4980 36 1815 1810 1819
4981 36 1828 1829 1833
4982 36 1824 1820 1828
4983 36 1837 1838 1842
4984 36 1833 1829 1837
4985 36 1846 1847 1851
4986 36 1842 1838 1846
4987 36 1855 1856 1860
4988 36 1851 1847 1855
4989 36 1864 1865 1869
4990 36 1860 1856 1864
4991 36 1873 1874 1878
4992 36 1869 1865 1873
4993 36 1882 1883 1887
4994 36 1878 1874 1882
4995 36 1891 1892 1896
4996 36 1887 1883 1891
4997 36 1900 1901 1905
4998 36 1896 1892 1900
4999 36 1909 1910 1914
5000 36 1905 1901 1909
5001 36 1918 1919 1923
5002 36 1914 1910 1918
5003 36 1927 1928 1932
5004 36 1923 1919 1927
5005 36 1936 1937 1941
5006 36 1932 1928 1936
5007 36 1945 1946 1950
5008 36 1941 1937 1945
5009 36 1954 1955 1959
5010 36 1950 1946 1954
5011 36 1963 1964 1968
5012 36 1959 1955 1963
5013 36 1972 1973 1977
5014 36 1968 1964 1972
5015 36 1981 1982 1986
5016 36 1977 1973 1981
5017 36 1990 1991 1995
5018 36 1986 1982 1990
5019 36 1999 2000 2004
5020 36 1995 1991 1999
5021 36 2008 2009 2013
5022 36 2004 2000 2008
5023 36 2017 2018 2022
5024 36 2013 2009 2017
5025 36 2026 2027 2031
5026 36 2022 2018 2026
5027 36 2035 2036 2040
5028 36 2031 2027 2035
5029 36 2044 2045 2049
5030 36 2040 2036 2044
5031 36 2053 2054 2058
5032 36 2049 2045 2053
5033 36 2062 2063 2067
5034 36 2058 2054 2062
5035 36 2071 2072 2076
5036 36 2067 2063 2071
5037 36 2080 2081 2085
5038 36 2076 2072 2080
5039 36 2089 2090 2094
5040 36 2085 2081 2089
5041 36 2098 2099 2103
5042 36 2094 2090 2098
5043 36 2107 2108 2112
5044 36 2103 2099 2107
5045 36 2116 2117 2121
5046 36 2112 2108 2116
5047 36 2125 2126 2130
5048 36 2121 2117 2125
5049 36 2134 2135 2139
5050 36 2130 2126 2134
5051 36 2143 2144 2148
5052 36 2139 2135 2143
5053 36 2152 2153 2157
5054 36 2148 2144 2152
5055 36 2161 2162 2166
5056 36 2157 2153 2161
5057 36 2170 2171 2175
5058 36 2166 2162 2170
5059 36 2179 2180 2184
5060 36 2175 2171 2179
5061 36 2188 2189 2193
5062 36 2184 2180 2188
5063 36 2197 2198 2202
5064 36 2193 2189 2197
5065 36 2206 2207 2211
5066 36 2202 2198 2206
5067 36 2215 2216 2220
5068 36 2211 2207 2215
5069 36 2224 2225 2229
5070 36 2220 2216 2224
5071 36 2233 2234 2238
5072 36 2229 2225 2233
5073 36 2242 2243 2247
5074 36 2238 2234 2242
5075 36 2247 2243 2251
5076 36 2271 2272 2276
5077 36 2267 2262 2271
5078 36 2280 2281 2285
5079 36 2276 2272 2280
5080 36 2289 2290 2294
5081 36 2285 2281 2289
5082 36 2298 2299 2303
5083 36 2294 2290 2298
5084 36 2307 2308 2312
5085 36 2303 2299 2307
5086 36 2316 2317 2321
5087 36 2312 2308 2316
5088 36 2325 2326 2330
5089 36 2321 2317 2325
5090 36 2334 2335 2339
5091 36 2330 2326 2334
5092 36 2343 2344 2348
5093 36 2339 2335 2343
5094 36 2352 2353 2357
5095 36 2348 2344 2352
5096 36 2361 2362 2366
5097 36 2357 2353 2361
5098 36 2370 2371 2375
5099 36 2366 2362 2370
5100 36 2379 2380 2384
5101 36 2375 2371 2379
5102 36 2388 2389 2393
5103 36 2384 2380 2388
5104 36 2397 2398 2402
5105 36 2393 2389 2397
5106 36 2406 2407 2411
5107 36 2402 2398 2406
5108 36 2415 2416 2420
5109 36 2411 2407 2415
5110 36 2424 2425 2429
5111 36 2420 2416 2424
5112 36 2433 2434 2438
5113 36 2429 2425 2433
5114 36 2442 2443 2447
5115 36 2438 2434 2442
5116 36 2451 2452 2456
5117 36 2447 2443 2451
5118 36 2460 2461 2465
5119 36 2456 2452 2460
5120 36 2469 2470 2474
5121 36 2465 2461 2469
5122 36 2478 2479 2483
5123 36 2474 2470 2478
5124 36 2487 2488 2492
5125 36 2483 2479 2487
5126 36 2496 2497 2501
5127 36 2492 2488 2496
5128 36 2505 2506 2510
5129 36 2501 2497 2505
5130 36 2514 2515 2519
5131 36 2510 2506 2514
5132 36 2523 2524 2528
5133 36 2519 2515 2523
5134 36 2532 2533 2537
5135 36 2528 2524 2532
5136 36 2541 2542 2546
5137 36 2537 2533 2541
5138 36 2550 2551 2555
5139 36 2546 2542 2550
5140 36 2559 2560 2564
5141 36 2555 2551 2559
5142 36 2568 2569 2573
5143 36 2564 2560 2568
5144 36 2577 2578 2582
5145 36 2573 2569 2577
5146 36 2586 2587 2591
5147 36 2582 2578 2586
5148 36 2595 2596 2600
5149 36 2591 2587 2595
5150 36 2604 2605 2609
5151 36 2600 2596 2604
5152 36 2613 2614 2618
5153 36 2609 2605 2613
5154 36 2622 2623 2627
5155 36 2618 2614 2622
5156 36 2631 2632 2636
5157 36 2627 2623 2631
5158 36 2640 2641 2645
5159 36 2636 2632 2640
5160 36 2649 2650 2654
5161 36 2645 2641 2649
5162 36 2658 2659 2663
5163 36 2654 2650 2658
5164 36 2667 2668 2672
5165 36 2663 2659 2667
5166 36 2676 2677 2681
5167 36 2672 2668 2676
5168 36 2685 2686 2690
5169 36 2681 2677 2685
5170 36 2694 2695 2699
5171 36 2690 2686 2694
5172 36 2699 2695 2703
5173 36 2723 2724 2728
5174 36 2719 2714 2723
5175 36 2732 2733 2737
5176 36 2728 2724 2732
5177 36 2741 2742 2746
5178 36 2737 2733 2741
5179 36 2750 2751 2755
5180 36 2746 2742 2750
5181 36 2759 2760 2764
5182 36 2755 2751 2759
5183 36 2768 2769 2773
5184 36 2764 2760 2768
5185 36 2777 2778 2782
5186 36 2773 2769 2777
5187 36 2786 2787 2791
5188 36 2782 2778 2786
5189 36 2795 2796 2800
5190 36 2791 2787 2795
5191 36 2804 2805 2809
5192 36 2800 2796 2804
5193 36 2813 2814 2818
5194 36 2809 2805 2813
5195 36 2822 2823 2827
5196 36 2818 2814 2822
5197 36 2831 2832 2836
5198 36 2827 2823 2831
5199 36 2840 2841 2845
5200 36 2836 2832 2840
5201 36 2849 2850 2854
5202 36 2845 2841 2849
5203 36 2858 2859 2863
5204 36 2854 2850 2858
5205 36 2867 2868 2872
5206 36 2863 2859 2867
5207 36 2876 2877 2881
5208 36 2872 2868 2876
5209 36 2885 2886 2890
5210 36 2881 2877 2885
5211 36 2894 2895 2899
5212 36 2890 2886 2894
5213 36 2903 2904 2908
5214 36 2899 2895 2903
5215 36 2912 2913 2917
5216 36 2908 2904 2912
5217 36 2921 2922 2926
5218 36 2917 2913 2921
5219 36 2930 2931 2935
5220 36 2926 2922 2930
5221 36 2939 2940 2944
5222 36 2935 2931 2939
5223 36 2948 2949 2953
5224 36 2944 2940 2948
5225 36 2957 2958 2962
5226 36 2953 2949 2957
5227 36 2966 2967 2971
5228 36 2962 2958 2966
5229 36 2975 2976 2980
5230 36 2971 2967 2975
5231 36 2984 2985 2989
5232 36 2980 2976 2984
5233 36 2993 2994 2998
5234 36 2989 2985 2993
5235 36 3002 3003 3007
5236 36 2998 2994 3002
5237 36 3011 3012 3016
5238 36 3007 3003 3011
5239 36 3020 3021 3025
5240 36 3016 3012 3020
5241 36 3029 3030 3034
5242 36 3025 3021 3029
5243 36 3038 3039 3043
5244 36 3034 3030 3038
5245 36 3047 3048 3052
5246 36 3043 3039 3047
5247 36 3056 3057 3061
5248 36 3052 3048 3056
5249 36 3065 3066 3070
5250 36 3061 3057 3065
5251 36 3074 3075 3079
5252 36 3070 3066 3074
5253 36 3083 3084 3088
5254 36 3079 3075 3083
5255 36 3092 3093 3097
5256 36 3088 3084 3092
5257 36 3101 3102 3106
5258 36 3097 3093 3101
5259 36 3110 3111 3115
5260 36 3106 3102 3110
5261 36 3119 3120 3124
5262 36 3115 3111 3119
5263 36 3128 3129 3133
5264 36 3124 3120 3128
5265 36 3137 3138 3142
5266 36 3133 3129 3137
5267 36 3146 3147 3151
5268 36 3142 3138 3146
5269 36 3151 3147 3155
5270 36 3175 3176 3180
5271 36 3171 3166 3175
5272 36 3184 3185 3189
5273 36 3180 3176 3184
5274 36 3193 3194 3198
5275 36 3189 3185 3193
5276 36 3202 3203 3207
5277 36 3198 3194 3202
5278 36 3211 3212 3216
5279 36 3207 3203 3211
5280 36 3220 3221 3225
5281 36 3216 3212 3220
5282 36 3229 3230 3234
5283 36 3225 3221 3229
5284 36 3238 3239 3243
5285 36 3234 3230 3238
5286 36 3247 3248 3252
5287 36 3243 3239 3247
5288 36 3256 3257 3261
5289 36 3252 3248 3256
5290 36 3265 3266 3270
5291 36 3261 3257 3265
5292 36 3274 3275 3279
5293 36 3270 3266 3274
5294 36 3283 3284 3288
5295 36 3279 3275 3283
5296 36 3292 3293 3297
5297 36 3288 3284 3292
5298 36 3301 3302 3306
5299 36 3297 3293 3301
5300 36 3310 3311 3315
5301 36 3306 3302 3310
5302 36 3319 3320 3324
5303 36 3315 3311 3319
5304 36 3328 3329 3333
5305 36 3324 3320 3328
5306 36 3337 3338 3342
5307 36 3333 3329 3337
5308 36 3346 3347 3351
5309 36 3342 3338 3346
5310 36 3355 3356 3360
5311 36 3351 3347 3355
5312 36 3364 3365 3369
5313 36 3360 3356 3364
5314 36 3373 3374 3378
5315 36 3369 3365 3373
5316 36 3382 3383 3387
5317 36 3378 3374 3382
5318 36 3391 3392 3396
5319 36 3387 3383 3391
5320 36 3400 3401 3405
5321 36 3396 3392 3400
5322 36 3409 3410 3414
5323 36 3405 3401 3409
5324 36 3418 3419 3423
5325 36 3414 3410 3418
5326 36 3427 3428 3432
5327 36 3423 3419 3427
5328 36 3436 3437 3441
5329 36 3432 3428 3436
5330 36 3445 3446 3450
5331 36 3441 3437 3445
5332 36 3454 3455 3459
5333 36 3450 3446 3454
5334 36 3463 3464 3468
5335 36 3459 3455 3463
5336 36 3472 3473 3477
5337 36 3468 3464 3472
5338 36 3481 3482 3486
5339 36 3477 3473 3481
5340 36 3490 3491 3495
5341 36 3486 3482 3490
5342 36 3499 3500 3504
5343 36 3495 3491 3499
5344 36 3508 3509 3513
5345 36 3504 3500 3508
5346 36 3517 3518 3522
5347 36 3513 3509 3517
5348 36 3526 3527 3531
5349 36 3522 3518 3526
5350 36 3535 3536 3540
5351 36 3531 3527 3535
5352 36 3544 3545 3549
5353 36 3540 3536 3544
5354 36 3553 3554 3558
5355 36 3549 3545 3553
5356 36 3562 3563 3567
5357 36 3558 3554 3562
5358 36 3571 3572 3576
5359 36 3567 3563 3571
5360 36 3580 3581 3585
5361 36 3576 3572 3580
5362 36 3589 3590 3594
5363 36 3585 3581 3589
5364 36 3598 3599 3603
5365 36 3594 3590 3598
5366 36 3603 3599 3607
5367 36 3627 3628 3632
5368 36 3623 3618 3627
5369 36 3636 3637 3641
5370 36 3632 3628 3636
5371 36 3645 3646 3650
5372 36 3641 3637 3645
5373 36 3654 3655 3659
5374 36 3650 3646 3654
5375 36 3663 3664 3668
5376 36 3659 3655 3663
5377 36 3672 3673 3677
5378 36 3668 3664 3672
5379 36 3681 3682 3686
5380 36 3677 3673 3681
5381 36 3690 3691 3695
5382 36 3686 3682 3690
5383 36 3699 3700 3704
5384 36 3695 3691 3699
5385 36 3708 3709 3713
5386 36 3704 3700 3708
5387 36 3717 3718 3722
5388 36 3713 3709 3717
5389 36 3726 3727 3731
5390 36 3722 3718 3726
5391 36 3735 3736 3740
5392 36 3731 3727 3735
5393 36 3744 3745 3749
5394 36 3740 3736 3744
5395 36 3753 3754 3758
5396 36 3749 3745 3753
5397 36 3762 3763 3767
5398 36 3758 3754 3762
5399 36 3771 3772 3776
5400 36 3767 3763 3771
5401 36 3780 3781 3785
5402 36 3776 3772 3780
5403 36 3789 3790 3794
5404 36 3785 3781 3789
5405 36 3798 3799 3803
5406 36 3794 3790 3798
5407 36 3807 3808 3812
5408 36 3803 3799 3807
5409 36 3816 3817 3821
5410 36 3812 3808 3816
5411 36 3825 3826 3830
5412 36 3821 3817 3825
5413 36 3834 3835 3839
5414 36 3830 3826 3834
5415 36 3843 3844 3848
5416 36 3839 3835 3843
5417 36 3852 3853 3857
5418 36 3848 3844 3852
5419 36 3861 3862 3866
5420 36 3857 3853 3861
5421 36 3870 3871 3875
5422 36 3866 3862 3870
5423 36 3879 3880 3884
5424 36 3875 3871 3879
5425 36 3888 3889 3893
5426 36 3884 3880 3888
5427 36 3897 3898 3902
5428 36 3893 3889 3897
5429 36 3906 3907 3911
5430 36 3902 3898 3906
5431 36 3915 3916 3920
5432 36 3911 3907 3915
5433 36 3924 3925 3929
5434 36 3920 3916 3924
5435 36 3933 3934 3938
5436 36 3929 3925 3933
5437 36 3942 3943 3947
5438 36 3938 3934 3942
5439 36 3951 3952 3956
5440 36 3947 3943 3951
5441 36 3960 3961 3965
5442 36 3956 3952 3960
5443 36 3969 3970 3974
5444 36 3965 3961 3969
5445 36 3978 3979 3983
5446 36 3974 3970 3978
5447 36 3987 3988 3992
5448 36 3983 3979 3987
5449 36 3996 3997 4001
5450 36 3992 3988 3996
5451 36 4005 4006 4010
5452 36 4001 3997 4005
5453 36 4014 4015 4019
5454 36 4010 4006 4014
5455 36 4023 4024 4028
5456 36 4019 4015 4023
5457 36 4032 4033 4037
5458 36 4028 4024 4032
5459 36 4041 4042 4046
5460 36 4037 4033 4041
5461 36 4050 4051 4055
5462 36 4046 4042 4050
5463 36 4055 4051 4059
5464 36 4079 4080 4084
5465 36 4075 4070 4079
5466 36 4088 4089 4093
5467 36 4084 4080 4088
5468 36 4097 4098 4102
5469 36 4093 4089 4097
5470 36 4106 4107 4111
5471 36 4102 4098 4106
5472 36 4115 4116 4120
5473 36 4111 4107 4115
5474 36 4124 4125 4129
5475 36 4120 4116 4124
5476 36 4133 4134 4138
5477 36 4129 4125 4133
5478 36 4142 4143 4147
5479 36 4138 4134 4142
5480 36 4151 4152 4156
5481 36 4147 4143 4151
5482 36 4160 4161 4165
5483 36 4156 4152 4160
5484 36 4169 4170 4174
5485 36 4165 4161 4169
5486 36 4178 4179 4183
5487 36 4174 4170 4178
5488 36 4187 4188 4192
5489 36 4183 4179 4187
5490 36 4196 4197 4201
5491 36 4192 4188 4196
5492 36 4205 4206 4210
5493 36 4201 4197 4205
5494 36 4214 4215 4219
5495 36 4210 4206 4214
5496 36 4223 4224 4228
5497 36 4219 4215 4223
5498 36 4232 4233 4237
5499 36 4228 4224 4232
5500 36 4241 4242 4246
5501 36 4237 4233 4241
5502 36 4250 4251 4255
5503 36 4246 4242 4250
5504 36 4259 4260 4264
5505 36 4255 4251 4259
5506 36 4268 4269 4273
5507 36 4264 4260 4268
5508 36 4277 4278 4282
5509 36 4273 4269 4277
5510 36 4286 4287 4291
5511 36 4282 4278 4286
5512 36 4295 4296 4300
5513 36 4291 4287 4295
5514 36 4304 4305 4309
5515 36 4300 4296 4304
5516 36 4313 4314 4318
5517 36 4309 4305 4313
5518 36 4322 4323 4327
5519 36 4318 4314 4322
5520 36 4331 4332 4336
5521 36 4327 4323 4331
5522 36 4340 4341 4345
5523 36 4336 4332 4340
5524 36 4349 4350 4354
5525 36 4345 4341 4349
5526 36 4358 4359 4363
5527 36 4354 4350 4358
5528 36 4367 4368 4372
5529 36 4363 4359 4367
5530 36 4376 4377 4381
5531 36 4372 4368 4376
5532 36 4385 4386 4390
5533 36 4381 4377 4385
5534 36 4394 4395 4399
5535 36 4390 4386 4394
5536 36 4403 4404 4408
5537 36 4399 4395 4403
5538 36 4412 4413 4417
5539 36 4408 4404 4412
5540 36 4421 4422 4426
5541 36 4417 4413 4421
5542 36 4430 4431 4435
5543 36 4426 4422 4430
5544 36 4439 4440 4444
5545 36 4435 4431 4439
5546 36 4448 4449 4453
5547 36 4444 4440 4448
5548 36 4457 4458 4462
5549 36 4453 4449 4457
5550 36 4466 4467 4471
5551 36 4462 4458 4466
5552 36 4475 4476 4480
5553 36 4471 4467 4475
5554 36 4484 4485 4489
5555 36 4480 4476 4484
5556 36 4493 4494 4498
5557 36 4489 4485 4493
5558 36 4502 4503 4507
5559 36 4498 4494 4502
5560 36 4507 4503 4511
5561 37 2 1 4
5562 37 2 1 5
5563 37 2 1 6
5564 37 2 3 8
5565 37 2 3 9
5566 37 2 3 10
5567 37 12 13 17
5568 37 12 13 18
5569 37 12 13 19
5570 37 21 22 26
5571 37 21 22 27
5572 37 21 22 28
5573 37 30 31 35
5574 37 30 31 36
5575 37 30 31 37
5576 37 39 40 44
5577 37 39 40 45
5578 37 39 40 46
5579 37 48 49 53
5580 37 48 49 54
5581 37 48 49 55
5582 37 57 58 62
5583 37 57 58 63
5584 37 57 58 64
5585 37 66 67 71
5586 37 66 67 72
5587 37 66 67 73
5588 37 75 76 80
5589 37 75 76 81
5590 37 75 76 82
5591 37 84 85 89
5592 37 84 85 90
5593 37 84 85 91
5594 37 93 94 98
5595 37 93 94 99
5596 37 93 94 100
5597 37 102 103 107
5598 37 102 103 108
5599 37 102 103 109
5600 37 111 112 116
5601 37 111 112 117
5602 37 111 112 118
5603 37 120 121 125
5604 37 120 121 126
5605 37 120 121 127
5606 37 129 130 134
5607 37 129 130 135
5608 37 129 130 136
5609 37 138 139 143
5610 37 138 139 144
5611 37 138 139 145
5612 37 147 148 152
5613 37 147 148 153
5614 37 147 148 154
5615 37 156 157 161
5616 37 156 157 162
5617 37 156 157 163
5618 37 165 166 170
5619 37 165 166 171
5620 37 165 166 172
5621 37 174 175 179
5622 37 174 175 180
5623 37 174 175 181
5624 37 183 184 188
5625 37 183 184 189
5626 37 183 184 190
5627 37 192 193 197
5628 37 192 193 198
5629 37 192 193 199
5630 37 201 202 206
5631 37 201 202 207
5632 37 201 202 208
5633 37 210 211 215
5634 37 210 211 216
5635 37 210 211 217
5636 37 219 220 224
5637 37 219 220 225
5638 37 219 220 226
5639 37 228 229 233
5640 37 228 229 234
5641 37 228 229 235
5642 37 237 238 242
5643 37 237 238 243
5644 37 237 238 244
5645 37 246 247 251
5646 37 246 247 252
5647 37 246 247 253
5648 37 255 256 260
5649 37 255 256 261
5650 37 255 256 262
5651 37 264 265 269
5652 37 264 265 270
5653 37 264 265 271
5654 37 273 274 278
5655 37 273 274 279
5656 37 273 274 280
5657 37 282 283 287
5658 37 282 283 288
5659 37 282 283 289
5660 37 291 292 296
5661 37 291 292 297
5662 37 291 292 298
5663 37 300 301 305
5664 37 300 301 306
5665 37 300 301 307
5666 37 309 310 314
5667 37 309 310 315
5668 37 309 310 316
5669 37 318 319 323
5670 37 318 319 324
5671 37 318 319 325
5672 37 327 328 332
5673 37 327 328 333
5674 37 327 328 334
5675 37 336 337 341
5676 37 336 337 342
5677 37 336 337 343
5678 37 345 346 350
5679 37 345 346 351
5680 37 345 346 352
5681 37 354 355 359
5682 37 354 355 360
5683 37 354 355 361
5684 37 363 364 368
5685 37 363 364 369
5686 37 363 364 370
5687 37 372 373 377
5688 37 372 373 378
5689 37 372 373 379
5690 37 381 382 386
5691 37 381 382 387
5692 37 381 382 388
5693 37 390 391 395
5694 37 390 391 396
5695 37 390 391 397
5696 37 399 400 404
5697 37 399 400 405
5698 37 399 400 406
5699 37 408 409 413
5700 37 408 409 414
5701 37 408 409 415
5702 37 417 418 422
5703 37 417 418 423
5704 37 417 418 424
5705 37 426 427 431
5706 37 426 427 432
5707 37 426 427 433
5708 37 435 436 440
5709 37 435 436 441
5710 37 435 436 442
5711 37 454 453 456
5712 37 454 453 457
5713 37 454 453 458
5714 37 454 455 460
5715 37 454 455 461
5716 37 454 455 462
5717 37 464 465 469
5718 37 464 465 470
5719 37 464 465 471
5720 37 473 474 478
5721 37 473 474 479
5722 37 473 474 480
5723 37 482 483 487
5724 37 482 483 488
5725 37 482 483 489
5726 37 491 492 496
5727 37 491 492 497
5728 37 491 492 498
5729 37 500 501 505
5730 37 500 501 506
5731 37 500 501 507
5732 37 509 510 514
5733 37 509 510 515
5734 37 509 510 516
5735 37 518 519 523
5736 37 518 519 524
5737 37 518 519 525
5738 37 527 528 532
5739 37 527 528 533
5740 37 527 528 534
5741 37 536 537 541
5742 37 536 537 542
5743 37 536 537 543
5744 37 545 546 550
5745 37 545 546 551
5746 37 545 546 552
5747 37 554 555 559
5748 37 554 555 560
5749 37 554 555 561
5750 37 563 564 568
5751 37 563 564 569
5752 37 563 564 570
5753 37 572 573 577
5754 37 572 573 578
5755 37 572 573 579
5756 37 581 582 586
5757 37 581 582 587
5758 37 581 582 588
5759 37 590 591 595
5760 37 590 591 596
5761 37 590 591 597
5762 37 599 600 604
5763 37 599 600 605
5764 37 599 600 606
5765 37 608 609 613
5766 37 608 609 614
5767 37 608 609 615
5768 37 617 618 622
5769 37 617 618 623
5770 37 617 618 624
5771 37 626 627 631
5772 37 626 627 632
5773 37 626 627 633
5774 37 635 636 640
5775 37 635 636 641
5776 37 635 636 642
5777 37 644 645 649
5778 37 644 645 650
5779 37 644 645 651
5780 37 653 654 658
5781 37 653 654 659
5782 37 653 654 660
5783 37 662 663 667
5784 37 662 663 668
5785 37 662 663 669
5786 37 671 672 676
5787 37 671 672 677
5788 37 671 672 678
5789 37 680 681 685
5790 37 680 681 686
5791 37 680 681 687
5792 37 689 690 694
5793 37 689 690 695
5794 37 689 690 696
5795 37 698 699 703
5796 37 698 699 704
5797 37 698 699 705
5798 37 707 708 712
5799 37 707 708 713
5800 37 707 708 714
5801 37 716 717 721
5802 37 716 717 722
5803 37 716 717 723
5804 37 725 726 730
5805 37 725 726 731
5806 37 725 726 732
5807 37 734 735 739
5808 37 734 735 740
5809 37 734 735 741
5810 37 743 744 748
5811 37 743 744 749
5812 37 743 744 750
5813 37 752 753 757
5814 37 752 753 758
5815 37 752 753 759
5816 37 761 762 766
5817 37 761 762 767
5818 37 761 762 768
5819 37 770 771 775
5820 37 770 771 776
5821 37 770 771 777
5822 37 779 780 784
5823 37 779 780 785
5824 37 779 780 786
5825 37 788 789 793
5826 37 788 789 794
5827 37 788 789 795
5828 37 797 798 802
5829 37 797 798 803
5830 37 797 798 804
5831 37 806 807 811
5832 37 806 807 812
5833 37 806 807 813
5834 37 815 816 820
5835 37 815 816 821
5836 37 815 816 822
5837 37 824 825 829
5838 37 824 825 830
5839 37 824 825 831
5840 37 833 834 838
5841 37 833 834 839
5842 37 833 834 840
5843 37 842 843 847
5844 37 842 843 848
5845 37 842 843 849
5846 37 851 852 856
5847 37 851 852 857
5848 37 851 852 858
5849 37 860 861 865
5850 37 860 861 866
5851 37 860 861 867
5852 37 869 870 874
5853 37 869 870 875
5854 37 869 870 876
5855 37 878 879 883
5856 37 878 879 884
5857 37 878 879 885
5858 37 887 888 892
5859 37 887 888 893
5860 37 887 888 894
5861 37 906 905 908
5862 37 906 905 909
5863 37 906 905 910
5864 37 906 907 912
5865 37 906 907 913
5866 37 906 907 914
5867 37 916 917 921
5868 37 916 917 922
5869 37 916 917 923
5870 37 925 926 930
5871 37 925 926 931
5872 37 925 926 932
5873 37 934 935 939
5874 37 934 935 940
5875 37 934 935 941
5876 37 943 944 948
5877 37 943 944 949
5878 37 943 944 950
5879 37 952 953 957
5880 37 952 953 958
5881 37 952 953 959
5882 37 961 962 966
5883 37 961 962 967
5884 37 961 962 968
5885 37 970 971 975
5886 37 970 971 976
5887 37 970 971 977
5888 37 979 980 984
5889 37 979 980 985
5890 37 979 980 986
5891 37 988 989 993
5892 37 988 989 994
5893 37 988 989 995
5894 37 997 998 1002
5895 37 997 998 1003
5896 37 997 998 1004
5897 37 1006 1007 1011
5898 37 1006 1007 1012
5899 37 1006 1007 1013
5900 37 1015 1016 1020
5901 37 1015 1016 1021
5902 37 1015 1016 1022
5903 37 1024 1025 1029
5904 37 1024 1025 1030
5905 37 1024 1025 1031
5906 37 1033 1034 1038
5907 37 1033 1034 1039
5908 37 1033 1034 1040
5909 37 1042 1043 1047
5910 37 1042 1043 1048
5911 37 1042 1043 1049
5912 37 1051 1052 1056
5913 37 1051 1052 1057
5914 37 1051 1052 1058
5915 37 1060 1061 1065
5916 37 1060 1061 1066
5917 37 1060 1061 1067
5918 37 1069 1070 1074
5919 37 1069 1070 1075
5920 37 1069 1070 1076
5921 37 1078 1079 1083
5922 37 1078 1079 1084
5923 37 1078 1079 1085
5924 37 1087 1088 1092
5925 37 1087 1088 1093
5926 37 1087 1088 1094
5927 37 1096 1097 1101
5928 37 1096 1097 1102
5929 37 1096 1097 1103
5930 37 1105 1106 1110
5931 37 1105 1106 1111
5932 37 1105 1106 1112
5933 37 1114 1115 1119
5934 37 1114 1115 1120
5935 37 1114 1115 1121
5936 37 1123 1124 1128
5937 37 1123 1124 1129
5938 37 1123 1124 1130
5939 37 1132 1133 1137
5940 37 1132 1133 1138
5941 37 1132 1133 1139
5942 37 1141 1142 1146
5943 37 1141 1142 1147
5944 37 1141 1142 1148
5945 37 1150 1151 1155
5946 37 1150 1151 1156
5947 37 1150 1151 1157
5948 37 1159 1160 1164
5949 37 1159 1160 1165
5950 37 1159 1160 1166
5951 37 1168 1169 1173
5952 37 1168 1169 1174
5953 37 1168 1169 1175
5954 37 1177 1178 1182
5955 37 1177 1178 1183
5956 37 1177 1178 1184
5957 37 1186 1187 1191
5958 37 1186 1187 1192
5959 37 1186 1187 1193
5960 37 1195 1196 1200
5961 37 1195 1196 1201
5962 37 1195 1196 1202
5963 37 1204 1205 1209
5964 37 1204 1205 1210
5965 37 1204 1205 1211
5966 37 1213 1214 1218
5967 37 1213 1214 1219
5968 37 1213 1214 1220
5969 37 1222 1223 1227
5970 37 1222 1223 1228
5971 37 1222 1223 1229
5972 37 1231 1232 1236
5973 37 1231 1232 1237
5974 37 1231 1232 1238
5975 37 1240 1241 1245
5976 37 1240 1241 1246
5977 37 1240 1241 1247
5978 37 1249 1250 1254
5979 37 1249 1250 1255
5980 37 1249 1250 1256
5981 37 1258 1259 1263
5982 37 1258 1259 1264
5983 37 1258 1259 1265
5984 37 1267 1268 1272
5985 37 1267 1268 1273
5986 37 1267 1268 1274
5987 37 1276 1277 1281
5988 37 1276 1277 1282
5989 37 1276 1277 1283
5990 37 1285 1286 1290
5991 37 1285 1286 1291
5992 37 1285 1286 1292
5993 37 1294 1295 1299
5994 37 1294 1295 1300
5995 37 1294 1295 1301
5996 37 1303 1304 1308
5997 37 1303 1304 1309
5998 37 1303 1304 1310
5999 37 1312 1313 1317
6000 37 1312 1313 1318
6001 37 1312 1313 1319
6002 37 1321 1322 1326
6003 37 1321 1322 1327
6004 37 1321 1322 1328
6005 37 1330 1331 1335
6006 37 1330 1331 1336
6007 37 1330 1331 1337
6008 37 1339 1340 1344
6009 37 1339 1340 1345
6010 37 1339 1340 1346
6011 37 1358 1357 1360
6012 37 1358 1357 1361
6013 37 1358 1357 1362
6014 37 1358 1359 1364
6015 37 1358 1359 1365
6016 37 1358 1359 1366
6017 37 1368 1369 1373
6018 37 1368 1369 1374
6019 37 1368 1369 1375
6020 37 1377 1378 1382
6021 37 1377 1378 1383
6022 37 1377 1378 1384
6023 37 1386 1387 1391
6024 37 1386 1387 1392
6025 37 1386 1387 1393
6026 37 1395 1396 1400
6027 37 1395 1396 1401
6028 37 1395 1396 1402
6029 37 1404 1405 1409
6030 37 1404 1405 1410
6031 37 1404 1405 1411
6032 37 1413 1414 1418
6033 37 1413 1414 1419
6034 37 1413 1414 1420
6035 37 1422 1423 1427
6036 37 1422 1423 1428
6037 37 1422 1423 1429
6038 37 1431 1432 1436
6039 37 1431 1432 1437
6040 37 1431 1432 1438
6041 37 1440 1441 1445
6042 37 1440 1441 1446
6043 37 1440 1441 1447
6044 37 1449 1450 1454
6045 37 1449 1450 1455
6046 37 1449 1450 1456
6047 37 1458 1459 1463
6048 37 1458 1459 1464
6049 37 1458 1459 1465
6050 37 1467 1468 1472
6051 37 1467 1468 1473
6052 37 1467 1468 1474
6053 37 1476 1477 1481
6054 37 1476 1477 1482
6055 37 1476 1477 1483
6056 37 1485 1486 1490
6057 37 1485 1486 1491
6058 37 1485 1486 1492
6059 37 1494 1495 1499
6060 37 1494 1495 1500
6061 37 1494 1495 1501
6062 37 1503 1504 1508
6063 37 1503 1504 1509
6064 37 1503 1504 1510
6065 37 1512 1513 1517
6066 37 1512 1513 1518
6067 37 1512 1513 1519
6068 37 1521 1522 1526
6069 37 1521 1522 1527
6070 37 1521 1522 1528
6071 37 1530 1531 1535
6072 37 1530 1531 1536
6073 37 1530 1531 1537
6074 37 1539 1540 1544
6075 37 1539 1540 1545
6076 37 1539 1540 1546
6077 37 1548 1549 1553
6078 37 1548 1549 1554
6079 37 1548 1549 1555
6080 37 1557 1558 1562
6081 37 1557 1558 1563
6082 37 1557 1558 1564
6083 37 1566 1567 1571
6084 37 1566 1567 1572
6085 37 1566 1567 1573
6086 37 1575 1576 1580
6087 37 1575 1576 1581
6088 37 1575 1576 1582
6089 37 1584 1585 1589
6090 37 1584 1585 1590
6091 37 1584 1585 1591
6092 37 1593 1594 1598
6093 37 1593 1594 1599
6094 37 1593 1594 1600
6095 37 1602 1603 1607
6096 37 1602 1603 1608
6097 37 1602 1603 1609
6098 37 1611 1612 1616
6099 37 1611 1612 1617
6100 37 1611 1612 1618
6101 37 1620 1621 1625
6102 37 1620 1621 1626
6103 37 1620 1621 1627
6104 37 1629 1630 1634
6105 37 1629 1630 1635
6106 37 1629 1630 1636
6107 37 1638 1639 1643
6108 37 1638 1639 1644
6109 37 1638 1639 1645
6110 37 1647 1648 1652
6111 37 1647 1648 1653
6112 37 1647 1648 1654
6113 37 1656 1657 1661
6114 37 1656 1657 1662
6115 37 1656 1657 1663
6116 37 1665 1666 1670
6117 37 1665 1666 1671
6118 37 1665 1666 1672
6119 37 1674 1675 1679
6120 37 1674 1675 1680
6121 37 1674 1675 1681
6122 37 1683 1684 1688
6123 37 1683 1684 1689
6124 37 1683 1684 1690
6125 37 1692 1693 1697
6126 37 1692 1693 1698
6127 37 1692 1693 1699
6128 37 1701 1702 1706
6129 37 1701 1702 1707
6130 37 1701 1702 1708
6131 37 1710 1711 1715
6132 37 1710 1711 1716
6133 37 1710 1711 1717
6134 37 1719 1720 1724
6135 37 1719 1720 1725
6136 37 1719 1720 1726
6137 37 1728 1729 1733
6138 37 1728 1729 1734
6139 37 1728 1729 1735
6140 37 1737 1738 1742
6141 37 1737 1738 1743
6142 37 1737 1738 1744
6143 37 1746 1747 1751
6144 37 1746 1747 1752
6145 37 1746 1747 1753
6146 37 1755 1756 1760
6147 37 1755 1756 1761
6148 37 1755 1756 1762
6149 37 1764 1765 1769
6150 37 1764 1765 1770
6151 37 1764 1765 1771
6152 37 1773 1774 1778
6153 37 1773 1774 1779
6154 37 1773 1774 1780
6155 37 1782 1783 1787
6156 37 1782 1783 1788
6157 37 1782 1783 1789
6158 37 1791 1792 1796
6159 37 1791 1792 1797
6160 37 1791 1792 1798
6161 37 1810 1809 1812
6162 37 1810 1809 1813
6163 37 1810 1809 1814
6164 37 1810 1811 1816
6165 37 1810 1811 1817
6166 37 1810 1811 1818
6167 37 1820 1821 1825
6168 37 1820 1821 1826
6169 37 1820 1821 1827
6170 37 1829 1830 1834
6171 37 1829 1830 1835
6172 37 1829 1830 1836
6173 37 1838 1839 1843
6174 37 1838 1839 1844
6175 37 1838 1839 1845
6176 37 1847 1848 1852
6177 37 1847 1848 1853
6178 37 1847 1848 1854
6179 37 1856 1857 1861
6180 37 1856 1857 1862
6181 37 1856 1857 1863
6182 37 1865 1866 1870
6183 37 1865 1866 1871
6184 37 1865 1866 1872
6185 37 1874 1875 1879
6186 37 1874 1875 1880
6187 37 1874 1875 1881
6188 37 1883 1884 1888
6189 37 1883 1884 1889
6190 37 1883 1884 1890
6191 37 1892 1893 1897
6192 37 1892 1893 1898
6193 37 1892 1893 1899
6194 37 1901 1902 1906
6195 37 1901 1902 1907
6196 37 1901 1902 1908
6197 37 1910 1911 1915
6198 37 1910 1911 1916
6199 37 1910 1911 1917
6200 37 1919 1920 1924
6201 37 1919 1920 1925
6202 37 1919 1920 1926
6203 37 1928 1929 1933
6204 37 1928 1929 1934
6205 37 1928 1929 1935
6206 37 1937 1938 1942
6207 37 1937 1938 1943
6208 37 1937 1938 1944
6209 37 1946 1947 1951
6210 37 1946 1947 1952
6211 37 1946 1947 1953
6212 37 1955 1956 1960
6213 37 1955 1956 1961
6214 37 1955 1956 1962
6215 37 1964 1965 1969
6216 37 1964 1965 1970
6217 37 1964 1965 1971
6218 37 1973 1974 1978
6219 37 1973 1974 1979
6220 37 1973 1974 1980
6221 37 1982 1983 1987
6222 37 1982 1983 1988
6223 37 1982 1983 1989
6224 37 1991 1992 1996
6225 37 1991 1992 1997
6226 37 1991 1992 1998
6227 37 2000 2001 2005
6228 37 2000 2001 2006
6229 37 2000 2001 2007
6230 37 2009 2010 2014
6231 37 2009 2010 2015
6232 37 2009 2010 2016
6233 37 2018 2019 2023
6234 37 2018 2019 2024
6235 37 2018 2019 2025
6236 37 2027 2028 2032
6237 37 2027 2028 2033
6238 37 2027 2028 2034
6239 37 2036 2037 2041
6240 37 2036 2037 2042
6241 37 2036 2037 2043
6242 37 2045 2046 2050
6243 37 2045 2046 2051
6244 37 2045 2046 2052
6245 37 2054 2055 2059
6246 37 2054 2055 2060
6247 37 2054 2055 2061
6248 37 2063 2064 2068
6249 37 2063 2064 2069
6250 37 2063 2064 2070
6251 37 2072 2073 2077
6252 37 2072 2073 2078
6253 37 2072 2073 2079
6254 37 2081 2082 2086
6255 37 2081 2082 2087
6256 37 2081 2082 2088
6257 37 2090 2091 2095
6258 37 2090 2091 2096
6259 37 2090 2091 2097
6260 37 2099 2100 2104
6261 37 2099 2100 2105
6262 37 2099 2100 2106
6263 37 2108 2109 2113
6264 37 2108 2109 2114
6265 37 2108 2109 2115
6266 37 2117 2118 2122
6267 37 2117 2118 2123
6268 37 2117 2118 2124
6269 37 2126 2127 2131
6270 37 2126 2127 2132
6271 37 2126 2127 2133
6272 37 2135 2136 2140
6273 37 2135 2136 2141
6274 37 2135 2136 2142
6275 37 2144 2145 2149
6276 37 2144 2145 2150
6277 37 2144 2145 2151
6278 37 2153 2154 2158
6279 37 2153 2154 2159
6280 37 2153 2154 2160
6281 37 2162 2163 2167
6282 37 2162 2163 2168
6283 37 2162 2163 2169
6284 37 2171 2172 2176
6285 37 2171 2172 2177
6286 37 2171 2172 2178
6287 37 2180 2181 2185
6288 37 2180 2181 2186
6289 37 2180 2181 2187
6290 37 2189 2190 2194
6291 37 2189 2190 2195
6292 37 2189 2190 2196
6293 37 2198 2199 2203
6294 37 2198 2199 2204
6295 37 2198 2199 2205
6296 37 2207 2208 2212
6297 37 2207 2208 2213
6298 37 2207 2208 2214
6299 37 2216 2217 2221
6300 37 2216 2217 2222
6301 37 2216 2217 2223
6302 37 2225 2226 2230
6303 37 2225 2226 2231
6304 37 2225 2226 2232
6305 37 2234 2235 2239
6306 37 2234 2235 2240
6307 37 2234 2235 2241
6308 37 2243 2244 2248
6309 37 2243 2244 2249
6310 37 2243 2244 2250
6311 37 2262 2261 2264
6312 37 2262 2261 2265
6313 37 2262 2261 2266
6314 37 2262 2263 2268
6315 37 2262 2263 2269
6316 37 2262 2263 2270
6317 37 2272 2273 2277
6318 37 2272 2273 2278
6319 37 2272 2273 2279
6320 37 2281 2282 2286
6321 37 2281 2282 2287
6322 37 2281 2282 2288
6323 37 2290 2291 2295
6324 37 2290 2291 2296
6325 37 2290 2291 2297
6326 37 2299 2300 2304
6327 37 2299 2300 2305
6328 37 2299 2300 2306
6329 37 2308 2309 2313
6330 37 2308 2309 2314
6331 37 2308 2309 2315
6332 37 2317 2318 2322
6333 37 2317 2318 2323
6334 37 2317 2318 2324
6335 37 2326 2327 2331
6336 37 2326 2327 2332
6337 37 2326 2327 2333
6338 37 2335 2336 2340
6339 37 2335 2336 2341
6340 37 2335 2336 2342
6341 37 2344 2345 2349
6342 37 2344 2345 2350
6343 37 2344 2345 2351
6344 37 2353 2354 2358
6345 37 2353 2354 2359
6346 37 2353 2354 2360
6347 37 2362 2363 2367
6348 37 2362 2363 2368
6349 37 2362 2363 2369
6350 37 2371 2372 2376
6351 37 2371 2372 2377
6352 37 2371 2372 2378
6353 37 2380 2381 2385
6354 37 2380 2381 2386
6355 37 2380 2381 2387
6356 37 2389 2390 2394
6357 37 2389 2390 2395
6358 37 2389 2390 2396
6359 37 2398 2399 2403
6360 37 2398 2399 2404
6361 37 2398 2399 2405
6362 37 2407 2408 2412
6363 37 2407 2408 2413
6364 37 2407 2408 2414
6365 37 2416 2417 2421
6366 37 2416 2417 2422
6367 37 2416 2417 2423
6368 37 2425 2426 2430
6369 37 2425 2426 2431
6370 37 2425 2426 2432
6371 37 2434 2435 2439
6372 37 2434 2435 2440
6373 37 2434 2435 2441
6374 37 2443 2444 2448
6375 37 2443 2444 2449
6376 37 2443 2444 2450
6377 37 2452 2453 2457
6378 37 2452 2453 2458
6379 37 2452 2453 2459
6380 37 2461 2462 2466
6381 37 2461 2462 2467
6382 37 2461 2462 2468
6383 37 2470 2471 2475
6384 37 2470 2471 2476
6385 37 2470 2471 2477
6386 37 2479 2480 2484
6387 37 2479 2480 2485
6388 37 2479 2480 2486
6389 37 2488 2489 2493
6390 37 2488 2489 2494
6391 37 2488 2489 2495
6392 37 2497 2498 2502
6393 37 2497 2498 2503
6394 37 2497 2498 2504
6395 37 2506 2507 2511
6396 37 2506 2507 2512
6397 37 2506 2507 2513
6398 37 2515 2516 2520
6399 37 2515 2516 2521
6400 37 2515 2516 2522
6401 37 2524 2525 2529
6402 37 2524 2525 2530
6403 37 2524 2525 2531
6404 37 2533 2534 2538
6405 37 2533 2534 2539
6406 37 2533 2534 2540
6407 37 2542 2543 2547
6408 37 2542 2543 2548
6409 37 2542 2543 2549
6410 37 2551 2552 2556
6411 37 2551 2552 2557
6412 37 2551 2552 2558
6413 37 2560 2561 2565
6414 37 2560 2561 2566
6415 37 2560 2561 2567
6416 37 2569 2570 2574
6417 37 2569 2570 2575
6418 37 2569 2570 2576
6419 37 2578 2579 2583
6420 37 2578 2579 2584
6421 37 2578 2579 2585
6422 37 2587 2588 2592
6423 37 2587 2588 2593
6424 37 2587 2588 2594
6425 37 2596 2597 2601
6426 37 2596 2597 2602
6427 37 2596 2597 2603
6428 37 2605 2606 2610
6429 37 2605 2606 2611
6430 37 2605 2606 2612
6431 37 2614 2615 2619
6432 37 2614 2615 2620
6433 37 2614 2615 2621
6434 37 2623 2624 2628
6435 37 2623 2624 2629
6436 37 2623 2624 2630
6437 37 2632 2633 2637
6438 37 2632 2633 2638
6439 37 2632 2633 2639
6440 37 2641 2642 2646
6441 37 2641 2642 2647
6442 37 2641 2642 2648
6443 37 2650 2651 2655
6444 37 2650 2651 2656
6445 37 2650 2651 2657
6446 37 2659 2660 2664
6447 37 2659 2660 2665
6448 37 2659 2660 2666
6449 37 2668 2669 2673
6450 37 2668 2669 2674
6451 37 2668 2669 2675
6452 37 2677 2678 2682
6453 37 2677 2678 2683
6454 37 2677 2678 2684
6455 37 2686 2687 2691
6456 37 2686 2687 2692
6457 37 2686 2687 2693
6458 37 2695 2696 2700
6459 37 2695 2696 2701
6460 37 2695 2696 2702
6461 37 2714 2713 2716
6462 37 2714 2713 2717
6463 37 2714 2713 2718
6464 37 2714 2715 2720
6465 37 2714 2715 2721
6466 37 2714 2715 2722
6467 37 2724 2725 2729
6468 37 2724 2725 2730
6469 37 2724 2725 2731
6470 37 2733 2734 2738
6471 37 2733 2734 2739
6472 37 2733 2734 2740
6473 37 2742 2743 2747
6474 37 2742 2743 2748
6475 37 2742 2743 2749
6476 37 2751 2752 2756
6477 37 2751 2752 2757
6478 37 2751 2752 2758
6479 37 2760 2761 2765
6480 37 2760 2761 2766
6481 37 2760 2761 2767
6482 37 2769 2770 2774
6483 37 2769 2770 2775
6484 37 2769 2770 2776
6485 37 2778 2779 2783
6486 37 2778 2779 2784
6487 37 2778 2779 2785
6488 37 2787 2788 2792
6489 37 2787 2788 2793
6490 37 2787 2788 2794
6491 37 2796 2797 2801
6492 37 2796 2797 2802
6493 37 2796 2797 2803
6494 37 2805 2806 2810
6495 37 2805 2806 2811
6496 37 2805 2806 2812
6497 37 2814 2815 2819
6498 37 2814 2815 2820
6499 37 2814 2815 2821
6500 37 2823 2824 2828
6501 37 2823 2824 2829
6502 37 2823 2824 2830
6503 37 2832 2833 2837
6504 37 2832 2833 2838
6505 37 2832 2833 2839
6506 37 2841 2842 2846
6507 37 2841 2842 2847
6508 37 2841 2842 2848
6509 37 2850 2851 2855
6510 37 2850 2851 2856
6511 37 2850 2851 2857
6512 37 2859 2860 2864
6513 37 2859 2860 2865
6514 37 2859 2860 2866
6515 37 2868 2869 2873
6516 37 2868 2869 2874
6517 37 2868 2869 2875
6518 37 2877 2878 2882
6519 37 2877 2878 2883
6520 37 2877 2878 2884
6521 37 2886 2887 2891
6522 37 2886 2887 2892
6523 37 2886 2887 2893
6524 37 2895 2896 2900
6525 37 2895 2896 2901
6526 37 2895 2896 2902
6527 37 2904 2905 2909
6528 37 2904 2905 2910
6529 37 2904 2905 2911
6530 37 2913 2914 2918
6531 37 2913 2914 2919
6532 37 2913 2914 2920
6533 37 2922 2923 2927
6534 37 2922 2923 2928
6535 37 2922 2923 2929
6536 37 2931 2932 2936
6537 37 2931 2932 2937
6538 37 2931 2932 2938
6539 37 2940 2941 2945
6540 37 2940 2941 2946
6541 37 2940 2941 2947
6542 37 2949 2950 2954
6543 37 2949 2950 2955
6544 37 2949 2950 2956
6545 37 2958 2959 2963
6546 37 2958 2959 2964
6547 37 2958 2959 2965
6548 37 2967 2968 2972
6549 37 2967 2968 2973
6550 37 2967 2968 2974
6551 37 2976 2977 2981
6552 37 2976 2977 2982
6553 37 2976 2977 2983
6554 37 2985 2986 2990
6555 37 2985 2986 2991
6556 37 2985 2986 2992
6557 37 2994 2995 2999
6558 37 2994 2995 3000
6559 37 2994 2995 3001
6560 37 3003 3004 3008
6561 37 3003 3004 3009
6562 37 3003 3004 3010
6563 37 3012 3013 3017
6564 37 3012 3013 3018
6565 37 3012 3013 3019
6566 37 3021 3022 3026
6567 37 3021 3022 3027
6568 37 3021 3022 3028
6569 37 3030 3031 3035
6570 37 3030 3031 3036
6571 37 3030 3031 3037
6572 37 3039 3040 3044
6573 37 3039 3040 3045
6574 37 3039 3040 3046
6575 37 3048 3049 3053
6576 37 3048 3049 3054
6577 37 3048 3049 3055
6578 37 3057 3058 3062
6579 37 3057 3058 3063
6580 37 3057 3058 3064
6581 37 3066 3067 3071
6582 37 3066 3067 3072
6583 37 3066 3067 3073
6584 37 3075 3076 3080
6585 37 3075 3076 3081
6586 37 3075 3076 3082
6587 37 3084 3085 3089
6588 37 3084 3085 3090
6589 37 3084 3085 3091
6590 37 3093 3094 3098
6591 37 3093 3094 3099
6592 37 3093 3094 3100
6593 37 3102 3103 3107
6594 37 3102 3103 3108
6595 37 3102 3103 3109
6596 37 3111 3112 3116
6597 37 3111 3112 3117
6598 37 3111 3112 3118
6599 37 3120 3121 3125
6600 37 3120 3121 3126
6601 37 3120 3121 3127
6602 37 3129 3130 3134
6603 37 3129 3130 3135
6604 37 3129 3130 3136
6605 37 3138 3139 3143
6606 37 3138 3139 3144
6607 37 3138 3139 3145
6608 37 3147 3148 3152
6609 37 3147 3148 3153
6610 37 3147 3148 3154
6611 37 3166 3165 3168
6612 37 3166 3165 3169
6613 37 3166 3165 3170
6614 37 3166 3167 3172
6615 37 3166 3167 3173
6616 37 3166 3167 3174
6617 37 3176 3177 3181
6618 37 3176 3177 3182
6619 37 3176 3177 3183
6620 37 3185 3186 3190
6621 37 3185 3186 3191
6622 37 3185 3186 3192
6623 37 3194 3195 3199
6624 37 3194 3195 3200
6625 37 3194 3195 3201
6626 37 3203 3204 3208
6627 37 3203 3204 3209
6628 37 3203 3204 3210
6629 37 3212 3213 3217
6630 37 3212 3213 3218
6631 37 3212 3213 3219
6632 37 3221 3222 3226
6633 37 3221 3222 3227
6634 37 3221 3222 3228
6635 37 3230 3231 3235
6636 37 3230 3231 3236
6637 37 3230 3231 3237
6638 37 3239 3240 3244
6639 37 3239 3240 3245
6640 37 3239 3240 3246
6641 37 3248 3249 3253
6642 37 3248 3249 3254
6643 37 3248 3249 3255
6644 37 3257 3258 3262
6645 37 3257 3258 3263
6646 37 3257 3258 3264
6647 37 3266 3267 3271
6648 37 3266 3267 3272
6649 37 3266 3267 3273
6650 37 3275 3276 3280
6651 37 3275 3276 3281
6652 37 3275 3276 3282
6653 37 3284 3285 3289
6654 37 3284 3285 3290
6655 37 3284 3285 3291
6656 37 3293 3294 3298
6657 37 3293 3294 3299
6658 37 3293 3294 3300
6659 37 3302 3303 3307
6660 37 3302 3303 3308
6661 37 3302 3303 3309
6662 37 3311 3312 3316
6663 37 3311 3312 3317
6664 37 3311 3312 3318
6665 37 3320 3321 3325
6666 37 3320 3321 3326
6667 37 3320 3321 3327
6668 37 3329 3330 3334
6669 37 3329 3330 3335
6670 37 3329 3330 3336
6671 37 3338 3339 3343
6672 37 3338 3339 3344
6673 37 3338 3339 3345
6674 37 3347 3348 3352
6675 37 3347 3348 3353
6676 37 3347 3348 3354
6677 37 3356 3357 3361
6678 37 3356 3357 3362
6679 37 3356 3357 3363
6680 37 3365 3366 3370
6681 37 3365 3366 3371
6682 37 3365 3366 3372
6683 37 3374 3375 3379
6684 37 3374 3375 3380
6685 37 3374 3375 3381
6686 37 3383 3384 3388
6687 37 3383 3384 3389
6688 37 3383 3384 3390
6689 37 3392 3393 3397
6690 37 3392 3393 3398
6691 37 3392 3393 3399
6692 37 3401 3402 3406
6693 37 3401 3402 3407
6694 37 3401 3402 3408
6695 37 3410 3411 3415
6696 37 3410 3411 3416
6697 37 3410 3411 3417
6698 37 3419 3420 3424
6699 37 3419 3420 3425
6700 37 3419 3420 3426
6701 37 3428 3429 3433
6702 37 3428 3429 3434
6703 37 3428 3429 3435
6704 37 3437 3438 3442
6705 37 3437 3438 3443
6706 37 3437 3438 3444
6707 37 3446 3447 3451
6708 37 3446 3447 3452
6709 37 3446 3447 3453
6710 37 3455 3456 3460
6711 37 3455 3456 3461
6712 37 3455 3456 3462
6713 37 3464 3465 3469
6714 37 3464 3465 3470
6715 37 3464 3465 3471
6716 37 3473 3474 3478
6717 37 3473 3474 3479
6718 37 3473 3474 3480
6719 37 3482 3483 3487
6720 37 3482 3483 3488
6721 37 3482 3483 3489
6722 37 3491 3492 3496
6723 37 3491 3492 3497
6724 37 3491 3492 3498
6725 37 3500 3501 3505
6726 37 3500 3501 3506
6727 37 3500 3501 3507
6728 37 3509 3510 3514
6729 37 3509 3510 3515
6730 37 3509 3510 3516
6731 37 3518 3519 3523
6732 37 3518 3519 3524
6733 37 3518 3519 3525
6734 37 3527 3528 3532
6735 37 3527 3528 3533
6736 37 3527 3528 3534
6737 37 3536 3537 3541
6738 37 3536 3537 3542
6739 37 3536 3537 3543
6740 37 3545 3546 3550
6741 37 3545 3546 3551
6742 37 3545 3546 3552
6743 37 3554 3555 3559
6744 37 3554 3555 3560
6745 37 3554 3555 3561
6746 37 3563 3564 3568
6747 37 3563 3564 3569
6748 37 3563 3564 3570
6749 37 3572 3573 3577
6750 37 3572 3573 3578
6751 37 3572 3573 3579
6752 37 3581 3582 3586
6753 37 3581 3582 3587
6754 37 3581 3582 3588
6755 37 3590 3591 3595
6756 37 3590 3591 3596
6757 37 3590 3591 3597
6758 37 3599 3600 3604
6759 37 3599 3600 3605
6760 37 3599 3600 3606
6761 37 3618 3617 3620
6762 37 3618 3617 3621
6763 37 3618 3617 3622
6764 37 3618 3619 3624
6765 37 3618 3619 3625
6766 37 3618 3619 3626
6767 37 3628 3629 3633
6768 37 3628 3629 3634
6769 37 3628 3629 3635
6770 37 3637 3638 3642
6771 37 3637 3638 3643
6772 37 3637 3638 3644
6773 37 3646 3647 3651
6774 37 3646 3647 3652
6775 37 3646 3647 3653
6776 37 3655 3656 3660
6777 37 3655 3656 3661
6778 37 3655 3656 3662
6779 37 3664 3665 3669
6780 37 3664 3665 3670
6781 37 3664 3665 3671
6782 37 3673 3674 3678
6783 37 3673 3674 3679
6784 37 3673 3674 3680
6785 37 3682 3683 3687
6786 37 3682 3683 3688
6787 37 3682 3683 3689
6788 37 3691 3692 3696
6789 37 3691 3692 3697
6790 37 3691 3692 3698
6791 37 3700 3701 3705
6792 37 3700 3701 3706
6793 37 3700 3701 3707
6794 37 3709 3710 3714
6795 37 3709 3710 3715
6796 37 3709 3710 3716
6797 37 3718 3719 3723
6798 37 3718 3719 3724
6799 37 3718 3719 3725
6800 37 3727 3728 3732
6801 37 3727 3728 3733
6802 37 3727 3728 3734
6803 37 3736 3737 3741
6804 37 3736 3737 3742
6805 37 3736 3737 3743
6806 37 3745 3746 3750
6807 37 3745 3746 3751
6808 37 3745 3746 3752
6809 37 3754 3755 3759
6810 37 3754 3755 3760
6811 37 3754 3755 3761
6812 37 3763 3764 3768
6813 37 3763 3764 3769
6814 37 3763 3764 3770
6815 37 3772 3773 3777
6816 37 3772 3773 3778
6817 37 3772 3773 3779
6818 37 3781 3782 3786
6819 37 3781 3782 3787
6820 37 3781 3782 3788
6821 37 3790 3791 3795
6822 37 3790 3791 3796
6823 37 3790 3791 3797
6824 37 3799 3800 3804
6825 37 3799 3800 3805
6826 37 3799 3800 3806
6827 37 3808 3809 3813
6828 37 3808 3809 3814
6829 37 3808 3809 3815
6830 37 3817 3818 3822
6831 37 3817 3818 3823
6832 37 3817 3818 3824
6833 37 3826 3827 3831
6834 37 3826 3827 3832
6835 37 3826 3827 3833
6836 37 3835 3836 3840
6837 37 3835 3836 3841
6838 37 3835 3836 3842
6839 37 3844 3845 3849
6840 37 3844 3845 3850
6841 37 3844 3845 3851
6842 37 3853 3854 3858
6843 37 3853 3854 3859
6844 37 3853 3854 3860
6845 37 3862 3863 3867
6846 37 3862 3863 3868
6847 37 3862 3863 3869
6848 37 3871 3872 3876
6849 37 3871 3872 3877
6850 37 3871 3872 3878
6851 37 3880 3881 3885
6852 37 3880 3881 3886
6853 37 3880 3881 3887
6854 37 3889 3890 3894
6855 37 3889 3890 3895
6856 37 3889 3890 3896
6857 37 3898 3899 3903
6858 37 3898 3899 3904
6859 37 3898 3899 3905
6860 37 3907 3908 3912
6861 37 3907 3908 3913
6862 37 3907 3908 3914
6863 37 3916 3917 3921
6864 37 3916 3917 3922
6865 37 3916 3917 3923
6866 37 3925 3926 3930
6867 37 3925 3926 3931
6868 37 3925 3926 3932
6869 37 3934 3935 3939
6870 37 3934 3935 3940
6871 37 3934 3935 3941
6872 37 3943 3944 3948
6873 37 3943 3944 3949
6874 37 3943 3944 3950
6875 37 3952 3953 3957
6876 37 3952 3953 3958
6877 37 3952 3953 3959
6878 37 3961 3962 3966
6879 37 3961 3962 3967
6880 37 3961 3962 3968
6881 37 3970 3971 3975
6882 37 3970 3971 3976
6883 37 3970 3971 3977
6884 37 3979 3980 3984
6885 37 3979 3980 3985
6886 37 3979 3980 3986
6887 37 3988 3989 3993
6888 37 3988 3989 3994
6889 37 3988 3989 3995
6890 37 3997 3998 4002
6891 37 3997 3998 4003
6892 37 3997 3998 4004
6893 37 4006 4007 4011
6894 37 4006 4007 4012
6895 37 4006 4007 4013
6896 37 4015 4016 4020
6897 37 4015 4016 4021
6898 37 4015 4016 4022
6899 37 4024 4025 4029
6900 37 4024 4025 4030
6901 37 4024 4025 4031
6902 37 4033 4034 4038
6903 37 4033 4034 4039
6904 37 4033 4034 4040
6905 37 4042 4043 4047
6906 37 4042 4043 4048
6907 37 4042 4043 4049
6908 37 4051 4052 4056
6909 37 4051 4052 4057
6910 37 4051 4052 4058
6911 37 4070 4069 4072
6912 37 4070 4069 4073
6913 37 4070 4069 4074
6914 37 4070 4071 4076
6915 37 4070 4071 4077
6916 37 4070 4071 4078
6917 37 4080 4081 4085
6918 37 4080 4081 4086
6919 37 4080 4081 4087
6920 37 4089 4090 4094
6921 37 4089 4090 4095
6922 37 4089 4090 4096
6923 37 4098 4099 4103
6924 37 4098 4099 4104
6925 37 4098 4099 4105
6926 37 4107 4108 4112
6927 37 4107 4108 4113
6928 37 4107 4108 4114
6929 37 4116 4117 4121
6930 37 4116 4117 4122
6931 37 4116 4117 4123
6932 37 4125 4126 4130
6933 37 4125 4126 4131
6934 37 4125 4126 4132
6935 37 4134 4135 4139
6936 37 4134 4135 4140
6937 37 4134 4135 4141
6938 37 4143 4144 4148
6939 37 4143 4144 4149
6940 37 4143 4144 4150
6941 37 4152 4153 4157
6942 37 4152 4153 4158
6943 37 4152 4153 4159
6944 37 4161 4162 4166
6945 37 4161 4162 4167
6946 37 4161 4162 4168
6947 37 4170 4171 4175
6948 37 4170 4171 4176
6949 37 4170 4171 4177
6950 37 4179 4180 4184
6951 37 4179 4180 4185
6952 37 4179 4180 4186
6953 37 4188 4189 4193
6954 37 4188 4189 4194
6955 37 4188 4189 4195
6956 37 4197 4198 4202
6957 37 4197 4198 4203
6958 37 4197 4198 4204
6959 37 4206 4207 4211
6960 37 4206 4207 4212
6961 37 4206 4207 4213
6962 37 4215 4216 4220
6963 37 4215 4216 4221
6964 37 4215 4216 4222
6965 37 4224 4225 4229
6966 37 4224 4225 4230
6967 37 4224 4225 4231
6968 37 4233 4234 4238
6969 37 4233 4234 4239
6970 37 4233 4234 4240
6971 37 4242 4243 4247
6972 37 4242 4243 4248
6973 37 4242 4243 4249
6974 37 4251 4252 4256
6975 37 4251 4252 4257
6976 37 4251 4252 4258
6977 37 4260 4261 4265
6978 37 4260 4261 4266
6979 37 4260 4261 4267
6980 37 4269 4270 4274
6981 37 4269 4270 4275
6982 37 4269 4270 4276
6983 37 4278 4279 4283
6984 37 4278 4279 4284
6985 37 4278 4279 4285
6986 37 4287 4288 4292
6987 37 4287 4288 4293
6988 37 4287 4288 4294
6989 37 4296 4297 4301
6990 37 4296 4297 4302
6991 37 4296 4297 4303
6992 37 4305 4306 4310
6993 37 4305 4306 4311
6994 37 4305 4306 4312
6995 37 4314 4315 4319
6996 37 4314 4315 4320
6997 37 4314 4315 4321
6998 37 4323 4324 4328
6999 37 4323 4324 4329
7000 37 4323 4324 4330
7001 37 4332 4333 4337
7002 37 4332 4333 4338
7003 37 4332 4333 4339
7004 37 4341 4342 4346
7005 37 4341 4342 4347
7006 37 4341 4342 4348
7007 37 4350 4351 4355
7008 37 4350 4351 4356
7009 37 4350 4351 4357
7010 37 4359 4360 4364
7011 37 4359 4360 4365
7012 37 4359 4360 4366
7013 37 4368 4369 4373
7014 37 4368 4369 4374
7015 37 4368 4369 4375
7016 37 4377 4378 4382
7017 37 4377 4378 4383
7018 37 4377 4378 4384
7019 37 4386 4387 4391
7020 37 4386 4387 4392
7021 37 4386 4387 4393
7022 37 4395 4396 4400
7023 37 4395 4396 4401
7024 37 4395 4396 4402
7025 37 4404 4405 4409
7026 37 4404 4405 4410
7027 37 4404 4405 4411
7028 37 4413 4414 4418
7029 37 4413 4414 4419
7030 37 4413 4414 4420
7031 37 4422 4423 4427
7032 37 4422 4423 4428
7033 37 4422 4423 4429
7034 37 4431 4432 4436
7035 37 4431 4432 4437
7036 37 4431 4432 4438
7037 37 4440 4441 4445
7038 37 4440 4441 4446
7039 37 4440 4441 4447
7040 37 4449 4450 4454
7041 37 4449 4450 4455
7042 37 4449 4450 4456
7043 37 4458 4459 4463
7044 37 4458 4459 4464
7045 37 4458 4459 4465
7046 37 4467 4468 4472
7047 37 4467 4468 4473
7048 37 4467 4468 4474
7049 37 4476 4477 4481
7050 37 4476 4477 4482
7051 37 4476 4477 4483
7052 37 4485 4486 4490
7053 37 4485 4486 4491
7054 37 4485 4486 4492
7055 37 4494 4495 4499
7056 37 4494 4495 4500
7057 37 4494 4495 4501
7058 37 4503 4504 4508
7059 37 4503 4504 4509
7060 37 4503 4504 4510
7061 38 2 11 14
7062 38 2 11 15
7063 38 12 11 14
7064 38 12 11 15
7065 38 12 20 23
7066 38 12 20 24
7067 38 21 20 23
7068 38 21 20 24
7069 38 21 29 32
7070 38 21 29 33
7071 38 30 29 32
7072 38 30 29 33
7073 38 30 38 41
7074 38 30 38 42
7075 38 39 38 41
7076 38 39 38 42
7077 38 39 47 50
7078 38 39 47 51
7079 38 48 47 50
7080 38 48 47 51
7081 38 48 56 59
7082 38 48 56 60
7083 38 57 56 59
7084 38 57 56 60
7085 38 57 65 68
7086 38 57 65 69
7087 38 66 65 68
7088 38 66 65 69
7089 38 66 74 77
7090 38 66 74 78
7091 38 75 74 77
7092 38 75 74 78
7093 38 75 83 86
7094 38 75 83 87
7095 38 84 83 86
7096 38 84 83 87
7097 38 84 92 95
7098 38 84 92 96
7099 38 93 92 95
7100 38 93 92 96
7101 38 93 101 104
7102 38 93 101 105
7103 38 102 101 104
7104 38 102 101 105
7105 38 102 110 113
7106 38 102 110 114
7107 38 111 110 113
7108 38 111 110 114
7109 38 111 119 122
7110 38 111 119 123
7111 38 120 119 122
7112 38 120 119 123
7113 38 120 128 131
7114 38 120 128 132
7115 38 129 128 131
7116 38 129 128 132
7117 38 129 137 140
7118 38 129 137 141
7119 38 138 137 140
7120 38 138 137 141
7121 38 138 146 149
7122 38 138 146 150
7123 38 147 146 149
7124 38 147 146 150
7125 38 147 155 158
7126 38 147 155 159
7127 38 156 155 158
7128 38 156 155 159
7129 38 156 164 167
7130 38 156 164 168
7131 38 165 164 167
7132 38 165 164 168
7133 38 165 173 176
7134 38 165 173 177
7135 38 174 173 176
7136 38 174 173 177
7137 38 174 182 185
7138 38 174 182 186
7139 38 183 182 185
7140 38 183 182 186
7141 38 183 191 194
7142 38 183 191 195
7143 38 192 191 194
7144 38 192 191 195
7145 38 192 200 203
7146 38 192 200 204
7147 38 201 200 203
7148 38 201 200 204
7149 38 201 209 212
7150 38 201 209 213
7151 38 210 209 212
7152 38 210 209 213
7153 38 210 218 221
7154 38 210 218 222
7155 38 219 218 221
7156 38 219 218 222
7157 38 219 227 230
7158 38 219 227 231
7159 38 228 227 230
7160 38 228 227 231
7161 38 228 236 239
7162 38 228 236 240
7163 38 237 236 239
7164 38 237 236 240
7165 38 237 245 248
7166 38 237 245 249
7167 38 246 245 248
7168 38 246 245 249
7169 38 246 254 257
7170 38 246 254 258
7171 38 255 254 257
7172 38 255 254 258
7173 38 255 263 266
7174 38 255 263 267
7175 38 264 263 266
7176 38 264 263 267
7177 38 264 272 275
7178 38 264 272 276
7179 38 273 272 275
7180 38 273 272 276
7181 38 273 281 284
7182 38 273 281 285
7183 38 282 281 284
7184 38 282 281 285
7185 38 282 290 293
7186 38 282 290 294
7187 38 291 290 293
7188 38 291 290 294
7189 38 291 299 302
7190 38 291 299 303
7191 38 300 299 302
7192 38 300 299 303
7193 38 300 308 311
7194 38 300 308 312
7195 38 309 308 311
7196 38 309 308 312
7197 38 309 317 320
7198 38 309 317 321
7199 38 318 317 320
7200 38 318 317 321
7201 38 318 326 329
7202 38 318 326 330
7203 38 327 326 329
7204 38 327 326 330
7205 38 327 335 338
7206 38 327 335 339
7207 38 336 335 338
7208 38 336 335 339
7209 38 336 344 347
7210 38 336 344 348
7211 38 345 344 347
7212 38 345 344 348
7213 38 345 353 356
7214 38 345 353 357
7215 38 354 353 356
7216 38 354 353 357
7217 38 354 362 365
7218 38 354 362 366
7219 38 363 362 365
7220 38 363 362 366
7221 38 363 371 374
7222 38 363 371 375
7223 38 372 371 374
7224 38 372 371 375
7225 38 372 380 383
7226 38 372 380 384
7227 38 381 380 383
7228 38 381 380 384
7229 38 381 389 392
7230 38 381 389 393
7231 38 390 389 392
7232 38 390 389 393
7233 38 390 398 401
7234 38 390 398 402
7235 38 399 398 401
7236 38 399 398 402
7237 38 399 407 410
7238 38 399 407 411
7239 38 408 407 410
7240 38 408 407 411
7241 38 408 416 419
7242 38 408 416 420
7243 38 417 416 419
7244 38 417 416 420
7245 38 417 425 428
7246 38 417 425 429
7247 38 426 425 428
7248 38 426 425 429
7249 38 426 434 437
7250 38 426 434 438
7251 38 435 434 437
7252 38 435 434 438
7253 38 435 443 446
7254 38 435 443 447
7255 38 454 463 466
7256 38 454 463 467
7257 38 464 463 466
7258 38 464 463 467
7259 38 464 472 475
7260 38 464 472 476
7261 38 473 472 475
7262 38 473 472 476
7263 38 473 481 484
7264 38 473 481 485
7265 38 482 481 484
7266 38 482 481 485
7267 38 482 490 493
7268 38 482 490 494
7269 38 491 490 493
7270 38 491 490 494
7271 38 491 499 502
7272 38 491 499 503
7273 38 500 499 502
7274 38 500 499 503
7275 38 500 508 511
7276 38 500 508 512
7277 38 509 508 511
7278 38 509 508 512
7279 38 509 517 520
7280 38 509 517 521
7281 38 518 517 520
7282 38 518 517 521
7283 38 518 526 529
7284 38 518 526 530
7285 38 527 526 529
7286 38 527 526 530
7287 38 527 535 538
7288 38 527 535 539
7289 38 536 535 538
7290 38 536 535 539
7291 38 536 544 547
7292 38 536 544 548
7293 38 545 544 547
7294 38 545 544 548
7295 38 545 553 556
7296 38 545 553 557
7297 38 554 553 556
7298 38 554 553 557
7299 38 554 562 565
7300 38 554 562 566
7301 38 563 562 565
7302 38 563 562 566
7303 38 563 571 574
7304 38 563 571 575
7305 38 572 571 574
7306 38 572 571 575
7307 38 572 580 583
7308 38 572 580 584
7309 38 581 580 583
7310 38 581 580 584
7311 38 581 589 592
7312 38 581 589 593
7313 38 590 589 592
7314 38 590 589 593
7315 38 590 598 601
7316 38 590 598 602
7317 38 599 598 601
7318 38 599 598 602
7319 38 599 607 610
7320 38 599 607 611
7321 38 608 607 610
7322 38 608 607 611
7323 38 608 616 619
7324 38 608 616 620
7325 38 617 616 619
7326 38 617 616 620
7327 38 617 625 628
7328 38 617 625 629
7329 38 626 625 628
7330 38 626 625 629
7331 38 626 634 637
7332 38 626 634 638
7333 38 635 634 637
7334 38 635 634 638
7335 38 635 643 646
7336 38 635 643 647
7337 38 644 643 646
7338 38 644 643 647
7339 38 644 652 655
7340 38 644 652 656
7341 38 653 652 655
7342 38 653 652 656
7343 38 653 661 664
7344 38 653 661 665
7345 38 662 661 664
7346 38 662 661 665
7347 38 662 670 673
7348 38 662 670 674
7349 38 671 670 673
7350 38 671 670 674
7351 38 671 679 682
7352 38 671 679 683
7353 38 680 679 682
7354 38 680 679 683
7355 38 680 688 691
7356 38 680 688 692
7357 38 689 688 691
7358 38 689 688 692
7359 38 689 697 700
7360 38 689 697 701
7361 38 698 697 700
7362 38 698 697 701
7363 38 698 706 709
7364 38 698 706 710
7365 38 707 706 709
7366 38 707 706 710
7367 38 707 715 718
7368 38 707 715 719
7369 38 716 715 718
7370 38 716 715 719
7371 38 716 724 727
7372 38 716 724 728
7373 38 725 724 727
7374 38 725 724 728
7375 38 725 733 736
7376 38 725 733 737
7377 38 734 733 736
7378 38 734 733 737
7379 38 734 742 745
7380 38 734 742 746
7381 38 743 742 745
7382 38 743 742 746
7383 38 743 751 754
7384 38 743 751 755
7385 38 752 751 754
7386 38 752 751 755
7387 38 752 760 763
7388 38 752 760 764
7389 38 761 760 763
7390 38 761 760 764
7391 38 761 769 772
7392 38 761 769 773
7393 38 770 769 772
7394 38 770 769 773
7395 38 770 778 781
7396 38 770 778 782
7397 38 779 778 781
7398 38 779 778 782
7399 38 779 787 790
7400 38 779 787 791
7401 38 788 787 790
7402 38 788 787 791
7403 38 788 796 799
7404 38 788 796 800
7405 38 797 796 799
7406 38 797 796 800
7407 38 797 805 808
7408 38 797 805 809
7409 38 806 805 808
7410 38 806 805 809
7411 38 806 814 817
7412 38 806 814 818
7413 38 815 814 817
7414 38 815 814 818
7415 38 815 823 826
7416 38 815 823 827
7417 38 824 823 826
7418 38 824 823 827
7419 38 824 832 835
7420 38 824 832 836
7421 38 833 832 835
7422 38 833 832 836
7423 38 833 841 844
7424 38 833 841 845
7425 38 842 841 844
7426 38 842 841 845
7427 38 842 850 853
7428 38 842 850 854
7429 38 851 850 853
7430 38 851 850 854
7431 38 851 859 862
7432 38 851 859 863
7433 38 860 859 862
7434 38 860 859 863
7435 38 860 868 871
7436 38 860 868 872
7437 38 869 868 871
7438 38 869 868 872
7439 38 869 877 880
7440 38 869 877 881
7441 38 878 877 880
7442 38 878 877 881
7443 38 878 886 889
7444 38 878 886 890
7445 38 887 886 889
7446 38 887 886 890
7447 38 887 895 898
7448 38 887 895 899
7449 38 906 915 918
7450 38 906 915 919
7451 38 916 915 918
7452 38 916 915 919
7453 38 916 924 927
7454 38 916 924 928
7455 38 925 924 927
7456 38 925 924 928
7457 38 925 933 936
7458 38 925 933 937
7459 38 934 933 936
7460 38 934 933 937
7461 38 934 942 945
7462 38 934 942 946
7463 38 943 942 945
7464 38 943 942 946
7465 38 943 951 954
7466 38 943 951 955
7467 38 952 951 954
7468 38 952 951 955
7469 38 952 960 963
7470 38 952 960 964
7471 38 961 960 963
7472 38 961 960 964
7473 38 961 969 972
7474 38 961 969 973
7475 38 970 969 972
7476 38 970 969 973
7477 38 970 978 981
7478 38 970 978 982
7479 38 979 978 981
7480 38 979 978 982
7481 38 979 987 990
7482 38 979 987 991
7483 38 988 987 990
7484 38 988 987 991
7485 38 988 996 999
7486 38 988 996 1000
7487 38 997 996 999
7488 38 997 996 1000
7489 38 997 1005 1008
7490 38 997 1005 1009
7491 38 1006 1005 1008
7492 38 1006 1005 1009
7493 38 1006 1014 1017
7494 38 1006 1014 1018
7495 38 1015 1014 1017
7496 38 1015 1014 1018
7497 38 1015 1023 1026
7498 38 1015 1023 1027
7499 38 1024 1023 1026
7500 38 1024 1023 1027
7501 38 1024 1032 1035
7502 38 1024 1032 1036
7503 38 1033 1032 1035
7504 38 1033 1032 1036
7505 38 1033 1041 1044
7506 38 1033 1041 1045
7507 38 1042 1041 1044
7508 38 1042 1041 1045
7509 38 1042 1050 1053
7510 38 1042 1050 1054
7511 38 1051 1050 1053
7512 38 1051 1050 1054
7513 38 1051 1059 1062
7514 38 1051 1059 1063
7515 38 1060 1059 1062
7516 38 1060 1059 1063
7517 38 1060 1068 1071
7518 38 1060 1068 1072
7519 38 1069 1068 1071
7520 38 1069 1068 1072
7521 38 1069 1077 1080
7522 38 1069 1077 1081
7523 38 1078 1077 1080
7524 38 1078 1077 1081
7525 38 1078 1086 1089
7526 38 1078 1086 1090
7527 38 1087 1086 1089
7528 38 1087 1086 1090
7529 38 1087 1095 1098
7530 38 1087 1095 1099
7531 38 1096 1095 1098
7532 38 1096 1095 1099
7533 38 1096 1104 1107
7534 38 1096 1104 1108
7535 38 1105 1104 1107
7536 38 1105 1104 1108
7537 38 1105 1113 1116
7538 38 1105 1113 1117
7539 38 1114 1113 1116
7540 38 1114 1113 1117
7541 38 1114 1122 1125
7542 38 1114 1122 1126
7543 38 1123 1122 1125
7544 38 1123 1122 1126
7545 38 1123 1131 1134
7546 38 1123 1131 1135
7547 38 1132 1131 1134
7548 38 1132 1131 1135
7549 38 1132 1140 1143
7550 38 1132 1140 1144
7551 38 1141 1140 1143
7552 38 1141 1140 1144
7553 38 1141 1149 1152
7554 38 1141 1149 1153
7555 38 1150 1149 1152
7556 38 1150 1149 1153
7557 38 1150 1158 1161
7558 38 1150 1158 1162
7559 38 1159 1158 1161
7560 38 1159 1158 1162
7561 38 1159 1167 1170
7562 38 1159 1167 1171
7563 38 1168 1167 1170
7564 38 1168 1167 1171
7565 38 1168 1176 1179
7566 38 1168 1176 1180
7567 38 1177 1176 1179
7568 38 1177 1176 1180
7569 38 1177 1185 1188
7570 38 1177 1185 1189
7571 38 1186 1185 1188
7572 38 1186 1185 1189
7573 38 1186 1194 1197
7574 38 1186 1194 1198
7575 38 1195 1194 1197
7576 38 1195 1194 1198
7577 38 1195 1203 1206
7578 38 1195 1203 1207
7579 38 1204 1203 1206
7580 38 1204 1203 1207
7581 38 1204 1212 1215
7582 38 1204 1212 1216
7583 38 1213 1212 1215
7584 38 1213 1212 1216
7585 38 1213 1221 1224
7586 38 1213 1221 1225
7587 38 1222 1221 1224
7588 38 1222 1221 1225
7589 38 1222 1230 1233
7590 38 1222 1230 1234
7591 38 1231 1230 1233
7592 38 1231 1230 1234
7593 38 1231 1239 1242
7594 38 1231 1239 1243
7595 38 1240 1239 1242
7596 38 1240 1239 1243
7597 38 1240 1248 1251
7598 38 1240 1248 1252
7599 38 1249 1248 1251
7600 38 1249 1248 1252
7601 38 1249 1257 1260
7602 38 1249 1257 1261
7603 38 1258 1257 1260
7604 38 1258 1257 1261
7605 38 1258 1266 1269
7606 38 1258 1266 1270
7607 38 1267 1266 1269
7608 38 1267 1266 1270
7609 38 1267 1275 1278
7610 38 1267 1275 1279
7611 38 1276 1275 1278
7612 38 1276 1275 1279
7613 38 1276 1284 1287
7614 38 1276 1284 1288
7615 38 1285 1284 1287
7616 38 1285 1284 1288
7617 38 1285 1293 1296
7618 38 1285 1293 1297
7619 38 1294 1293 1296
7620 38 1294 1293 1297
7621 38 1294 1302 1305
7622 38 1294 1302 1306
7623 38 1303 1302 1305
7624 38 1303 1302 1306
7625 38 1303 1311 1314
7626 38 1303 1311 1315
7627 38 1312 1311 1314
7628 38 1312 1311 1315
7629 38 1312 1320 1323
7630 38 1312 1320 1324
7631 38 1321 1320 1323
7632 38 1321 1320 1324
7633 38 1321 1329 1332
7634 38 1321 1329 1333
7635 38 1330 1329 1332
7636 38 1330 1329 1333
7637 38 1330 1338 1341
7638 38 1330 1338 1342
7639 38 1339 1338 1341
7640 38 1339 1338 1342
7641 38 1339 1347 1350
7642 38 1339 1347 1351
7643 38 1358 1367 1370
7644 38 1358 1367 1371
7645 38 1368 1367 1370
7646 38 1368 1367 1371
7647 38 1368 1376 1379
7648 38 1368 1376 1380
7649 38 1377 1376 1379
7650 38 1377 1376 1380
7651 38 1377 1385 1388
7652 38 1377 1385 1389
7653 38 1386 1385 1388
7654 38 1386 1385 1389
7655 38 1386 1394 1397
7656 38 1386 1394 1398
7657 38 1395 1394 1397
7658 38 1395 1394 1398
7659 38 1395 1403 1406
7660 38 1395 1403 1407
7661 38 1404 1403 1406
7662 38 1404 1403 1407
7663 38 1404 1412 1415
7664 38 1404 1412 1416
7665 38 1413 1412 1415
7666 38 1413 1412 1416
7667 38 1413 1421 1424
7668 38 1413 1421 1425
7669 38 1422 1421 1424
7670 38 1422 1421 1425
7671 38 1422 1430 1433
7672 38 1422 1430 1434
7673 38 1431 1430 1433
7674 38 1431 1430 1434
7675 38 1431 1439 1442
7676 38 1431 1439 1443
7677 38 1440 1439 1442
7678 38 1440 1439 1443
7679 38 1440 1448 1451
7680 38 1440 1448 1452
7681 38 1449 1448 1451
7682 38 1449 1448 1452
7683 38 1449 1457 1460
7684 38 1449 1457 1461
7685 38 1458 1457 1460
7686 38 1458 1457 1461
7687 38 1458 1466 1469
7688 38 1458 1466 1470
7689 38 1467 1466 1469
7690 38 1467 1466 1470
7691 38 1467 1475 1478
7692 38 1467 1475 1479
7693 38 1476 1475 1478
7694 38 1476 1475 1479
7695 38 1476 1484 1487
7696 38 1476 1484 1488
7697 38 1485 1484 1487
7698 38 1485 1484 1488
7699 38 1485 1493 1496
7700 38 1485 1493 1497
7701 38 1494 1493 1496
7702 38 1494 1493 1497
7703 38 1494 1502 1505
7704 38 1494 1502 1506
7705 38 1503 1502 1505
7706 38 1503 1502 1506
7707 38 1503 1511 1514
7708 38 1503 1511 1515
7709 38 1512 1511 1514
7710 38 1512 1511 1515
7711 38 1512 1520 1523
7712 38 1512 1520 1524
7713 38 1521 1520 1523
7714 38 1521 1520 1524
7715 38 1521 1529 1532
7716 38 1521 1529 1533
7717 38 1530 1529 1532
7718 38 1530 1529 1533
7719 38 1530 1538 1541
7720 38 1530 1538 1542
7721 38 1539 1538 1541
7722 38 1539 1538 1542
7723 38 1539 1547 1550
7724 38 1539 1547 1551
7725 38 1548 1547 1550
7726 38 1548 1547 1551
7727 38 1548 1556 1559
7728 38 1548 1556 1560
7729 38 1557 1556 1559
7730 38 1557 1556 1560
7731 38 1557 1565 1568
7732 38 1557 1565 1569
7733 38 1566 1565 1568
7734 38 1566 1565 1569
7735 38 1566 1574 1577
7736 38 1566 1574 1578
7737 38 1575 1574 1577
7738 38 1575 1574 1578
7739 38 1575 1583 1586
7740 38 1575 1583 1587
7741 38 1584 1583 1586
7742 38 1584 1583 1587
7743 38 1584 1592 1595
7744 38 1584 1592 1596
7745 38 1593 1592 1595
7746 38 1593 1592 1596
7747 38 1593 1601 1604
7748 38 1593 1601 1605
7749 38 1602 1601 1604
7750 38 1602 1601 1605
7751 38 1602 1610 1613
7752 38 1602 1610 1614
7753 38 1611 1610 1613
7754 38 1611 1610 1614
7755 38 1611 1619 1622
7756 38 1611 1619 1623
7757 38 1620 1619 1622
7758 38 1620 1619 1623
7759 38 1620 1628 1631
7760 38 1620 1628 1632
7761 38 1629 1628 1631
7762 38 1629 1628 1632
7763 38 1629 1637 1640
7764 38 1629 1637 1641
7765 38 1638 1637 1640
7766 38 1638 1637 1641
7767 38 1638 1646 1649
7768 38 1638 1646 1650
7769 38 1647 1646 1649
7770 38 1647 1646 1650
7771 38 1647 1655 1658
7772 38 1647 1655 1659
7773 38 1656 1655 1658
7774 38 1656 1655 1659
7775 38 1656 1664 1667
7776 38 1656 1664 1668
7777 38 1665 1664 1667
7778 38 1665 1664 1668
7779 38 1665 1673 1676
7780 38 1665 1673 1677
7781 38 1674 1673 1676
7782 38 1674 1673 1677
7783 38 1674 1682 1685
7784 38 1674 1682 1686
7785 38 1683 1682 1685
7786 38 1683 1682 1686
7787 38 1683 1691 1694
7788 38 1683 1691 1695
7789 38 1692 1691 1694
7790 38 1692 1691 1695
7791 38 1692 1700 1703
7792 38 1692 1700 1704
7793 38 1701 1700 1703
7794 38 1701 1700 1704
7795 38 1701 1709 1712
7796 38 1701 1709 1713
7797 38 1710 1709 1712
7798 38 1710 1709 1713
7799 38 1710 1718 1721
7800 38 1710 1718 1722
7801 38 1719 1718 1721
7802 38 1719 1718 1722
7803 38 1719 1727 1730
7804 38 1719 1727 1731
7805 38 1728 1727 1730
7806 38 1728 1727 1731
7807 38 1728 1736 1739
7808 38 1728 1736 1740
7809 38 1737 1736 1739
7810 38 1737 1736 1740
7811 38 1737 1745 1748
7812 38 1737 1745 1749
7813 38 1746 1745 1748
7814 38 1746 1745 1749
7815 38 1746 1754 1757
7816 38 1746 1754 1758
7817 38 1755 1754 1757
7818 38 1755 1754 1758
7819 38 1755 1763 1766
7820 38 1755 1763 1767
7821 38 1764 1763 1766
7822 38 1764 1763 1767
7823 38 1764 1772 1775
7824 38 1764 1772 1776
7825 38 1773 1772 1775
7826 38 1773 1772 1776
7827 38 1773 1781 1784
7828 38 1773 1781 1785
7829 38 1782 1781 1784
7830 38 1782 1781 1785
7831 38 1782 1790 1793
7832 38 1782 1790 1794
7833 38 1791 1790 1793
7834 38 1791 1790 1794
7835 38 1791 1799 1802
7836 38 1791 1799 1803
7837 38 1810 1819 1822
7838 38 1810 1819 1823
7839 38 1820 1819 1822
7840 38 1820 1819 1823
7841 38 1820 1828 1831
7842 38 1820 1828 1832
7843 38 1829 1828 1831
7844 38 1829 1828 1832
7845 38 1829 1837 1840
7846 38 1829 1837 1841
7847 38 1838 1837 1840
7848 38 1838 1837 1841
7849 38 1838 1846 1849
7850 38 1838 1846 1850
7851 38 1847 1846 1849
7852 38 1847 1846 1850
7853 38 1847 1855 1858
7854 38 1847 1855 1859
7855 38 1856 1855 1858
7856 38 1856 1855 1859
7857 38 1856 1864 1867
7858 38 1856 1864 1868
7859 38 1865 1864 1867
7860 38 1865 1864 1868
7861 38 1865 1873 1876
7862 38 1865 1873 1877
7863 38 1874 1873 1876
7864 38 1874 1873 1877
7865 38 1874 1882 1885
7866 38 1874 1882 1886
7867 38 1883 1882 1885
7868 38 1883 1882 1886
7869 38 1883 1891 1894
7870 38 1883 1891 1895
7871 38 1892 1891 1894
7872 38 1892 1891 1895
7873 38 1892 1900 1903
7874 38 1892 1900 1904
7875 38 1901 1900 1903
7876 38 1901 1900 1904
7877 38 1901 1909 1912
7878 38 1901 1909 1913
7879 38 1910 1909 1912
7880 38 1910 1909 1913
7881 38 1910 1918 1921
7882 38 1910 1918 1922
7883 38 1919 1918 1921
7884 38 1919 1918 1922
7885 38 1919 1927 1930
7886 38 1919 1927 1931
7887 38 1928 1927 1930
7888 38 1928 1927 1931
7889 38 1928 1936 1939
7890 38 1928 1936 1940
7891 38 1937 1936 1939
7892 38 1937 1936 1940
7893 38 1937 1945 1948
7894 38 1937 1945 1949
7895 38 1946 1945 1948
7896 38 1946 1945 1949
7897 38 1946 1954 1957
7898 38 1946 1954 1958
7899 38 1955 1954 1957
7900 38 1955 1954 1958
7901 38 1955 1963 1966
7902 38 1955 1963 1967
7903 38 1964 1963 1966
7904 38 1964 1963 1967
7905 38 1964 1972 1975
7906 38 1964 1972 1976
7907 38 1973 1972 1975
7908 38 1973 1972 1976
7909 38 1973 1981 1984
7910 38 1973 1981 1985
7911 38 1982 1981 1984
7912 38 1982 1981 1985
7913 38 1982 1990 1993
7914 38 1982 1990 1994
7915 38 1991 1990 1993
7916 38 1991 1990 1994
7917 38 1991 1999 2002
7918 38 1991 1999 2003
7919 38 2000 1999 2002
7920 38 2000 1999 2003
7921 38 2000 2008 2011
7922 38 2000 2008 2012
7923 38 2009 2008 2011
7924 38 2009 2008 2012
7925 38 2009 2017 2020
7926 38 2009 2017 2021
7927 38 2018 2017 2020
7928 38 2018 2017 2021
7929 38 2018 2026 2029
7930 38 2018 2026 2030
7931 38 2027 2026 2029
7932 38 2027 2026 2030
7933 38 2027 2035 2038
7934 38 2027 2035 2039
7935 38 2036 2035 2038
7936 38 2036 2035 2039
7937 38 2036 2044 2047
7938 38 2036 2044 2048
7939 38 2045 2044 2047
7940 38 2045 2044 2048
7941 38 2045 2053 2056
7942 38 2045 2053 2057
7943 38 2054 2053 2056
7944 38 2054 2053 2057
7945 38 2054 2062 2065
7946 38 2054 2062 2066
7947 38 2063 2062 2065
7948 38 2063 2062 2066
7949 38 2063 2071 2074
7950 38 2063 2071 2075
7951 38 2072 2071 2074
7952 38 2072 2071 2075
7953 38 2072 2080 2083
7954 38 2072 2080 2084
7955 38 2081 2080 2083
7956 38 2081 2080 2084
7957 38 2081 2089 2092
7958 38 2081 2089 2093
7959 38 2090 2089 2092
7960 38 2090 2089 2093
7961 38 2090 2098 2101
7962 38 2090 2098 2102
7963 38 2099 2098 2101
7964 38 2099 2098 2102
7965 38 2099 2107 2110
7966 38 2099 2107 2111
7967 38 2108 2107 2110
7968 38 2108 2107 2111
7969 38 2108 2116 2119
7970 38 2108 2116 2120
7971 38 2117 2116 2119
7972 38 2117 2116 2120
7973 38 2117 2125 2128
7974 38 2117 2125 2129
7975 38 2126 2125 2128
7976 38 2126 2125 2129
7977 38 2126 2134 2137
7978 38 2126 2134 2138
7979 38 2135 2134 2137
7980 38 2135 2134 2138
7981 38 2135 2143 2146
7982 38 2135 2143 2147
7983 38 2144 2143 2146
7984 38 2144 2143 2147
7985 38 2144 2152 2155
7986 38 2144 2152 2156
7987 38 2153 2152 2155
7988 38 2153 2152 2156
7989 38 2153 2161 2164
7990 38 2153 2161 2165
7991 38 2162 2161 2164
7992 38 2162 2161 2165
7993 38 2162 2170 2173
7994 38 2162 2170 2174
7995 38 2171 2170 2173
7996 38 2171 2170 2174
7997 38 2171 2179 2182
7998 38 2171 2179 2183
7999 38 2180 2179 2182
8000 38 2180 2179 2183
8001 38 2180 2188 2191
8002 38 2180 2188 2192
8003 38 2189 2188 2191
8004 38 2189 2188 2192
8005 38 2189 2197 2200
8006 38 2189 2197 2201
8007 38 2198 2197 2200
8008 38 2198 2197 2201
8009 38 2198 2206 2209
8010 38 2198 2206 2210
8011 38 2207 2206 2209
8012 38 2207 2206 2210
8013 38 2207 2215 2218
8014 38 2207 2215 2219
8015 38 2216 2215 2218
8016 38 2216 2215 2219
8017 38 2216 2224 2227
8018 38 2216 2224 2228
8019 38 2225 2224 2227
8020 38 2225 2224 2228
8021 38 2225 2233 2236
8022 38 2225 2233 2237
8023 38 2234 2233 2236
8024 38 2234 2233 2237
8025 38 2234 2242 2245
8026 38 2234 2242 2246
8027 38 2243 2242 2245
8028 38 2243 2242 2246
8029 38 2243 2251 2254
8030 38 2243 2251 2255
8031 38 2262 2271 2274
8032 38 2262 2271 2275
8033 38 2272 2271 2274
8034 38 2272 2271 2275
8035 38 2272 2280 2283
8036 38 2272 2280 2284
8037 38 2281 2280 2283
8038 38 2281 2280 2284
8039 38 2281 2289 2292
8040 38 2281 2289 2293
8041 38 2290 2289 2292
8042 38 2290 2289 2293
8043 38 2290 2298 2301
8044 38 2290 2298 2302
8045 38 2299 2298 2301
8046 38 2299 2298 2302
8047 38 2299 2307 2310
8048 38 2299 2307 2311
8049 38 2308 2307 2310
8050 38 2308 2307 2311
8051 38 2308 2316 2319
8052 38 2308 2316 2320
8053 38 2317 2316 2319
8054 38 2317 2316 2320
8055 38 2317 2325 2328
8056 38 2317 2325 2329
8057 38 2326 2325 2328
8058 38 2326 2325 2329
8059 38 2326 2334 2337
8060 38 2326 2334 2338
8061 38 2335 2334 2337
8062 38 2335 2334 2338
8063 38 2335 2343 2346
8064 38 2335 2343 2347
8065 38 2344 2343 2346
8066 38 2344 2343 2347
8067 38 2344 2352 2355
8068 38 2344 2352 2356
8069 38 2353 2352 2355
8070 38 2353 2352 2356
8071 38 2353 2361 2364
8072 38 2353 2361 2365
8073 38 2362 2361 2364
8074 38 2362 2361 2365
8075 38 2362 2370 2373
8076 38 2362 2370 2374
8077 38 2371 2370 2373
8078 38 2371 2370 2374
8079 38 2371 2379 2382
8080 38 2371 2379 2383
8081 38 2380 2379 2382
8082 38 2380 2379 2383
8083 38 2380 2388 2391
8084 38 2380 2388 2392
8085 38 2389 2388 2391
8086 38 2389 2388 2392
8087 38 2389 2397 2400
8088 38 2389 2397 2401
8089 38 2398 2397 2400
8090 38 2398 2397 2401
8091 38 2398 2406 2409
8092 38 2398 2406 2410
8093 38 2407 2406 2409
8094 38 2407 2406 2410
8095 38 2407 2415 2418
8096 38 2407 2415 2419
8097 38 2416 2415 2418
8098 38 2416 2415 2419
8099 38 2416 2424 2427
8100 38 2416 2424 2428
8101 38 2425 2424 2427
8102 38 2425 2424 2428
8103 38 2425 2433 2436
8104 38 2425 2433 2437
8105 38 2434 2433 2436
8106 38 2434 2433 2437
8107 38 2434 2442 2445
8108 38 2434 2442 2446
8109 38 2443 2442 2445
8110 38 2443 2442 2446
8111 38 2443 2451 2454
8112 38 2443 2451 2455
8113 38 2452 2451 2454
8114 38 2452 2451 2455
8115 38 2452 2460 2463
8116 38 2452 2460 2464
8117 38 2461 2460 2463
8118 38 2461 2460 2464
8119 38 2461 2469 2472
8120 38 2461 2469 2473
8121 38 2470 2469 2472
8122 38 2470 2469 2473
8123 38 2470 2478 2481
8124 38 2470 2478 2482
8125 38 2479 2478 2481
8126 38 2479 2478 2482
8127 38 2479 2487 2490
8128 38 2479 2487 2491
8129 38 2488 2487 2490
8130 38 2488 2487 2491
8131 38 2488 2496 2499
8132 38 2488 2496 2500
8133 38 2497 2496 2499
8134 38 2497 2496 2500
8135 38 2497 2505 2508
8136 38 2497 2505 2509
8137 38 2506 2505 2508
8138 38 2506 2505 2509
8139 38 2506 2514 2517
8140 38 2506 2514 2518
8141 38 2515 2514 2517
8142 38 2515 2514 2518
8143 38 2515 2523 2526
8144 38 2515 2523 2527
8145 38 2524 2523 2526
8146 38 2524 2523 2527
8147 38 2524 2532 2535
8148 38 2524 2532 2536
8149 38 2533 2532 2535
8150 38 2533 2532 2536
8151 38 2533 2541 2544
8152 38 2533 2541 2545
8153 38 2542 2541 2544
8154 38 2542 2541 2545
8155 38 2542 2550 2553
8156 38 2542 2550 2554
8157 38 2551 2550 2553
8158 38 2551 2550 2554
8159 38 2551 2559 2562
8160 38 2551 2559 2563
8161 38 2560 2559 2562
8162 38 2560 2559 2563
8163 38 2560 2568 2571
8164 38 2560 2568 2572
8165 38 2569 2568 2571
8166 38 2569 2568 2572
8167 38 2569 2577 2580
8168 38 2569 2577 2581
8169 38 2578 2577 2580
8170 38 2578 2577 2581
8171 38 2578 2586 2589
8172 38 2578 2586 2590
8173 38 2587 2586 2589
8174 38 2587 2586 2590
8175 38 2587 2595 2598
8176 38 2587 2595 2599
8177 38 2596 2595 2598
8178 38 2596 2595 2599
8179 38 2596 2604 2607
8180 38 2596 2604 2608
8181 38 2605 2604 2607
8182 38 2605 2604 2608
8183 38 2605 2613 2616
8184 38 2605 2613 2617
8185 38 2614 2613 2616
8186 38 2614 2613 2617
8187 38 2614 2622 2625
8188 38 2614 2622 2626
8189 38 2623 2622 2625
8190 38 2623 2622 2626
8191 38 2623 2631 2634
8192 38 2623 2631 2635
8193 38 2632 2631 2634
8194 38 2632 2631 2635
8195 38 2632 2640 2643
8196 38 2632 2640 2644
8197 38 2641 2640 2643
8198 38 2641 2640 2644
8199 38 2641 2649 2652
8200 38 2641 2649 2653
8201 38 2650 2649 2652
8202 38 2650 2649 2653
8203 38 2650 2658 2661
8204 38 2650 2658 2662
8205 38 2659 2658 2661
8206 38 2659 2658 2662
8207 38 2659 2667 2670
8208 38 2659 2667 2671
8209 38 2668 2667 2670
8210 38 2668 2667 2671
8211 38 2668 2676 2679
8212 38 2668 2676 2680
8213 38 2677 2676 2679
8214 38 2677 2676 2680
8215 38 2677 2685 2688
8216 38 2677 2685 2689
8217 38 2686 2685 2688
8218 38 2686 2685 2689
8219 38 2686 2694 2697
8220 38 2686 2694 2698
8221 38 2695 2694 2697
8222 38 2695 2694 2698
8223 38 2695 2703 2706
8224 38 2695 2703 2707
8225 38 2714 2723 2726
8226 38 2714 2723 2727
8227 38 2724 2723 2726
8228 38 2724 2723 2727
8229 38 2724 2732 2735
8230 38 2724 2732 2736
8231 38 2733 2732 2735
8232 38 2733 2732 2736
8233 38 2733 2741 2744
8234 38 2733 2741 2745
8235 38 2742 2741 2744
8236 38 2742 2741 2745
8237 38 2742 2750 2753
8238 38 2742 2750 2754
8239 38 2751 2750 2753
8240 38 2751 2750 2754
8241 38 2751 2759 2762
8242 38 2751 2759 2763
8243 38 2760 2759 2762
8244 38 2760 2759 2763
8245 38 2760 2768 2771
8246 38 2760 2768 2772
8247 38 2769 2768 2771
8248 38 2769 2768 2772
8249 38 2769 2777 2780
8250 38 2769 2777 2781
8251 38 2778 2777 2780
8252 38 2778 2777 2781
8253 38 2778 2786 2789
8254 38 2778 2786 2790
8255 38 2787 2786 2789
8256 38 2787 2786 2790
8257 38 2787 2795 2798
8258 38 2787 2795 2799
8259 38 2796 2795 2798
8260 38 2796 2795 2799
8261 38 2796 2804 2807
8262 38 2796 2804 2808
8263 38 2805 2804 2807
8264 38 2805 2804 2808
8265 38 2805 2813 2816
8266 38 2805 2813 2817
8267 38 2814 2813 2816
8268 38 2814 2813 2817
8269 38 2814 2822 2825
8270 38 2814 2822 2826
8271 38 2823 2822 2825
8272 38 2823 2822 2826
8273 38 2823 2831 2834
8274 38 2823 2831 2835
8275 38 2832 2831 2834
8276 38 2832 2831 2835
8277 38 2832 2840 2843
8278 38 2832 2840 2844
8279 38 2841 2840 2843
8280 38 2841 2840 2844
8281 38 2841 2849 2852
8282 38 2841 2849 2853
8283 38 2850 2849 2852
8284 38 2850 2849 2853
8285 38 2850 2858 2861
8286 38 2850 2858 2862
8287 38 2859 2858 2861
8288 38 2859 2858 2862
8289 38 2859 2867 2870
8290 38 2859 2867 2871
8291 38 2868 2867 2870
8292 38 2868 2867 2871
8293 38 2868 2876 2879
8294 38 2868 2876 2880
8295 38 2877 2876 2879
8296 38 2877 2876 2880
8297 38 2877 2885 2888
8298 38 2877 2885 2889
8299 38 2886 2885 2888
8300 38 2886 2885 2889
8301 38 2886 2894 2897
8302 38 2886 2894 2898
8303 38 2895 2894 2897
8304 38 2895 2894 2898
8305 38 2895 2903 2906
8306 38 2895 2903 2907
8307 38 2904 2903 2906
8308 38 2904 2903 2907
8309 38 2904 2912 2915
8310 38 2904 2912 2916
8311 38 2913 2912 2915
8312 38 2913 2912 2916
8313 38 2913 2921 2924
8314 38 2913 2921 2925
8315 38 2922 2921 2924
8316 38 2922 2921 2925
8317 38 2922 2930 2933
8318 38 2922 2930 2934
8319 38 2931 2930 2933
8320 38 2931 2930 2934
8321 38 2931 2939 2942
8322 38 2931 2939 2943
8323 38 2940 2939 2942
8324 38 2940 2939 2943
8325 38 2940 2948 2951
8326 38 2940 2948 2952
8327 38 2949 2948 2951
8328 38 2949 2948 2952
8329 38 2949 2957 2960
8330 38 2949 2957 2961
8331 38 2958 2957 2960
8332 38 2958 2957 2961
8333 38 2958 2966 2969
8334 38 2958 2966 2970
8335 38 2967 2966 2969
8336 38 2967 2966 2970
8337 38 2967 2975 2978
8338 38 2967 2975 2979
8339 38 2976 2975 2978
8340 38 2976 2975 2979
8341 38 2976 2984 2987
8342 38 2976 2984 2988
8343 38 2985 2984 2987
8344 38 2985 2984 2988
8345 38 2985 2993 2996
8346 38 2985 2993 2997
8347 38 2994 2993 2996
8348 38 2994 2993 2997
8349 38 2994 3002 3005
8350 38 2994 3002 3006
8351 38 3003 3002 3005
8352 38 3003 3002 3006
8353 38 3003 3011 3014
8354 38 3003 3011 3015
8355 38 3012 3011 3014
8356 38 3012 3011 3015
8357 38 3012 3020 3023
8358 38 3012 3020 3024
8359 38 3021 3020 3023
8360 38 3021 3020 3024
8361 38 3021 3029 3032
8362 38 3021 3029 3033
8363 38 3030 3029 3032
8364 38 3030 3029 3033
8365 38 3030 3038 3041
8366 38 3030 3038 3042
8367 38 3039 3038 3041
8368 38 3039 3038 3042
8369 38 3039 3047 3050
8370 38 3039 3047 3051
8371 38 3048 3047 3050
8372 38 3048 3047 3051
8373 38 3048 3056 3059
8374 38 3048 3056 3060
8375 38 3057 3056 3059
8376 38 3057 3056 3060
8377 38 3057 3065 3068
8378 38 3057 3065 3069
8379 38 3066 3065 3068
8380 38 3066 3065 3069
8381 38 3066 3074 3077
8382 38 3066 3074 3078
8383 38 3075 3074 3077
8384 38 3075 3074 3078
8385 38 3075 3083 3086
8386 38 3075 3083 3087
8387 38 3084 3083 3086
8388 38 3084 3083 3087
8389 38 3084 3092 3095
8390 38 3084 3092 3096
8391 38 3093 3092 3095
8392 38 3093 3092 3096
8393 38 3093 3101 3104
8394 38 3093 3101 3105
8395 38 3102 3101 3104
8396 38 3102 3101 3105
8397 38 3102 3110 3113
8398 38 3102 3110 3114
8399 38 3111 3110 3113
8400 38 3111 3110 3114
8401 38 3111 3119 3122
8402 38 3111 3119 3123
8403 38 3120 3119 3122
8404 38 3120 3119 3123
8405 38 3120 3128 3131
8406 38 3120 3128 3132
8407 38 3129 3128 3131
8408 38 3129 3128 3132
8409 38 3129 3137 3140
8410 38 3129 3137 3141
8411 38 3138 3137 3140
8412 38 3138 3137 3141
8413 38 3138 3146 3149
8414 38 3138 3146 3150
8415 38 3147 3146 3149
8416 38 3147 3146 3150
8417 38 3147 3155 3158
8418 38 3147 3155 3159
8419 38 3166 3175 3178
8420 38 3166 3175 3179
8421 38 3176 3175 3178
8422 38 3176 3175 3179
8423 38 3176 3184 3187
8424 38 3176 3184 3188
8425 38 3185 3184 3187
8426 38 3185 3184 3188
8427 38 3185 3193 3196
8428 38 3185 3193 3197
8429 38 3194 3193 3196
8430 38 3194 3193 3197
8431 38 3194 3202 3205
8432 38 3194 3202 3206
8433 38 3203 3202 3205
8434 38 3203 3202 3206
8435 38 3203 3211 3214
8436 38 3203 3211 3215
8437 38 3212 3211 3214
8438 38 3212 3211 3215
8439 38 3212 3220 3223
8440 38 3212 3220 3224
8441 38 3221 3220 3223
8442 38 3221 3220 3224
8443 38 3221 3229 3232
8444 38 3221 3229 3233
8445 38 3230 3229 3232
8446 38 3230 3229 3233
8447 38 3230 3238 3241
8448 38 3230 3238 3242
8449 38 3239 3238 3241
8450 38 3239 3238 3242
8451 38 3239 3247 3250
8452 38 3239 3247 3251
8453 38 3248 3247 3250
8454 38 3248 3247 3251
8455 38 3248 3256 3259
8456 38 3248 3256 3260
8457 38 3257 3256 3259
8458 38 3257 3256 3260
8459 38 3257 3265 3268
8460 38 3257 3265 3269
8461 38 3266 3265 3268
8462 38 3266 3265 3269
8463 38 3266 3274 3277
8464 38 3266 3274 3278
8465 38 3275 3274 3277
8466 38 3275 3274 3278
8467 38 3275 3283 3286
8468 38 3275 3283 3287
8469 38 3284 3283 3286
8470 38 3284 3283 3287
8471 38 3284 3292 3295
8472 38 3284 3292 3296
8473 38 3293 3292 3295
8474 38 3293 3292 3296
8475 38 3293 3301 3304
8476 38 3293 3301 3305
8477 38 3302 3301 3304
8478 38 3302 3301 3305
8479 38 3302 3310 3313
8480 38 3302 3310 3314
8481 38 3311 3310 3313
8482 38 3311 3310 3314
8483 38 3311 3319 3322
8484 38 3311 3319 3323
8485 38 3320 3319 3322
8486 38 3320 3319 3323
8487 38 3320 3328 3331
8488 38 3320 3328 3332
8489 38 3329 3328 3331
8490 38 3329 3328 3332
8491 38 3329 3337 3340
8492 38 3329 3337 3341
8493 38 3338 3337 3340
8494 38 3338 3337 3341
8495 38 3338 3346 3349
8496 38 3338 3346 3350
8497 38 3347 3346 3349
8498 38 3347 3346 3350
8499 38 3347 3355 3358
8500 38 3347 3355 3359
8501 38 3356 3355 3358
8502 38 3356 3355 3359
8503 38 3356 3364 3367
8504 38 3356 3364 3368
8505 38 3365 3364 3367
8506 38 3365 3364 3368
8507 38 3365 3373 3376
8508 38 3365 3373 3377
8509 38 3374 3373 3376
8510 38 3374 3373 3377
8511 38 3374 3382 3385
8512 38 3374 3382 3386
8513 38 3383 3382 3385
8514 38 3383 3382 3386
8515 38 3383 3391 3394
8516 38 3383 3391 3395
8517 38 3392 3391 3394
8518 38 3392 3391 3395
8519 38 3392 3400 3403
8520 38 3392 3400 3404
8521 38 3401 3400 3403
8522 38 3401 3400 3404
8523 38 3401 3409 3412
8524 38 3401 3409 3413
8525 38 3410 3409 3412
8526 38 3410 3409 3413
8527 38 3410 3418 3421
8528 38 3410 3418 3422
8529 38 3419 3418 3421
8530 38 3419 3418 3422
8531 38 3419 3427 3430
8532 38 3419 3427 3431
8533 38 3428 3427 3430
8534 38 3428 3427 3431
8535 38 3428 3436 3439
8536 38 3428 3436 3440
8537 38 3437 3436 3439
8538 38 3437 3436 3440
8539 38 3437 3445 3448
8540 38 3437 3445 3449
8541 38 3446 3445 3448
8542 38 3446 3445 3449
8543 38 3446 3454 3457
8544 38 3446 3454 3458
8545 38 3455 3454 3457
8546 38 3455 3454 3458
8547 38 3455 3463 3466
8548 38 3455 3463 3467
8549 38 3464 3463 3466
8550 38 3464 3463 3467
8551 38 3464 3472 3475
8552 38 3464 3472 3476
8553 38 3473 3472 3475
8554 38 3473 3472 3476
8555 38 3473 3481 3484
8556 38 3473 3481 3485
8557 38 3482 3481 3484
8558 38 3482 3481 3485
8559 38 3482 3490 3493
8560 38 3482 3490 3494
8561 38 3491 3490 3493
8562 38 3491 3490 3494
8563 38 3491 3499 3502
8564 38 3491 3499 3503
8565 38 3500 3499 3502
8566 38 3500 3499 3503
8567 38 3500 3508 3511
8568 38 3500 3508 3512
8569 38 3509 3508 3511
8570 38 3509 3508 3512
8571 38 3509 3517 3520
8572 38 3509 3517 3521
8573 38 3518 3517 3520
8574 38 3518 3517 3521
8575 38 3518 3526 3529
8576 38 3518 3526 3530
8577 38 3527 3526 3529
8578 38 3527 3526 3530
8579 38 3527 3535 3538
8580 38 3527 3535 3539
8581 38 3536 3535 3538
8582 38 3536 3535 3539
8583 38 3536 3544 3547
8584 38 3536 3544 3548
8585 38 3545 3544 3547
8586 38 3545 3544 3548
8587 38 3545 3553 3556
8588 38 3545 3553 3557
8589 38 3554 3553 3556
8590 38 3554 3553 3557
8591 38 3554 3562 3565
8592 38 3554 3562 3566
8593 38 3563 3562 3565
8594 38 3563 3562 3566
8595 38 3563 3571 3574
8596 38 3563 3571 3575
8597 38 3572 3571 3574
8598 38 3572 3571 3575
8599 38 3572 3580 3583
8600 38 3572 3580 3584
8601 38 3581 3580 3583
8602 38 3581 3580 3584
8603 38 3581 3589 3592
8604 38 3581 3589 3593
8605 38 3590 3589 3592
8606 38 3590 3589 3593
8607 38 3590 3598 3601
8608 38 3590 3598 3602
8609 38 3599 3598 3601
8610 38 3599 3598 3602
8611 38 3599 3607 3610
8612 38 3599 3607 3611
8613 38 3618 3627 3630
8614 38 3618 3627 3631
8615 38 3628 3627 3630
8616 38 3628 3627 3631
8617 38 3628 3636 3639
8618 38 3628 3636 3640
8619 38 3637 3636 3639
8620 38 3637 3636 3640
8621 38 3637 3645 3648
8622 38 3637 3645 3649
8623 38 3646 3645 3648
8624 38 3646 3645 3649
8625 38 3646 3654 3657
8626 38 3646 3654 3658
8627 38 3655 3654 3657
8628 38 3655 3654 3658
8629 38 3655 3663 3666
8630 38 3655 3663 3667
8631 38 3664 3663 3666
8632 38 3664 3663 3667
8633 38 3664 3672 3675
8634 38 3664 3672 3676
8635 38 3673 3672 3675
8636 38 3673 3672 3676
8637 38 3673 3681 3684
8638 38 3673 3681 3685
8639 38 3682 3681 3684
8640 38 3682 3681 3685
8641 38 3682 3690 3693
8642 38 3682 3690 3694
8643 38 3691 3690 3693
8644 38 3691 3690 3694
8645 38 3691 3699 3702
8646 38 3691 3699 3703
8647 38 3700 3699 3702
8648 38 3700 3699 3703
8649 38 3700 3708 3711
8650 38 3700 3708 3712
8651 38 3709 3708 3711
8652 38 3709 3708 3712
8653 38 3709 3717 3720
8654 38 3709 3717 3721
8655 38 3718 3717 3720
8656 38 3718 3717 3721
8657 38 3718 3726 3729
8658 38 3718 3726 3730
8659 38 3727 3726 3729
8660 38 3727 3726 3730
8661 38 3727 3735 3738
8662 38 3727 3735 3739
8663 38 3736 3735 3738
8664 38 3736 3735 3739
8665 38 3736 3744 3747
8666 38 3736 3744 3748
8667 38 3745 3744 3747
8668 38 3745 3744 3748
8669 38 3745 3753 3756
8670 38 3745 3753 3757
8671 38 3754 3753 3756
8672 38 3754 3753 3757
8673 38 3754 3762 3765
8674 38 3754 3762 3766
8675 38 3763 3762 3765
8676 38 3763 3762 3766
8677 38 3763 3771 3774
8678 38 3763 3771 3775
8679 38 3772 3771 3774
8680 38 3772 3771 3775
8681 38 3772 3780 3783
8682 38 3772 3780 3784
8683 38 3781 3780 3783
8684 38 3781 3780 3784
8685 38 3781 3789 3792
8686 38 3781 3789 3793
8687 38 3790 3789 3792
8688 38 3790 3789 3793
8689 38 3790 3798 3801
8690 38 3790 3798 3802
8691 38 3799 3798 3801
8692 38 3799 3798 3802
8693 38 3799 3807 3810
8694 38 3799 3807 3811
8695 38 3808 3807 3810
8696 38 3808 3807 3811
8697 38 3808 3816 3819
8698 38 3808 3816 3820
8699 38 3817 3816 3819
8700 38 3817 3816 3820
8701 38 3817 3825 3828
8702 38 3817 3825 3829
8703 38 3826 3825 3828
8704 38 3826 3825 3829
8705 38 3826 3834 3837
8706 38 3826 3834 3838
8707 38 3835 3834 3837
8708 38 3835 3834 3838
8709 38 3835 3843 3846
8710 38 3835 3843 3847
8711 38 3844 3843 3846
8712 38 3844 3843 3847
8713 38 3844 3852 3855
8714 38 3844 3852 3856
8715 38 3853 3852 3855
8716 38 3853 3852 3856
8717 38 3853 3861 3864
8718 38 3853 3861 3865
8719 38 3862 3861 3864
8720 38 3862 3861 3865
8721 38 3862 3870 3873
8722 38 3862 3870 3874
8723 38 3871 3870 3873
8724 38 3871 3870 3874
8725 38 3871 3879 3882
8726 38 3871 3879 3883
8727 38 3880 3879 3882
8728 38 3880 3879 3883
8729 38 3880 3888 3891
8730 38 3880 3888 3892
8731 38 3889 3888 3891
8732 38 3889 3888 3892
8733 38 3889 3897 3900
8734 38 3889 3897 3901
8735 38 3898 3897 3900
8736 38 3898 3897 3901
8737 38 3898 3906 3909
8738 38 3898 3906 3910
8739 38 3907 3906 3909
8740 38 3907 3906 3910
8741 38 3907 3915 3918
8742 38 3907 3915 3919
8743 38 3916 3915 3918
8744 38 3916 3915 3919
8745 38 3916 3924 3927
8746 38 3916 3924 3928
8747 38 3925 3924 3927
8748 38 3925 3924 3928
8749 38 3925 3933 3936
8750 38 3925 3933 3937
8751 38 3934 3933 3936
8752 38 3934 3933 3937
8753 38 3934 3942 3945
8754 38 3934 3942 3946
8755 38 3943 3942 3945
8756 38 3943 3942 3946
8757 38 3943 3951 3954
8758 38 3943 3951 3955
8759 38 3952 3951 3954
8760 38 3952 3951 3955
8761 38 3952 3960 3963
8762 38 3952 3960 3964
8763 38 3961 3960 3963
8764 38 3961 3960 3964
8765 38 3961 3969 3972
8766 38 3961 3969 3973
8767 38 3970 3969 3972
8768 38 3970 3969 3973
8769 38 3970 3978 3981
8770 38 3970 3978 3982
8771 38 3979 3978 3981
8772 38 3979 3978 3982
8773 38 3979 3987 3990
8774 38 3979 3987 3991
8775 38 3988 3987 3990
8776 38 3988 3987 3991
8777 38 3988 3996 3999
8778 38 3988 3996 4000
8779 38 3997 3996 3999
8780 38 3997 3996 4000
8781 38 3997 4005 4008
8782 38 3997 4005 4009
8783 38 4006 4005 4008
8784 38 4006 4005 4009
8785 38 4006 4014 4017
8786 38 4006 4014 4018
8787 38 4015 4014 4017
8788 38 4015 4014 4018
8789 38 4015 4023 4026
8790 38 4015 4023 4027
8791 38 4024 4023 4026
8792 38 4024 4023 4027
8793 38 4024 4032 4035
8794 38 4024 4032 4036
8795 38 4033 4032 4035
8796 38 4033 4032 4036
8797 38 4033 4041 4044
8798 38 4033 4041 4045
8799 38 4042 4041 4044
8800 38 4042 4041 4045
8801 38 4042 4050 4053
8802 38 4042 4050 4054
8803 38 4051 4050 4053
8804 38 4051 4050 4054
8805 38 4051 4059 4062
8806 38 4051 4059 4063
8807 38 4070 4079 4082
8808 38 4070 4079 4083
8809 38 4080 4079 4082
8810 38 4080 4079 4083
8811 38 4080 4088 4091
8812 38 4080 4088 4092
8813 38 4089 4088 4091
8814 38 4089 4088 4092
8815 38 4089 4097 4100
8816 38 4089 4097 4101
8817 38 4098 4097 4100
8818 38 4098 4097 4101
8819 38 4098 4106 4109
8820 38 4098 4106 4110
8821 38 4107 4106 4109
8822 38 4107 4106 4110
8823 38 4107 4115 4118
8824 38 4107 4115 4119
8825 38 4116 4115 4118
8826 38 4116 4115 4119
8827 38 4116 4124 4127
8828 38 4116 4124 4128
8829 38 4125 4124 4127
8830 38 4125 4124 4128
8831 38 4125 4133 4136
8832 38 4125 4133 4137
8833 38 4134 4133 4136
8834 38 4134 4133 4137
8835 38 4134 4142 4145
8836 38 4134 4142 4146
8837 38 4143 4142 4145
8838 38 4143 4142 4146
8839 38 4143 4151 4154
8840 38 4143 4151 4155
8841 38 4152 4151 4154
8842 38 4152 4151 4155
8843 38 4152 4160 4163
8844 38 4152 4160 4164
8845 38 4161 4160 4163
8846 38 4161 4160 4164
8847 38 4161 4169 4172
8848 38 4161 4169 4173
8849 38 4170 4169 4172
8850 38 4170 4169 4173
8851 38 4170 4178 4181
8852 38 4170 4178 4182
8853 38 4179 4178 4181
8854 38 4179 4178 4182
8855 38 4179 4187 4190
8856 38 4179 4187 4191
8857 38 4188 4187 4190
8858 38 4188 4187 4191
8859 38 4188 4196 4199
8860 38 4188 4196 4200
8861 38 4197 4196 4199
8862 38 4197 4196 4200
8863 38 4197 4205 4208
8864 38 4197 4205 4209
8865 38 4206 4205 4208
8866 38 4206 4205 4209
8867 38 4206 4214 4217
8868 38 4206 4214 4218
8869 38 4215 4214 4217
8870 38 4215 4214 4218
8871 38 4215 4223 4226
8872 38 4215 4223 4227
8873 38 4224 4223 4226
8874 38 4224 4223 4227
8875 38 4224 4232 4235
8876 38 4224 4232 4236
8877 38 4233 4232 4235
8878 38 4233 4232 4236
8879 38 4233 4241 4244
8880 38 4233 4241 4245
8881 38 4242 4241 4244
8882 38 4242 4241 4245
8883 38 4242 4250 4253
8884 38 4242 4250 4254
8885 38 4251 4250 4253
8886 38 4251 4250 4254
8887 38 4251 4259 4262
8888 38 4251 4259 4263
8889 38 4260 4259 4262
8890 38 4260 4259 4263
8891 38 4260 4268 4271
8892 38 4260 4268 4272
8893 38 4269 4268 4271
8894 38 4269 4268 4272
8895 38 4269 4277 4280
8896 38 4269 4277 4281
8897 38 4278 4277 4280
8898 38 4278 4277 4281
8899 38 4278 4286 4289
8900 38 4278 4286 4290
8901 38 4287 4286 4289
8902 38 4287 4286 4290
8903 38 4287 4295 4298
8904 38 4287 4295 4299
8905 38 4296 4295 4298
8906 38 4296 4295 4299
8907 38 4296 4304 4307
8908 38 4296 4304 4308
8909 38 4305 4304 4307
8910 38 4305 4304 4308
8911 38 4305 4313 4316
8912 38 4305 4313 4317
8913 38 4314 4313 4316
8914 38 4314 4313 4317
8915 38 4314 4322 4325
8916 38 4314 4322 4326
8917 38 4323 4322 4325
8918 38 4323 4322 4326
8919 38 4323 4331 4334
8920 38 4323 4331 4335
8921 38 4332 4331 4334
8922 38 4332 4331 4335
8923 38 4332 4340 4343
8924 38 4332 4340 4344
8925 38 4341 4340 4343
8926 38 4341 4340 4344
8927 38 4341 4349 4352
8928 38 4341 4349 4353
8929 38 4350 4349 4352
8930 38 4350 4349 4353
8931 38 4350 4358 4361
8932 38 4350 4358 4362
8933 38 4359 4358 4361
8934 38 4359 4358 4362
8935 38 4359 4367 4370
8936 38 4359 4367 4371
8937 38 4368 4367 4370
8938 38 4368 4367 4371
8939 38 4368 4376 4379
8940 38 4368 4376 4380
8941 38 4377 4376 4379
8942 38 4377 4376 4380
8943 38 4377 4385 4388
8944 38 4377 4385 4389
8945 38 4386 4385 4388
8946 38 4386 4385 4389
8947 38 4386 4394 4397
8948 38 4386 4394 4398
8949 38 4395 4394 4397
8950 38 4395 4394 4398
8951 38 4395 4403 4406
8952 38 4395 4403 4407
8953 38 4404 4403 4406
8954 38 4404 4403 4407
8955 38 4404 4412 4415
8956 38 4404 4412 4416
8957 38 4413 4412 4415
8958 38 4413 4412 4416
8959 38 4413 4421 4424
8960 38 4413 4421 4425
8961 38 4422 4421 4424
8962 38 4422 4421 4425
8963 38 4422 4430 4433
8964 38 4422 4430 4434
8965 38 4431 4430 4433
8966 38 4431 4430 4434
8967 38 4431 4439 4442
8968 38 4431 4439 4443
8969 38 4440 4439 4442
8970 38 4440 4439 4443
8971 38 4440 4448 4451
8972 38 4440 4448 4452
8973 38 4449 4448 4451
8974 38 4449 4448 4452
8975 38 4449 4457 4460
8976 38 4449 4457 4461
8977 38 4458 4457 4460
8978 38 4458 4457 4461
8979 38 4458 4466 4469
8980 38 4458 4466 4470
8981 38 4467 4466 4469
8982 38 4467 4466 4470
8983 38 4467 4475 4478
8984 38 4467 4475 4479
8985 38 4476 4475 4478
8986 38 4476 4475 4479
8987 38 4476 4484 4487
8988 38 4476 4484 4488
8989 38 4485 4484 4487
8990 38 4485 4484 4488
8991 38 4485 4493 4496
8992 38 4485 4493 4497
8993 38 4494 4493 4496
8994 38 4494 4493 4497
8995 38 4494 4502 4505
8996 38 4494 4502 4506
8997 38 4503 4502 4505
8998 38 4503 4502 4506
8999 38 4503 4511 4514
9000 38 4503 4511 4515
