1 3 3 1 2 6
2 3 4 1 2 6
3 3 5 1 2 6
4 3 3 1 2 7
5 3 4 1 2 7
6 3 5 1 2 7
7 3 298 296 297 300
8 3 298 296 297 301
9 3 298 296 297 302
10 3 299 296 297 300
11 3 299 296 297 301
12 3 299 296 297 302
13 3 305 303 304 308
14 3 306 303 304 308
15 3 307 303 304 308
16 3 305 303 304 309
17 3 306 303 304 309
18 3 307 303 304 309
19 3 600 598 599 602
20 3 600 598 599 603
21 3 600 598 599 604
22 3 601 598 599 602
23 3 601 598 599 603
24 3 601 598 599 604
25 3 607 605 606 610
26 3 608 605 606 610
27 3 609 605 606 610
28 3 607 605 606 611
29 3 608 605 606 611
30 3 609 605 606 611
31 3 902 900 901 904
32 3 902 900 901 905
33 3 902 900 901 906
34 3 903 900 901 904
35 3 903 900 901 905
36 3 903 900 901 906
37 3 909 907 908 912
38 3 910 907 908 912
39 3 911 907 908 912
40 3 909 907 908 913
41 3 910 907 908 913
42 3 911 907 908 913
43 3 1204 1202 1203 1206
44 3 1204 1202 1203 1207
45 3 1204 1202 1203 1208
46 3 1205 1202 1203 1206
47 3 1205 1202 1203 1207
48 3 1205 1202 1203 1208
49 3 1211 1209 1210 1214
50 3 1212 1209 1210 1214
51 3 1213 1209 1210 1214
52 3 1211 1209 1210 1215
53 3 1212 1209 1210 1215
54 3 1213 1209 1210 1215
55 3 1506 1504 1505 1508
56 3 1506 1504 1505 1509
57 3 1506 1504 1505 1510
58 3 1507 1504 1505 1508
59 3 1507 1504 1505 1509
60 3 1507 1504 1505 1510
61 3 1513 1511 1512 1516
62 3 1514 1511 1512 1516
63 3 1515 1511 1512 1516
64 3 1513 1511 1512 1517
65 3 1514 1511 1512 1517
66 3 1515 1511 1512 1517
67 3 1808 1806 1807 1810
68 3 1808 1806 1807 1811
69 3 1808 1806 1807 1812
70 3 1809 1806 1807 1810
71 3 1809 1806 1807 1811
72 3 1809 1806 1807 1812
73 3 1815 1813 1814 1818
74 3 1816 1813 1814 1818
75 3 1817 1813 1814 1818
76 3 1815 1813 1814 1819
77 3 1816 1813 1814 1819
78 3 1817 1813 1814 1819
79 3 2110 2108 2109 2112
80 3 2110 2108 2109 2113
81 3 2110 2108 2109 2114
82 3 2111 2108 2109 2112
83 3 2111 2108 2109 2113
84 3 2111 2108 2109 2114
85 3 2117 2115 2116 2120
86 3 2118 2115 2116 2120
87 3 2119 2115 2116 2120
88 3 2117 2115 2116 2121
89 3 2118 2115 2116 2121
90 3 2119 2115 2116 2121
91 3 2412 2410 2411 2414
92 3 2412 2410 2411 2415
93 3 2412 2410 2411 2416
94 3 2413 2410 2411 2414
95 3 2413 2410 2411 2415
96 3 2413 2410 2411 2416
97 3 2419 2417 2418 2422
98 3 2420 2417 2418 2422
99 3 2421 2417 2418 2422
100 3 2419 2417 2418 2423
101 3 2420 2417 2418 2423
102 3 2421 2417 2418 2423
103 3 2714 2712 2713 2716
104 3 2714 2712 2713 2717
105 3 2714 2712 2713 2718
106 3 2715 2712 2713 2716
107 3 2715 2712 2713 2717
108 3 2715 2712 2713 2718
109 3 2721 2719 2720 2724
110 3 2722 2719 2720 2724
111 3 2723 2719 2720 2724
112 3 2721 2719 2720 2725
113 3 2722 2719 2720 2725
114 3 2723 2719 2720 2725
115 3 3016 3014 3015 3018
116 3 3016 3014 3015 3019
117 3 3016 3014 3015 3020
118 3 3017 3014 3015 3018
119 3 3017 3014 3015 3019
120 3 3017 3014 3015 3020
121 4 6 2 8 10
122 4 6 2 8 11
123 4 7 2 8 10
124 4 7 2 8 11
125 4 10 8 9 12
126 4 10 8 9 13
127 4 11 8 9 12
128 4 11 8 9 13
129 4 12 9 14 16
130 4 12 9 14 17
131 4 13 9 14 16
132 4 13 9 14 17
133 4 16 14 15 18
134 4 16 14 15 19
135 4 17 14 15 18
136 4 17 14 15 19
137 4 18 15 20 22
138 4 18 15 20 23
139 4 19 15 20 22
140 4 19 15 20 23
141 4 22 20 21 24
142 4 22 20 21 25
143 4 23 20 21 24
144 4 23 20 21 25
145 4 24 21 26 28
146 4 24 21 26 29
147 4 25 21 26 28
148 4 25 21 26 29
149 4 28 26 27 30
150 4 28 26 27 31
151 4 29 26 27 30
152 4 29 26 27 31
153 4 30 27 32 34
154 4 30 27 32 35
155 4 31 27 32 34
156 4 31 27 32 35
157 4 34 32 33 36
158 4 34 32 33 37
159 4 35 32 33 36
160 4 35 32 33 37
161 4 36 33 38 40
162 4 36 33 38 41
163 4 37 33 38 40
164 4 37 33 38 41
165 4 40 38 39 42
166 4 40 38 39 43
167 4 41 38 39 42
168 4 41 38 39 43
169 4 42 39 44 46
170 4 42 39 44 47
171 4 43 39 44 46
172 4 43 39 44 47
173 4 46 44 45 48
174 4 46 44 45 49
175 4 47 44 45 48
176 4 47 44 45 49
177 4 48 45 50 52
178 4 48 45 50 53
179 4 49 45 50 52
180 4 49 45 50 53
181 4 52 50 51 54
182 4 52 50 51 55
183 4 53 50 51 54
184 4 53 50 51 55
185 4 54 51 56 58
186 4 54 51 56 59
187 4 55 51 56 58
188 4 55 51 56 59
189 4 58 56 57 60
190 4 58 56 57 61
191 4 59 56 57 60
192 4 59 56 57 61
193 4 60 57 62 64
194 4 60 57 62 65
195 4 61 57 62 64
196 4 61 57 62 65
197 4 64 62 63 66
198 4 64 62 63 67
199 4 65 62 63 66
200 4 65 62 63 67
201 4 66 63 68 70
202 4 66 63 68 71
203 4 67 63 68 70
204 4 67 63 68 71
205 4 70 68 69 72
206 4 70 68 69 73
207 4 71 68 69 72
208 4 71 68 69 73
209 4 72 69 74 76
210 4 72 69 74 77
211 4 73 69 74 76
212 4 73 69 74 77
213 4 76 74 75 78
214 4 76 74 75 79
215 4 77 74 75 78
216 4 77 74 75 79
217 4 78 75 80 82
218 4 78 75 80 83
219 4 79 75 80 82
220 4 79 75 80 83
221 4 82 80 81 84
222 4 82 80 81 85
223 4 83 80 81 84
224 4 83 80 81 85
225 4 84 81 86 88
226 4 84 81 86 89
227 4 85 81 86 88
228 4 85 81 86 89
229 4 88 86 87 90
230 4 88 86 87 91
231 4 89 86 87 90
232 4 89 86 87 91
233 4 90 87 92 94
234 4 90 87 92 95
235 4 91 87 92 94
236 4 91 87 92 95
237 4 94 92 93 96
238 4 94 92 93 97
239 4 95 92 93 96
240 4 95 92 93 97
241 4 96 93 98 100
242 4 96 93 98 101
243 4 97 93 98 100
244 4 97 93 98 101
245 4 100 98 99 102
246 4 100 98 99 103
247 4 101 98 99 102
248 4 101 98 99 103
249 4 102 99 104 106
250 4 102 99 104 107
251 4 103 99 104 106
252 4 103 99 104 107
253 4 106 104 105 108
254 4 106 104 105 109
255 4 107 104 105 108
256 4 107 104 105 109
257 4 108 105 110 112
258 4 108 105 110 113
259 4 109 105 110 112
260 4 109 105 110 113
261 4 112 110 111 114
262 4 112 110 111 115
263 4 113 110 111 114
264 4 113 110 111 115
265 4 114 111 116 118
266 4 114 111 116 119
267 4 115 111 116 118
268 4 115 111 116 119
269 4 118 116 117 120
270 4 118 116 117 121
271 4 119 116 117 120
272 4 119 116 117 121
273 4 120 117 122 124
274 4 120 117 122 125
275 4 121 117 122 124
276 4 121 117 122 125
277 4 124 122 123 126
278 4 124 122 123 127
279 4 125 122 123 126
280 4 125 122 123 127
281 4 126 123 128 130
282 4 126 123 128 131
283 4 127 123 128 130
284 4 127 123 128 131
285 4 130 128 129 132
286 4 130 128 129 133
287 4 131 128 129 132
288 4 131 128 129 133
289 4 132 129 134 136
290 4 132 129 134 137
291 4 133 129 134 136
292 4 133 129 134 137
293 4 136 134 135 138
294 4 136 134 135 139
295 4 137 134 135 138
296 4 137 134 135 139
297 4 138 135 140 142
298 4 138 135 140 143
299 4 139 135 140 142
300 4 139 135 140 143
301 4 142 140 141 144
302 4 142 140 141 145
303 4 143 140 141 144
304 4 143 140 141 145
305 4 144 141 146 148
306 4 144 141 146 149
307 4 145 141 146 148
308 4 145 141 146 149
309 4 148 146 147 150
310 4 148 146 147 151
311 4 149 146 147 150
312 4 149 146 147 151
313 4 150 147 152 154
314 4 150 147 152 155
315 4 151 147 152 154
316 4 151 147 152 155
317 4 154 152 153 156
318 4 154 152 153 157
319 4 155 152 153 156
320 4 155 152 153 157
321 4 156 153 158 160
322 4 156 153 158 161
323 4 157 153 158 160
324 4 157 153 158 161
325 4 160 158 159 162
326 4 160 158 159 163
327 4 161 158 159 162
328 4 161 158 159 163
329 4 162 159 164 166
330 4 162 159 164 167
331 4 163 159 164 166
332 4 163 159 164 167
333 4 166 164 165 168
334 4 166 164 165 169
335 4 167 164 165 168
336 4 167 164 165 169
337 4 168 165 170 172
338 4 168 165 170 173
339 4 169 165 170 172
340 4 169 165 170 173
341 4 172 170 171 174
342 4 172 170 171 175
343 4 173 170 171 174
344 4 173 170 171 175
345 4 174 171 176 178
346 4 174 171 176 179
347 4 175 171 176 178
348 4 175 171 176 179
349 4 178 176 177 180
350 4 178 176 177 181
351 4 179 176 177 180
352 4 179 176 177 181
353 4 180 177 182 184
354 4 180 177 182 185
355 4 181 177 182 184
356 4 181 177 182 185
357 4 184 182 183 186
358 4 184 182 183 187
359 4 185 182 183 186
360 4 185 182 183 187
361 4 186 183 188 190
362 4 186 183 188 191
363 4 187 183 188 190
364 4 187 183 188 191
365 4 190 188 189 192
366 4 190 188 189 193
367 4 191 188 189 192
368 4 191 188 189 193
369 4 192 189 194 196
370 4 192 189 194 197
371 4 193 189 194 196
372 4 193 189 194 197
373 4 196 194 195 198
374 4 196 194 195 199
375 4 197 194 195 198
376 4 197 194 195 199
377 4 198 195 200 202
378 4 198 195 200 203
379 4 199 195 200 202
380 4 199 195 200 203
381 4 202 200 201 204
382 4 202 200 201 205
383 4 203 200 201 204
384 4 203 200 201 205
385 4 204 201 206 208
386 4 204 201 206 209
387 4 205 201 206 208
388 4 205 201 206 209
389 4 208 206 207 210
390 4 208 206 207 211
391 4 209 206 207 210
392 4 209 206 207 211
393 4 210 207 212 214
394 4 210 207 212 215
395 4 211 207 212 214
396 4 211 207 212 215
397 4 214 212 213 216
398 4 214 212 213 217
399 4 215 212 213 216
400 4 215 212 213 217
401 4 216 213 218 220
402 4 216 213 218 221
403 4 217 213 218 220
404 4 217 213 218 221
405 4 220 218 219 222
406 4 220 218 219 223
407 4 221 218 219 222
408 4 221 218 219 223
409 4 222 219 224 226
410 4 222 219 224 227
411 4 223 219 224 226
412 4 223 219 224 227
413 4 226 224 225 228
414 4 226 224 225 229
415 4 227 224 225 228
416 4 227 224 225 229
417 4 228 225 230 232
418 4 228 225 230 233
419 4 229 225 230 232
420 4 229 225 230 233
421 4 232 230 231 234
422 4 232 230 231 235
423 4 233 230 231 234
424 4 233 230 231 235
425 4 234 231 236 238
426 4 234 231 236 239
427 4 235 231 236 238
428 4 235 231 236 239
429 4 238 236 237 240
430 4 238 236 237 241
431 4 239 236 237 240
432 4 239 236 237 241
433 4 240 237 242 244
434 4 240 237 242 245
435 4 241 237 242 244
436 4 241 237 242 245
437 4 244 242 243 246
438 4 244 242 243 247
439 4 245 242 243 246
440 4 245 242 243 247
441 4 246 243 248 250
442 4 246 243 248 251
443 4 247 243 248 250
444 4 247 243 248 251
445 4 250 248 249 252
446 4 250 248 249 253
447 4 251 248 249 252
448 4 251 248 249 253
449 4 252 249 254 256
450 4 252 249 254 257
451 4 253 249 254 256
452 4 253 249 254 257
453 4 256 254 255 258
454 4 256 254 255 259
455 4 257 254 255 258
456 4 257 254 255 259
457 4 258 255 260 262
458 4 258 255 260 263
459 4 259 255 260 262
460 4 259 255 260 263
461 4 262 260 261 264
462 4 262 260 261 265
463 4 263 260 261 264
464 4 263 260 261 265
465 4 264 261 266 268
466 4 264 261 266 269
467 4 265 261 266 268
468 4 265 261 266 269
469 4 268 266 267 270
470 4 268 266 267 271
471 4 269 266 267 270
472 4 269 266 267 271
473 4 270 267 272 274
474 4 270 267 272 275
475 4 271 267 272 274
476 4 271 267 272 275
477 4 274 272 273 276
478 4 274 272 273 277
479 4 275 272 273 276
480 4 275 272 273 277
481 4 276 273 278 280
482 4 276 273 278 281
483 4 277 273 278 280
484 4 277 273 278 281
485 4 280 278 279 282
486 4 280 278 279 283
487 4 281 278 279 282
488 4 281 278 279 283
489 4 282 279 284 286
490 4 282 279 284 287
491 4 283 279 284 286
492 4 283 279 284 287
493 4 286 284 285 288
494 4 286 284 285 289
495 4 287 284 285 288
496 4 287 284 285 289
497 4 288 285 290 292
498 4 288 285 290 293
499 4 289 285 290 292
500 4 289 285 290 293
501 4 292 290 291 294
502 4 292 290 291 295
503 4 293 290 291 294
504 4 293 290 291 295
505 4 294 291 296 298
506 4 294 291 296 299
507 4 295 291 296 298
508 4 295 291 296 299
509 4 308 304 310 312
510 4 308 304 310 313
511 4 309 304 310 312
512 4 309 304 310 313
513 4 312 310 311 314
514 4 312 310 311 315
515 4 313 310 311 314
516 4 313 310 311 315
517 4 314 311 316 318
518 4 314 311 316 319
519 4 315 311 316 318
520 4 315 311 316 319
521 4 318 316 317 320
522 4 318 316 317 321
523 4 319 316 317 320
524 4 319 316 317 321
525 4 320 317 322 324
526 4 320 317 322 325
527 4 321 317 322 324
528 4 321 317 322 325
529 4 324 322 323 326
530 4 324 322 323 327
531 4 325 322 323 326
532 4 325 322 323 327
533 4 326 323 328 330
534 4 326 323 328 331
535 4 327 323 328 330
536 4 327 323 328 331
537 4 330 328 329 332
538 4 330 328 329 333
539 4 331 328 329 332
540 4 331 328 329 333
541 4 332 329 334 336
542 4 332 329 334 337
543 4 333 329 334 336
544 4 333 329 334 337
545 4 336 334 335 338
546 4 336 334 335 339
547 4 337 334 335 338
548 4 337 334 335 339
549 4 338 335 340 342
550 4 338 335 340 343
551 4 339 335 340 342
552 4 339 335 340 343
553 4 342 340 341 344
554 4 342 340 341 345
555 4 343 340 341 344
556 4 343 340 341 345
557 4 344 341 346 348
558 4 344 341 346 349
559 4 345 341 346 348
560 4 345 341 346 349
561 4 348 346 347 350
562 4 348 346 347 351
563 4 349 346 347 350
564 4 349 346 347 351
565 4 350 347 352 354
566 4 350 347 352 355
567 4 351 347 352 354
568 4 351 347 352 355
569 4 354 352 353 356
570 4 354 352 353 357
571 4 355 352 353 356
572 4 355 352 353 357
573 4 356 353 358 360
574 4 356 353 358 361
575 4 357 353 358 360
576 4 357 353 358 361
577 4 360 358 359 362
578 4 360 358 359 363
579 4 361 358 359 362
580 4 361 358 359 363
581 4 362 359 364 366
582 4 362 359 364 367
583 4 363 359 364 366
584 4 363 359 364 367
585 4 366 364 365 368
586 4 366 364 365 369
587 4 367 364 365 368
588 4 367 364 365 369
589 4 368 365 370 372
590 4 368 365 370 373
591 4 369 365 370 372
592 4 369 365 370 373
593 4 372 370 371 374
594 4 372 370 371 375
595 4 373 370 371 374
596 4 373 370 371 375
597 4 374 371 376 378
598 4 374 371 376 379
599 4 375 371 376 378
600 4 375 371 376 379
601 4 378 376 377 380
602 4 378 376 377 381
603 4 379 376 377 380
604 4 379 376 377 381
605 4 380 377 382 384
606 4 380 377 382 385
607 4 381 377 382 384
608 4 381 377 382 385
609 4 384 382 383 386
610 4 384 382 383 387
611 4 385 382 383 386
612 4 385 382 383 387
613 4 386 383 388 390
614 4 386 383 388 391
615 4 387 383 388 390
616 4 387 383 388 391
617 4 390 388 389 392
618 4 390 388 389 393
619 4 391 388 389 392
620 4 391 388 389 393
621 4 392 389 394 396
622 4 392 389 394 397
623 4 393 389 394 396
624 4 393 389 394 397
625 4 396 394 395 398
626 4 396 394 395 399
627 4 397 394 395 398
628 4 397 394 395 399
629 4 398 395 400 402
630 4 398 395 400 403
631 4 399 395 400 402
632 4 399 395 400 403
633 4 402 400 401 404
634 4 402 400 401 405
635 4 403 400 401 404
636 4 403 400 401 405
637 4 404 401 406 408
638 4 404 401 406 409
639 4 405 401 406 408
640 4 405 401 406 409
641 4 408 406 407 410
642 4 408 406 407 411
643 4 409 406 407 410
644 4 409 406 407 411
645 4 410 407 412 414
646 4 410 407 412 415
647 4 411 407 412 414
648 4 411 407 412 415
649 4 414 412 413 416
650 4 414 412 413 417
651 4 415 412 413 416
652 4 415 412 413 417
653 4 416 413 418 420
654 4 416 413 418 421
655 4 417 413 418 420
656 4 417 413 418 421
657 4 420 418 419 422
658 4 420 418 419 423
659 4 421 418 419 422
660 4 421 418 419 423
661 4 422 419 424 426
662 4 422 419 424 427
663 4 423 419 424 426
664 4 423 419 424 427
665 4 426 424 425 428
666 4 426 424 425 429
667 4 427 424 425 428
668 4 427 424 425 429
669 4 428 425 430 432
670 4 428 425 430 433
671 4 429 425 430 432
672 4 429 425 430 433
673 4 432 430 431 434
674 4 432 430 431 435
675 4 433 430 431 434
676 4 433 430 431 435
677 4 434 431 436 438
678 4 434 431 436 439
679 4 435 431 436 438
680 4 435 431 436 439
681 4 438 436 437 440
682 4 438 436 437 441
683 4 439 436 437 440
684 4 439 436 437 441
685 4 440 437 442 444
686 4 440 437 442 445
687 4 441 437 442 444
688 4 441 437 442 445
689 4 444 442 443 446
690 4 444 442 443 447
691 4 445 442 443 446
692 4 445 442 443 447
693 4 446 443 448 450
694 4 446 443 448 451
695 4 447 443 448 450
696 4 447 443 448 451
697 4 450 448 449 452
698 4 450 448 449 453
699 4 451 448 449 452
700 4 451 448 449 453
701 4 452 449 454 456
702 4 452 449 454 457
703 4 453 449 454 456
704 4 453 449 454 457
705 4 456 454 455 458
706 4 456 454 455 459
707 4 457 454 455 458
708 4 457 454 455 459
709 4 458 455 460 462
710 4 458 455 460 463
711 4 459 455 460 462
712 4 459 455 460 463
713 4 462 460 461 464
714 4 462 460 461 465
715 4 463 460 461 464
716 4 463 460 461 465
717 4 464 461 466 468
718 4 464 461 466 469
719 4 465 461 466 468
720 4 465 461 466 469
721 4 468 466 467 470
722 4 468 466 467 471
723 4 469 466 467 470
724 4 469 466 467 471
725 4 470 467 472 474
726 4 470 467 472 475
727 4 471 467 472 474
728 4 471 467 472 475
729 4 474 472 473 476
730 4 474 472 473 477
731 4 475 472 473 476
732 4 475 472 473 477
733 4 476 473 478 480
734 4 476 473 478 481
735 4 477 473 478 480
736 4 477 473 478 481
737 4 480 478 479 482
738 4 480 478 479 483
739 4 481 478 479 482
740 4 481 478 479 483
741 4 482 479 484 486
742 4 482 479 484 487
743 4 483 479 484 486
744 4 483 479 484 487
745 4 486 484 485 488
746 4 486 484 485 489
747 4 487 484 485 488
748 4 487 484 485 489
749 4 488 485 490 492
750 4 488 485 490 493
751 4 489 485 490 492
752 4 489 485 490 493
753 4 492 490 491 494
754 4 492 490 491 495
755 4 493 490 491 494
756 4 493 490 491 495
757 4 494 491 496 498
758 4 494 491 496 499
759 4 495 491 496 498
760 4 495 491 496 499
761 4 498 496 497 500
762 4 498 496 497 501
763 4 499 496 497 500
764 4 499 496 497 501
765 4 500 497 502 504
766 4 500 497 502 505
767 4 501 497 502 504
768 4 501 497 502 505
769 4 504 502 503 506
770 4 504 502 503 507
771 4 505 502 503 506
772 4 505 502 503 507
773 4 506 503 508 510
774 4 506 503 508 511
775 4 507 503 508 510
776 4 507 503 508 511
777 4 510 508 509 512
778 4 510 508 509 513
779 4 511 508 509 512
780 4 511 508 509 513
781 4 512 509 514 516
782 4 512 509 514 517
783 4 513 509 514 516
784 4 513 509 514 517
785 4 516 514 515 518
786 4 516 514 515 519
787 4 517 514 515 518
788 4 517 514 515 519
789 4 518 515 520 522
790 4 518 515 520 523
791 4 519 515 520 522
792 4 519 515 520 523
793 4 522 520 521 524
794 4 522 520 521 525
795 4 523 520 521 524
796 4 523 520 521 525
797 4 524 521 526 528
798 4 524 521 526 529
799 4 525 521 526 528
800 4 525 521 526 529
801 4 528 526 527 530
802 4 528 526 527 531
803 4 529 526 527 530
804 4 529 526 527 531
805 4 530 527 532 534
806 4 530 527 532 535
807 4 531 527 532 534
808 4 531 527 532 535
809 4 534 532 533 536
810 4 534 532 533 537
811 4 535 532 533 536
812 4 535 532 533 537
813 4 536 533 538 540
814 4 536 533 538 541
815 4 537 533 538 540
816 4 537 533 538 541
817 4 540 538 539 542
818 4 540 538 539 543
819 4 541 538 539 542
820 4 541 538 539 543
821 4 542 539 544 546
822 4 542 539 544 547
823 4 543 539 544 546
824 4 543 539 544 547
825 4 546 544 545 548
826 4 546 544 545 549
827 4 547 544 545 548
828 4 547 544 545 549
829 4 548 545 550 552
830 4 548 545 550 553
831 4 549 545 550 552
832 4 549 545 550 553
833 4 552 550 551 554
834 4 552 550 551 555
835 4 553 550 551 554
836 4 553 550 551 555
837 4 554 551 556 558
838 4 554 551 556 559
839 4 555 551 556 558
840 4 555 551 556 559
841 4 558 556 557 560
842 4 558 556 557 561
843 4 559 556 557 560
844 4 559 556 557 561
845 4 560 557 562 564
846 4 560 557 562 565
847 4 561 557 562 564
848 4 561 557 562 565
849 4 564 562 563 566
850 4 564 562 563 567
851 4 565 562 563 566
852 4 565 562 563 567
853 4 566 563 568 570
854 4 566 563 568 571
855 4 567 563 568 570
856 4 567 563 568 571
857 4 570 568 569 572
858 4 570 568 569 573
859 4 571 568 569 572
860 4 571 568 569 573
861 4 572 569 574 576
862 4 572 569 574 577
863 4 573 569 574 576
864 4 573 569 574 577
865 4 576 574 575 578
866 4 576 574 575 579
867 4 577 574 575 578
868 4 577 574 575 579
869 4 578 575 580 582
870 4 578 575 580 583
871 4 579 575 580 582
872 4 579 575 580 583
873 4 582 580 581 584
874 4 582 580 581 585
875 4 583 580 581 584
876 4 583 580 581 585
877 4 584 581 586 588
878 4 584 581 586 589
879 4 585 581 586 588
880 4 585 581 586 589
881 4 588 586 587 590
882 4 588 586 587 591
883 4 589 586 587 590
884 4 589 586 587 591
885 4 590 587 592 594
886 4 590 587 592 595
887 4 591 587 592 594
888 4 591 587 592 595
889 4 594 592 593 596
890 4 594 592 593 597
891 4 595 592 593 596
892 4 595 592 593 597
893 4 596 593 598 600
894 4 596 593 598 601
895 4 597 593 598 600
896 4 597 593 598 601
897 4 610 606 612 614
898 4 610 606 612 615
899 4 611 606 612 614
900 4 611 606 612 615
901 4 614 612 613 616
902 4 614 612 613 617
903 4 615 612 613 616
904 4 615 612 613 617
905 4 616 613 618 620
906 4 616 613 618 621
907 4 617 613 618 620
908 4 617 613 618 621
909 4 620 618 619 622
910 4 620 618 619 623
911 4 621 618 619 622
912 4 621 618 619 623
913 4 622 619 624 626
914 4 622 619 624 627
915 4 623 619 624 626
916 4 623 619 624 627
917 4 626 624 625 628
918 4 626 624 625 629
919 4 627 624 625 628
920 4 627 624 625 629
921 4 628 625 630 632
922 4 628 625 630 633
923 4 629 625 630 632
924 4 629 625 630 633
925 4 632 630 631 634
926 4 632 630 631 635
927 4 633 630 631 634
928 4 633 630 631 635
929 4 634 631 636 638
930 4 634 631 636 639
931 4 635 631 636 638
932 4 635 631 636 639
933 4 638 636 637 640
934 4 638 636 637 641
935 4 639 636 637 640
936 4 639 636 637 641
937 4 640 637 642 644
938 4 640 637 642 645
939 4 641 637 642 644
940 4 641 637 642 645
941 4 644 642 643 646
942 4 644 642 643 647
943 4 645 642 643 646
944 4 645 642 643 647
945 4 646 643 648 650
946 4 646 643 648 651
947 4 647 643 648 650
948 4 647 643 648 651
949 4 650 648 649 652
950 4 650 648 649 653
951 4 651 648 649 652
952 4 651 648 649 653
953 4 652 649 654 656
954 4 652 649 654 657
955 4 653 649 654 656
956 4 653 649 654 657
957 4 656 654 655 658
958 4 656 654 655 659
959 4 657 654 655 658
960 4 657 654 655 659
961 4 658 655 660 662
962 4 658 655 660 663
963 4 659 655 660 662
964 4 659 655 660 663
965 4 662 660 661 664
966 4 662 660 661 665
967 4 663 660 661 664
968 4 663 660 661 665
969 4 664 661 666 668
970 4 664 661 666 669
971 4 665 661 666 668
972 4 665 661 666 669
973 4 668 666 667 670
974 4 668 666 667 671
975 4 669 666 667 670
976 4 669 666 667 671
977 4 670 667 672 674
978 4 670 667 672 675
979 4 671 667 672 674
980 4 671 667 672 675
981 4 674 672 673 676
982 4 674 672 673 677
983 4 675 672 673 676
984 4 675 672 673 677
985 4 676 673 678 680
986 4 676 673 678 681
987 4 677 673 678 680
988 4 677 673 678 681
989 4 680 678 679 682
990 4 680 678 679 683
991 4 681 678 679 682
992 4 681 678 679 683
993 4 682 679 684 686
994 4 682 679 684 687
995 4 683 679 684 686
996 4 683 679 684 687
997 4 686 684 685 688
998 4 686 684 685 689
999 4 687 684 685 688
1000 4 687 684 685 689
1001 4 688 685 690 692
1002 4 688 685 690 693
1003 4 689 685 690 692
1004 4 689 685 690 693
1005 4 692 690 691 694
1006 4 692 690 691 695
1007 4 693 690 691 694
1008 4 693 690 691 695
1009 4 694 691 696 698
1010 4 694 691 696 699
1011 4 695 691 696 698
1012 4 695 691 696 699
1013 4 698 696 697 700
1014 4 698 696 697 701
1015 4 699 696 697 700
1016 4 699 696 697 701
1017 4 700 697 702 704
1018 4 700 697 702 705
1019 4 701 697 702 704
1020 4 701 697 702 705
1021 4 704 702 703 706
1022 4 704 702 703 707
1023 4 705 702 703 706
1024 4 705 702 703 707
1025 4 706 703 708 710
1026 4 706 703 708 711
1027 4 707 703 708 710
1028 4 707 703 708 711
1029 4 710 708 709 712
1030 4 710 708 709 713
1031 4 711 708 709 712
1032 4 711 708 709 713
1033 4 712 709 714 716
1034 4 712 709 714 717
1035 4 713 709 714 716
1036 4 713 709 714 717
1037 4 716 714 715 718
1038 4 716 714 715 719
1039 4 717 714 715 718
1040 4 717 714 715 719
1041 4 718 715 720 722
1042 4 718 715 720 723
1043 4 719 715 720 722
1044 4 719 715 720 723
1045 4 722 720 721 724
1046 4 722 720 721 725
1047 4 723 720 721 724
1048 4 723 720 721 725
1049 4 724 721 726 728
1050 4 724 721 726 729
1051 4 725 721 726 728
1052 4 725 721 726 729
1053 4 728 726 727 730
1054 4 728 726 727 731
1055 4 729 726 727 730
1056 4 729 726 727 731
1057 4 730 727 732 734
1058 4 730 727 732 735
1059 4 731 727 732 734
1060 4 731 727 732 735
1061 4 734 732 733 736
1062 4 734 732 733 737
1063 4 735 732 733 736
1064 4 735 732 733 737
1065 4 736 733 738 740
1066 4 736 733 738 741
1067 4 737 733 738 740
1068 4 737 733 738 741
1069 4 740 738 739 742
1070 4 740 738 739 743
1071 4 741 738 739 742
1072 4 741 738 739 743
1073 4 742 739 744 746
1074 4 742 739 744 747
1075 4 743 739 744 746
1076 4 743 739 744 747
1077 4 746 744 745 748
1078 4 746 744 745 749
1079 4 747 744 745 748
1080 4 747 744 745 749
1081 4 748 745 750 752
1082 4 748 745 750 753
1083 4 749 745 750 752
1084 4 749 745 750 753
1085 4 752 750 751 754
1086 4 752 750 751 755
1087 4 753 750 751 754
1088 4 753 750 751 755
1089 4 754 751 756 758
1090 4 754 751 756 759
1091 4 755 751 756 758
1092 4 755 751 756 759
1093 4 758 756 757 760
1094 4 758 756 757 761
1095 4 759 756 757 760
1096 4 759 756 757 761
1097 4 760 757 762 764
1098 4 760 757 762 765
1099 4 761 757 762 764
1100 4 761 757 762 765
1101 4 764 762 763 766
1102 4 764 762 763 767
1103 4 765 762 763 766
1104 4 765 762 763 767
1105 4 766 763 768 770
1106 4 766 763 768 771
1107 4 767 763 768 770
1108 4 767 763 768 771
1109 4 770 768 769 772
1110 4 770 768 769 773
1111 4 771 768 769 772
1112 4 771 768 769 773
1113 4 772 769 774 776
1114 4 772 769 774 777
1115 4 773 769 774 776
1116 4 773 769 774 777
1117 4 776 774 775 778
1118 4 776 774 775 779
1119 4 777 774 775 778
1120 4 777 774 775 779
1121 4 778 775 780 782
1122 4 778 775 780 783
1123 4 779 775 780 782
1124 4 779 775 780 783
1125 4 782 780 781 784
1126 4 782 780 781 785
1127 4 783 780 781 784
1128 4 783 780 781 785
1129 4 784 781 786 788
1130 4 784 781 786 789
1131 4 785 781 786 788
1132 4 785 781 786 789
1133 4 788 786 787 790
1134 4 788 786 787 791
1135 4 789 786 787 790
1136 4 789 786 787 791
1137 4 790 787 792 794
1138 4 790 787 792 795
1139 4 791 787 792 794
1140 4 791 787 792 795
1141 4 794 792 793 796
1142 4 794 792 793 797
1143 4 795 792 793 796
1144 4 795 792 793 797
1145 4 796 793 798 800
1146 4 796 793 798 801
1147 4 797 793 798 800
1148 4 797 793 798 801
1149 4 800 798 799 802
1150 4 800 798 799 803
1151 4 801 798 799 802
1152 4 801 798 799 803
1153 4 802 799 804 806
1154 4 802 799 804 807
1155 4 803 799 804 806
1156 4 803 799 804 807
1157 4 806 804 805 808
1158 4 806 804 805 809
1159 4 807 804 805 808
1160 4 807 804 805 809
1161 4 808 805 810 812
1162 4 808 805 810 813
1163 4 809 805 810 812
1164 4 809 805 810 813
1165 4 812 810 811 814
1166 4 812 810 811 815
1167 4 813 810 811 814
1168 4 813 810 811 815
1169 4 814 811 816 818
1170 4 814 811 816 819
1171 4 815 811 816 818
1172 4 815 811 816 819
1173 4 818 816 817 820
1174 4 818 816 817 821
1175 4 819 816 817 820
1176 4 819 816 817 821
1177 4 820 817 822 824
1178 4 820 817 822 825
1179 4 821 817 822 824
1180 4 821 817 822 825
1181 4 824 822 823 826
1182 4 824 822 823 827
1183 4 825 822 823 826
1184 4 825 822 823 827
1185 4 826 823 828 830
1186 4 826 823 828 831
1187 4 827 823 828 830
1188 4 827 823 828 831
1189 4 830 828 829 832
1190 4 830 828 829 833
1191 4 831 828 829 832
1192 4 831 828 829 833
1193 4 832 829 834 836
1194 4 832 829 834 837
1195 4 833 829 834 836
1196 4 833 829 834 837
1197 4 836 834 835 838
1198 4 836 834 835 839
1199 4 837 834 835 838
1200 4 837 834 835 839
1201 4 838 835 840 842
1202 4 838 835 840 843
1203 4 839 835 840 842
1204 4 839 835 840 843
1205 4 842 840 841 844
1206 4 842 840 841 845
1207 4 843 840 841 844
1208 4 843 840 841 845
1209 4 844 841 846 848
1210 4 844 841 846 849
1211 4 845 841 846 848
1212 4 845 841 846 849
1213 4 848 846 847 850
1214 4 848 846 847 851
1215 4 849 846 847 850
1216 4 849 846 847 851
1217 4 850 847 852 854
1218 4 850 847 852 855
1219 4 851 847 852 854
1220 4 851 847 852 855
1221 4 854 852 853 856
1222 4 854 852 853 857
1223 4 855 852 853 856
1224 4 855 852 853 857
1225 4 856 853 858 860
1226 4 856 853 858 861
1227 4 857 853 858 860
1228 4 857 853 858 861
1229 4 860 858 859 862
1230 4 860 858 859 863
1231 4 861 858 859 862
1232 4 861 858 859 863
1233 4 862 859 864 866
1234 4 862 859 864 867
1235 4 863 859 864 866
1236 4 863 859 864 867
1237 4 866 864 865 868
1238 4 866 864 865 869
1239 4 867 864 865 868
1240 4 867 864 865 869
1241 4 868 865 870 872
1242 4 868 865 870 873
1243 4 869 865 870 872
1244 4 869 865 870 873
1245 4 872 870 871 874
1246 4 872 870 871 875
1247 4 873 870 871 874
1248 4 873 870 871 875
1249 4 874 871 876 878
1250 4 874 871 876 879
1251 4 875 871 876 878
1252 4 875 871 876 879
1253 4 878 876 877 880
1254 4 878 876 877 881
1255 4 879 876 877 880
1256 4 879 876 877 881
1257 4 880 877 882 884
1258 4 880 877 882 885
1259 4 881 877 882 884
1260 4 881 877 882 885
1261 4 884 882 883 886
1262 4 884 882 883 887
1263 4 885 882 883 886
1264 4 885 882 883 887
1265 4 886 883 888 890
1266 4 886 883 888 891
1267 4 887 883 888 890
1268 4 887 883 888 891
1269 4 890 888 889 892
1270 4 890 888 889 893
1271 4 891 888 889 892
1272 4 891 888 889 893
1273 4 892 889 894 896
1274 4 892 889 894 897
1275 4 893 889 894 896
1276 4 893 889 894 897
1277 4 896 894 895 898
1278 4 896 894 895 899
1279 4 897 894 895 898
1280 4 897 894 895 899
1281 4 898 895 900 902
1282 4 898 895 900 903
1283 4 899 895 900 902
1284 4 899 895 900 903
1285 4 912 908 914 916
1286 4 912 908 914 917
1287 4 913 908 914 916
1288 4 913 908 914 917
1289 4 916 914 915 918
1290 4 916 914 915 919
1291 4 917 914 915 918
1292 4 917 914 915 919
1293 4 918 915 920 922
1294 4 918 915 920 923
1295 4 919 915 920 922
1296 4 919 915 920 923
1297 4 922 920 921 924
1298 4 922 920 921 925
1299 4 923 920 921 924
1300 4 923 920 921 925
1301 4 924 921 926 928
1302 4 924 921 926 929
1303 4 925 921 926 928
1304 4 925 921 926 929
1305 4 928 926 927 930
1306 4 928 926 927 931
1307 4 929 926 927 930
1308 4 929 926 927 931
1309 4 930 927 932 934
1310 4 930 927 932 935
1311 4 931 927 932 934
1312 4 931 927 932 935
1313 4 934 932 933 936
1314 4 934 932 933 937
1315 4 935 932 933 936
1316 4 935 932 933 937
1317 4 936 933 938 940
1318 4 936 933 938 941
1319 4 937 933 938 940
1320 4 937 933 938 941
1321 4 940 938 939 942
1322 4 940 938 939 943
1323 4 941 938 939 942
1324 4 941 938 939 943
1325 4 942 939 944 946
1326 4 942 939 944 947
1327 4 943 939 944 946
1328 4 943 939 944 947
1329 4 946 944 945 948
1330 4 946 944 945 949
1331 4 947 944 945 948
1332 4 947 944 945 949
1333 4 948 945 950 952
1334 4 948 945 950 953
1335 4 949 945 950 952
1336 4 949 945 950 953
1337 4 952 950 951 954
1338 4 952 950 951 955
1339 4 953 950 951 954
1340 4 953 950 951 955
1341 4 954 951 956 958
1342 4 954 951 956 959
1343 4 955 951 956 958
1344 4 955 951 956 959
1345 4 958 956 957 960
1346 4 958 956 957 961
1347 4 959 956 957 960
1348 4 959 956 957 961
1349 4 960 957 962 964
1350 4 960 957 962 965
1351 4 961 957 962 964
1352 4 961 957 962 965
1353 4 964 962 963 966
1354 4 964 962 963 967
1355 4 965 962 963 966
1356 4 965 962 963 967
1357 4 966 963 968 970
1358 4 966 963 968 971
1359 4 967 963 968 970
1360 4 967 963 968 971
1361 4 970 968 969 972
1362 4 970 968 969 973
1363 4 971 968 969 972
1364 4 971 968 969 973
1365 4 972 969 974 976
1366 4 972 969 974 977
1367 4 973 969 974 976
1368 4 973 969 974 977
1369 4 976 974 975 978
1370 4 976 974 975 979
1371 4 977 974 975 978
1372 4 977 974 975 979
1373 4 978 975 980 982
1374 4 978 975 980 983
1375 4 979 975 980 982
1376 4 979 975 980 983
1377 4 982 980 981 984
1378 4 982 980 981 985
1379 4 983 980 981 984
1380 4 983 980 981 985
1381 4 984 981 986 988
1382 4 984 981 986 989
1383 4 985 981 986 988
1384 4 985 981 986 989
1385 4 988 986 987 990
1386 4 988 986 987 991
1387 4 989 986 987 990
1388 4 989 986 987 991
1389 4 990 987 992 994
1390 4 990 987 992 995
1391 4 991 987 992 994
1392 4 991 987 992 995
1393 4 994 992 993 996
1394 4 994 992 993 997
1395 4 995 992 993 996
1396 4 995 992 993 997
1397 4 996 993 998 1000
1398 4 996 993 998 1001
1399 4 997 993 998 1000
1400 4 997 993 998 1001
1401 4 1000 998 999 1002
1402 4 1000 998 999 1003
1403 4 1001 998 999 1002
1404 4 1001 998 999 1003
1405 4 1002 999 1004 1006
1406 4 1002 999 1004 1007
1407 4 1003 999 1004 1006
1408 4 1003 999 1004 1007
1409 4 1006 1004 1005 1008
1410 4 1006 1004 1005 1009
1411 4 1007 1004 1005 1008
1412 4 1007 1004 1005 1009
1413 4 1008 1005 1010 1012
1414 4 1008 1005 1010 1013
1415 4 1009 1005 1010 1012
1416 4 1009 1005 1010 1013
1417 4 1012 1010 1011 1014
1418 4 1012 1010 1011 1015
1419 4 1013 1010 1011 1014
1420 4 1013 1010 1011 1015
1421 4 1014 1011 1016 1018
1422 4 1014 1011 1016 1019
1423 4 1015 1011 1016 1018
1424 4 1015 1011 1016 1019
1425 4 1018 1016 1017 1020
1426 4 1018 1016 1017 1021
1427 4 1019 1016 1017 1020
1428 4 1019 1016 1017 1021
1429 4 1020 1017 1022 1024
1430 4 1020 1017 1022 1025
1431 4 1021 1017 1022 1024
1432 4 1021 1017 1022 1025
1433 4 1024 1022 1023 1026
1434 4 1024 1022 1023 1027
1435 4 1025 1022 1023 1026
1436 4 1025 1022 1023 1027
1437 4 1026 1023 1028 1030
1438 4 1026 1023 1028 1031
1439 4 1027 1023 1028 1030
1440 4 1027 1023 1028 1031
1441 4 1030 1028 1029 1032
1442 4 1030 1028 1029 1033
1443 4 1031 1028 1029 1032
1444 4 1031 1028 1029 1033
1445 4 1032 1029 1034 1036
1446 4 1032 1029 1034 1037
1447 4 1033 1029 1034 1036
1448 4 1033 1029 1034 1037
1449 4 1036 1034 1035 1038
1450 4 1036 1034 1035 1039
1451 4 1037 1034 1035 1038
1452 4 1037 1034 1035 1039
1453 4 1038 1035 1040 1042
1454 4 1038 1035 1040 1043
1455 4 1039 1035 1040 1042
1456 4 1039 1035 1040 1043
1457 4 1042 1040 1041 1044
1458 4 1042 1040 1041 1045
1459 4 1043 1040 1041 1044
1460 4 1043 1040 1041 1045
1461 4 1044 1041 1046 1048
1462 4 1044 1041 1046 1049
1463 4 1045 1041 1046 1048
1464 4 1045 1041 1046 1049
1465 4 1048 1046 1047 1050
1466 4 1048 1046 1047 1051
1467 4 1049 1046 1047 1050
1468 4 1049 1046 1047 1051
1469 4 1050 1047 1052 1054
1470 4 1050 1047 1052 1055
1471 4 1051 1047 1052 1054
1472 4 1051 1047 1052 1055
1473 4 1054 1052 1053 1056
1474 4 1054 1052 1053 1057
1475 4 1055 1052 1053 1056
1476 4 1055 1052 1053 1057
1477 4 1056 1053 1058 1060
1478 4 1056 1053 1058 1061
1479 4 1057 1053 1058 1060
1480 4 1057 1053 1058 1061
1481 4 1060 1058 1059 1062
1482 4 1060 1058 1059 1063
1483 4 1061 1058 1059 1062
1484 4 1061 1058 1059 1063
1485 4 1062 1059 1064 1066
1486 4 1062 1059 1064 1067
1487 4 1063 1059 1064 1066
1488 4 1063 1059 1064 1067
1489 4 1066 1064 1065 1068
1490 4 1066 1064 1065 1069
1491 4 1067 1064 1065 1068
1492 4 1067 1064 1065 1069
1493 4 1068 1065 1070 1072
1494 4 1068 1065 1070 1073
1495 4 1069 1065 1070 1072
1496 4 1069 1065 1070 1073
1497 4 1072 1070 1071 1074
1498 4 1072 1070 1071 1075
1499 4 1073 1070 1071 1074
1500 4 1073 1070 1071 1075
1501 4 1074 1071 1076 1078
1502 4 1074 1071 1076 1079
1503 4 1075 1071 1076 1078
1504 4 1075 1071 1076 1079
1505 4 1078 1076 1077 1080
1506 4 1078 1076 1077 1081
1507 4 1079 1076 1077 1080
1508 4 1079 1076 1077 1081
1509 4 1080 1077 1082 1084
1510 4 1080 1077 1082 1085
1511 4 1081 1077 1082 1084
1512 4 1081 1077 1082 1085
1513 4 1084 1082 1083 1086
1514 4 1084 1082 1083 1087
1515 4 1085 1082 1083 1086
1516 4 1085 1082 1083 1087
1517 4 1086 1083 1088 1090
1518 4 1086 1083 1088 1091
1519 4 1087 1083 1088 1090
1520 4 1087 1083 1088 1091
1521 4 1090 1088 1089 1092
1522 4 1090 1088 1089 1093
1523 4 1091 1088 1089 1092
1524 4 1091 1088 1089 1093
1525 4 1092 1089 1094 1096
1526 4 1092 1089 1094 1097
1527 4 1093 1089 1094 1096
1528 4 1093 1089 1094 1097
1529 4 1096 1094 1095 1098
1530 4 1096 1094 1095 1099
1531 4 1097 1094 1095 1098
1532 4 1097 1094 1095 1099
1533 4 1098 1095 1100 1102
1534 4 1098 1095 1100 1103
1535 4 1099 1095 1100 1102
1536 4 1099 1095 1100 1103
1537 4 1102 1100 1101 1104
1538 4 1102 1100 1101 1105
1539 4 1103 1100 1101 1104
1540 4 1103 1100 1101 1105
1541 4 1104 1101 1106 1108
1542 4 1104 1101 1106 1109
1543 4 1105 1101 1106 1108
1544 4 1105 1101 1106 1109
1545 4 1108 1106 1107 1110
1546 4 1108 1106 1107 1111
1547 4 1109 1106 1107 1110
1548 4 1109 1106 1107 1111
1549 4 1110 1107 1112 1114
1550 4 1110 1107 1112 1115
1551 4 1111 1107 1112 1114
1552 4 1111 1107 1112 1115
1553 4 1114 1112 1113 1116
1554 4 1114 1112 1113 1117
1555 4 1115 1112 1113 1116
1556 4 1115 1112 1113 1117
1557 4 1116 1113 1118 1120
1558 4 1116 1113 1118 1121
1559 4 1117 1113 1118 1120
1560 4 1117 1113 1118 1121
1561 4 1120 1118 1119 1122
1562 4 1120 1118 1119 1123
1563 4 1121 1118 1119 1122
1564 4 1121 1118 1119 1123
1565 4 1122 1119 1124 1126
1566 4 1122 1119 1124 1127
1567 4 1123 1119 1124 1126
1568 4 1123 1119 1124 1127
1569 4 1126 1124 1125 1128
1570 4 1126 1124 1125 1129
1571 4 1127 1124 1125 1128
1572 4 1127 1124 1125 1129
1573 4 1128 1125 1130 1132
1574 4 1128 1125 1130 1133
1575 4 1129 1125 1130 1132
1576 4 1129 1125 1130 1133
1577 4 1132 1130 1131 1134
1578 4 1132 1130 1131 1135
1579 4 1133 1130 1131 1134
1580 4 1133 1130 1131 1135
1581 4 1134 1131 1136 1138
1582 4 1134 1131 1136 1139
1583 4 1135 1131 1136 1138
1584 4 1135 1131 1136 1139
1585 4 1138 1136 1137 1140
1586 4 1138 1136 1137 1141
1587 4 1139 1136 1137 1140
1588 4 1139 1136 1137 1141
1589 4 1140 1137 1142 1144
1590 4 1140 1137 1142 1145
1591 4 1141 1137 1142 1144
1592 4 1141 1137 1142 1145
1593 4 1144 1142 1143 1146
1594 4 1144 1142 1143 1147
1595 4 1145 1142 1143 1146
1596 4 1145 1142 1143 1147
1597 4 1146 1143 1148 1150
1598 4 1146 1143 1148 1151
1599 4 1147 1143 1148 1150
1600 4 1147 1143 1148 1151
1601 4 1150 1148 1149 1152
1602 4 1150 1148 1149 1153
1603 4 1151 1148 1149 1152
1604 4 1151 1148 1149 1153
1605 4 1152 1149 1154 1156
1606 4 1152 1149 1154 1157
1607 4 1153 1149 1154 1156
1608 4 1153 1149 1154 1157
1609 4 1156 1154 1155 1158
1610 4 1156 1154 1155 1159
1611 4 1157 1154 1155 1158
1612 4 1157 1154 1155 1159
1613 4 1158 1155 1160 1162
1614 4 1158 1155 1160 1163
1615 4 1159 1155 1160 1162
1616 4 1159 1155 1160 1163
1617 4 1162 1160 1161 1164
1618 4 1162 1160 1161 1165
1619 4 1163 1160 1161 1164
1620 4 1163 1160 1161 1165
1621 4 1164 1161 1166 1168
1622 4 1164 1161 1166 1169
1623 4 1165 1161 1166 1168
1624 4 1165 1161 1166 1169
1625 4 1168 1166 1167 1170
1626 4 1168 1166 1167 1171
1627 4 1169 1166 1167 1170
1628 4 1169 1166 1167 1171
1629 4 1170 1167 1172 1174
1630 4 1170 1167 1172 1175
1631 4 1171 1167 1172 1174
1632 4 1171 1167 1172 1175
1633 4 1174 1172 1173 1176
1634 4 1174 1172 1173 1177
1635 4 1175 1172 1173 1176
1636 4 1175 1172 1173 1177
1637 4 1176 1173 1178 1180
1638 4 1176 1173 1178 1181
1639 4 1177 1173 1178 1180
1640 4 1177 1173 1178 1181
1641 4 1180 1178 1179 1182
1642 4 1180 1178 1179 1183
1643 4 1181 1178 1179 1182
1644 4 1181 1178 1179 1183
1645 4 1182 1179 1184 1186
1646 4 1182 1179 1184 1187
1647 4 1183 1179 1184 1186
1648 4 1183 1179 1184 1187
1649 4 1186 1184 1185 1188
1650 4 1186 1184 1185 1189
1651 4 1187 1184 1185 1188
1652 4 1187 1184 1185 1189
1653 4 1188 1185 1190 1192
1654 4 1188 1185 1190 1193
1655 4 1189 1185 1190 1192
1656 4 1189 1185 1190 1193
1657 4 1192 1190 1191 1194
1658 4 1192 1190 1191 1195
1659 4 1193 1190 1191 1194
1660 4 1193 1190 1191 1195
1661 4 1194 1191 1196 1198
1662 4 1194 1191 1196 1199
1663 4 1195 1191 1196 1198
1664 4 1195 1191 1196 1199
1665 4 1198 1196 1197 1200
1666 4 1198 1196 1197 1201
1667 4 1199 1196 1197 1200
1668 4 1199 1196 1197 1201
1669 4 1200 1197 1202 1204
1670 4 1200 1197 1202 1205
1671 4 1201 1197 1202 1204
1672 4 1201 1197 1202 1205
1673 4 1214 1210 1216 1218
1674 4 1214 1210 1216 1219
1675 4 1215 1210 1216 1218
1676 4 1215 1210 1216 1219
1677 4 1218 1216 1217 1220
1678 4 1218 1216 1217 1221
1679 4 1219 1216 1217 1220
1680 4 1219 1216 1217 1221
1681 4 1220 1217 1222 1224
1682 4 1220 1217 1222 1225
1683 4 1221 1217 1222 1224
1684 4 1221 1217 1222 1225
1685 4 1224 1222 1223 1226
1686 4 1224 1222 1223 1227
1687 4 1225 1222 1223 1226
1688 4 1225 1222 1223 1227
1689 4 1226 1223 1228 1230
1690 4 1226 1223 1228 1231
1691 4 1227 1223 1228 1230
1692 4 1227 1223 1228 1231
1693 4 1230 1228 1229 1232
1694 4 1230 1228 1229 1233
1695 4 1231 1228 1229 1232
1696 4 1231 1228 1229 1233
1697 4 1232 1229 1234 1236
1698 4 1232 1229 1234 1237
1699 4 1233 1229 1234 1236
1700 4 1233 1229 1234 1237
1701 4 1236 1234 1235 1238
1702 4 1236 1234 1235 1239
1703 4 1237 1234 1235 1238
1704 4 1237 1234 1235 1239
1705 4 1238 1235 1240 1242
1706 4 1238 1235 1240 1243
1707 4 1239 1235 1240 1242
1708 4 1239 1235 1240 1243
1709 4 1242 1240 1241 1244
1710 4 1242 1240 1241 1245
1711 4 1243 1240 1241 1244
1712 4 1243 1240 1241 1245
1713 4 1244 1241 1246 1248
1714 4 1244 1241 1246 1249
1715 4 1245 1241 1246 1248
1716 4 1245 1241 1246 1249
1717 4 1248 1246 1247 1250
1718 4 1248 1246 1247 1251
1719 4 1249 1246 1247 1250
1720 4 1249 1246 1247 1251
1721 4 1250 1247 1252 1254
1722 4 1250 1247 1252 1255
1723 4 1251 1247 1252 1254
1724 4 1251 1247 1252 1255
1725 4 1254 1252 1253 1256
1726 4 1254 1252 1253 1257
1727 4 1255 1252 1253 1256
1728 4 1255 1252 1253 1257
1729 4 1256 1253 1258 1260
1730 4 1256 1253 1258 1261
1731 4 1257 1253 1258 1260
1732 4 1257 1253 1258 1261
1733 4 1260 1258 1259 1262
1734 4 1260 1258 1259 1263
1735 4 1261 1258 1259 1262
1736 4 1261 1258 1259 1263
1737 4 1262 1259 1264 1266
1738 4 1262 1259 1264 1267
1739 4 1263 1259 1264 1266
1740 4 1263 1259 1264 1267
1741 4 1266 1264 1265 1268
1742 4 1266 1264 1265 1269
1743 4 1267 1264 1265 1268
1744 4 1267 1264 1265 1269
1745 4 1268 1265 1270 1272
1746 4 1268 1265 1270 1273
1747 4 1269 1265 1270 1272
1748 4 1269 1265 1270 1273
1749 4 1272 1270 1271 1274
1750 4 1272 1270 1271 1275
1751 4 1273 1270 1271 1274
1752 4 1273 1270 1271 1275
1753 4 1274 1271 1276 1278
1754 4 1274 1271 1276 1279
1755 4 1275 1271 1276 1278
1756 4 1275 1271 1276 1279
1757 4 1278 1276 1277 1280
1758 4 1278 1276 1277 1281
1759 4 1279 1276 1277 1280
1760 4 1279 1276 1277 1281
1761 4 1280 1277 1282 1284
1762 4 1280 1277 1282 1285
1763 4 1281 1277 1282 1284
1764 4 1281 1277 1282 1285
1765 4 1284 1282 1283 1286
1766 4 1284 1282 1283 1287
1767 4 1285 1282 1283 1286
1768 4 1285 1282 1283 1287
1769 4 1286 1283 1288 1290
1770 4 1286 1283 1288 1291
1771 4 1287 1283 1288 1290
1772 4 1287 1283 1288 1291
1773 4 1290 1288 1289 1292
1774 4 1290 1288 1289 1293
1775 4 1291 1288 1289 1292
1776 4 1291 1288 1289 1293
1777 4 1292 1289 1294 1296
1778 4 1292 1289 1294 1297
1779 4 1293 1289 1294 1296
1780 4 1293 1289 1294 1297
1781 4 1296 1294 1295 1298
1782 4 1296 1294 1295 1299
1783 4 1297 1294 1295 1298
1784 4 1297 1294 1295 1299
1785 4 1298 1295 1300 1302
1786 4 1298 1295 1300 1303
1787 4 1299 1295 1300 1302
1788 4 1299 1295 1300 1303
1789 4 1302 1300 1301 1304
1790 4 1302 1300 1301 1305
1791 4 1303 1300 1301 1304
1792 4 1303 1300 1301 1305
1793 4 1304 1301 1306 1308
1794 4 1304 1301 1306 1309
1795 4 1305 1301 1306 1308
1796 4 1305 1301 1306 1309
1797 4 1308 1306 1307 1310
1798 4 1308 1306 1307 1311
1799 4 1309 1306 1307 1310
1800 4 1309 1306 1307 1311
1801 4 1310 1307 1312 1314
1802 4 1310 1307 1312 1315
1803 4 1311 1307 1312 1314
1804 4 1311 1307 1312 1315
1805 4 1314 1312 1313 1316
1806 4 1314 1312 1313 1317
1807 4 1315 1312 1313 1316
1808 4 1315 1312 1313 1317
1809 4 1316 1313 1318 1320
1810 4 1316 1313 1318 1321
1811 4 1317 1313 1318 1320
1812 4 1317 1313 1318 1321
1813 4 1320 1318 1319 1322
1814 4 1320 1318 1319 1323
1815 4 1321 1318 1319 1322
1816 4 1321 1318 1319 1323
1817 4 1322 1319 1324 1326
1818 4 1322 1319 1324 1327
1819 4 1323 1319 1324 1326
1820 4 1323 1319 1324 1327
1821 4 1326 1324 1325 1328
1822 4 1326 1324 1325 1329
1823 4 1327 1324 1325 1328
1824 4 1327 1324 1325 1329
1825 4 1328 1325 1330 1332
1826 4 1328 1325 1330 1333
1827 4 1329 1325 1330 1332
1828 4 1329 1325 1330 1333
1829 4 1332 1330 1331 1334
1830 4 1332 1330 1331 1335
1831 4 1333 1330 1331 1334
1832 4 1333 1330 1331 1335
1833 4 1334 1331 1336 1338
1834 4 1334 1331 1336 1339
1835 4 1335 1331 1336 1338
1836 4 1335 1331 1336 1339
1837 4 1338 1336 1337 1340
1838 4 1338 1336 1337 1341
1839 4 1339 1336 1337 1340
1840 4 1339 1336 1337 1341
1841 4 1340 1337 1342 1344
1842 4 1340 1337 1342 1345
1843 4 1341 1337 1342 1344
1844 4 1341 1337 1342 1345
1845 4 1344 1342 1343 1346
1846 4 1344 1342 1343 1347
1847 4 1345 1342 1343 1346
1848 4 1345 1342 1343 1347
1849 4 1346 1343 1348 1350
1850 4 1346 1343 1348 1351
1851 4 1347 1343 1348 1350
1852 4 1347 1343 1348 1351
1853 4 1350 1348 1349 1352
1854 4 1350 1348 1349 1353
1855 4 1351 1348 1349 1352
1856 4 1351 1348 1349 1353
1857 4 1352 1349 1354 1356
1858 4 1352 1349 1354 1357
1859 4 1353 1349 1354 1356
1860 4 1353 1349 1354 1357
1861 4 1356 1354 1355 1358
1862 4 1356 1354 1355 1359
1863 4 1357 1354 1355 1358
1864 4 1357 1354 1355 1359
1865 4 1358 1355 1360 1362
1866 4 1358 1355 1360 1363
1867 4 1359 1355 1360 1362
1868 4 1359 1355 1360 1363
1869 4 1362 1360 1361 1364
1870 4 1362 1360 1361 1365
1871 4 1363 1360 1361 1364
1872 4 1363 1360 1361 1365
1873 4 1364 1361 1366 1368
1874 4 1364 1361 1366 1369
1875 4 1365 1361 1366 1368
1876 4 1365 1361 1366 1369
1877 4 1368 1366 1367 1370
1878 4 1368 1366 1367 1371
1879 4 1369 1366 1367 1370
1880 4 1369 1366 1367 1371
1881 4 1370 1367 1372 1374
1882 4 1370 1367 1372 1375
1883 4 1371 1367 1372 1374
1884 4 1371 1367 1372 1375
1885 4 1374 1372 1373 1376
1886 4 1374 1372 1373 1377
1887 4 1375 1372 1373 1376
1888 4 1375 1372 1373 1377
1889 4 1376 1373 1378 1380
1890 4 1376 1373 1378 1381
1891 4 1377 1373 1378 1380
1892 4 1377 1373 1378 1381
1893 4 1380 1378 1379 1382
1894 4 1380 1378 1379 1383
1895 4 1381 1378 1379 1382
1896 4 1381 1378 1379 1383
1897 4 1382 1379 1384 1386
1898 4 1382 1379 1384 1387
1899 4 1383 1379 1384 1386
1900 4 1383 1379 1384 1387
1901 4 1386 1384 1385 1388
1902 4 1386 1384 1385 1389
1903 4 1387 1384 1385 1388
1904 4 1387 1384 1385 1389
1905 4 1388 1385 1390 1392
1906 4 1388 1385 1390 1393
1907 4 1389 1385 1390 1392
1908 4 1389 1385 1390 1393
1909 4 1392 1390 1391 1394
1910 4 1392 1390 1391 1395
1911 4 1393 1390 1391 1394
1912 4 1393 1390 1391 1395
1913 4 1394 1391 1396 1398
1914 4 1394 1391 1396 1399
1915 4 1395 1391 1396 1398
1916 4 1395 1391 1396 1399
1917 4 1398 1396 1397 1400
1918 4 1398 1396 1397 1401
1919 4 1399 1396 1397 1400
1920 4 1399 1396 1397 1401
1921 4 1400 1397 1402 1404
1922 4 1400 1397 1402 1405
1923 4 1401 1397 1402 1404
1924 4 1401 1397 1402 1405
1925 4 1404 1402 1403 1406
1926 4 1404 1402 1403 1407
1927 4 1405 1402 1403 1406
1928 4 1405 1402 1403 1407
1929 4 1406 1403 1408 1410
1930 4 1406 1403 1408 1411
1931 4 1407 1403 1408 1410
1932 4 1407 1403 1408 1411
1933 4 1410 1408 1409 1412
1934 4 1410 1408 1409 1413
1935 4 1411 1408 1409 1412
1936 4 1411 1408 1409 1413
1937 4 1412 1409 1414 1416
1938 4 1412 1409 1414 1417
1939 4 1413 1409 1414 1416
1940 4 1413 1409 1414 1417
1941 4 1416 1414 1415 1418
1942 4 1416 1414 1415 1419
1943 4 1417 1414 1415 1418
1944 4 1417 1414 1415 1419
1945 4 1418 1415 1420 1422
1946 4 1418 1415 1420 1423
1947 4 1419 1415 1420 1422
1948 4 1419 1415 1420 1423
1949 4 1422 1420 1421 1424
1950 4 1422 1420 1421 1425
1951 4 1423 1420 1421 1424
1952 4 1423 1420 1421 1425
1953 4 1424 1421 1426 1428
1954 4 1424 1421 1426 1429
1955 4 1425 1421 1426 1428
1956 4 1425 1421 1426 1429
1957 4 1428 1426 1427 1430
1958 4 1428 1426 1427 1431
1959 4 1429 1426 1427 1430
1960 4 1429 1426 1427 1431
1961 4 1430 1427 1432 1434
1962 4 1430 1427 1432 1435
1963 4 1431 1427 1432 1434
1964 4 1431 1427 1432 1435
1965 4 1434 1432 1433 1436
1966 4 1434 1432 1433 1437
1967 4 1435 1432 1433 1436
1968 4 1435 1432 1433 1437
1969 4 1436 1433 1438 1440
1970 4 1436 1433 1438 1441
1971 4 1437 1433 1438 1440
1972 4 1437 1433 1438 1441
1973 4 1440 1438 1439 1442
1974 4 1440 1438 1439 1443
1975 4 1441 1438 1439 1442
1976 4 1441 1438 1439 1443
1977 4 1442 1439 1444 1446
1978 4 1442 1439 1444 1447
1979 4 1443 1439 1444 1446
1980 4 1443 1439 1444 1447
1981 4 1446 1444 1445 1448
1982 4 1446 1444 1445 1449
1983 4 1447 1444 1445 1448
1984 4 1447 1444 1445 1449
1985 4 1448 1445 1450 1452
1986 4 1448 1445 1450 1453
1987 4 1449 1445 1450 1452
1988 4 1449 1445 1450 1453
1989 4 1452 1450 1451 1454
1990 4 1452 1450 1451 1455
1991 4 1453 1450 1451 1454
1992 4 1453 1450 1451 1455
1993 4 1454 1451 1456 1458
1994 4 1454 1451 1456 1459
1995 4 1455 1451 1456 1458
1996 4 1455 1451 1456 1459
1997 4 1458 1456 1457 1460
1998 4 1458 1456 1457 1461
1999 4 1459 1456 1457 1460
2000 4 1459 1456 1457 1461
2001 4 1460 1457 1462 1464
2002 4 1460 1457 1462 1465
2003 4 1461 1457 1462 1464
2004 4 1461 1457 1462 1465
2005 4 1464 1462 1463 1466
2006 4 1464 1462 1463 1467
2007 4 1465 1462 1463 1466
2008 4 1465 1462 1463 1467
2009 4 1466 1463 1468 1470
2010 4 1466 1463 1468 1471
2011 4 1467 1463 1468 1470
2012 4 1467 1463 1468 1471
2013 4 1470 1468 1469 1472
2014 4 1470 1468 1469 1473
2015 4 1471 1468 1469 1472
2016 4 1471 1468 1469 1473
2017 4 1472 1469 1474 1476
2018 4 1472 1469 1474 1477
2019 4 1473 1469 1474 1476
2020 4 1473 1469 1474 1477
2021 4 1476 1474 1475 1478
2022 4 1476 1474 1475 1479
2023 4 1477 1474 1475 1478
2024 4 1477 1474 1475 1479
2025 4 1478 1475 1480 1482
2026 4 1478 1475 1480 1483
2027 4 1479 1475 1480 1482
2028 4 1479 1475 1480 1483
2029 4 1482 1480 1481 1484
2030 4 1482 1480 1481 1485
2031 4 1483 1480 1481 1484
2032 4 1483 1480 1481 1485
2033 4 1484 1481 1486 1488
2034 4 1484 1481 1486 1489
2035 4 1485 1481 1486 1488
2036 4 1485 1481 1486 1489
2037 4 1488 1486 1487 1490
2038 4 1488 1486 1487 1491
2039 4 1489 1486 1487 1490
2040 4 1489 1486 1487 1491
2041 4 1490 1487 1492 1494
2042 4 1490 1487 1492 1495
2043 4 1491 1487 1492 1494
2044 4 1491 1487 1492 1495
2045 4 1494 1492 1493 1496
2046 4 1494 1492 1493 1497
2047 4 1495 1492 1493 1496
2048 4 1495 1492 1493 1497
2049 4 1496 1493 1498 1500
2050 4 1496 1493 1498 1501
2051 4 1497 1493 1498 1500
2052 4 1497 1493 1498 1501
2053 4 1500 1498 1499 1502
2054 4 1500 1498 1499 1503
2055 4 1501 1498 1499 1502
2056 4 1501 1498 1499 1503
2057 4 1502 1499 1504 1506
2058 4 1502 1499 1504 1507
2059 4 1503 1499 1504 1506
2060 4 1503 1499 1504 1507
2061 4 1516 1512 1518 1520
2062 4 1516 1512 1518 1521
2063 4 1517 1512 1518 1520
2064 4 1517 1512 1518 1521
2065 4 1520 1518 1519 1522
2066 4 1520 1518 1519 1523
2067 4 1521 1518 1519 1522
2068 4 1521 1518 1519 1523
2069 4 1522 1519 1524 1526
2070 4 1522 1519 1524 1527
2071 4 1523 1519 1524 1526
2072 4 1523 1519 1524 1527
2073 4 1526 1524 1525 1528
2074 4 1526 1524 1525 1529
2075 4 1527 1524 1525 1528
2076 4 1527 1524 1525 1529
2077 4 1528 1525 1530 1532
2078 4 1528 1525 1530 1533
2079 4 1529 1525 1530 1532
2080 4 1529 1525 1530 1533
2081 4 1532 1530 1531 1534
2082 4 1532 1530 1531 1535
2083 4 1533 1530 1531 1534
2084 4 1533 1530 1531 1535
2085 4 1534 1531 1536 1538
2086 4 1534 1531 1536 1539
2087 4 1535 1531 1536 1538
2088 4 1535 1531 1536 1539
2089 4 1538 1536 1537 1540
2090 4 1538 1536 1537 1541
2091 4 1539 1536 1537 1540
2092 4 1539 1536 1537 1541
2093 4 1540 1537 1542 1544
2094 4 1540 1537 1542 1545
2095 4 1541 1537 1542 1544
2096 4 1541 1537 1542 1545
2097 4 1544 1542 1543 1546
2098 4 1544 1542 1543 1547
2099 4 1545 1542 1543 1546
2100 4 1545 1542 1543 1547
2101 4 1546 1543 1548 1550
2102 4 1546 1543 1548 1551
2103 4 1547 1543 1548 1550
2104 4 1547 1543 1548 1551
2105 4 1550 1548 1549 1552
2106 4 1550 1548 1549 1553
2107 4 1551 1548 1549 1552
2108 4 1551 1548 1549 1553
2109 4 1552 1549 1554 1556
2110 4 1552 1549 1554 1557
2111 4 1553 1549 1554 1556
2112 4 1553 1549 1554 1557
2113 4 1556 1554 1555 1558
2114 4 1556 1554 1555 1559
2115 4 1557 1554 1555 1558
2116 4 1557 1554 1555 1559
2117 4 1558 1555 1560 1562
2118 4 1558 1555 1560 1563
2119 4 1559 1555 1560 1562
2120 4 1559 1555 1560 1563
2121 4 1562 1560 1561 1564
2122 4 1562 1560 1561 1565
2123 4 1563 1560 1561 1564
2124 4 1563 1560 1561 1565
2125 4 1564 1561 1566 1568
2126 4 1564 1561 1566 1569
2127 4 1565 1561 1566 1568
2128 4 1565 1561 1566 1569
2129 4 1568 1566 1567 1570
2130 4 1568 1566 1567 1571
2131 4 1569 1566 1567 1570
2132 4 1569 1566 1567 1571
2133 4 1570 1567 1572 1574
2134 4 1570 1567 1572 1575
2135 4 1571 1567 1572 1574
2136 4 1571 1567 1572 1575
2137 4 1574 1572 1573 1576
2138 4 1574 1572 1573 1577
2139 4 1575 1572 1573 1576
2140 4 1575 1572 1573 1577
2141 4 1576 1573 1578 1580
2142 4 1576 1573 1578 1581
2143 4 1577 1573 1578 1580
2144 4 1577 1573 1578 1581
2145 4 1580 1578 1579 1582
2146 4 1580 1578 1579 1583
2147 4 1581 1578 1579 1582
2148 4 1581 1578 1579 1583
2149 4 1582 1579 1584 1586
2150 4 1582 1579 1584 1587
2151 4 1583 1579 1584 1586
2152 4 1583 1579 1584 1587
2153 4 1586 1584 1585 1588
2154 4 1586 1584 1585 1589
2155 4 1587 1584 1585 1588
2156 4 1587 1584 1585 1589
2157 4 1588 1585 1590 1592
2158 4 1588 1585 1590 1593
2159 4 1589 1585 1590 1592
2160 4 1589 1585 1590 1593
2161 4 1592 1590 1591 1594
2162 4 1592 1590 1591 1595
2163 4 1593 1590 1591 1594
2164 4 1593 1590 1591 1595
2165 4 1594 1591 1596 1598
2166 4 1594 1591 1596 1599
2167 4 1595 1591 1596 1598
2168 4 1595 1591 1596 1599
2169 4 1598 1596 1597 1600
2170 4 1598 1596 1597 1601
2171 4 1599 1596 1597 1600
2172 4 1599 1596 1597 1601
2173 4 1600 1597 1602 1604
2174 4 1600 1597 1602 1605
2175 4 1601 1597 1602 1604
2176 4 1601 1597 1602 1605
2177 4 1604 1602 1603 1606
2178 4 1604 1602 1603 1607
2179 4 1605 1602 1603 1606
2180 4 1605 1602 1603 1607
2181 4 1606 1603 1608 1610
2182 4 1606 1603 1608 1611
2183 4 1607 1603 1608 1610
2184 4 1607 1603 1608 1611
2185 4 1610 1608 1609 1612
2186 4 1610 1608 1609 1613
2187 4 1611 1608 1609 1612
2188 4 1611 1608 1609 1613
2189 4 1612 1609 1614 1616
2190 4 1612 1609 1614 1617
2191 4 1613 1609 1614 1616
2192 4 1613 1609 1614 1617
2193 4 1616 1614 1615 1618
2194 4 1616 1614 1615 1619
2195 4 1617 1614 1615 1618
2196 4 1617 1614 1615 1619
2197 4 1618 1615 1620 1622
2198 4 1618 1615 1620 1623
2199 4 1619 1615 1620 1622
2200 4 1619 1615 1620 1623
2201 4 1622 1620 1621 1624
2202 4 1622 1620 1621 1625
2203 4 1623 1620 1621 1624
2204 4 1623 1620 1621 1625
2205 4 1624 1621 1626 1628
2206 4 1624 1621 1626 1629
2207 4 1625 1621 1626 1628
2208 4 1625 1621 1626 1629
2209 4 1628 1626 1627 1630
2210 4 1628 1626 1627 1631
2211 4 1629 1626 1627 1630
2212 4 1629 1626 1627 1631
2213 4 1630 1627 1632 1634
2214 4 1630 1627 1632 1635
2215 4 1631 1627 1632 1634
2216 4 1631 1627 1632 1635
2217 4 1634 1632 1633 1636
2218 4 1634 1632 1633 1637
2219 4 1635 1632 1633 1636
2220 4 1635 1632 1633 1637
2221 4 1636 1633 1638 1640
2222 4 1636 1633 1638 1641
2223 4 1637 1633 1638 1640
2224 4 1637 1633 1638 1641
2225 4 1640 1638 1639 1642
2226 4 1640 1638 1639 1643
2227 4 1641 1638 1639 1642
2228 4 1641 1638 1639 1643
2229 4 1642 1639 1644 1646
2230 4 1642 1639 1644 1647
2231 4 1643 1639 1644 1646
2232 4 1643 1639 1644 1647
2233 4 1646 1644 1645 1648
2234 4 1646 1644 1645 1649
2235 4 1647 1644 1645 1648
2236 4 1647 1644 1645 1649
2237 4 1648 1645 1650 1652
2238 4 1648 1645 1650 1653
2239 4 1649 1645 1650 1652
2240 4 1649 1645 1650 1653
2241 4 1652 1650 1651 1654
2242 4 1652 1650 1651 1655
2243 4 1653 1650 1651 1654
2244 4 1653 1650 1651 1655
2245 4 1654 1651 1656 1658
2246 4 1654 1651 1656 1659
2247 4 1655 1651 1656 1658
2248 4 1655 1651 1656 1659
2249 4 1658 1656 1657 1660
2250 4 1658 1656 1657 1661
2251 4 1659 1656 1657 1660
2252 4 1659 1656 1657 1661
2253 4 1660 1657 1662 1664
2254 4 1660 1657 1662 1665
2255 4 1661 1657 1662 1664
2256 4 1661 1657 1662 1665
2257 4 1664 1662 1663 1666
2258 4 1664 1662 1663 1667
2259 4 1665 1662 1663 1666
2260 4 1665 1662 1663 1667
2261 4 1666 1663 1668 1670
2262 4 1666 1663 1668 1671
2263 4 1667 1663 1668 1670
2264 4 1667 1663 1668 1671
2265 4 1670 1668 1669 1672
2266 4 1670 1668 1669 1673
2267 4 1671 1668 1669 1672
2268 4 1671 1668 1669 1673
2269 4 1672 1669 1674 1676
2270 4 1672 1669 1674 1677
2271 4 1673 1669 1674 1676
2272 4 1673 1669 1674 1677
2273 4 1676 1674 1675 1678
2274 4 1676 1674 1675 1679
2275 4 1677 1674 1675 1678
2276 4 1677 1674 1675 1679
2277 4 1678 1675 1680 1682
2278 4 1678 1675 1680 1683
2279 4 1679 1675 1680 1682
2280 4 1679 1675 1680 1683
2281 4 1682 1680 1681 1684
2282 4 1682 1680 1681 1685
2283 4 1683 1680 1681 1684
2284 4 1683 1680 1681 1685
2285 4 1684 1681 1686 1688
2286 4 1684 1681 1686 1689
2287 4 1685 1681 1686 1688
2288 4 1685 1681 1686 1689
2289 4 1688 1686 1687 1690
2290 4 1688 1686 1687 1691
2291 4 1689 1686 1687 1690
2292 4 1689 1686 1687 1691
2293 4 1690 1687 1692 1694
2294 4 1690 1687 1692 1695
2295 4 1691 1687 1692 1694
2296 4 1691 1687 1692 1695
2297 4 1694 1692 1693 1696
2298 4 1694 1692 1693 1697
2299 4 1695 1692 1693 1696
2300 4 1695 1692 1693 1697
2301 4 1696 1693 1698 1700
2302 4 1696 1693 1698 1701
2303 4 1697 1693 1698 1700
2304 4 1697 1693 1698 1701
2305 4 1700 1698 1699 1702
2306 4 1700 1698 1699 1703
2307 4 1701 1698 1699 1702
2308 4 1701 1698 1699 1703
2309 4 1702 1699 1704 1706
2310 4 1702 1699 1704 1707
2311 4 1703 1699 1704 1706
2312 4 1703 1699 1704 1707
2313 4 1706 1704 1705 1708
2314 4 1706 1704 1705 1709
2315 4 1707 1704 1705 1708
2316 4 1707 1704 1705 1709
2317 4 1708 1705 1710 1712
2318 4 1708 1705 1710 1713
2319 4 1709 1705 1710 1712
2320 4 1709 1705 1710 1713
2321 4 1712 1710 1711 1714
2322 4 1712 1710 1711 1715
2323 4 1713 1710 1711 1714
2324 4 1713 1710 1711 1715
2325 4 1714 1711 1716 1718
2326 4 1714 1711 1716 1719
2327 4 1715 1711 1716 1718
2328 4 1715 1711 1716 1719
2329 4 1718 1716 1717 1720
2330 4 1718 1716 1717 1721
2331 4 1719 1716 1717 1720
2332 4 1719 1716 1717 1721
2333 4 1720 1717 1722 1724
2334 4 1720 1717 1722 1725
2335 4 1721 1717 1722 1724
2336 4 1721 1717 1722 1725
2337 4 1724 1722 1723 1726
2338 4 1724 1722 1723 1727
2339 4 1725 1722 1723 1726
2340 4 1725 1722 1723 1727
2341 4 1726 1723 1728 1730
2342 4 1726 1723 1728 1731
2343 4 1727 1723 1728 1730
2344 4 1727 1723 1728 1731
2345 4 1730 1728 1729 1732
2346 4 1730 1728 1729 1733
2347 4 1731 1728 1729 1732
2348 4 1731 1728 1729 1733
2349 4 1732 1729 1734 1736
2350 4 1732 1729 1734 1737
2351 4 1733 1729 1734 1736
2352 4 1733 1729 1734 1737
2353 4 1736 1734 1735 1738
2354 4 1736 1734 1735 1739
2355 4 1737 1734 1735 1738
2356 4 1737 1734 1735 1739
2357 4 1738 1735 1740 1742
2358 4 1738 1735 1740 1743
2359 4 1739 1735 1740 1742
2360 4 1739 1735 1740 1743
2361 4 1742 1740 1741 1744
2362 4 1742 1740 1741 1745
2363 4 1743 1740 1741 1744
2364 4 1743 1740 1741 1745
2365 4 1744 1741 1746 1748
2366 4 1744 1741 1746 1749
2367 4 1745 1741 1746 1748
2368 4 1745 1741 1746 1749
2369 4 1748 1746 1747 1750
2370 4 1748 1746 1747 1751
2371 4 1749 1746 1747 1750
2372 4 1749 1746 1747 1751
2373 4 1750 1747 1752 1754
2374 4 1750 1747 1752 1755
2375 4 1751 1747 1752 1754
2376 4 1751 1747 1752 1755
2377 4 1754 1752 1753 1756
2378 4 1754 1752 1753 1757
2379 4 1755 1752 1753 1756
2380 4 1755 1752 1753 1757
2381 4 1756 1753 1758 1760
2382 4 1756 1753 1758 1761
2383 4 1757 1753 1758 1760
2384 4 1757 1753 1758 1761
2385 4 1760 1758 1759 1762
2386 4 1760 1758 1759 1763
2387 4 1761 1758 1759 1762
2388 4 1761 1758 1759 1763
2389 4 1762 1759 1764 1766
2390 4 1762 1759 1764 1767
2391 4 1763 1759 1764 1766
2392 4 1763 1759 1764 1767
2393 4 1766 1764 1765 1768
2394 4 1766 1764 1765 1769
2395 4 1767 1764 1765 1768
2396 4 1767 1764 1765 1769
2397 4 1768 1765 1770 1772
2398 4 1768 1765 1770 1773
2399 4 1769 1765 1770 1772
2400 4 1769 1765 1770 1773
2401 4 1772 1770 1771 1774
2402 4 1772 1770 1771 1775
2403 4 1773 1770 1771 1774
2404 4 1773 1770 1771 1775
2405 4 1774 1771 1776 1778
2406 4 1774 1771 1776 1779
2407 4 1775 1771 1776 1778
2408 4 1775 1771 1776 1779
2409 4 1778 1776 1777 1780
2410 4 1778 1776 1777 1781
2411 4 1779 1776 1777 1780
2412 4 1779 1776 1777 1781
2413 4 1780 1777 1782 1784
2414 4 1780 1777 1782 1785
2415 4 1781 1777 1782 1784
2416 4 1781 1777 1782 1785
2417 4 1784 1782 1783 1786
2418 4 1784 1782 1783 1787
2419 4 1785 1782 1783 1786
2420 4 1785 1782 1783 1787
2421 4 1786 1783 1788 1790
2422 4 1786 1783 1788 1791
2423 4 1787 1783 1788 1790
2424 4 1787 1783 1788 1791
2425 4 1790 1788 1789 1792
2426 4 1790 1788 1789 1793
2427 4 1791 1788 1789 1792
2428 4 1791 1788 1789 1793
2429 4 1792 1789 1794 1796
2430 4 1792 1789 1794 1797
2431 4 1793 1789 1794 1796
2432 4 1793 1789 1794 1797
2433 4 1796 1794 1795 1798
2434 4 1796 1794 1795 1799
2435 4 1797 1794 1795 1798
2436 4 1797 1794 1795 1799
2437 4 1798 1795 1800 1802
2438 4 1798 1795 1800 1803
2439 4 1799 1795 1800 1802
2440 4 1799 1795 1800 1803
2441 4 1802 1800 1801 1804
2442 4 1802 1800 1801 1805
2443 4 1803 1800 1801 1804
2444 4 1803 1800 1801 1805
2445 4 1804 1801 1806 1808
2446 4 1804 1801 1806 1809
2447 4 1805 1801 1806 1808
2448 4 1805 1801 1806 1809
2449 4 1818 1814 1820 1822
2450 4 1818 1814 1820 1823
2451 4 1819 1814 1820 1822
2452 4 1819 1814 1820 1823
2453 4 1822 1820 1821 1824
2454 4 1822 1820 1821 1825
2455 4 1823 1820 1821 1824
2456 4 1823 1820 1821 1825
2457 4 1824 1821 1826 1828
2458 4 1824 1821 1826 1829
2459 4 1825 1821 1826 1828
2460 4 1825 1821 1826 1829
2461 4 1828 1826 1827 1830
2462 4 1828 1826 1827 1831
2463 4 1829 1826 1827 1830
2464 4 1829 1826 1827 1831
2465 4 1830 1827 1832 1834
2466 4 1830 1827 1832 1835
2467 4 1831 1827 1832 1834
2468 4 1831 1827 1832 1835
2469 4 1834 1832 1833 1836
2470 4 1834 1832 1833 1837
2471 4 1835 1832 1833 1836
2472 4 1835 1832 1833 1837
2473 4 1836 1833 1838 1840
2474 4 1836 1833 1838 1841
2475 4 1837 1833 1838 1840
2476 4 1837 1833 1838 1841
2477 4 1840 1838 1839 1842
2478 4 1840 1838 1839 1843
2479 4 1841 1838 1839 1842
2480 4 1841 1838 1839 1843
2481 4 1842 1839 1844 1846
2482 4 1842 1839 1844 1847
2483 4 1843 1839 1844 1846
2484 4 1843 1839 1844 1847
2485 4 1846 1844 1845 1848
2486 4 1846 1844 1845 1849
2487 4 1847 1844 1845 1848
2488 4 1847 1844 1845 1849
2489 4 1848 1845 1850 1852
2490 4 1848 1845 1850 1853
2491 4 1849 1845 1850 1852
2492 4 1849 1845 1850 1853
2493 4 1852 1850 1851 1854
2494 4 1852 1850 1851 1855
2495 4 1853 1850 1851 1854
2496 4 1853 1850 1851 1855
2497 4 1854 1851 1856 1858
2498 4 1854 1851 1856 1859
2499 4 1855 1851 1856 1858
2500 4 1855 1851 1856 1859
2501 4 1858 1856 1857 1860
2502 4 1858 1856 1857 1861
2503 4 1859 1856 1857 1860
2504 4 1859 1856 1857 1861
2505 4 1860 1857 1862 1864
2506 4 1860 1857 1862 1865
2507 4 1861 1857 1862 1864
2508 4 1861 1857 1862 1865
2509 4 1864 1862 1863 1866
2510 4 1864 1862 1863 1867
2511 4 1865 1862 1863 1866
2512 4 1865 1862 1863 1867
2513 4 1866 1863 1868 1870
2514 4 1866 1863 1868 1871
2515 4 1867 1863 1868 1870
2516 4 1867 1863 1868 1871
2517 4 1870 1868 1869 1872
2518 4 1870 1868 1869 1873
2519 4 1871 1868 1869 1872
2520 4 1871 1868 1869 1873
2521 4 1872 1869 1874 1876
2522 4 1872 1869 1874 1877
2523 4 1873 1869 1874 1876
2524 4 1873 1869 1874 1877
2525 4 1876 1874 1875 1878
2526 4 1876 1874 1875 1879
2527 4 1877 1874 1875 1878
2528 4 1877 1874 1875 1879
2529 4 1878 1875 1880 1882
2530 4 1878 1875 1880 1883
2531 4 1879 1875 1880 1882
2532 4 1879 1875 1880 1883
2533 4 1882 1880 1881 1884
2534 4 1882 1880 1881 1885
2535 4 1883 1880 1881 1884
2536 4 1883 1880 1881 1885
2537 4 1884 1881 1886 1888
2538 4 1884 1881 1886 1889
2539 4 1885 1881 1886 1888
2540 4 1885 1881 1886 1889
2541 4 1888 1886 1887 1890
2542 4 1888 1886 1887 1891
2543 4 1889 1886 1887 1890
2544 4 1889 1886 1887 1891
2545 4 1890 1887 1892 1894
2546 4 1890 1887 1892 1895
2547 4 1891 1887 1892 1894
2548 4 1891 1887 1892 1895
2549 4 1894 1892 1893 1896
2550 4 1894 1892 1893 1897
2551 4 1895 1892 1893 1896
2552 4 1895 1892 1893 1897
2553 4 1896 1893 1898 1900
2554 4 1896 1893 1898 1901
2555 4 1897 1893 1898 1900
2556 4 1897 1893 1898 1901
2557 4 1900 1898 1899 1902
2558 4 1900 1898 1899 1903
2559 4 1901 1898 1899 1902
2560 4 1901 1898 1899 1903
2561 4 1902 1899 1904 1906
2562 4 1902 1899 1904 1907
2563 4 1903 1899 1904 1906
2564 4 1903 1899 1904 1907
2565 4 1906 1904 1905 1908
2566 4 1906 1904 1905 1909
2567 4 1907 1904 1905 1908
2568 4 1907 1904 1905 1909
2569 4 1908 1905 1910 1912
2570 4 1908 1905 1910 1913
2571 4 1909 1905 1910 1912
2572 4 1909 1905 1910 1913
2573 4 1912 1910 1911 1914
2574 4 1912 1910 1911 1915
2575 4 1913 1910 1911 1914
2576 4 1913 1910 1911 1915
2577 4 1914 1911 1916 1918
2578 4 1914 1911 1916 1919
2579 4 1915 1911 1916 1918
2580 4 1915 1911 1916 1919
2581 4 1918 1916 1917 1920
2582 4 1918 1916 1917 1921
2583 4 1919 1916 1917 1920
2584 4 1919 1916 1917 1921
2585 4 1920 1917 1922 1924
2586 4 1920 1917 1922 1925
2587 4 1921 1917 1922 1924
2588 4 1921 1917 1922 1925
2589 4 1924 1922 1923 1926
2590 4 1924 1922 1923 1927
2591 4 1925 1922 1923 1926
2592 4 1925 1922 1923 1927
2593 4 1926 1923 1928 1930
2594 4 1926 1923 1928 1931
2595 4 1927 1923 1928 1930
2596 4 1927 1923 1928 1931
2597 4 1930 1928 1929 1932
2598 4 1930 1928 1929 1933
2599 4 1931 1928 1929 1932
2600 4 1931 1928 1929 1933
2601 4 1932 1929 1934 1936
2602 4 1932 1929 1934 1937
2603 4 1933 1929 1934 1936
2604 4 1933 1929 1934 1937
2605 4 1936 1934 1935 1938
2606 4 1936 1934 1935 1939
2607 4 1937 1934 1935 1938
2608 4 1937 1934 1935 1939
2609 4 1938 1935 1940 1942
2610 4 1938 1935 1940 1943
2611 4 1939 1935 1940 1942
2612 4 1939 1935 1940 1943
2613 4 1942 1940 1941 1944
2614 4 1942 1940 1941 1945
2615 4 1943 1940 1941 1944
2616 4 1943 1940 1941 1945
2617 4 1944 1941 1946 1948
2618 4 1944 1941 1946 1949
2619 4 1945 1941 1946 1948
2620 4 1945 1941 1946 1949
2621 4 1948 1946 1947 1950
2622 4 1948 1946 1947 1951
2623 4 1949 1946 1947 1950
2624 4 1949 1946 1947 1951
2625 4 1950 1947 1952 1954
2626 4 1950 1947 1952 1955
2627 4 1951 1947 1952 1954
2628 4 1951 1947 1952 1955
2629 4 1954 1952 1953 1956
2630 4 1954 1952 1953 1957
2631 4 1955 1952 1953 1956
2632 4 1955 1952 1953 1957
2633 4 1956 1953 1958 1960
2634 4 1956 1953 1958 1961
2635 4 1957 1953 1958 1960
2636 4 1957 1953 1958 1961
2637 4 1960 1958 1959 1962
2638 4 1960 1958 1959 1963
2639 4 1961 1958 1959 1962
2640 4 1961 1958 1959 1963
2641 4 1962 1959 1964 1966
2642 4 1962 1959 1964 1967
2643 4 1963 1959 1964 1966
2644 4 1963 1959 1964 1967
2645 4 1966 1964 1965 1968
2646 4 1966 1964 1965 1969
2647 4 1967 1964 1965 1968
2648 4 1967 1964 1965 1969
2649 4 1968 1965 1970 1972
2650 4 1968 1965 1970 1973
2651 4 1969 1965 1970 1972
2652 4 1969 1965 1970 1973
2653 4 1972 1970 1971 1974
2654 4 1972 1970 1971 1975
2655 4 1973 1970 1971 1974
2656 4 1973 1970 1971 1975
2657 4 1974 1971 1976 1978
2658 4 1974 1971 1976 1979
2659 4 1975 1971 1976 1978
2660 4 1975 1971 1976 1979
2661 4 1978 1976 1977 1980
2662 4 1978 1976 1977 1981
2663 4 1979 1976 1977 1980
2664 4 1979 1976 1977 1981
2665 4 1980 1977 1982 1984
2666 4 1980 1977 1982 1985
2667 4 1981 1977 1982 1984
2668 4 1981 1977 1982 1985
2669 4 1984 1982 1983 1986
2670 4 1984 1982 1983 1987
2671 4 1985 1982 1983 1986
2672 4 1985 1982 1983 1987
2673 4 1986 1983 1988 1990
2674 4 1986 1983 1988 1991
2675 4 1987 1983 1988 1990
2676 4 1987 1983 1988 1991
2677 4 1990 1988 1989 1992
2678 4 1990 1988 1989 1993
2679 4 1991 1988 1989 1992
2680 4 1991 1988 1989 1993
2681 4 1992 1989 1994 1996
2682 4 1992 1989 1994 1997
2683 4 1993 1989 1994 1996
2684 4 1993 1989 1994 1997
2685 4 1996 1994 1995 1998
2686 4 1996 1994 1995 1999
2687 4 1997 1994 1995 1998
2688 4 1997 1994 1995 1999
2689 4 1998 1995 2000 2002
2690 4 1998 1995 2000 2003
2691 4 1999 1995 2000 2002
2692 4 1999 1995 2000 2003
2693 4 2002 2000 2001 2004
2694 4 2002 2000 2001 2005
2695 4 2003 2000 2001 2004
2696 4 2003 2000 2001 2005
2697 4 2004 2001 2006 2008
2698 4 2004 2001 2006 2009
2699 4 2005 2001 2006 2008
2700 4 2005 2001 2006 2009
2701 4 2008 2006 2007 2010
2702 4 2008 2006 2007 2011
2703 4 2009 2006 2007 2010
2704 4 2009 2006 2007 2011
2705 4 2010 2007 2012 2014
2706 4 2010 2007 2012 2015
2707 4 2011 2007 2012 2014
2708 4 2011 2007 2012 2015
2709 4 2014 2012 2013 2016
2710 4 2014 2012 2013 2017
2711 4 2015 2012 2013 2016
2712 4 2015 2012 2013 2017
2713 4 2016 2013 2018 2020
2714 4 2016 2013 2018 2021
2715 4 2017 2013 2018 2020
2716 4 2017 2013 2018 2021
2717 4 2020 2018 2019 2022
2718 4 2020 2018 2019 2023
2719 4 2021 2018 2019 2022
2720 4 2021 2018 2019 2023
2721 4 2022 2019 2024 2026
2722 4 2022 2019 2024 2027
2723 4 2023 2019 2024 2026
2724 4 2023 2019 2024 2027
2725 4 2026 2024 2025 2028
2726 4 2026 2024 2025 2029
2727 4 2027 2024 2025 2028
2728 4 2027 2024 2025 2029
2729 4 2028 2025 2030 2032
2730 4 2028 2025 2030 2033
2731 4 2029 2025 2030 2032
2732 4 2029 2025 2030 2033
2733 4 2032 2030 2031 2034
2734 4 2032 2030 2031 2035
2735 4 2033 2030 2031 2034
2736 4 2033 2030 2031 2035
2737 4 2034 2031 2036 2038
2738 4 2034 2031 2036 2039
2739 4 2035 2031 2036 2038
2740 4 2035 2031 2036 2039
2741 4 2038 2036 2037 2040
2742 4 2038 2036 2037 2041
2743 4 2039 2036 2037 2040
2744 4 2039 2036 2037 2041
2745 4 2040 2037 2042 2044
2746 4 2040 2037 2042 2045
2747 4 2041 2037 2042 2044
2748 4 2041 2037 2042 2045
2749 4 2044 2042 2043 2046
2750 4 2044 2042 2043 2047
2751 4 2045 2042 2043 2046
2752 4 2045 2042 2043 2047
2753 4 2046 2043 2048 2050
2754 4 2046 2043 2048 2051
2755 4 2047 2043 2048 2050
2756 4 2047 2043 2048 2051
2757 4 2050 2048 2049 2052
2758 4 2050 2048 2049 2053
2759 4 2051 2048 2049 2052
2760 4 2051 2048 2049 2053
2761 4 2052 2049 2054 2056
2762 4 2052 2049 2054 2057
2763 4 2053 2049 2054 2056
2764 4 2053 2049 2054 2057
2765 4 2056 2054 2055 2058
2766 4 2056 2054 2055 2059
2767 4 2057 2054 2055 2058
2768 4 2057 2054 2055 2059
2769 4 2058 2055 2060 2062
2770 4 2058 2055 2060 2063
2771 4 2059 2055 2060 2062
2772 4 2059 2055 2060 2063
2773 4 2062 2060 2061 2064
2774 4 2062 2060 2061 2065
2775 4 2063 2060 2061 2064
2776 4 2063 2060 2061 2065
2777 4 2064 2061 2066 2068
2778 4 2064 2061 2066 2069
2779 4 2065 2061 2066 2068
2780 4 2065 2061 2066 2069
2781 4 2068 2066 2067 2070
2782 4 2068 2066 2067 2071
2783 4 2069 2066 2067 2070
2784 4 2069 2066 2067 2071
2785 4 2070 2067 2072 2074
2786 4 2070 2067 2072 2075
2787 4 2071 2067 2072 2074
2788 4 2071 2067 2072 2075
2789 4 2074 2072 2073 2076
2790 4 2074 2072 2073 2077
2791 4 2075 2072 2073 2076
2792 4 2075 2072 2073 2077
2793 4 2076 2073 2078 2080
2794 4 2076 2073 2078 2081
2795 4 2077 2073 2078 2080
2796 4 2077 2073 2078 2081
2797 4 2080 2078 2079 2082
2798 4 2080 2078 2079 2083
2799 4 2081 2078 2079 2082
2800 4 2081 2078 2079 2083
2801 4 2082 2079 2084 2086
2802 4 2082 2079 2084 2087
2803 4 2083 2079 2084 2086
2804 4 2083 2079 2084 2087
2805 4 2086 2084 2085 2088
2806 4 2086 2084 2085 2089
2807 4 2087 2084 2085 2088
2808 4 2087 2084 2085 2089
2809 4 2088 2085 2090 2092
2810 4 2088 2085 2090 2093
2811 4 2089 2085 2090 2092
2812 4 2089 2085 2090 2093
2813 4 2092 2090 2091 2094
2814 4 2092 2090 2091 2095
2815 4 2093 2090 2091 2094
2816 4 2093 2090 2091 2095
2817 4 2094 2091 2096 2098
2818 4 2094 2091 2096 2099
2819 4 2095 2091 2096 2098
2820 4 2095 2091 2096 2099
2821 4 2098 2096 2097 2100
2822 4 2098 2096 2097 2101
2823 4 2099 2096 2097 2100
2824 4 2099 2096 2097 2101
2825 4 2100 2097 2102 2104
2826 4 2100 2097 2102 2105
2827 4 2101 2097 2102 2104
2828 4 2101 2097 2102 2105
2829 4 2104 2102 2103 2106
2830 4 2104 2102 2103 2107
2831 4 2105 2102 2103 2106
2832 4 2105 2102 2103 2107
2833 4 2106 2103 2108 2110
2834 4 2106 2103 2108 2111
2835 4 2107 2103 2108 2110
2836 4 2107 2103 2108 2111
2837 4 2120 2116 2122 2124
2838 4 2120 2116 2122 2125
2839 4 2121 2116 2122 2124
2840 4 2121 2116 2122 2125
2841 4 2124 2122 2123 2126
2842 4 2124 2122 2123 2127
2843 4 2125 2122 2123 2126
2844 4 2125 2122 2123 2127
2845 4 2126 2123 2128 2130
2846 4 2126 2123 2128 2131
2847 4 2127 2123 2128 2130
2848 4 2127 2123 2128 2131
2849 4 2130 2128 2129 2132
2850 4 2130 2128 2129 2133
2851 4 2131 2128 2129 2132
2852 4 2131 2128 2129 2133
2853 4 2132 2129 2134 2136
2854 4 2132 2129 2134 2137
2855 4 2133 2129 2134 2136
2856 4 2133 2129 2134 2137
2857 4 2136 2134 2135 2138
2858 4 2136 2134 2135 2139
2859 4 2137 2134 2135 2138
2860 4 2137 2134 2135 2139
2861 4 2138 2135 2140 2142
2862 4 2138 2135 2140 2143
2863 4 2139 2135 2140 2142
2864 4 2139 2135 2140 2143
2865 4 2142 2140 2141 2144
2866 4 2142 2140 2141 2145
2867 4 2143 2140 2141 2144
2868 4 2143 2140 2141 2145
2869 4 2144 2141 2146 2148
2870 4 2144 2141 2146 2149
2871 4 2145 2141 2146 2148
2872 4 2145 2141 2146 2149
2873 4 2148 2146 2147 2150
2874 4 2148 2146 2147 2151
2875 4 2149 2146 2147 2150
2876 4 2149 2146 2147 2151
2877 4 2150 2147 2152 2154
2878 4 2150 2147 2152 2155
2879 4 2151 2147 2152 2154
2880 4 2151 2147 2152 2155
2881 4 2154 2152 2153 2156
2882 4 2154 2152 2153 2157
2883 4 2155 2152 2153 2156
2884 4 2155 2152 2153 2157
2885 4 2156 2153 2158 2160
2886 4 2156 2153 2158 2161
2887 4 2157 2153 2158 2160
2888 4 2157 2153 2158 2161
2889 4 2160 2158 2159 2162
2890 4 2160 2158 2159 2163
2891 4 2161 2158 2159 2162
2892 4 2161 2158 2159 2163
2893 4 2162 2159 2164 2166
2894 4 2162 2159 2164 2167
2895 4 2163 2159 2164 2166
2896 4 2163 2159 2164 2167
2897 4 2166 2164 2165 2168
2898 4 2166 2164 2165 2169
2899 4 2167 2164 2165 2168
2900 4 2167 2164 2165 2169
2901 4 2168 2165 2170 2172
2902 4 2168 2165 2170 2173
2903 4 2169 2165 2170 2172
2904 4 2169 2165 2170 2173
2905 4 2172 2170 2171 2174
2906 4 2172 2170 2171 2175
2907 4 2173 2170 2171 2174
2908 4 2173 2170 2171 2175
2909 4 2174 2171 2176 2178
2910 4 2174 2171 2176 2179
2911 4 2175 2171 2176 2178
2912 4 2175 2171 2176 2179
2913 4 2178 2176 2177 2180
2914 4 2178 2176 2177 2181
2915 4 2179 2176 2177 2180
2916 4 2179 2176 2177 2181
2917 4 2180 2177 2182 2184
2918 4 2180 2177 2182 2185
2919 4 2181 2177 2182 2184
2920 4 2181 2177 2182 2185
2921 4 2184 2182 2183 2186
2922 4 2184 2182 2183 2187
2923 4 2185 2182 2183 2186
2924 4 2185 2182 2183 2187
2925 4 2186 2183 2188 2190
2926 4 2186 2183 2188 2191
2927 4 2187 2183 2188 2190
2928 4 2187 2183 2188 2191
2929 4 2190 2188 2189 2192
2930 4 2190 2188 2189 2193
2931 4 2191 2188 2189 2192
2932 4 2191 2188 2189 2193
2933 4 2192 2189 2194 2196
2934 4 2192 2189 2194 2197
2935 4 2193 2189 2194 2196
2936 4 2193 2189 2194 2197
2937 4 2196 2194 2195 2198
2938 4 2196 2194 2195 2199
2939 4 2197 2194 2195 2198
2940 4 2197 2194 2195 2199
2941 4 2198 2195 2200 2202
2942 4 2198 2195 2200 2203
2943 4 2199 2195 2200 2202
2944 4 2199 2195 2200 2203
2945 4 2202 2200 2201 2204
2946 4 2202 2200 2201 2205
2947 4 2203 2200 2201 2204
2948 4 2203 2200 2201 2205
2949 4 2204 2201 2206 2208
2950 4 2204 2201 2206 2209
2951 4 2205 2201 2206 2208
2952 4 2205 2201 2206 2209
2953 4 2208 2206 2207 2210
2954 4 2208 2206 2207 2211
2955 4 2209 2206 2207 2210
2956 4 2209 2206 2207 2211
2957 4 2210 2207 2212 2214
2958 4 2210 2207 2212 2215
2959 4 2211 2207 2212 2214
2960 4 2211 2207 2212 2215
2961 4 2214 2212 2213 2216
2962 4 2214 2212 2213 2217
2963 4 2215 2212 2213 2216
2964 4 2215 2212 2213 2217
2965 4 2216 2213 2218 2220
2966 4 2216 2213 2218 2221
2967 4 2217 2213 2218 2220
2968 4 2217 2213 2218 2221
2969 4 2220 2218 2219 2222
2970 4 2220 2218 2219 2223
2971 4 2221 2218 2219 2222
2972 4 2221 2218 2219 2223
2973 4 2222 2219 2224 2226
2974 4 2222 2219 2224 2227
2975 4 2223 2219 2224 2226
2976 4 2223 2219 2224 2227
2977 4 2226 2224 2225 2228
2978 4 2226 2224 2225 2229
2979 4 2227 2224 2225 2228
2980 4 2227 2224 2225 2229
2981 4 2228 2225 2230 2232
2982 4 2228 2225 2230 2233
2983 4 2229 2225 2230 2232
2984 4 2229 2225 2230 2233
2985 4 2232 2230 2231 2234
2986 4 2232 2230 2231 2235
2987 4 2233 2230 2231 2234
2988 4 2233 2230 2231 2235
2989 4 2234 2231 2236 2238
2990 4 2234 2231 2236 2239
2991 4 2235 2231 2236 2238
2992 4 2235 2231 2236 2239
2993 4 2238 2236 2237 2240
2994 4 2238 2236 2237 2241
2995 4 2239 2236 2237 2240
2996 4 2239 2236 2237 2241
2997 4 2240 2237 2242 2244
2998 4 2240 2237 2242 2245
2999 4 2241 2237 2242 2244
3000 4 2241 2237 2242 2245
3001 4 2244 2242 2243 2246
3002 4 2244 2242 2243 2247
3003 4 2245 2242 2243 2246
3004 4 2245 2242 2243 2247
3005 4 2246 2243 2248 2250
3006 4 2246 2243 2248 2251
3007 4 2247 2243 2248 2250
3008 4 2247 2243 2248 2251
3009 4 2250 2248 2249 2252
3010 4 2250 2248 2249 2253
3011 4 2251 2248 2249 2252
3012 4 2251 2248 2249 2253
3013 4 2252 2249 2254 2256
3014 4 2252 2249 2254 2257
3015 4 2253 2249 2254 2256
3016 4 2253 2249 2254 2257
3017 4 2256 2254 2255 2258
3018 4 2256 2254 2255 2259
3019 4 2257 2254 2255 2258
3020 4 2257 2254 2255 2259
3021 4 2258 2255 2260 2262
3022 4 2258 2255 2260 2263
3023 4 2259 2255 2260 2262
3024 4 2259 2255 2260 2263
3025 4 2262 2260 2261 2264
3026 4 2262 2260 2261 2265
3027 4 2263 2260 2261 2264
3028 4 2263 2260 2261 2265
3029 4 2264 2261 2266 2268
3030 4 2264 2261 2266 2269
3031 4 2265 2261 2266 2268
3032 4 2265 2261 2266 2269
3033 4 2268 2266 2267 2270
3034 4 2268 2266 2267 2271
3035 4 2269 2266 2267 2270
3036 4 2269 2266 2267 2271
3037 4 2270 2267 2272 2274
3038 4 2270 2267 2272 2275
3039 4 2271 2267 2272 2274
3040 4 2271 2267 2272 2275
3041 4 2274 2272 2273 2276
3042 4 2274 2272 2273 2277
3043 4 2275 2272 2273 2276
3044 4 2275 2272 2273 2277
3045 4 2276 2273 2278 2280
3046 4 2276 2273 2278 2281
3047 4 2277 2273 2278 2280
3048 4 2277 2273 2278 2281
3049 4 2280 2278 2279 2282
3050 4 2280 2278 2279 2283
3051 4 2281 2278 2279 2282
3052 4 2281 2278 2279 2283
3053 4 2282 2279 2284 2286
3054 4 2282 2279 2284 2287
3055 4 2283 2279 2284 2286
3056 4 2283 2279 2284 2287
3057 4 2286 2284 2285 2288
3058 4 2286 2284 2285 2289
3059 4 2287 2284 2285 2288
3060 4 2287 2284 2285 2289
3061 4 2288 2285 2290 2292
3062 4 2288 2285 2290 2293
3063 4 2289 2285 2290 2292
3064 4 2289 2285 2290 2293
3065 4 2292 2290 2291 2294
3066 4 2292 2290 2291 2295
3067 4 2293 2290 2291 2294
3068 4 2293 2290 2291 2295
3069 4 2294 2291 2296 2298
3070 4 2294 2291 2296 2299
3071 4 2295 2291 2296 2298
3072 4 2295 2291 2296 2299
3073 4 2298 2296 2297 2300
3074 4 2298 2296 2297 2301
3075 4 2299 2296 2297 2300
3076 4 2299 2296 2297 2301
3077 4 2300 2297 2302 2304
3078 4 2300 2297 2302 2305
3079 4 2301 2297 2302 2304
3080 4 2301 2297 2302 2305
3081 4 2304 2302 2303 2306
3082 4 2304 2302 2303 2307
3083 4 2305 2302 2303 2306
3084 4 2305 2302 2303 2307
3085 4 2306 2303 2308 2310
3086 4 2306 2303 2308 2311
3087 4 2307 2303 2308 2310
3088 4 2307 2303 2308 2311
3089 4 2310 2308 2309 2312
3090 4 2310 2308 2309 2313
3091 4 2311 2308 2309 2312
3092 4 2311 2308 2309 2313
3093 4 2312 2309 2314 2316
3094 4 2312 2309 2314 2317
3095 4 2313 2309 2314 2316
3096 4 2313 2309 2314 2317
3097 4 2316 2314 2315 2318
3098 4 2316 2314 2315 2319
3099 4 2317 2314 2315 2318
3100 4 2317 2314 2315 2319
3101 4 2318 2315 2320 2322
3102 4 2318 2315 2320 2323
3103 4 2319 2315 2320 2322
3104 4 2319 2315 2320 2323
3105 4 2322 2320 2321 2324
3106 4 2322 2320 2321 2325
3107 4 2323 2320 2321 2324
3108 4 2323 2320 2321 2325
3109 4 2324 2321 2326 2328
3110 4 2324 2321 2326 2329
3111 4 2325 2321 2326 2328
3112 4 2325 2321 2326 2329
3113 4 2328 2326 2327 2330
3114 4 2328 2326 2327 2331
3115 4 2329 2326 2327 2330
3116 4 2329 2326 2327 2331
3117 4 2330 2327 2332 2334
3118 4 2330 2327 2332 2335
3119 4 2331 2327 2332 2334
3120 4 2331 2327 2332 2335
3121 4 2334 2332 2333 2336
3122 4 2334 2332 2333 2337
3123 4 2335 2332 2333 2336
3124 4 2335 2332 2333 2337
3125 4 2336 2333 2338 2340
3126 4 2336 2333 2338 2341
3127 4 2337 2333 2338 2340
3128 4 2337 2333 2338 2341
3129 4 2340 2338 2339 2342
3130 4 2340 2338 2339 2343
3131 4 2341 2338 2339 2342
3132 4 2341 2338 2339 2343
3133 4 2342 2339 2344 2346
3134 4 2342 2339 2344 2347
3135 4 2343 2339 2344 2346
3136 4 2343 2339 2344 2347
3137 4 2346 2344 2345 2348
3138 4 2346 2344 2345 2349
3139 4 2347 2344 2345 2348
3140 4 2347 2344 2345 2349
3141 4 2348 2345 2350 2352
3142 4 2348 2345 2350 2353
3143 4 2349 2345 2350 2352
3144 4 2349 2345 2350 2353
3145 4 2352 2350 2351 2354
3146 4 2352 2350 2351 2355
3147 4 2353 2350 2351 2354
3148 4 2353 2350 2351 2355
3149 4 2354 2351 2356 2358
3150 4 2354 2351 2356 2359
3151 4 2355 2351 2356 2358
3152 4 2355 2351 2356 2359
3153 4 2358 2356 2357 2360
3154 4 2358 2356 2357 2361
3155 4 2359 2356 2357 2360
3156 4 2359 2356 2357 2361
3157 4 2360 2357 2362 2364
3158 4 2360 2357 2362 2365
3159 4 2361 2357 2362 2364
3160 4 2361 2357 2362 2365
3161 4 2364 2362 2363 2366
3162 4 2364 2362 2363 2367
3163 4 2365 2362 2363 2366
3164 4 2365 2362 2363 2367
3165 4 2366 2363 2368 2370
3166 4 2366 2363 2368 2371
3167 4 2367 2363 2368 2370
3168 4 2367 2363 2368 2371
3169 4 2370 2368 2369 2372
3170 4 2370 2368 2369 2373
3171 4 2371 2368 2369 2372
3172 4 2371 2368 2369 2373
3173 4 2372 2369 2374 2376
3174 4 2372 2369 2374 2377
3175 4 2373 2369 2374 2376
3176 4 2373 2369 2374 2377
3177 4 2376 2374 2375 2378
3178 4 2376 2374 2375 2379
3179 4 2377 2374 2375 2378
3180 4 2377 2374 2375 2379
3181 4 2378 2375 2380 2382
3182 4 2378 2375 2380 2383
3183 4 2379 2375 2380 2382
3184 4 2379 2375 2380 2383
3185 4 2382 2380 2381 2384
3186 4 2382 2380 2381 2385
3187 4 2383 2380 2381 2384
3188 4 2383 2380 2381 2385
3189 4 2384 2381 2386 2388
3190 4 2384 2381 2386 2389
3191 4 2385 2381 2386 2388
3192 4 2385 2381 2386 2389
3193 4 2388 2386 2387 2390
3194 4 2388 2386 2387 2391
3195 4 2389 2386 2387 2390
3196 4 2389 2386 2387 2391
3197 4 2390 2387 2392 2394
3198 4 2390 2387 2392 2395
3199 4 2391 2387 2392 2394
3200 4 2391 2387 2392 2395
3201 4 2394 2392 2393 2396
3202 4 2394 2392 2393 2397
3203 4 2395 2392 2393 2396
3204 4 2395 2392 2393 2397
3205 4 2396 2393 2398 2400
3206 4 2396 2393 2398 2401
3207 4 2397 2393 2398 2400
3208 4 2397 2393 2398 2401
3209 4 2400 2398 2399 2402
3210 4 2400 2398 2399 2403
3211 4 2401 2398 2399 2402
3212 4 2401 2398 2399 2403
3213 4 2402 2399 2404 2406
3214 4 2402 2399 2404 2407
3215 4 2403 2399 2404 2406
3216 4 2403 2399 2404 2407
3217 4 2406 2404 2405 2408
3218 4 2406 2404 2405 2409
3219 4 2407 2404 2405 2408
3220 4 2407 2404 2405 2409
3221 4 2408 2405 2410 2412
3222 4 2408 2405 2410 2413
3223 4 2409 2405 2410 2412
3224 4 2409 2405 2410 2413
3225 4 2422 2418 2424 2426
3226 4 2422 2418 2424 2427
3227 4 2423 2418 2424 2426
3228 4 2423 2418 2424 2427
3229 4 2426 2424 2425 2428
3230 4 2426 2424 2425 2429
3231 4 2427 2424 2425 2428
3232 4 2427 2424 2425 2429
3233 4 2428 2425 2430 2432
3234 4 2428 2425 2430 2433
3235 4 2429 2425 2430 2432
3236 4 2429 2425 2430 2433
3237 4 2432 2430 2431 2434
3238 4 2432 2430 2431 2435
3239 4 2433 2430 2431 2434
3240 4 2433 2430 2431 2435
3241 4 2434 2431 2436 2438
3242 4 2434 2431 2436 2439
3243 4 2435 2431 2436 2438
3244 4 2435 2431 2436 2439
3245 4 2438 2436 2437 2440
3246 4 2438 2436 2437 2441
3247 4 2439 2436 2437 2440
3248 4 2439 2436 2437 2441
3249 4 2440 2437 2442 2444
3250 4 2440 2437 2442 2445
3251 4 2441 2437 2442 2444
3252 4 2441 2437 2442 2445
3253 4 2444 2442 2443 2446
3254 4 2444 2442 2443 2447
3255 4 2445 2442 2443 2446
3256 4 2445 2442 2443 2447
3257 4 2446 2443 2448 2450
3258 4 2446 2443 2448 2451
3259 4 2447 2443 2448 2450
3260 4 2447 2443 2448 2451
3261 4 2450 2448 2449 2452
3262 4 2450 2448 2449 2453
3263 4 2451 2448 2449 2452
3264 4 2451 2448 2449 2453
3265 4 2452 2449 2454 2456
3266 4 2452 2449 2454 2457
3267 4 2453 2449 2454 2456
3268 4 2453 2449 2454 2457
3269 4 2456 2454 2455 2458
3270 4 2456 2454 2455 2459
3271 4 2457 2454 2455 2458
3272 4 2457 2454 2455 2459
3273 4 2458 2455 2460 2462
3274 4 2458 2455 2460 2463
3275 4 2459 2455 2460 2462
3276 4 2459 2455 2460 2463
3277 4 2462 2460 2461 2464
3278 4 2462 2460 2461 2465
3279 4 2463 2460 2461 2464
3280 4 2463 2460 2461 2465
3281 4 2464 2461 2466 2468
3282 4 2464 2461 2466 2469
3283 4 2465 2461 2466 2468
3284 4 2465 2461 2466 2469
3285 4 2468 2466 2467 2470
3286 4 2468 2466 2467 2471
3287 4 2469 2466 2467 2470
3288 4 2469 2466 2467 2471
3289 4 2470 2467 2472 2474
3290 4 2470 2467 2472 2475
3291 4 2471 2467 2472 2474
3292 4 2471 2467 2472 2475
3293 4 2474 2472 2473 2476
3294 4 2474 2472 2473 2477
3295 4 2475 2472 2473 2476
3296 4 2475 2472 2473 2477
3297 4 2476 2473 2478 2480
3298 4 2476 2473 2478 2481
3299 4 2477 2473 2478 2480
3300 4 2477 2473 2478 2481
3301 4 2480 2478 2479 2482
3302 4 2480 2478 2479 2483
3303 4 2481 2478 2479 2482
3304 4 2481 2478 2479 2483
3305 4 2482 2479 2484 2486
3306 4 2482 2479 2484 2487
3307 4 2483 2479 2484 2486
3308 4 2483 2479 2484 2487
3309 4 2486 2484 2485 2488
3310 4 2486 2484 2485 2489
3311 4 2487 2484 2485 2488
3312 4 2487 2484 2485 2489
3313 4 2488 2485 2490 2492
3314 4 2488 2485 2490 2493
3315 4 2489 2485 2490 2492
3316 4 2489 2485 2490 2493
3317 4 2492 2490 2491 2494
3318 4 2492 2490 2491 2495
3319 4 2493 2490 2491 2494
3320 4 2493 2490 2491 2495
3321 4 2494 2491 2496 2498
3322 4 2494 2491 2496 2499
3323 4 2495 2491 2496 2498
3324 4 2495 2491 2496 2499
3325 4 2498 2496 2497 2500
3326 4 2498 2496 2497 2501
3327 4 2499 2496 2497 2500
3328 4 2499 2496 2497 2501
3329 4 2500 2497 2502 2504
3330 4 2500 2497 2502 2505
3331 4 2501 2497 2502 2504
3332 4 2501 2497 2502 2505
3333 4 2504 2502 2503 2506
3334 4 2504 2502 2503 2507
3335 4 2505 2502 2503 2506
3336 4 2505 2502 2503 2507
3337 4 2506 2503 2508 2510
3338 4 2506 2503 2508 2511
3339 4 2507 2503 2508 2510
3340 4 2507 2503 2508 2511
3341 4 2510 2508 2509 2512
3342 4 2510 2508 2509 2513
3343 4 2511 2508 2509 2512
3344 4 2511 2508 2509 2513
3345 4 2512 2509 2514 2516
3346 4 2512 2509 2514 2517
3347 4 2513 2509 2514 2516
3348 4 2513 2509 2514 2517
3349 4 2516 2514 2515 2518
3350 4 2516 2514 2515 2519
3351 4 2517 2514 2515 2518
3352 4 2517 2514 2515 2519
3353 4 2518 2515 2520 2522
3354 4 2518 2515 2520 2523
3355 4 2519 2515 2520 2522
3356 4 2519 2515 2520 2523
3357 4 2522 2520 2521 2524
3358 4 2522 2520 2521 2525
3359 4 2523 2520 2521 2524
3360 4 2523 2520 2521 2525
3361 4 2524 2521 2526 2528
3362 4 2524 2521 2526 2529
3363 4 2525 2521 2526 2528
3364 4 2525 2521 2526 2529
3365 4 2528 2526 2527 2530
3366 4 2528 2526 2527 2531
3367 4 2529 2526 2527 2530
3368 4 2529 2526 2527 2531
3369 4 2530 2527 2532 2534
3370 4 2530 2527 2532 2535
3371 4 2531 2527 2532 2534
3372 4 2531 2527 2532 2535
3373 4 2534 2532 2533 2536
3374 4 2534 2532 2533 2537
3375 4 2535 2532 2533 2536
3376 4 2535 2532 2533 2537
3377 4 2536 2533 2538 2540
3378 4 2536 2533 2538 2541
3379 4 2537 2533 2538 2540
3380 4 2537 2533 2538 2541
3381 4 2540 2538 2539 2542
3382 4 2540 2538 2539 2543
3383 4 2541 2538 2539 2542
3384 4 2541 2538 2539 2543
3385 4 2542 2539 2544 2546
3386 4 2542 2539 2544 2547
3387 4 2543 2539 2544 2546
3388 4 2543 2539 2544 2547
3389 4 2546 2544 2545 2548
3390 4 2546 2544 2545 2549
3391 4 2547 2544 2545 2548
3392 4 2547 2544 2545 2549
3393 4 2548 2545 2550 2552
3394 4 2548 2545 2550 2553
3395 4 2549 2545 2550 2552
3396 4 2549 2545 2550 2553
3397 4 2552 2550 2551 2554
3398 4 2552 2550 2551 2555
3399 4 2553 2550 2551 2554
3400 4 2553 2550 2551 2555
3401 4 2554 2551 2556 2558
3402 4 2554 2551 2556 2559
3403 4 2555 2551 2556 2558
3404 4 2555 2551 2556 2559
3405 4 2558 2556 2557 2560
3406 4 2558 2556 2557 2561
3407 4 2559 2556 2557 2560
3408 4 2559 2556 2557 2561
3409 4 2560 2557 2562 2564
3410 4 2560 2557 2562 2565
3411 4 2561 2557 2562 2564
3412 4 2561 2557 2562 2565
3413 4 2564 2562 2563 2566
3414 4 2564 2562 2563 2567
3415 4 2565 2562 2563 2566
3416 4 2565 2562 2563 2567
3417 4 2566 2563 2568 2570
3418 4 2566 2563 2568 2571
3419 4 2567 2563 2568 2570
3420 4 2567 2563 2568 2571
3421 4 2570 2568 2569 2572
3422 4 2570 2568 2569 2573
3423 4 2571 2568 2569 2572
3424 4 2571 2568 2569 2573
3425 4 2572 2569 2574 2576
3426 4 2572 2569 2574 2577
3427 4 2573 2569 2574 2576
3428 4 2573 2569 2574 2577
3429 4 2576 2574 2575 2578
3430 4 2576 2574 2575 2579
3431 4 2577 2574 2575 2578
3432 4 2577 2574 2575 2579
3433 4 2578 2575 2580 2582
3434 4 2578 2575 2580 2583
3435 4 2579 2575 2580 2582
3436 4 2579 2575 2580 2583
3437 4 2582 2580 2581 2584
3438 4 2582 2580 2581 2585
3439 4 2583 2580 2581 2584
3440 4 2583 2580 2581 2585
3441 4 2584 2581 2586 2588
3442 4 2584 2581 2586 2589
3443 4 2585 2581 2586 2588
3444 4 2585 2581 2586 2589
3445 4 2588 2586 2587 2590
3446 4 2588 2586 2587 2591
3447 4 2589 2586 2587 2590
3448 4 2589 2586 2587 2591
3449 4 2590 2587 2592 2594
3450 4 2590 2587 2592 2595
3451 4 2591 2587 2592 2594
3452 4 2591 2587 2592 2595
3453 4 2594 2592 2593 2596
3454 4 2594 2592 2593 2597
3455 4 2595 2592 2593 2596
3456 4 2595 2592 2593 2597
3457 4 2596 2593 2598 2600
3458 4 2596 2593 2598 2601
3459 4 2597 2593 2598 2600
3460 4 2597 2593 2598 2601
3461 4 2600 2598 2599 2602
3462 4 2600 2598 2599 2603
3463 4 2601 2598 2599 2602
3464 4 2601 2598 2599 2603
3465 4 2602 2599 2604 2606
3466 4 2602 2599 2604 2607
3467 4 2603 2599 2604 2606
3468 4 2603 2599 2604 2607
3469 4 2606 2604 2605 2608
3470 4 2606 2604 2605 2609
3471 4 2607 2604 2605 2608
3472 4 2607 2604 2605 2609
3473 4 2608 2605 2610 2612
3474 4 2608 2605 2610 2613
3475 4 2609 2605 2610 2612
3476 4 2609 2605 2610 2613
3477 4 2612 2610 2611 2614
3478 4 2612 2610 2611 2615
3479 4 2613 2610 2611 2614
3480 4 2613 2610 2611 2615
3481 4 2614 2611 2616 2618
3482 4 2614 2611 2616 2619
3483 4 2615 2611 2616 2618
3484 4 2615 2611 2616 2619
3485 4 2618 2616 2617 2620
3486 4 2618 2616 2617 2621
3487 4 2619 2616 2617 2620
3488 4 2619 2616 2617 2621
3489 4 2620 2617 2622 2624
3490 4 2620 2617 2622 2625
3491 4 2621 2617 2622 2624
3492 4 2621 2617 2622 2625
3493 4 2624 2622 2623 2626
3494 4 2624 2622 2623 2627
3495 4 2625 2622 2623 2626
3496 4 2625 2622 2623 2627
3497 4 2626 2623 2628 2630
3498 4 2626 2623 2628 2631
3499 4 2627 2623 2628 2630
3500 4 2627 2623 2628 2631
3501 4 2630 2628 2629 2632
3502 4 2630 2628 2629 2633
3503 4 2631 2628 2629 2632
3504 4 2631 2628 2629 2633
3505 4 2632 2629 2634 2636
3506 4 2632 2629 2634 2637
3507 4 2633 2629 2634 2636
3508 4 2633 2629 2634 2637
3509 4 2636 2634 2635 2638
3510 4 2636 2634 2635 2639
3511 4 2637 2634 2635 2638
3512 4 2637 2634 2635 2639
3513 4 2638 2635 2640 2642
3514 4 2638 2635 2640 2643
3515 4 2639 2635 2640 2642
3516 4 2639 2635 2640 2643
3517 4 2642 2640 2641 2644
3518 4 2642 2640 2641 2645
3519 4 2643 2640 2641 2644
3520 4 2643 2640 2641 2645
3521 4 2644 2641 2646 2648
3522 4 2644 2641 2646 2649
3523 4 2645 2641 2646 2648
3524 4 2645 2641 2646 2649
3525 4 2648 2646 2647 2650
3526 4 2648 2646 2647 2651
3527 4 2649 2646 2647 2650
3528 4 2649 2646 2647 2651
3529 4 2650 2647 2652 2654
3530 4 2650 2647 2652 2655
3531 4 2651 2647 2652 2654
3532 4 2651 2647 2652 2655
3533 4 2654 2652 2653 2656
3534 4 2654 2652 2653 2657
3535 4 2655 2652 2653 2656
3536 4 2655 2652 2653 2657
3537 4 2656 2653 2658 2660
3538 4 2656 2653 2658 2661
3539 4 2657 2653 2658 2660
3540 4 2657 2653 2658 2661
3541 4 2660 2658 2659 2662
3542 4 2660 2658 2659 2663
3543 4 2661 2658 2659 2662
3544 4 2661 2658 2659 2663
3545 4 2662 2659 2664 2666
3546 4 2662 2659 2664 2667
3547 4 2663 2659 2664 2666
3548 4 2663 2659 2664 2667
3549 4 2666 2664 2665 2668
3550 4 2666 2664 2665 2669
3551 4 2667 2664 2665 2668
3552 4 2667 2664 2665 2669
3553 4 2668 2665 2670 2672
3554 4 2668 2665 2670 2673
3555 4 2669 2665 2670 2672
3556 4 2669 2665 2670 2673
3557 4 2672 2670 2671 2674
3558 4 2672 2670 2671 2675
3559 4 2673 2670 2671 2674
3560 4 2673 2670 2671 2675
3561 4 2674 2671 2676 2678
3562 4 2674 2671 2676 2679
3563 4 2675 2671 2676 2678
3564 4 2675 2671 2676 2679
3565 4 2678 2676 2677 2680
3566 4 2678 2676 2677 2681
3567 4 2679 2676 2677 2680
3568 4 2679 2676 2677 2681
3569 4 2680 2677 2682 2684
3570 4 2680 2677 2682 2685
3571 4 2681 2677 2682 2684
3572 4 2681 2677 2682 2685
3573 4 2684 2682 2683 2686
3574 4 2684 2682 2683 2687
3575 4 2685 2682 2683 2686
3576 4 2685 2682 2683 2687
3577 4 2686 2683 2688 2690
3578 4 2686 2683 2688 2691
3579 4 2687 2683 2688 2690
3580 4 2687 2683 2688 2691
3581 4 2690 2688 2689 2692
3582 4 2690 2688 2689 2693
3583 4 2691 2688 2689 2692
3584 4 2691 2688 2689 2693
3585 4 2692 2689 2694 2696
3586 4 2692 2689 2694 2697
3587 4 2693 2689 2694 2696
3588 4 2693 2689 2694 2697
3589 4 2696 2694 2695 2698
3590 4 2696 2694 2695 2699
3591 4 2697 2694 2695 2698
3592 4 2697 2694 2695 2699
3593 4 2698 2695 2700 2702
3594 4 2698 2695 2700 2703
3595 4 2699 2695 2700 2702
3596 4 2699 2695 2700 2703
3597 4 2702 2700 2701 2704
3598 4 2702 2700 2701 2705
3599 4 2703 2700 2701 2704
3600 4 2703 2700 2701 2705
3601 4 2704 2701 2706 2708
3602 4 2704 2701 2706 2709
3603 4 2705 2701 2706 2708
3604 4 2705 2701 2706 2709
3605 4 2708 2706 2707 2710
3606 4 2708 2706 2707 2711
3607 4 2709 2706 2707 2710
3608 4 2709 2706 2707 2711
3609 4 2710 2707 2712 2714
3610 4 2710 2707 2712 2715
3611 4 2711 2707 2712 2714
3612 4 2711 2707 2712 2715
3613 4 2724 2720 2726 2728
3614 4 2724 2720 2726 2729
3615 4 2725 2720 2726 2728
3616 4 2725 2720 2726 2729
3617 4 2728 2726 2727 2730
3618 4 2728 2726 2727 2731
3619 4 2729 2726 2727 2730
3620 4 2729 2726 2727 2731
3621 4 2730 2727 2732 2734
3622 4 2730 2727 2732 2735
3623 4 2731 2727 2732 2734
3624 4 2731 2727 2732 2735
3625 4 2734 2732 2733 2736
3626 4 2734 2732 2733 2737
3627 4 2735 2732 2733 2736
3628 4 2735 2732 2733 2737
3629 4 2736 2733 2738 2740
3630 4 2736 2733 2738 2741
3631 4 2737 2733 2738 2740
3632 4 2737 2733 2738 2741
3633 4 2740 2738 2739 2742
3634 4 2740 2738 2739 2743
3635 4 2741 2738 2739 2742
3636 4 2741 2738 2739 2743
3637 4 2742 2739 2744 2746
3638 4 2742 2739 2744 2747
3639 4 2743 2739 2744 2746
3640 4 2743 2739 2744 2747
3641 4 2746 2744 2745 2748
3642 4 2746 2744 2745 2749
3643 4 2747 2744 2745 2748
3644 4 2747 2744 2745 2749
3645 4 2748 2745 2750 2752
3646 4 2748 2745 2750 2753
3647 4 2749 2745 2750 2752
3648 4 2749 2745 2750 2753
3649 4 2752 2750 2751 2754
3650 4 2752 2750 2751 2755
3651 4 2753 2750 2751 2754
3652 4 2753 2750 2751 2755
3653 4 2754 2751 2756 2758
3654 4 2754 2751 2756 2759
3655 4 2755 2751 2756 2758
3656 4 2755 2751 2756 2759
3657 4 2758 2756 2757 2760
3658 4 2758 2756 2757 2761
3659 4 2759 2756 2757 2760
3660 4 2759 2756 2757 2761
3661 4 2760 2757 2762 2764
3662 4 2760 2757 2762 2765
3663 4 2761 2757 2762 2764
3664 4 2761 2757 2762 2765
3665 4 2764 2762 2763 2766
3666 4 2764 2762 2763 2767
3667 4 2765 2762 2763 2766
3668 4 2765 2762 2763 2767
3669 4 2766 2763 2768 2770
3670 4 2766 2763 2768 2771
3671 4 2767 2763 2768 2770
3672 4 2767 2763 2768 2771
3673 4 2770 2768 2769 2772
3674 4 2770 2768 2769 2773
3675 4 2771 2768 2769 2772
3676 4 2771 2768 2769 2773
3677 4 2772 2769 2774 2776
3678 4 2772 2769 2774 2777
3679 4 2773 2769 2774 2776
3680 4 2773 2769 2774 2777
3681 4 2776 2774 2775 2778
3682 4 2776 2774 2775 2779
3683 4 2777 2774 2775 2778
3684 4 2777 2774 2775 2779
3685 4 2778 2775 2780 2782
3686 4 2778 2775 2780 2783
3687 4 2779 2775 2780 2782
3688 4 2779 2775 2780 2783
3689 4 2782 2780 2781 2784
3690 4 2782 2780 2781 2785
3691 4 2783 2780 2781 2784
3692 4 2783 2780 2781 2785
3693 4 2784 2781 2786 2788
3694 4 2784 2781 2786 2789
3695 4 2785 2781 2786 2788
3696 4 2785 2781 2786 2789
3697 4 2788 2786 2787 2790
3698 4 2788 2786 2787 2791
3699 4 2789 2786 2787 2790
3700 4 2789 2786 2787 2791
3701 4 2790 2787 2792 2794
3702 4 2790 2787 2792 2795
3703 4 2791 2787 2792 2794
3704 4 2791 2787 2792 2795
3705 4 2794 2792 2793 2796
3706 4 2794 2792 2793 2797
3707 4 2795 2792 2793 2796
3708 4 2795 2792 2793 2797
3709 4 2796 2793 2798 2800
3710 4 2796 2793 2798 2801
3711 4 2797 2793 2798 2800
3712 4 2797 2793 2798 2801
3713 4 2800 2798 2799 2802
3714 4 2800 2798 2799 2803
3715 4 2801 2798 2799 2802
3716 4 2801 2798 2799 2803
3717 4 2802 2799 2804 2806
3718 4 2802 2799 2804 2807
3719 4 2803 2799 2804 2806
3720 4 2803 2799 2804 2807
3721 4 2806 2804 2805 2808
3722 4 2806 2804 2805 2809
3723 4 2807 2804 2805 2808
3724 4 2807 2804 2805 2809
3725 4 2808 2805 2810 2812
3726 4 2808 2805 2810 2813
3727 4 2809 2805 2810 2812
3728 4 2809 2805 2810 2813
3729 4 2812 2810 2811 2814
3730 4 2812 2810 2811 2815
3731 4 2813 2810 2811 2814
3732 4 2813 2810 2811 2815
3733 4 2814 2811 2816 2818
3734 4 2814 2811 2816 2819
3735 4 2815 2811 2816 2818
3736 4 2815 2811 2816 2819
3737 4 2818 2816 2817 2820
3738 4 2818 2816 2817 2821
3739 4 2819 2816 2817 2820
3740 4 2819 2816 2817 2821
3741 4 2820 2817 2822 2824
3742 4 2820 2817 2822 2825
3743 4 2821 2817 2822 2824
3744 4 2821 2817 2822 2825
3745 4 2824 2822 2823 2826
3746 4 2824 2822 2823 2827
3747 4 2825 2822 2823 2826
3748 4 2825 2822 2823 2827
3749 4 2826 2823 2828 2830
3750 4 2826 2823 2828 2831
3751 4 2827 2823 2828 2830
3752 4 2827 2823 2828 2831
3753 4 2830 2828 2829 2832
3754 4 2830 2828 2829 2833
3755 4 2831 2828 2829 2832
3756 4 2831 2828 2829 2833
3757 4 2832 2829 2834 2836
3758 4 2832 2829 2834 2837
3759 4 2833 2829 2834 2836
3760 4 2833 2829 2834 2837
3761 4 2836 2834 2835 2838
3762 4 2836 2834 2835 2839
3763 4 2837 2834 2835 2838
3764 4 2837 2834 2835 2839
3765 4 2838 2835 2840 2842
3766 4 2838 2835 2840 2843
3767 4 2839 2835 2840 2842
3768 4 2839 2835 2840 2843
3769 4 2842 2840 2841 2844
3770 4 2842 2840 2841 2845
3771 4 2843 2840 2841 2844
3772 4 2843 2840 2841 2845
3773 4 2844 2841 2846 2848
3774 4 2844 2841 2846 2849
3775 4 2845 2841 2846 2848
3776 4 2845 2841 2846 2849
3777 4 2848 2846 2847 2850
3778 4 2848 2846 2847 2851
3779 4 2849 2846 2847 2850
3780 4 2849 2846 2847 2851
3781 4 2850 2847 2852 2854
3782 4 2850 2847 2852 2855
3783 4 2851 2847 2852 2854
3784 4 2851 2847 2852 2855
3785 4 2854 2852 2853 2856
3786 4 2854 2852 2853 2857
3787 4 2855 2852 2853 2856
3788 4 2855 2852 2853 2857
3789 4 2856 2853 2858 2860
3790 4 2856 2853 2858 2861
3791 4 2857 2853 2858 2860
3792 4 2857 2853 2858 2861
3793 4 2860 2858 2859 2862
3794 4 2860 2858 2859 2863
3795 4 2861 2858 2859 2862
3796 4 2861 2858 2859 2863
3797 4 2862 2859 2864 2866
3798 4 2862 2859 2864 2867
3799 4 2863 2859 2864 2866
3800 4 2863 2859 2864 2867
3801 4 2866 2864 2865 2868
3802 4 2866 2864 2865 2869
3803 4 2867 2864 2865 2868
3804 4 2867 2864 2865 2869
3805 4 2868 2865 2870 2872
3806 4 2868 2865 2870 2873
3807 4 2869 2865 2870 2872
3808 4 2869 2865 2870 2873
3809 4 2872 2870 2871 2874
3810 4 2872 2870 2871 2875
3811 4 2873 2870 2871 2874
3812 4 2873 2870 2871 2875
3813 4 2874 2871 2876 2878
3814 4 2874 2871 2876 2879
3815 4 2875 2871 2876 2878
3816 4 2875 2871 2876 2879
3817 4 2878 2876 2877 2880
3818 4 2878 2876 2877 2881
3819 4 2879 2876 2877 2880
3820 4 2879 2876 2877 2881
3821 4 2880 2877 2882 2884
3822 4 2880 2877 2882 2885
3823 4 2881 2877 2882 2884
3824 4 2881 2877 2882 2885
3825 4 2884 2882 2883 2886
3826 4 2884 2882 2883 2887
3827 4 2885 2882 2883 2886
3828 4 2885 2882 2883 2887
3829 4 2886 2883 2888 2890
3830 4 2886 2883 2888 2891
3831 4 2887 2883 2888 2890
3832 4 2887 2883 2888 2891
3833 4 2890 2888 2889 2892
3834 4 2890 2888 2889 2893
3835 4 2891 2888 2889 2892
3836 4 2891 2888 2889 2893
3837 4 2892 2889 2894 2896
3838 4 2892 2889 2894 2897
3839 4 2893 2889 2894 2896
3840 4 2893 2889 2894 2897
3841 4 2896 2894 2895 2898
3842 4 2896 2894 2895 2899
3843 4 2897 2894 2895 2898
3844 4 2897 2894 2895 2899
3845 4 2898 2895 2900 2902
3846 4 2898 2895 2900 2903
3847 4 2899 2895 2900 2902
3848 4 2899 2895 2900 2903
3849 4 2902 2900 2901 2904
3850 4 2902 2900 2901 2905
3851 4 2903 2900 2901 2904
3852 4 2903 2900 2901 2905
3853 4 2904 2901 2906 2908
3854 4 2904 2901 2906 2909
3855 4 2905 2901 2906 2908
3856 4 2905 2901 2906 2909
3857 4 2908 2906 2907 2910
3858 4 2908 2906 2907 2911
3859 4 2909 2906 2907 2910
3860 4 2909 2906 2907 2911
3861 4 2910 2907 2912 2914
3862 4 2910 2907 2912 2915
3863 4 2911 2907 2912 2914
3864 4 2911 2907 2912 2915
3865 4 2914 2912 2913 2916
3866 4 2914 2912 2913 2917
3867 4 2915 2912 2913 2916
3868 4 2915 2912 2913 2917
3869 4 2916 2913 2918 2920
3870 4 2916 2913 2918 2921
3871 4 2917 2913 2918 2920
3872 4 2917 2913 2918 2921
3873 4 2920 2918 2919 2922
3874 4 2920 2918 2919 2923
3875 4 2921 2918 2919 2922
3876 4 2921 2918 2919 2923
3877 4 2922 2919 2924 2926
3878 4 2922 2919 2924 2927
3879 4 2923 2919 2924 2926
3880 4 2923 2919 2924 2927
3881 4 2926 2924 2925 2928
3882 4 2926 2924 2925 2929
3883 4 2927 2924 2925 2928
3884 4 2927 2924 2925 2929
3885 4 2928 2925 2930 2932
3886 4 2928 2925 2930 2933
3887 4 2929 2925 2930 2932
3888 4 2929 2925 2930 2933
3889 4 2932 2930 2931 2934
3890 4 2932 2930 2931 2935
3891 4 2933 2930 2931 2934
3892 4 2933 2930 2931 2935
3893 4 2934 2931 2936 2938
3894 4 2934 2931 2936 2939
3895 4 2935 2931 2936 2938
3896 4 2935 2931 2936 2939
3897 4 2938 2936 2937 2940
3898 4 2938 2936 2937 2941
3899 4 2939 2936 2937 2940
3900 4 2939 2936 2937 2941
3901 4 2940 2937 2942 2944
3902 4 2940 2937 2942 2945
3903 4 2941 2937 2942 2944
3904 4 2941 2937 2942 2945
3905 4 2944 2942 2943 2946
3906 4 2944 2942 2943 2947
3907 4 2945 2942 2943 2946
3908 4 2945 2942 2943 2947
3909 4 2946 2943 2948 2950
3910 4 2946 2943 2948 2951
3911 4 2947 2943 2948 2950
3912 4 2947 2943 2948 2951
3913 4 2950 2948 2949 2952
3914 4 2950 2948 2949 2953
3915 4 2951 2948 2949 2952
3916 4 2951 2948 2949 2953
3917 4 2952 2949 2954 2956
3918 4 2952 2949 2954 2957
3919 4 2953 2949 2954 2956
3920 4 2953 2949 2954 2957
3921 4 2956 2954 2955 2958
3922 4 2956 2954 2955 2959
3923 4 2957 2954 2955 2958
3924 4 2957 2954 2955 2959
3925 4 2958 2955 2960 2962
3926 4 2958 2955 2960 2963
3927 4 2959 2955 2960 2962
3928 4 2959 2955 2960 2963
3929 4 2962 2960 2961 2964
3930 4 2962 2960 2961 2965
3931 4 2963 2960 2961 2964
3932 4 2963 2960 2961 2965
3933 4 2964 2961 2966 2968
3934 4 2964 2961 2966 2969
3935 4 2965 2961 2966 2968
3936 4 2965 2961 2966 2969
3937 4 2968 2966 2967 2970
3938 4 2968 2966 2967 2971
3939 4 2969 2966 2967 2970
3940 4 2969 2966 2967 2971
3941 4 2970 2967 2972 2974
3942 4 2970 2967 2972 2975
3943 4 2971 2967 2972 2974
3944 4 2971 2967 2972 2975
3945 4 2974 2972 2973 2976
3946 4 2974 2972 2973 2977
3947 4 2975 2972 2973 2976
3948 4 2975 2972 2973 2977
3949 4 2976 2973 2978 2980
3950 4 2976 2973 2978 2981
3951 4 2977 2973 2978 2980
3952 4 2977 2973 2978 2981
3953 4 2980 2978 2979 2982
3954 4 2980 2978 2979 2983
3955 4 2981 2978 2979 2982
3956 4 2981 2978 2979 2983
3957 4 2982 2979 2984 2986
3958 4 2982 2979 2984 2987
3959 4 2983 2979 2984 2986
3960 4 2983 2979 2984 2987
3961 4 2986 2984 2985 2988
3962 4 2986 2984 2985 2989
3963 4 2987 2984 2985 2988
3964 4 2987 2984 2985 2989
3965 4 2988 2985 2990 2992
3966 4 2988 2985 2990 2993
3967 4 2989 2985 2990 2992
3968 4 2989 2985 2990 2993
3969 4 2992 2990 2991 2994
3970 4 2992 2990 2991 2995
3971 4 2993 2990 2991 2994
3972 4 2993 2990 2991 2995
3973 4 2994 2991 2996 2998
3974 4 2994 2991 2996 2999
3975 4 2995 2991 2996 2998
3976 4 2995 2991 2996 2999
3977 4 2998 2996 2997 3000
3978 4 2998 2996 2997 3001
3979 4 2999 2996 2997 3000
3980 4 2999 2996 2997 3001
3981 4 3000 2997 3002 3004
3982 4 3000 2997 3002 3005
3983 4 3001 2997 3002 3004
3984 4 3001 2997 3002 3005
3985 4 3004 3002 3003 3006
3986 4 3004 3002 3003 3007
3987 4 3005 3002 3003 3006
3988 4 3005 3002 3003 3007
3989 4 3006 3003 3008 3010
3990 4 3006 3003 3008 3011
3991 4 3007 3003 3008 3010
3992 4 3007 3003 3008 3011
3993 4 3010 3008 3009 3012
3994 4 3010 3008 3009 3013
3995 4 3011 3008 3009 3012
3996 4 3011 3008 3009 3013
3997 4 3012 3009 3014 3016
3998 4 3012 3009 3014 3017
3999 4 3013 3009 3014 3016
4000 4 3013 3009 3014 3017
