1 1 3 1 4
2 1 3 1 5
3 1 4 1 5
4 1 300 297 301
5 1 300 297 302
6 1 301 297 302
7 1 305 303 306
8 1 305 303 307
9 1 306 303 307
10 1 602 599 603
11 1 602 599 604
12 1 603 599 604
13 1 607 605 608
14 1 607 605 609
15 1 608 605 609
16 1 904 901 905
17 1 904 901 906
18 1 905 901 906
19 1 909 907 910
20 1 909 907 911
21 1 910 907 911
22 1 1206 1203 1207
23 1 1206 1203 1208
24 1 1207 1203 1208
25 1 1211 1209 1212
26 1 1211 1209 1213
27 1 1212 1209 1213
28 1 1508 1505 1509
29 1 1508 1505 1510
30 1 1509 1505 1510
31 1 1513 1511 1514
32 1 1513 1511 1515
33 1 1514 1511 1515
34 1 1810 1807 1811
35 1 1810 1807 1812
36 1 1811 1807 1812
37 1 1815 1813 1816
38 1 1815 1813 1817
39 1 1816 1813 1817
40 1 2112 2109 2113
41 1 2112 2109 2114
42 1 2113 2109 2114
43 1 2117 2115 2118
44 1 2117 2115 2119
45 1 2118 2115 2119
46 1 2414 2411 2415
47 1 2414 2411 2416
48 1 2415 2411 2416
49 1 2419 2417 2420
50 1 2419 2417 2421
51 1 2420 2417 2421
52 1 2716 2713 2717
53 1 2716 2713 2718
54 1 2717 2713 2718
55 1 2721 2719 2722
56 1 2721 2719 2723
57 1 2722 2719 2723
58 1 3018 3015 3019
59 1 3018 3015 3020
60 1 3019 3015 3020
61 2 6 2 7
62 2 10 8 11
63 2 12 9 13
64 2 16 14 17
65 2 18 15 19
66 2 22 20 23
67 2 24 21 25
68 2 28 26 29
69 2 30 27 31
70 2 34 32 35
71 2 36 33 37
72 2 40 38 41
73 2 42 39 43
74 2 46 44 47
75 2 48 45 49
76 2 52 50 53
77 2 54 51 55
78 2 58 56 59
79 2 60 57 61
80 2 64 62 65
81 2 66 63 67
82 2 70 68 71
83 2 72 69 73
84 2 76 74 77
85 2 78 75 79
86 2 82 80 83
87 2 84 81 85
88 2 88 86 89
89 2 90 87 91
90 2 94 92 95
91 2 96 93 97
92 2 100 98 101
93 2 102 99 103
94 2 106 104 107
95 2 108 105 109
96 2 112 110 113
97 2 114 111 115
98 2 118 116 119
99 2 120 117 121
100 2 124 122 125
101 2 126 123 127
102 2 130 128 131
103 2 132 129 133
104 2 136 134 137
105 2 138 135 139
106 2 142 140 143
107 2 144 141 145
108 2 148 146 149
109 2 150 147 151
110 2 154 152 155
111 2 156 153 157
112 2 160 158 161
113 2 162 159 163
114 2 166 164 167
115 2 168 165 169
116 2 172 170 173
117 2 174 171 175
118 2 178 176 179
119 2 180 177 181
120 2 184 182 185
121 2 186 183 187
122 2 190 188 191
123 2 192 189 193
124 2 196 194 197
125 2 198 195 199
126 2 202 200 203
127 2 204 201 205
128 2 208 206 209
129 2 210 207 211
130 2 214 212 215
131 2 216 213 217
132 2 220 218 221
133 2 222 219 223
134 2 226 224 227
135 2 228 225 229
136 2 232 230 233
137 2 234 231 235
138 2 238 236 239
139 2 240 237 241
140 2 244 242 245
141 2 246 243 247
142 2 250 248 251
143 2 252 249 253
144 2 256 254 257
145 2 258 255 259
146 2 262 260 263
147 2 264 261 265
148 2 268 266 269
149 2 270 267 271
150 2 274 272 275
151 2 276 273 277
152 2 280 278 281
153 2 282 279 283
154 2 286 284 287
155 2 288 285 289
156 2 292 290 293
157 2 294 291 295
158 2 298 296 299
159 2 308 304 309
160 2 312 310 313
161 2 314 311 315
162 2 318 316 319
163 2 320 317 321
164 2 324 322 325
165 2 326 323 327
166 2 330 328 331
167 2 332 329 333
168 2 336 334 337
169 2 338 335 339
170 2 342 340 343
171 2 344 341 345
172 2 348 346 349
173 2 350 347 351
174 2 354 352 355
175 2 356 353 357
176 2 360 358 361
177 2 362 359 363
178 2 366 364 367
179 2 368 365 369
180 2 372 370 373
181 2 374 371 375
182 2 378 376 379
183 2 380 377 381
184 2 384 382 385
185 2 386 383 387
186 2 390 388 391
187 2 392 389 393
188 2 396 394 397
189 2 398 395 399
190 2 402 400 403
191 2 404 401 405
192 2 408 406 409
193 2 410 407 411
194 2 414 412 415
195 2 416 413 417
196 2 420 418 421
197 2 422 419 423
198 2 426 424 427
199 2 428 425 429
200 2 432 430 433
201 2 434 431 435
202 2 438 436 439
203 2 440 437 441
204 2 444 442 445
205 2 446 443 447
206 2 450 448 451
207 2 452 449 453
208 2 456 454 457
209 2 458 455 459
210 2 462 460 463
211 2 464 461 465
212 2 468 466 469
213 2 470 467 471
214 2 474 472 475
215 2 476 473 477
216 2 480 478 481
217 2 482 479 483
218 2 486 484 487
219 2 488 485 489
220 2 492 490 493
221 2 494 491 495
222 2 498 496 499
223 2 500 497 501
224 2 504 502 505
225 2 506 503 507
226 2 510 508 511
227 2 512 509 513
228 2 516 514 517
229 2 518 515 519
230 2 522 520 523
231 2 524 521 525
232 2 528 526 529
233 2 530 527 531
234 2 534 532 535
235 2 536 533 537
236 2 540 538 541
237 2 542 539 543
238 2 546 544 547
239 2 548 545 549
240 2 552 550 553
241 2 554 551 555
242 2 558 556 559
243 2 560 557 561
244 2 564 562 565
245 2 566 563 567
246 2 570 568 571
247 2 572 569 573
248 2 576 574 577
249 2 578 575 579
250 2 582 580 583
251 2 584 581 585
252 2 588 586 589
253 2 590 587 591
254 2 594 592 595
255 2 596 593 597
256 2 600 598 601
257 2 610 606 611
258 2 614 612 615
259 2 616 613 617
260 2 620 618 621
261 2 622 619 623
262 2 626 624 627
263 2 628 625 629
264 2 632 630 633
265 2 634 631 635
266 2 638 636 639
267 2 640 637 641
268 2 644 642 645
269 2 646 643 647
270 2 650 648 651
271 2 652 649 653
272 2 656 654 657
273 2 658 655 659
274 2 662 660 663
275 2 664 661 665
276 2 668 666 669
277 2 670 667 671
278 2 674 672 675
279 2 676 673 677
280 2 680 678 681
281 2 682 679 683
282 2 686 684 687
283 2 688 685 689
284 2 692 690 693
285 2 694 691 695
286 2 698 696 699
287 2 700 697 701
288 2 704 702 705
289 2 706 703 707
290 2 710 708 711
291 2 712 709 713
292 2 716 714 717
293 2 718 715 719
294 2 722 720 723
295 2 724 721 725
296 2 728 726 729
297 2 730 727 731
298 2 734 732 735
299 2 736 733 737
300 2 740 738 741
301 2 742 739 743
302 2 746 744 747
303 2 748 745 749
304 2 752 750 753
305 2 754 751 755
306 2 758 756 759
307 2 760 757 761
308 2 764 762 765
309 2 766 763 767
310 2 770 768 771
311 2 772 769 773
312 2 776 774 777
313 2 778 775 779
314 2 782 780 783
315 2 784 781 785
316 2 788 786 789
317 2 790 787 791
318 2 794 792 795
319 2 796 793 797
320 2 800 798 801
321 2 802 799 803
322 2 806 804 807
323 2 808 805 809
324 2 812 810 813
325 2 814 811 815
326 2 818 816 819
327 2 820 817 821
328 2 824 822 825
329 2 826 823 827
330 2 830 828 831
331 2 832 829 833
332 2 836 834 837
333 2 838 835 839
334 2 842 840 843
335 2 844 841 845
336 2 848 846 849
337 2 850 847 851
338 2 854 852 855
339 2 856 853 857
340 2 860 858 861
341 2 862 859 863
342 2 866 864 867
343 2 868 865 869
344 2 872 870 873
345 2 874 871 875
346 2 878 876 879
347 2 880 877 881
348 2 884 882 885
349 2 886 883 887
350 2 890 888 891
351 2 892 889 893
352 2 896 894 897
353 2 898 895 899
354 2 902 900 903
355 2 912 908 913
356 2 916 914 917
357 2 918 915 919
358 2 922 920 923
359 2 924 921 925
360 2 928 926 929
361 2 930 927 931
362 2 934 932 935
363 2 936 933 937
364 2 940 938 941
365 2 942 939 943
366 2 946 944 947
367 2 948 945 949
368 2 952 950 953
369 2 954 951 955
370 2 958 956 959
371 2 960 957 961
372 2 964 962 965
373 2 966 963 967
374 2 970 968 971
375 2 972 969 973
376 2 976 974 977
377 2 978 975 979
378 2 982 980 983
379 2 984 981 985
380 2 988 986 989
381 2 990 987 991
382 2 994 992 995
383 2 996 993 997
384 2 1000 998 1001
385 2 1002 999 1003
386 2 1006 1004 1007
387 2 1008 1005 1009
388 2 1012 1010 1013
389 2 1014 1011 1015
390 2 1018 1016 1019
391 2 1020 1017 1021
392 2 1024 1022 1025
393 2 1026 1023 1027
394 2 1030 1028 1031
395 2 1032 1029 1033
396 2 1036 1034 1037
397 2 1038 1035 1039
398 2 1042 1040 1043
399 2 1044 1041 1045
400 2 1048 1046 1049
401 2 1050 1047 1051
402 2 1054 1052 1055
403 2 1056 1053 1057
404 2 1060 1058 1061
405 2 1062 1059 1063
406 2 1066 1064 1067
407 2 1068 1065 1069
408 2 1072 1070 1073
409 2 1074 1071 1075
410 2 1078 1076 1079
411 2 1080 1077 1081
412 2 1084 1082 1085
413 2 1086 1083 1087
414 2 1090 1088 1091
415 2 1092 1089 1093
416 2 1096 1094 1097
417 2 1098 1095 1099
418 2 1102 1100 1103
419 2 1104 1101 1105
420 2 1108 1106 1109
421 2 1110 1107 1111
422 2 1114 1112 1115
423 2 1116 1113 1117
424 2 1120 1118 1121
425 2 1122 1119 1123
426 2 1126 1124 1127
427 2 1128 1125 1129
428 2 1132 1130 1133
429 2 1134 1131 1135
430 2 1138 1136 1139
431 2 1140 1137 1141
432 2 1144 1142 1145
433 2 1146 1143 1147
434 2 1150 1148 1151
435 2 1152 1149 1153
436 2 1156 1154 1157
437 2 1158 1155 1159
438 2 1162 1160 1163
439 2 1164 1161 1165
440 2 1168 1166 1169
441 2 1170 1167 1171
442 2 1174 1172 1175
443 2 1176 1173 1177
444 2 1180 1178 1181
445 2 1182 1179 1183
446 2 1186 1184 1187
447 2 1188 1185 1189
448 2 1192 1190 1193
449 2 1194 1191 1195
450 2 1198 1196 1199
451 2 1200 1197 1201
452 2 1204 1202 1205
453 2 1214 1210 1215
454 2 1218 1216 1219
455 2 1220 1217 1221
456 2 1224 1222 1225
457 2 1226 1223 1227
458 2 1230 1228 1231
459 2 1232 1229 1233
460 2 1236 1234 1237
461 2 1238 1235 1239
462 2 1242 1240 1243
463 2 1244 1241 1245
464 2 1248 1246 1249
465 2 1250 1247 1251
466 2 1254 1252 1255
467 2 1256 1253 1257
468 2 1260 1258 1261
469 2 1262 1259 1263
470 2 1266 1264 1267
471 2 1268 1265 1269
472 2 1272 1270 1273
473 2 1274 1271 1275
474 2 1278 1276 1279
475 2 1280 1277 1281
476 2 1284 1282 1285
477 2 1286 1283 1287
478 2 1290 1288 1291
479 2 1292 1289 1293
480 2 1296 1294 1297
481 2 1298 1295 1299
482 2 1302 1300 1303
483 2 1304 1301 1305
484 2 1308 1306 1309
485 2 1310 1307 1311
486 2 1314 1312 1315
487 2 1316 1313 1317
488 2 1320 1318 1321
489 2 1322 1319 1323
490 2 1326 1324 1327
491 2 1328 1325 1329
492 2 1332 1330 1333
493 2 1334 1331 1335
494 2 1338 1336 1339
495 2 1340 1337 1341
496 2 1344 1342 1345
497 2 1346 1343 1347
498 2 1350 1348 1351
499 2 1352 1349 1353
500 2 1356 1354 1357
501 2 1358 1355 1359
502 2 1362 1360 1363
503 2 1364 1361 1365
504 2 1368 1366 1369
505 2 1370 1367 1371
506 2 1374 1372 1375
507 2 1376 1373 1377
508 2 1380 1378 1381
509 2 1382 1379 1383
510 2 1386 1384 1387
511 2 1388 1385 1389
512 2 1392 1390 1393
513 2 1394 1391 1395
514 2 1398 1396 1399
515 2 1400 1397 1401
516 2 1404 1402 1405
517 2 1406 1403 1407
518 2 1410 1408 1411
519 2 1412 1409 1413
520 2 1416 1414 1417
521 2 1418 1415 1419
522 2 1422 1420 1423
523 2 1424 1421 1425
524 2 1428 1426 1429
525 2 1430 1427 1431
526 2 1434 1432 1435
527 2 1436 1433 1437
528 2 1440 1438 1441
529 2 1442 1439 1443
530 2 1446 1444 1447
531 2 1448 1445 1449
532 2 1452 1450 1453
533 2 1454 1451 1455
534 2 1458 1456 1459
535 2 1460 1457 1461
536 2 1464 1462 1465
537 2 1466 1463 1467
538 2 1470 1468 1471
539 2 1472 1469 1473
540 2 1476 1474 1477
541 2 1478 1475 1479
542 2 1482 1480 1483
543 2 1484 1481 1485
544 2 1488 1486 1489
545 2 1490 1487 1491
546 2 1494 1492 1495
547 2 1496 1493 1497
548 2 1500 1498 1501
549 2 1502 1499 1503
550 2 1506 1504 1507
551 2 1516 1512 1517
552 2 1520 1518 1521
553 2 1522 1519 1523
554 2 1526 1524 1527
555 2 1528 1525 1529
556 2 1532 1530 1533
557 2 1534 1531 1535
558 2 1538 1536 1539
559 2 1540 1537 1541
560 2 1544 1542 1545
561 2 1546 1543 1547
562 2 1550 1548 1551
563 2 1552 1549 1553
564 2 1556 1554 1557
565 2 1558 1555 1559
566 2 1562 1560 1563
567 2 1564 1561 1565
568 2 1568 1566 1569
569 2 1570 1567 1571
570 2 1574 1572 1575
571 2 1576 1573 1577
572 2 1580 1578 1581
573 2 1582 1579 1583
574 2 1586 1584 1587
575 2 1588 1585 1589
576 2 1592 1590 1593
577 2 1594 1591 1595
578 2 1598 1596 1599
579 2 1600 1597 1601
580 2 1604 1602 1605
581 2 1606 1603 1607
582 2 1610 1608 1611
583 2 1612 1609 1613
584 2 1616 1614 1617
585 2 1618 1615 1619
586 2 1622 1620 1623
587 2 1624 1621 1625
588 2 1628 1626 1629
589 2 1630 1627 1631
590 2 1634 1632 1635
591 2 1636 1633 1637
592 2 1640 1638 1641
593 2 1642 1639 1643
594 2 1646 1644 1647
595 2 1648 1645 1649
596 2 1652 1650 1653
597 2 1654 1651 1655
598 2 1658 1656 1659
599 2 1660 1657 1661
600 2 1664 1662 1665
601 2 1666 1663 1667
602 2 1670 1668 1671
603 2 1672 1669 1673
604 2 1676 1674 1677
605 2 1678 1675 1679
606 2 1682 1680 1683
607 2 1684 1681 1685
608 2 1688 1686 1689
609 2 1690 1687 1691
610 2 1694 1692 1695
611 2 1696 1693 1697
612 2 1700 1698 1701
613 2 1702 1699 1703
614 2 1706 1704 1707
615 2 1708 1705 1709
616 2 1712 1710 1713
617 2 1714 1711 1715
618 2 1718 1716 1719
619 2 1720 1717 1721
620 2 1724 1722 1725
621 2 1726 1723 1727
622 2 1730 1728 1731
623 2 1732 1729 1733
624 2 1736 1734 1737
625 2 1738 1735 1739
626 2 1742 1740 1743
627 2 1744 1741 1745
628 2 1748 1746 1749
629 2 1750 1747 1751
630 2 1754 1752 1755
631 2 1756 1753 1757
632 2 1760 1758 1761
633 2 1762 1759 1763
634 2 1766 1764 1767
635 2 1768 1765 1769
636 2 1772 1770 1773
637 2 1774 1771 1775
638 2 1778 1776 1779
639 2 1780 1777 1781
640 2 1784 1782 1785
641 2 1786 1783 1787
642 2 1790 1788 1791
643 2 1792 1789 1793
644 2 1796 1794 1797
645 2 1798 1795 1799
646 2 1802 1800 1803
647 2 1804 1801 1805
648 2 1808 1806 1809
649 2 1818 1814 1819
650 2 1822 1820 1823
651 2 1824 1821 1825
652 2 1828 1826 1829
653 2 1830 1827 1831
654 2 1834 1832 1835
655 2 1836 1833 1837
656 2 1840 1838 1841
657 2 1842 1839 1843
658 2 1846 1844 1847
659 2 1848 1845 1849
660 2 1852 1850 1853
661 2 1854 1851 1855
662 2 1858 1856 1859
663 2 1860 1857 1861
664 2 1864 1862 1865
665 2 1866 1863 1867
666 2 1870 1868 1871
667 2 1872 1869 1873
668 2 1876 1874 1877
669 2 1878 1875 1879
670 2 1882 1880 1883
671 2 1884 1881 1885
672 2 1888 1886 1889
673 2 1890 1887 1891
674 2 1894 1892 1895
675 2 1896 1893 1897
676 2 1900 1898 1901
677 2 1902 1899 1903
678 2 1906 1904 1907
679 2 1908 1905 1909
680 2 1912 1910 1913
681 2 1914 1911 1915
682 2 1918 1916 1919
683 2 1920 1917 1921
684 2 1924 1922 1925
685 2 1926 1923 1927
686 2 1930 1928 1931
687 2 1932 1929 1933
688 2 1936 1934 1937
689 2 1938 1935 1939
690 2 1942 1940 1943
691 2 1944 1941 1945
692 2 1948 1946 1949
693 2 1950 1947 1951
694 2 1954 1952 1955
695 2 1956 1953 1957
696 2 1960 1958 1961
697 2 1962 1959 1963
698 2 1966 1964 1967
699 2 1968 1965 1969
700 2 1972 1970 1973
701 2 1974 1971 1975
702 2 1978 1976 1979
703 2 1980 1977 1981
704 2 1984 1982 1985
705 2 1986 1983 1987
706 2 1990 1988 1991
707 2 1992 1989 1993
708 2 1996 1994 1997
709 2 1998 1995 1999
710 2 2002 2000 2003
711 2 2004 2001 2005
712 2 2008 2006 2009
713 2 2010 2007 2011
714 2 2014 2012 2015
715 2 2016 2013 2017
716 2 2020 2018 2021
717 2 2022 2019 2023
718 2 2026 2024 2027
719 2 2028 2025 2029
720 2 2032 2030 2033
721 2 2034 2031 2035
722 2 2038 2036 2039
723 2 2040 2037 2041
724 2 2044 2042 2045
725 2 2046 2043 2047
726 2 2050 2048 2051
727 2 2052 2049 2053
728 2 2056 2054 2057
729 2 2058 2055 2059
730 2 2062 2060 2063
731 2 2064 2061 2065
732 2 2068 2066 2069
733 2 2070 2067 2071
734 2 2074 2072 2075
735 2 2076 2073 2077
736 2 2080 2078 2081
737 2 2082 2079 2083
738 2 2086 2084 2087
739 2 2088 2085 2089
740 2 2092 2090 2093
741 2 2094 2091 2095
742 2 2098 2096 2099
743 2 2100 2097 2101
744 2 2104 2102 2105
745 2 2106 2103 2107
746 2 2110 2108 2111
747 2 2120 2116 2121
748 2 2124 2122 2125
749 2 2126 2123 2127
750 2 2130 2128 2131
751 2 2132 2129 2133
752 2 2136 2134 2137
753 2 2138 2135 2139
754 2 2142 2140 2143
755 2 2144 2141 2145
756 2 2148 2146 2149
757 2 2150 2147 2151
758 2 2154 2152 2155
759 2 2156 2153 2157
760 2 2160 2158 2161
761 2 2162 2159 2163
762 2 2166 2164 2167
763 2 2168 2165 2169
764 2 2172 2170 2173
765 2 2174 2171 2175
766 2 2178 2176 2179
767 2 2180 2177 2181
768 2 2184 2182 2185
769 2 2186 2183 2187
770 2 2190 2188 2191
771 2 2192 2189 2193
772 2 2196 2194 2197
773 2 2198 2195 2199
774 2 2202 2200 2203
775 2 2204 2201 2205
776 2 2208 2206 2209
777 2 2210 2207 2211
778 2 2214 2212 2215
779 2 2216 2213 2217
780 2 2220 2218 2221
781 2 2222 2219 2223
782 2 2226 2224 2227
783 2 2228 2225 2229
784 2 2232 2230 2233
785 2 2234 2231 2235
786 2 2238 2236 2239
787 2 2240 2237 2241
788 2 2244 2242 2245
789 2 2246 2243 2247
790 2 2250 2248 2251
791 2 2252 2249 2253
792 2 2256 2254 2257
793 2 2258 2255 2259
794 2 2262 2260 2263
795 2 2264 2261 2265
796 2 2268 2266 2269
797 2 2270 2267 2271
798 2 2274 2272 2275
799 2 2276 2273 2277
800 2 2280 2278 2281
801 2 2282 2279 2283
802 2 2286 2284 2287
803 2 2288 2285 2289
804 2 2292 2290 2293
805 2 2294 2291 2295
806 2 2298 2296 2299
807 2 2300 2297 2301
808 2 2304 2302 2305
809 2 2306 2303 2307
810 2 2310 2308 2311
811 2 2312 2309 2313
812 2 2316 2314 2317
813 2 2318 2315 2319
814 2 2322 2320 2323
815 2 2324 2321 2325
816 2 2328 2326 2329
817 2 2330 2327 2331
818 2 2334 2332 2335
819 2 2336 2333 2337
820 2 2340 2338 2341
821 2 2342 2339 2343
822 2 2346 2344 2347
823 2 2348 2345 2349
824 2 2352 2350 2353
825 2 2354 2351 2355
826 2 2358 2356 2359
827 2 2360 2357 2361
828 2 2364 2362 2365
829 2 2366 2363 2367
830 2 2370 2368 2371
831 2 2372 2369 2373
832 2 2376 2374 2377
833 2 2378 2375 2379
834 2 2382 2380 2383
835 2 2384 2381 2385
836 2 2388 2386 2389
837 2 2390 2387 2391
838 2 2394 2392 2395
839 2 2396 2393 2397
840 2 2400 2398 2401
841 2 2402 2399 2403
842 2 2406 2404 2407
843 2 2408 2405 2409
844 2 2412 2410 2413
845 2 2422 2418 2423
846 2 2426 2424 2427
847 2 2428 2425 2429
848 2 2432 2430 2433
849 2 2434 2431 2435
850 2 2438 2436 2439
851 2 2440 2437 2441
852 2 2444 2442 2445
853 2 2446 2443 2447
854 2 2450 2448 2451
855 2 2452 2449 2453
856 2 2456 2454 2457
857 2 2458 2455 2459
858 2 2462 2460 2463
859 2 2464 2461 2465
860 2 2468 2466 2469
861 2 2470 2467 2471
862 2 2474 2472 2475
863 2 2476 2473 2477
864 2 2480 2478 2481
865 2 2482 2479 2483
866 2 2486 2484 2487
867 2 2488 2485 2489
868 2 2492 2490 2493
869 2 2494 2491 2495
870 2 2498 2496 2499
871 2 2500 2497 2501
872 2 2504 2502 2505
873 2 2506 2503 2507
874 2 2510 2508 2511
875 2 2512 2509 2513
876 2 2516 2514 2517
877 2 2518 2515 2519
878 2 2522 2520 2523
879 2 2524 2521 2525
880 2 2528 2526 2529
881 2 2530 2527 2531
882 2 2534 2532 2535
883 2 2536 2533 2537
884 2 2540 2538 2541
885 2 2542 2539 2543
886 2 2546 2544 2547
887 2 2548 2545 2549
888 2 2552 2550 2553
889 2 2554 2551 2555
890 2 2558 2556 2559
891 2 2560 2557 2561
892 2 2564 2562 2565
893 2 2566 2563 2567
894 2 2570 2568 2571
895 2 2572 2569 2573
896 2 2576 2574 2577
897 2 2578 2575 2579
898 2 2582 2580 2583
899 2 2584 2581 2585
900 2 2588 2586 2589
901 2 2590 2587 2591
902 2 2594 2592 2595
903 2 2596 2593 2597
904 2 2600 2598 2601
905 2 2602 2599 2603
906 2 2606 2604 2607
907 2 2608 2605 2609
908 2 2612 2610 2613
909 2 2614 2611 2615
910 2 2618 2616 2619
911 2 2620 2617 2621
912 2 2624 2622 2625
913 2 2626 2623 2627
914 2 2630 2628 2631
915 2 2632 2629 2633
916 2 2636 2634 2637
917 2 2638 2635 2639
918 2 2642 2640 2643
919 2 2644 2641 2645
920 2 2648 2646 2649
921 2 2650 2647 2651
922 2 2654 2652 2655
923 2 2656 2653 2657
924 2 2660 2658 2661
925 2 2662 2659 2663
926 2 2666 2664 2667
927 2 2668 2665 2669
928 2 2672 2670 2673
929 2 2674 2671 2675
930 2 2678 2676 2679
931 2 2680 2677 2681
932 2 2684 2682 2685
933 2 2686 2683 2687
934 2 2690 2688 2691
935 2 2692 2689 2693
936 2 2696 2694 2697
937 2 2698 2695 2699
938 2 2702 2700 2703
939 2 2704 2701 2705
940 2 2708 2706 2709
941 2 2710 2707 2711
942 2 2714 2712 2715
943 2 2724 2720 2725
944 2 2728 2726 2729
945 2 2730 2727 2731
946 2 2734 2732 2735
947 2 2736 2733 2737
948 2 2740 2738 2741
949 2 2742 2739 2743
950 2 2746 2744 2747
951 2 2748 2745 2749
952 2 2752 2750 2753
953 2 2754 2751 2755
954 2 2758 2756 2759
955 2 2760 2757 2761
956 2 2764 2762 2765
957 2 2766 2763 2767
958 2 2770 2768 2771
959 2 2772 2769 2773
960 2 2776 2774 2777
961 2 2778 2775 2779
962 2 2782 2780 2783
963 2 2784 2781 2785
964 2 2788 2786 2789
965 2 2790 2787 2791
966 2 2794 2792 2795
967 2 2796 2793 2797
968 2 2800 2798 2801
969 2 2802 2799 2803
970 2 2806 2804 2807
971 2 2808 2805 2809
972 2 2812 2810 2813
973 2 2814 2811 2815
974 2 2818 2816 2819
975 2 2820 2817 2821
976 2 2824 2822 2825
977 2 2826 2823 2827
978 2 2830 2828 2831
979 2 2832 2829 2833
980 2 2836 2834 2837
981 2 2838 2835 2839
982 2 2842 2840 2843
983 2 2844 2841 2845
984 2 2848 2846 2849
985 2 2850 2847 2851
986 2 2854 2852 2855
987 2 2856 2853 2857
988 2 2860 2858 2861
989 2 2862 2859 2863
990 2 2866 2864 2867
991 2 2868 2865 2869
992 2 2872 2870 2873
993 2 2874 2871 2875
994 2 2878 2876 2879
995 2 2880 2877 2881
996 2 2884 2882 2885
997 2 2886 2883 2887
998 2 2890 2888 2891
999 2 2892 2889 2893
1000 2 2896 2894 2897
1001 2 2898 2895 2899
1002 2 2902 2900 2903
1003 2 2904 2901 2905
1004 2 2908 2906 2909
1005 2 2910 2907 2911
1006 2 2914 2912 2915
1007 2 2916 2913 2917
1008 2 2920 2918 2921
1009 2 2922 2919 2923
1010 2 2926 2924 2927
1011 2 2928 2925 2929
1012 2 2932 2930 2933
1013 2 2934 2931 2935
1014 2 2938 2936 2939
1015 2 2940 2937 2941
1016 2 2944 2942 2945
1017 2 2946 2943 2947
1018 2 2950 2948 2951
1019 2 2952 2949 2953
1020 2 2956 2954 2957
1021 2 2958 2955 2959
1022 2 2962 2960 2963
1023 2 2964 2961 2965
1024 2 2968 2966 2969
1025 2 2970 2967 2971
1026 2 2974 2972 2975
1027 2 2976 2973 2977
1028 2 2980 2978 2981
1029 2 2982 2979 2983
1030 2 2986 2984 2987
1031 2 2988 2985 2989
1032 2 2992 2990 2993
1033 2 2994 2991 2995
1034 2 2998 2996 2999
1035 2 3000 2997 3001
1036 2 3004 3002 3005
1037 2 3006 3003 3007
1038 2 3010 3008 3011
1039 2 3012 3009 3013
1040 2 3016 3014 3017
1041 4 1 2 6
1042 4 1 2 7
1043 4 297 296 298
1044 4 297 296 299
1045 4 303 304 308
1046 4 303 304 309
1047 4 599 598 600
1048 4 599 598 601
1049 4 605 606 610
1050 4 605 606 611
1051 4 901 900 902
1052 4 901 900 903
1053 4 907 908 912
1054 4 907 908 913
1055 4 1203 1202 1204
1056 4 1203 1202 1205
1057 4 1209 1210 1214
1058 4 1209 1210 1215
1059 4 1505 1504 1506
1060 4 1505 1504 1507
1061 4 1511 1512 1516
1062 4 1511 1512 1517
1063 4 1807 1806 1808
1064 4 1807 1806 1809
1065 4 1813 1814 1818
1066 4 1813 1814 1819
1067 4 2109 2108 2110
1068 4 2109 2108 2111
1069 4 2115 2116 2120
1070 4 2115 2116 2121
1071 4 2411 2410 2412
1072 4 2411 2410 2413
1073 4 2417 2418 2422
1074 4 2417 2418 2423
1075 4 2713 2712 2714
1076 4 2713 2712 2715
1077 4 2719 2720 2724
1078 4 2719 2720 2725
1079 4 3015 3014 3016
1080 4 3015 3014 3017
1081 5 2 1 3
1082 5 2 1 4
1083 5 2 1 5
1084 5 296 297 300
1085 5 296 297 301
1086 5 296 297 302
1087 5 304 303 305
1088 5 304 303 306
1089 5 304 303 307
1090 5 598 599 602
1091 5 598 599 603
1092 5 598 599 604
1093 5 606 605 607
1094 5 606 605 608
1095 5 606 605 609
1096 5 900 901 904
1097 5 900 901 905
1098 5 900 901 906
1099 5 908 907 909
1100 5 908 907 910
1101 5 908 907 911
1102 5 1202 1203 1206
1103 5 1202 1203 1207
1104 5 1202 1203 1208
1105 5 1210 1209 1211
1106 5 1210 1209 1212
1107 5 1210 1209 1213
1108 5 1504 1505 1508
1109 5 1504 1505 1509
1110 5 1504 1505 1510
1111 5 1512 1511 1513
1112 5 1512 1511 1514
1113 5 1512 1511 1515
1114 5 1806 1807 1810
1115 5 1806 1807 1811
1116 5 1806 1807 1812
1117 5 1814 1813 1815
1118 5 1814 1813 1816
1119 5 1814 1813 1817
1120 5 2108 2109 2112
1121 5 2108 2109 2113
1122 5 2108 2109 2114
1123 5 2116 2115 2117
1124 5 2116 2115 2118
1125 5 2116 2115 2119
1126 5 2410 2411 2414
1127 5 2410 2411 2415
1128 5 2410 2411 2416
1129 5 2418 2417 2419
1130 5 2418 2417 2420
1131 5 2418 2417 2421
1132 5 2712 2713 2716
1133 5 2712 2713 2717
1134 5 2712 2713 2718
1135 5 2720 2719 2721
1136 5 2720 2719 2722
1137 5 2720 2719 2723
1138 5 3014 3015 3018
1139 5 3014 3015 3019
1140 5 3014 3015 3020
1141 6 2 8 10
1142 6 2 8 11
1143 6 8 9 12
1144 6 8 9 13
1145 6 6 2 8
1146 6 7 2 8
1147 6 9 8 10
1148 6 9 8 11
1149 6 9 14 16
1150 6 9 14 17
1151 6 14 15 18
1152 6 14 15 19
1153 6 12 9 14
1154 6 13 9 14
1155 6 15 14 16
1156 6 15 14 17
1157 6 15 20 22
1158 6 15 20 23
1159 6 20 21 24
1160 6 20 21 25
1161 6 18 15 20
1162 6 19 15 20
1163 6 21 20 22
1164 6 21 20 23
1165 6 21 26 28
1166 6 21 26 29
1167 6 26 27 30
1168 6 26 27 31
1169 6 24 21 26
1170 6 25 21 26
1171 6 27 26 28
1172 6 27 26 29
1173 6 27 32 34
1174 6 27 32 35
1175 6 32 33 36
1176 6 32 33 37
1177 6 30 27 32
1178 6 31 27 32
1179 6 33 32 34
1180 6 33 32 35
1181 6 33 38 40
1182 6 33 38 41
1183 6 38 39 42
1184 6 38 39 43
1185 6 36 33 38
1186 6 37 33 38
1187 6 39 38 40
1188 6 39 38 41
1189 6 39 44 46
1190 6 39 44 47
1191 6 44 45 48
1192 6 44 45 49
1193 6 42 39 44
1194 6 43 39 44
1195 6 45 44 46
1196 6 45 44 47
1197 6 45 50 52
1198 6 45 50 53
1199 6 50 51 54
1200 6 50 51 55
1201 6 48 45 50
1202 6 49 45 50
1203 6 51 50 52
1204 6 51 50 53
1205 6 51 56 58
1206 6 51 56 59
1207 6 56 57 60
1208 6 56 57 61
1209 6 54 51 56
1210 6 55 51 56
1211 6 57 56 58
1212 6 57 56 59
1213 6 57 62 64
1214 6 57 62 65
1215 6 62 63 66
1216 6 62 63 67
1217 6 60 57 62
1218 6 61 57 62
1219 6 63 62 64
1220 6 63 62 65
1221 6 63 68 70
1222 6 63 68 71
1223 6 68 69 72
1224 6 68 69 73
1225 6 66 63 68
1226 6 67 63 68
1227 6 69 68 70
1228 6 69 68 71
1229 6 69 74 76
1230 6 69 74 77
1231 6 74 75 78
1232 6 74 75 79
1233 6 72 69 74
1234 6 73 69 74
1235 6 75 74 76
1236 6 75 74 77
1237 6 75 80 82
1238 6 75 80 83
1239 6 80 81 84
1240 6 80 81 85
1241 6 78 75 80
1242 6 79 75 80
1243 6 81 80 82
1244 6 81 80 83
1245 6 81 86 88
1246 6 81 86 89
1247 6 86 87 90
1248 6 86 87 91
1249 6 84 81 86
1250 6 85 81 86
1251 6 87 86 88
1252 6 87 86 89
1253 6 87 92 94
1254 6 87 92 95
1255 6 92 93 96
1256 6 92 93 97
1257 6 90 87 92
1258 6 91 87 92
1259 6 93 92 94
1260 6 93 92 95
1261 6 93 98 100
1262 6 93 98 101
1263 6 98 99 102
1264 6 98 99 103
1265 6 96 93 98
1266 6 97 93 98
1267 6 99 98 100
1268 6 99 98 101
1269 6 99 104 106
1270 6 99 104 107
1271 6 104 105 108
1272 6 104 105 109
1273 6 102 99 104
1274 6 103 99 104
1275 6 105 104 106
1276 6 105 104 107
1277 6 105 110 112
1278 6 105 110 113
1279 6 110 111 114
1280 6 110 111 115
1281 6 108 105 110
1282 6 109 105 110
1283 6 111 110 112
1284 6 111 110 113
1285 6 111 116 118
1286 6 111 116 119
1287 6 116 117 120
1288 6 116 117 121
1289 6 114 111 116
1290 6 115 111 116
1291 6 117 116 118
1292 6 117 116 119
1293 6 117 122 124
1294 6 117 122 125
1295 6 122 123 126
1296 6 122 123 127
1297 6 120 117 122
1298 6 121 117 122
1299 6 123 122 124
1300 6 123 122 125
1301 6 123 128 130
1302 6 123 128 131
1303 6 128 129 132
1304 6 128 129 133
1305 6 126 123 128
1306 6 127 123 128
1307 6 129 128 130
1308 6 129 128 131
1309 6 129 134 136
1310 6 129 134 137
1311 6 134 135 138
1312 6 134 135 139
1313 6 132 129 134
1314 6 133 129 134
1315 6 135 134 136
1316 6 135 134 137
1317 6 135 140 142
1318 6 135 140 143
1319 6 140 141 144
1320 6 140 141 145
1321 6 138 135 140
1322 6 139 135 140
1323 6 141 140 142
1324 6 141 140 143
1325 6 141 146 148
1326 6 141 146 149
1327 6 146 147 150
1328 6 146 147 151
1329 6 144 141 146
1330 6 145 141 146
1331 6 147 146 148
1332 6 147 146 149
1333 6 147 152 154
1334 6 147 152 155
1335 6 152 153 156
1336 6 152 153 157
1337 6 150 147 152
1338 6 151 147 152
1339 6 153 152 154
1340 6 153 152 155
1341 6 153 158 160
1342 6 153 158 161
1343 6 158 159 162
1344 6 158 159 163
1345 6 156 153 158
1346 6 157 153 158
1347 6 159 158 160
1348 6 159 158 161
1349 6 159 164 166
1350 6 159 164 167
1351 6 164 165 168
1352 6 164 165 169
1353 6 162 159 164
1354 6 163 159 164
1355 6 165 164 166
1356 6 165 164 167
1357 6 165 170 172
1358 6 165 170 173
1359 6 170 171 174
1360 6 170 171 175
1361 6 168 165 170
1362 6 169 165 170
1363 6 171 170 172
1364 6 171 170 173
1365 6 171 176 178
1366 6 171 176 179
1367 6 176 177 180
1368 6 176 177 181
1369 6 174 171 176
1370 6 175 171 176
1371 6 177 176 178
1372 6 177 176 179
1373 6 177 182 184
1374 6 177 182 185
1375 6 182 183 186
1376 6 182 183 187
1377 6 180 177 182
1378 6 181 177 182
1379 6 183 182 184
1380 6 183 182 185
1381 6 183 188 190
1382 6 183 188 191
1383 6 188 189 192
1384 6 188 189 193
1385 6 186 183 188
1386 6 187 183 188
1387 6 189 188 190
1388 6 189 188 191
1389 6 189 194 196
1390 6 189 194 197
1391 6 194 195 198
1392 6 194 195 199
1393 6 192 189 194
1394 6 193 189 194
1395 6 195 194 196
1396 6 195 194 197
1397 6 195 200 202
1398 6 195 200 203
1399 6 200 201 204
1400 6 200 201 205
1401 6 198 195 200
1402 6 199 195 200
1403 6 201 200 202
1404 6 201 200 203
1405 6 201 206 208
1406 6 201 206 209
1407 6 206 207 210
1408 6 206 207 211
1409 6 204 201 206
1410 6 205 201 206
1411 6 207 206 208
1412 6 207 206 209
1413 6 207 212 214
1414 6 207 212 215
1415 6 212 213 216
1416 6 212 213 217
1417 6 210 207 212
1418 6 211 207 212
1419 6 213 212 214
1420 6 213 212 215
1421 6 213 218 220
1422 6 213 218 221
1423 6 218 219 222
1424 6 218 219 223
1425 6 216 213 218
1426 6 217 213 218
1427 6 219 218 220
1428 6 219 218 221
1429 6 219 224 226
1430 6 219 224 227
1431 6 224 225 228
1432 6 224 225 229
1433 6 222 219 224
1434 6 223 219 224
1435 6 225 224 226
1436 6 225 224 227
1437 6 225 230 232
1438 6 225 230 233
1439 6 230 231 234
1440 6 230 231 235
1441 6 228 225 230
1442 6 229 225 230
1443 6 231 230 232
1444 6 231 230 233
1445 6 231 236 238
1446 6 231 236 239
1447 6 236 237 240
1448 6 236 237 241
1449 6 234 231 236
1450 6 235 231 236
1451 6 237 236 238
1452 6 237 236 239
1453 6 237 242 244
1454 6 237 242 245
1455 6 242 243 246
1456 6 242 243 247
1457 6 240 237 242
1458 6 241 237 242
1459 6 243 242 244
1460 6 243 242 245
1461 6 243 248 250
1462 6 243 248 251
1463 6 248 249 252
1464 6 248 249 253
1465 6 246 243 248
1466 6 247 243 248
1467 6 249 248 250
1468 6 249 248 251
1469 6 249 254 256
1470 6 249 254 257
1471 6 254 255 258
1472 6 254 255 259
1473 6 252 249 254
1474 6 253 249 254
1475 6 255 254 256
1476 6 255 254 257
1477 6 255 260 262
1478 6 255 260 263
1479 6 260 261 264
1480 6 260 261 265
1481 6 258 255 260
1482 6 259 255 260
1483 6 261 260 262
1484 6 261 260 263
1485 6 261 266 268
1486 6 261 266 269
1487 6 266 267 270
1488 6 266 267 271
1489 6 264 261 266
1490 6 265 261 266
1491 6 267 266 268
1492 6 267 266 269
1493 6 267 272 274
1494 6 267 272 275
1495 6 272 273 276
1496 6 272 273 277
1497 6 270 267 272
1498 6 271 267 272
1499 6 273 272 274
1500 6 273 272 275
1501 6 273 278 280
1502 6 273 278 281
1503 6 278 279 282
1504 6 278 279 283
1505 6 276 273 278
1506 6 277 273 278
1507 6 279 278 280
1508 6 279 278 281
1509 6 279 284 286
1510 6 279 284 287
1511 6 284 285 288
1512 6 284 285 289
1513 6 282 279 284
1514 6 283 279 284
1515 6 285 284 286
1516 6 285 284 287
1517 6 285 290 292
1518 6 285 290 293
1519 6 290 291 294
1520 6 290 291 295
1521 6 288 285 290
1522 6 289 285 290
1523 6 291 290 292
1524 6 291 290 293
1525 6 291 296 298
1526 6 291 296 299
1527 6 294 291 296
1528 6 295 291 296
1529 6 304 310 312
1530 6 304 310 313
1531 6 310 311 314
1532 6 310 311 315
1533 6 308 304 310
1534 6 309 304 310
1535 6 311 310 312
1536 6 311 310 313
1537 6 311 316 318
1538 6 311 316 319
1539 6 316 317 320
1540 6 316 317 321
1541 6 314 311 316
1542 6 315 311 316
1543 6 317 316 318
1544 6 317 316 319
1545 6 317 322 324
1546 6 317 322 325
1547 6 322 323 326
1548 6 322 323 327
1549 6 320 317 322
1550 6 321 317 322
1551 6 323 322 324
1552 6 323 322 325
1553 6 323 328 330
1554 6 323 328 331
1555 6 328 329 332
1556 6 328 329 333
1557 6 326 323 328
1558 6 327 323 328
1559 6 329 328 330
1560 6 329 328 331
1561 6 329 334 336
1562 6 329 334 337
1563 6 334 335 338
1564 6 334 335 339
1565 6 332 329 334
1566 6 333 329 334
1567 6 335 334 336
1568 6 335 334 337
1569 6 335 340 342
1570 6 335 340 343
1571 6 340 341 344
1572 6 340 341 345
1573 6 338 335 340
1574 6 339 335 340
1575 6 341 340 342
1576 6 341 340 343
1577 6 341 346 348
1578 6 341 346 349
1579 6 346 347 350
1580 6 346 347 351
1581 6 344 341 346
1582 6 345 341 346
1583 6 347 346 348
1584 6 347 346 349
1585 6 347 352 354
1586 6 347 352 355
1587 6 352 353 356
1588 6 352 353 357
1589 6 350 347 352
1590 6 351 347 352
1591 6 353 352 354
1592 6 353 352 355
1593 6 353 358 360
1594 6 353 358 361
1595 6 358 359 362
1596 6 358 359 363
1597 6 356 353 358
1598 6 357 353 358
1599 6 359 358 360
1600 6 359 358 361
1601 6 359 364 366
1602 6 359 364 367
1603 6 364 365 368
1604 6 364 365 369
1605 6 362 359 364
1606 6 363 359 364
1607 6 365 364 366
1608 6 365 364 367
1609 6 365 370 372
1610 6 365 370 373
1611 6 370 371 374
1612 6 370 371 375
1613 6 368 365 370
1614 6 369 365 370
1615 6 371 370 372
1616 6 371 370 373
1617 6 371 376 378
1618 6 371 376 379
1619 6 376 377 380
1620 6 376 377 381
1621 6 374 371 376
1622 6 375 371 376
1623 6 377 376 378
1624 6 377 376 379
1625 6 377 382 384
1626 6 377 382 385
1627 6 382 383 386
1628 6 382 383 387
1629 6 380 377 382
1630 6 381 377 382
1631 6 383 382 384
1632 6 383 382 385
1633 6 383 388 390
1634 6 383 388 391
1635 6 388 389 392
1636 6 388 389 393
1637 6 386 383 388
1638 6 387 383 388
1639 6 389 388 390
1640 6 389 388 391
1641 6 389 394 396
1642 6 389 394 397
1643 6 394 395 398
1644 6 394 395 399
1645 6 392 389 394
1646 6 393 389 394
1647 6 395 394 396
1648 6 395 394 397
1649 6 395 400 402
1650 6 395 400 403
1651 6 400 401 404
1652 6 400 401 405
1653 6 398 395 400
1654 6 399 395 400
1655 6 401 400 402
1656 6 401 400 403
1657 6 401 406 408
1658 6 401 406 409
1659 6 406 407 410
1660 6 406 407 411
1661 6 404 401 406
1662 6 405 401 406
1663 6 407 406 408
1664 6 407 406 409
1665 6 407 412 414
1666 6 407 412 415
1667 6 412 413 416
1668 6 412 413 417
1669 6 410 407 412
1670 6 411 407 412
1671 6 413 412 414
1672 6 413 412 415
1673 6 413 418 420
1674 6 413 418 421
1675 6 418 419 422
1676 6 418 419 423
1677 6 416 413 418
1678 6 417 413 418
1679 6 419 418 420
1680 6 419 418 421
1681 6 419 424 426
1682 6 419 424 427
1683 6 424 425 428
1684 6 424 425 429
1685 6 422 419 424
1686 6 423 419 424
1687 6 425 424 426
1688 6 425 424 427
1689 6 425 430 432
1690 6 425 430 433
1691 6 430 431 434
1692 6 430 431 435
1693 6 428 425 430
1694 6 429 425 430
1695 6 431 430 432
1696 6 431 430 433
1697 6 431 436 438
1698 6 431 436 439
1699 6 436 437 440
1700 6 436 437 441
1701 6 434 431 436
1702 6 435 431 436
1703 6 437 436 438
1704 6 437 436 439
1705 6 437 442 444
1706 6 437 442 445
1707 6 442 443 446
1708 6 442 443 447
1709 6 440 437 442
1710 6 441 437 442
1711 6 443 442 444
1712 6 443 442 445
1713 6 443 448 450
1714 6 443 448 451
1715 6 448 449 452
1716 6 448 449 453
1717 6 446 443 448
1718 6 447 443 448
1719 6 449 448 450
1720 6 449 448 451
1721 6 449 454 456
1722 6 449 454 457
1723 6 454 455 458
1724 6 454 455 459
1725 6 452 449 454
1726 6 453 449 454
1727 6 455 454 456
1728 6 455 454 457
1729 6 455 460 462
1730 6 455 460 463
1731 6 460 461 464
1732 6 460 461 465
1733 6 458 455 460
1734 6 459 455 460
1735 6 461 460 462
1736 6 461 460 463
1737 6 461 466 468
1738 6 461 466 469
1739 6 466 467 470
1740 6 466 467 471
1741 6 464 461 466
1742 6 465 461 466
1743 6 467 466 468
1744 6 467 466 469
1745 6 467 472 474
1746 6 467 472 475
1747 6 472 473 476
1748 6 472 473 477
1749 6 470 467 472
1750 6 471 467 472
1751 6 473 472 474
1752 6 473 472 475
1753 6 473 478 480
1754 6 473 478 481
1755 6 478 479 482
1756 6 478 479 483
1757 6 476 473 478
1758 6 477 473 478
1759 6 479 478 480
1760 6 479 478 481
1761 6 479 484 486
1762 6 479 484 487
1763 6 484 485 488
1764 6 484 485 489
1765 6 482 479 484
1766 6 483 479 484
1767 6 485 484 486
1768 6 485 484 487
1769 6 485 490 492
1770 6 485 490 493
1771 6 490 491 494
1772 6 490 491 495
1773 6 488 485 490
1774 6 489 485 490
1775 6 491 490 492
1776 6 491 490 493
1777 6 491 496 498
1778 6 491 496 499
1779 6 496 497 500
1780 6 496 497 501
1781 6 494 491 496
1782 6 495 491 496
1783 6 497 496 498
1784 6 497 496 499
1785 6 497 502 504
1786 6 497 502 505
1787 6 502 503 506
1788 6 502 503 507
1789 6 500 497 502
1790 6 501 497 502
1791 6 503 502 504
1792 6 503 502 505
1793 6 503 508 510
1794 6 503 508 511
1795 6 508 509 512
1796 6 508 509 513
1797 6 506 503 508
1798 6 507 503 508
1799 6 509 508 510
1800 6 509 508 511
1801 6 509 514 516
1802 6 509 514 517
1803 6 514 515 518
1804 6 514 515 519
1805 6 512 509 514
1806 6 513 509 514
1807 6 515 514 516
1808 6 515 514 517
1809 6 515 520 522
1810 6 515 520 523
1811 6 520 521 524
1812 6 520 521 525
1813 6 518 515 520
1814 6 519 515 520
1815 6 521 520 522
1816 6 521 520 523
1817 6 521 526 528
1818 6 521 526 529
1819 6 526 527 530
1820 6 526 527 531
1821 6 524 521 526
1822 6 525 521 526
1823 6 527 526 528
1824 6 527 526 529
1825 6 527 532 534
1826 6 527 532 535
1827 6 532 533 536
1828 6 532 533 537
1829 6 530 527 532
1830 6 531 527 532
1831 6 533 532 534
1832 6 533 532 535
1833 6 533 538 540
1834 6 533 538 541
1835 6 538 539 542
1836 6 538 539 543
1837 6 536 533 538
1838 6 537 533 538
1839 6 539 538 540
1840 6 539 538 541
1841 6 539 544 546
1842 6 539 544 547
1843 6 544 545 548
1844 6 544 545 549
1845 6 542 539 544
1846 6 543 539 544
1847 6 545 544 546
1848 6 545 544 547
1849 6 545 550 552
1850 6 545 550 553
1851 6 550 551 554
1852 6 550 551 555
1853 6 548 545 550
1854 6 549 545 550
1855 6 551 550 552
1856 6 551 550 553
1857 6 551 556 558
1858 6 551 556 559
1859 6 556 557 560
1860 6 556 557 561
1861 6 554 551 556
1862 6 555 551 556
1863 6 557 556 558
1864 6 557 556 559
1865 6 557 562 564
1866 6 557 562 565
1867 6 562 563 566
1868 6 562 563 567
1869 6 560 557 562
1870 6 561 557 562
1871 6 563 562 564
1872 6 563 562 565
1873 6 563 568 570
1874 6 563 568 571
1875 6 568 569 572
1876 6 568 569 573
1877 6 566 563 568
1878 6 567 563 568
1879 6 569 568 570
1880 6 569 568 571
1881 6 569 574 576
1882 6 569 574 577
1883 6 574 575 578
1884 6 574 575 579
1885 6 572 569 574
1886 6 573 569 574
1887 6 575 574 576
1888 6 575 574 577
1889 6 575 580 582
1890 6 575 580 583
1891 6 580 581 584
1892 6 580 581 585
1893 6 578 575 580
1894 6 579 575 580
1895 6 581 580 582
1896 6 581 580 583
1897 6 581 586 588
1898 6 581 586 589
1899 6 586 587 590
1900 6 586 587 591
1901 6 584 581 586
1902 6 585 581 586
1903 6 587 586 588
1904 6 587 586 589
1905 6 587 592 594
1906 6 587 592 595
1907 6 592 593 596
1908 6 592 593 597
1909 6 590 587 592
1910 6 591 587 592
1911 6 593 592 594
1912 6 593 592 595
1913 6 593 598 600
1914 6 593 598 601
1915 6 596 593 598
1916 6 597 593 598
1917 6 606 612 614
1918 6 606 612 615
1919 6 612 613 616
1920 6 612 613 617
1921 6 610 606 612
1922 6 611 606 612
1923 6 613 612 614
1924 6 613 612 615
1925 6 613 618 620
1926 6 613 618 621
1927 6 618 619 622
1928 6 618 619 623
1929 6 616 613 618
1930 6 617 613 618
1931 6 619 618 620
1932 6 619 618 621
1933 6 619 624 626
1934 6 619 624 627
1935 6 624 625 628
1936 6 624 625 629
1937 6 622 619 624
1938 6 623 619 624
1939 6 625 624 626
1940 6 625 624 627
1941 6 625 630 632
1942 6 625 630 633
1943 6 630 631 634
1944 6 630 631 635
1945 6 628 625 630
1946 6 629 625 630
1947 6 631 630 632
1948 6 631 630 633
1949 6 631 636 638
1950 6 631 636 639
1951 6 636 637 640
1952 6 636 637 641
1953 6 634 631 636
1954 6 635 631 636
1955 6 637 636 638
1956 6 637 636 639
1957 6 637 642 644
1958 6 637 642 645
1959 6 642 643 646
1960 6 642 643 647
1961 6 640 637 642
1962 6 641 637 642
1963 6 643 642 644
1964 6 643 642 645
1965 6 643 648 650
1966 6 643 648 651
1967 6 648 649 652
1968 6 648 649 653
1969 6 646 643 648
1970 6 647 643 648
1971 6 649 648 650
1972 6 649 648 651
1973 6 649 654 656
1974 6 649 654 657
1975 6 654 655 658
1976 6 654 655 659
1977 6 652 649 654
1978 6 653 649 654
1979 6 655 654 656
1980 6 655 654 657
1981 6 655 660 662
1982 6 655 660 663
1983 6 660 661 664
1984 6 660 661 665
1985 6 658 655 660
1986 6 659 655 660
1987 6 661 660 662
1988 6 661 660 663
1989 6 661 666 668
1990 6 661 666 669
1991 6 666 667 670
1992 6 666 667 671
1993 6 664 661 666
1994 6 665 661 666
1995 6 667 666 668
1996 6 667 666 669
1997 6 667 672 674
1998 6 667 672 675
1999 6 672 673 676
2000 6 672 673 677
2001 6 670 667 672
2002 6 671 667 672
2003 6 673 672 674
2004 6 673 672 675
2005 6 673 678 680
2006 6 673 678 681
2007 6 678 679 682
2008 6 678 679 683
2009 6 676 673 678
2010 6 677 673 678
2011 6 679 678 680
2012 6 679 678 681
2013 6 679 684 686
2014 6 679 684 687
2015 6 684 685 688
2016 6 684 685 689
2017 6 682 679 684
2018 6 683 679 684
2019 6 685 684 686
2020 6 685 684 687
2021 6 685 690 692
2022 6 685 690 693
2023 6 690 691 694
2024 6 690 691 695
2025 6 688 685 690
2026 6 689 685 690
2027 6 691 690 692
2028 6 691 690 693
2029 6 691 696 698
2030 6 691 696 699
2031 6 696 697 700
2032 6 696 697 701
2033 6 694 691 696
2034 6 695 691 696
2035 6 697 696 698
2036 6 697 696 699
2037 6 697 702 704
2038 6 697 702 705
2039 6 702 703 706
2040 6 702 703 707
2041 6 700 697 702
2042 6 701 697 702
2043 6 703 702 704
2044 6 703 702 705
2045 6 703 708 710
2046 6 703 708 711
2047 6 708 709 712
2048 6 708 709 713
2049 6 706 703 708
2050 6 707 703 708
2051 6 709 708 710
2052 6 709 708 711
2053 6 709 714 716
2054 6 709 714 717
2055 6 714 715 718
2056 6 714 715 719
2057 6 712 709 714
2058 6 713 709 714
2059 6 715 714 716
2060 6 715 714 717
2061 6 715 720 722
2062 6 715 720 723
2063 6 720 721 724
2064 6 720 721 725
2065 6 718 715 720
2066 6 719 715 720
2067 6 721 720 722
2068 6 721 720 723
2069 6 721 726 728
2070 6 721 726 729
2071 6 726 727 730
2072 6 726 727 731
2073 6 724 721 726
2074 6 725 721 726
2075 6 727 726 728
2076 6 727 726 729
2077 6 727 732 734
2078 6 727 732 735
2079 6 732 733 736
2080 6 732 733 737
2081 6 730 727 732
2082 6 731 727 732
2083 6 733 732 734
2084 6 733 732 735
2085 6 733 738 740
2086 6 733 738 741
2087 6 738 739 742
2088 6 738 739 743
2089 6 736 733 738
2090 6 737 733 738
2091 6 739 738 740
2092 6 739 738 741
2093 6 739 744 746
2094 6 739 744 747
2095 6 744 745 748
2096 6 744 745 749
2097 6 742 739 744
2098 6 743 739 744
2099 6 745 744 746
2100 6 745 744 747
2101 6 745 750 752
2102 6 745 750 753
2103 6 750 751 754
2104 6 750 751 755
2105 6 748 745 750
2106 6 749 745 750
2107 6 751 750 752
2108 6 751 750 753
2109 6 751 756 758
2110 6 751 756 759
2111 6 756 757 760
2112 6 756 757 761
2113 6 754 751 756
2114 6 755 751 756
2115 6 757 756 758
2116 6 757 756 759
2117 6 757 762 764
2118 6 757 762 765
2119 6 762 763 766
2120 6 762 763 767
2121 6 760 757 762
2122 6 761 757 762
2123 6 763 762 764
2124 6 763 762 765
2125 6 763 768 770
2126 6 763 768 771
2127 6 768 769 772
2128 6 768 769 773
2129 6 766 763 768
2130 6 767 763 768
2131 6 769 768 770
2132 6 769 768 771
2133 6 769 774 776
2134 6 769 774 777
2135 6 774 775 778
2136 6 774 775 779
2137 6 772 769 774
2138 6 773 769 774
2139 6 775 774 776
2140 6 775 774 777
2141 6 775 780 782
2142 6 775 780 783
2143 6 780 781 784
2144 6 780 781 785
2145 6 778 775 780
2146 6 779 775 780
2147 6 781 780 782
2148 6 781 780 783
2149 6 781 786 788
2150 6 781 786 789
2151 6 786 787 790
2152 6 786 787 791
2153 6 784 781 786
2154 6 785 781 786
2155 6 787 786 788
2156 6 787 786 789
2157 6 787 792 794
2158 6 787 792 795
2159 6 792 793 796
2160 6 792 793 797
2161 6 790 787 792
2162 6 791 787 792
2163 6 793 792 794
2164 6 793 792 795
2165 6 793 798 800
2166 6 793 798 801
2167 6 798 799 802
2168 6 798 799 803
2169 6 796 793 798
2170 6 797 793 798
2171 6 799 798 800
2172 6 799 798 801
2173 6 799 804 806
2174 6 799 804 807
2175 6 804 805 808
2176 6 804 805 809
2177 6 802 799 804
2178 6 803 799 804
2179 6 805 804 806
2180 6 805 804 807
2181 6 805 810 812
2182 6 805 810 813
2183 6 810 811 814
2184 6 810 811 815
2185 6 808 805 810
2186 6 809 805 810
2187 6 811 810 812
2188 6 811 810 813
2189 6 811 816 818
2190 6 811 816 819
2191 6 816 817 820
2192 6 816 817 821
2193 6 814 811 816
2194 6 815 811 816
2195 6 817 816 818
2196 6 817 816 819
2197 6 817 822 824
2198 6 817 822 825
2199 6 822 823 826
2200 6 822 823 827
2201 6 820 817 822
2202 6 821 817 822
2203 6 823 822 824
2204 6 823 822 825
2205 6 823 828 830
2206 6 823 828 831
2207 6 828 829 832
2208 6 828 829 833
2209 6 826 823 828
2210 6 827 823 828
2211 6 829 828 830
2212 6 829 828 831
2213 6 829 834 836
2214 6 829 834 837
2215 6 834 835 838
2216 6 834 835 839
2217 6 832 829 834
2218 6 833 829 834
2219 6 835 834 836
2220 6 835 834 837
2221 6 835 840 842
2222 6 835 840 843
2223 6 840 841 844
2224 6 840 841 845
2225 6 838 835 840
2226 6 839 835 840
2227 6 841 840 842
2228 6 841 840 843
2229 6 841 846 848
2230 6 841 846 849
2231 6 846 847 850
2232 6 846 847 851
2233 6 844 841 846
2234 6 845 841 846
2235 6 847 846 848
2236 6 847 846 849
2237 6 847 852 854
2238 6 847 852 855
2239 6 852 853 856
2240 6 852 853 857
2241 6 850 847 852
2242 6 851 847 852
2243 6 853 852 854
2244 6 853 852 855
2245 6 853 858 860
2246 6 853 858 861
2247 6 858 859 862
2248 6 858 859 863
2249 6 856 853 858
2250 6 857 853 858
2251 6 859 858 860
2252 6 859 858 861
2253 6 859 864 866
2254 6 859 864 867
2255 6 864 865 868
2256 6 864 865 869
2257 6 862 859 864
2258 6 863 859 864
2259 6 865 864 866
2260 6 865 864 867
2261 6 865 870 872
2262 6 865 870 873
2263 6 870 871 874
2264 6 870 871 875
2265 6 868 865 870
2266 6 869 865 870
2267 6 871 870 872
2268 6 871 870 873
2269 6 871 876 878
2270 6 871 876 879
2271 6 876 877 880
2272 6 876 877 881
2273 6 874 871 876
2274 6 875 871 876
2275 6 877 876 878
2276 6 877 876 879
2277 6 877 882 884
2278 6 877 882 885
2279 6 882 883 886
2280 6 882 883 887
2281 6 880 877 882
2282 6 881 877 882
2283 6 883 882 884
2284 6 883 882 885
2285 6 883 888 890
2286 6 883 888 891
2287 6 888 889 892
2288 6 888 889 893
2289 6 886 883 888
2290 6 887 883 888
2291 6 889 888 890
2292 6 889 888 891
2293 6 889 894 896
2294 6 889 894 897
2295 6 894 895 898
2296 6 894 895 899
2297 6 892 889 894
2298 6 893 889 894
2299 6 895 894 896
2300 6 895 894 897
2301 6 895 900 902
2302 6 895 900 903
2303 6 898 895 900
2304 6 899 895 900
2305 6 908 914 916
2306 6 908 914 917
2307 6 914 915 918
2308 6 914 915 919
2309 6 912 908 914
2310 6 913 908 914
2311 6 915 914 916
2312 6 915 914 917
2313 6 915 920 922
2314 6 915 920 923
2315 6 920 921 924
2316 6 920 921 925
2317 6 918 915 920
2318 6 919 915 920
2319 6 921 920 922
2320 6 921 920 923
2321 6 921 926 928
2322 6 921 926 929
2323 6 926 927 930
2324 6 926 927 931
2325 6 924 921 926
2326 6 925 921 926
2327 6 927 926 928
2328 6 927 926 929
2329 6 927 932 934
2330 6 927 932 935
2331 6 932 933 936
2332 6 932 933 937
2333 6 930 927 932
2334 6 931 927 932
2335 6 933 932 934
2336 6 933 932 935
2337 6 933 938 940
2338 6 933 938 941
2339 6 938 939 942
2340 6 938 939 943
2341 6 936 933 938
2342 6 937 933 938
2343 6 939 938 940
2344 6 939 938 941
2345 6 939 944 946
2346 6 939 944 947
2347 6 944 945 948
2348 6 944 945 949
2349 6 942 939 944
2350 6 943 939 944
2351 6 945 944 946
2352 6 945 944 947
2353 6 945 950 952
2354 6 945 950 953
2355 6 950 951 954
2356 6 950 951 955
2357 6 948 945 950
2358 6 949 945 950
2359 6 951 950 952
2360 6 951 950 953
2361 6 951 956 958
2362 6 951 956 959
2363 6 956 957 960
2364 6 956 957 961
2365 6 954 951 956
2366 6 955 951 956
2367 6 957 956 958
2368 6 957 956 959
2369 6 957 962 964
2370 6 957 962 965
2371 6 962 963 966
2372 6 962 963 967
2373 6 960 957 962
2374 6 961 957 962
2375 6 963 962 964
2376 6 963 962 965
2377 6 963 968 970
2378 6 963 968 971
2379 6 968 969 972
2380 6 968 969 973
2381 6 966 963 968
2382 6 967 963 968
2383 6 969 968 970
2384 6 969 968 971
2385 6 969 974 976
2386 6 969 974 977
2387 6 974 975 978
2388 6 974 975 979
2389 6 972 969 974
2390 6 973 969 974
2391 6 975 974 976
2392 6 975 974 977
2393 6 975 980 982
2394 6 975 980 983
2395 6 980 981 984
2396 6 980 981 985
2397 6 978 975 980
2398 6 979 975 980
2399 6 981 980 982
2400 6 981 980 983
2401 6 981 986 988
2402 6 981 986 989
2403 6 986 987 990
2404 6 986 987 991
2405 6 984 981 986
2406 6 985 981 986
2407 6 987 986 988
2408 6 987 986 989
2409 6 987 992 994
2410 6 987 992 995
2411 6 992 993 996
2412 6 992 993 997
2413 6 990 987 992
2414 6 991 987 992
2415 6 993 992 994
2416 6 993 992 995
2417 6 993 998 1000
2418 6 993 998 1001
2419 6 998 999 1002
2420 6 998 999 1003
2421 6 996 993 998
2422 6 997 993 998
2423 6 999 998 1000
2424 6 999 998 1001
2425 6 999 1004 1006
2426 6 999 1004 1007
2427 6 1004 1005 1008
2428 6 1004 1005 1009
2429 6 1002 999 1004
2430 6 1003 999 1004
2431 6 1005 1004 1006
2432 6 1005 1004 1007
2433 6 1005 1010 1012
2434 6 1005 1010 1013
2435 6 1010 1011 1014
2436 6 1010 1011 1015
2437 6 1008 1005 1010
2438 6 1009 1005 1010
2439 6 1011 1010 1012
2440 6 1011 1010 1013
2441 6 1011 1016 1018
2442 6 1011 1016 1019
2443 6 1016 1017 1020
2444 6 1016 1017 1021
2445 6 1014 1011 1016
2446 6 1015 1011 1016
2447 6 1017 1016 1018
2448 6 1017 1016 1019
2449 6 1017 1022 1024
2450 6 1017 1022 1025
2451 6 1022 1023 1026
2452 6 1022 1023 1027
2453 6 1020 1017 1022
2454 6 1021 1017 1022
2455 6 1023 1022 1024
2456 6 1023 1022 1025
2457 6 1023 1028 1030
2458 6 1023 1028 1031
2459 6 1028 1029 1032
2460 6 1028 1029 1033
2461 6 1026 1023 1028
2462 6 1027 1023 1028
2463 6 1029 1028 1030
2464 6 1029 1028 1031
2465 6 1029 1034 1036
2466 6 1029 1034 1037
2467 6 1034 1035 1038
2468 6 1034 1035 1039
2469 6 1032 1029 1034
2470 6 1033 1029 1034
2471 6 1035 1034 1036
2472 6 1035 1034 1037
2473 6 1035 1040 1042
2474 6 1035 1040 1043
2475 6 1040 1041 1044
2476 6 1040 1041 1045
2477 6 1038 1035 1040
2478 6 1039 1035 1040
2479 6 1041 1040 1042
2480 6 1041 1040 1043
2481 6 1041 1046 1048
2482 6 1041 1046 1049
2483 6 1046 1047 1050
2484 6 1046 1047 1051
2485 6 1044 1041 1046
2486 6 1045 1041 1046
2487 6 1047 1046 1048
2488 6 1047 1046 1049
2489 6 1047 1052 1054
2490 6 1047 1052 1055
2491 6 1052 1053 1056
2492 6 1052 1053 1057
2493 6 1050 1047 1052
2494 6 1051 1047 1052
2495 6 1053 1052 1054
2496 6 1053 1052 1055
2497 6 1053 1058 1060
2498 6 1053 1058 1061
2499 6 1058 1059 1062
2500 6 1058 1059 1063
2501 6 1056 1053 1058
2502 6 1057 1053 1058
2503 6 1059 1058 1060
2504 6 1059 1058 1061
2505 6 1059 1064 1066
2506 6 1059 1064 1067
2507 6 1064 1065 1068
2508 6 1064 1065 1069
2509 6 1062 1059 1064
2510 6 1063 1059 1064
2511 6 1065 1064 1066
2512 6 1065 1064 1067
2513 6 1065 1070 1072
2514 6 1065 1070 1073
2515 6 1070 1071 1074
2516 6 1070 1071 1075
2517 6 1068 1065 1070
2518 6 1069 1065 1070
2519 6 1071 1070 1072
2520 6 1071 1070 1073
2521 6 1071 1076 1078
2522 6 1071 1076 1079
2523 6 1076 1077 1080
2524 6 1076 1077 1081
2525 6 1074 1071 1076
2526 6 1075 1071 1076
2527 6 1077 1076 1078
2528 6 1077 1076 1079
2529 6 1077 1082 1084
2530 6 1077 1082 1085
2531 6 1082 1083 1086
2532 6 1082 1083 1087
2533 6 1080 1077 1082
2534 6 1081 1077 1082
2535 6 1083 1082 1084
2536 6 1083 1082 1085
2537 6 1083 1088 1090
2538 6 1083 1088 1091
2539 6 1088 1089 1092
2540 6 1088 1089 1093
2541 6 1086 1083 1088
2542 6 1087 1083 1088
2543 6 1089 1088 1090
2544 6 1089 1088 1091
2545 6 1089 1094 1096
2546 6 1089 1094 1097
2547 6 1094 1095 1098
2548 6 1094 1095 1099
2549 6 1092 1089 1094
2550 6 1093 1089 1094
2551 6 1095 1094 1096
2552 6 1095 1094 1097
2553 6 1095 1100 1102
2554 6 1095 1100 1103
2555 6 1100 1101 1104
2556 6 1100 1101 1105
2557 6 1098 1095 1100
2558 6 1099 1095 1100
2559 6 1101 1100 1102
2560 6 1101 1100 1103
2561 6 1101 1106 1108
2562 6 1101 1106 1109
2563 6 1106 1107 1110
2564 6 1106 1107 1111
2565 6 1104 1101 1106
2566 6 1105 1101 1106
2567 6 1107 1106 1108
2568 6 1107 1106 1109
2569 6 1107 1112 1114
2570 6 1107 1112 1115
2571 6 1112 1113 1116
2572 6 1112 1113 1117
2573 6 1110 1107 1112
2574 6 1111 1107 1112
2575 6 1113 1112 1114
2576 6 1113 1112 1115
2577 6 1113 1118 1120
2578 6 1113 1118 1121
2579 6 1118 1119 1122
2580 6 1118 1119 1123
2581 6 1116 1113 1118
2582 6 1117 1113 1118
2583 6 1119 1118 1120
2584 6 1119 1118 1121
2585 6 1119 1124 1126
2586 6 1119 1124 1127
2587 6 1124 1125 1128
2588 6 1124 1125 1129
2589 6 1122 1119 1124
2590 6 1123 1119 1124
2591 6 1125 1124 1126
2592 6 1125 1124 1127
2593 6 1125 1130 1132
2594 6 1125 1130 1133
2595 6 1130 1131 1134
2596 6 1130 1131 1135
2597 6 1128 1125 1130
2598 6 1129 1125 1130
2599 6 1131 1130 1132
2600 6 1131 1130 1133
2601 6 1131 1136 1138
2602 6 1131 1136 1139
2603 6 1136 1137 1140
2604 6 1136 1137 1141
2605 6 1134 1131 1136
2606 6 1135 1131 1136
2607 6 1137 1136 1138
2608 6 1137 1136 1139
2609 6 1137 1142 1144
2610 6 1137 1142 1145
2611 6 1142 1143 1146
2612 6 1142 1143 1147
2613 6 1140 1137 1142
2614 6 1141 1137 1142
2615 6 1143 1142 1144
2616 6 1143 1142 1145
2617 6 1143 1148 1150
2618 6 1143 1148 1151
2619 6 1148 1149 1152
2620 6 1148 1149 1153
2621 6 1146 1143 1148
2622 6 1147 1143 1148
2623 6 1149 1148 1150
2624 6 1149 1148 1151
2625 6 1149 1154 1156
2626 6 1149 1154 1157
2627 6 1154 1155 1158
2628 6 1154 1155 1159
2629 6 1152 1149 1154
2630 6 1153 1149 1154
2631 6 1155 1154 1156
2632 6 1155 1154 1157
2633 6 1155 1160 1162
2634 6 1155 1160 1163
2635 6 1160 1161 1164
2636 6 1160 1161 1165
2637 6 1158 1155 1160
2638 6 1159 1155 1160
2639 6 1161 1160 1162
2640 6 1161 1160 1163
2641 6 1161 1166 1168
2642 6 1161 1166 1169
2643 6 1166 1167 1170
2644 6 1166 1167 1171
2645 6 1164 1161 1166
2646 6 1165 1161 1166
2647 6 1167 1166 1168
2648 6 1167 1166 1169
2649 6 1167 1172 1174
2650 6 1167 1172 1175
2651 6 1172 1173 1176
2652 6 1172 1173 1177
2653 6 1170 1167 1172
2654 6 1171 1167 1172
2655 6 1173 1172 1174
2656 6 1173 1172 1175
2657 6 1173 1178 1180
2658 6 1173 1178 1181
2659 6 1178 1179 1182
2660 6 1178 1179 1183
2661 6 1176 1173 1178
2662 6 1177 1173 1178
2663 6 1179 1178 1180
2664 6 1179 1178 1181
2665 6 1179 1184 1186
2666 6 1179 1184 1187
2667 6 1184 1185 1188
2668 6 1184 1185 1189
2669 6 1182 1179 1184
2670 6 1183 1179 1184
2671 6 1185 1184 1186
2672 6 1185 1184 1187
2673 6 1185 1190 1192
2674 6 1185 1190 1193
2675 6 1190 1191 1194
2676 6 1190 1191 1195
2677 6 1188 1185 1190
2678 6 1189 1185 1190
2679 6 1191 1190 1192
2680 6 1191 1190 1193
2681 6 1191 1196 1198
2682 6 1191 1196 1199
2683 6 1196 1197 1200
2684 6 1196 1197 1201
2685 6 1194 1191 1196
2686 6 1195 1191 1196
2687 6 1197 1196 1198
2688 6 1197 1196 1199
2689 6 1197 1202 1204
2690 6 1197 1202 1205
2691 6 1200 1197 1202
2692 6 1201 1197 1202
2693 6 1210 1216 1218
2694 6 1210 1216 1219
2695 6 1216 1217 1220
2696 6 1216 1217 1221
2697 6 1214 1210 1216
2698 6 1215 1210 1216
2699 6 1217 1216 1218
2700 6 1217 1216 1219
2701 6 1217 1222 1224
2702 6 1217 1222 1225
2703 6 1222 1223 1226
2704 6 1222 1223 1227
2705 6 1220 1217 1222
2706 6 1221 1217 1222
2707 6 1223 1222 1224
2708 6 1223 1222 1225
2709 6 1223 1228 1230
2710 6 1223 1228 1231
2711 6 1228 1229 1232
2712 6 1228 1229 1233
2713 6 1226 1223 1228
2714 6 1227 1223 1228
2715 6 1229 1228 1230
2716 6 1229 1228 1231
2717 6 1229 1234 1236
2718 6 1229 1234 1237
2719 6 1234 1235 1238
2720 6 1234 1235 1239
2721 6 1232 1229 1234
2722 6 1233 1229 1234
2723 6 1235 1234 1236
2724 6 1235 1234 1237
2725 6 1235 1240 1242
2726 6 1235 1240 1243
2727 6 1240 1241 1244
2728 6 1240 1241 1245
2729 6 1238 1235 1240
2730 6 1239 1235 1240
2731 6 1241 1240 1242
2732 6 1241 1240 1243
2733 6 1241 1246 1248
2734 6 1241 1246 1249
2735 6 1246 1247 1250
2736 6 1246 1247 1251
2737 6 1244 1241 1246
2738 6 1245 1241 1246
2739 6 1247 1246 1248
2740 6 1247 1246 1249
2741 6 1247 1252 1254
2742 6 1247 1252 1255
2743 6 1252 1253 1256
2744 6 1252 1253 1257
2745 6 1250 1247 1252
2746 6 1251 1247 1252
2747 6 1253 1252 1254
2748 6 1253 1252 1255
2749 6 1253 1258 1260
2750 6 1253 1258 1261
2751 6 1258 1259 1262
2752 6 1258 1259 1263
2753 6 1256 1253 1258
2754 6 1257 1253 1258
2755 6 1259 1258 1260
2756 6 1259 1258 1261
2757 6 1259 1264 1266
2758 6 1259 1264 1267
2759 6 1264 1265 1268
2760 6 1264 1265 1269
2761 6 1262 1259 1264
2762 6 1263 1259 1264
2763 6 1265 1264 1266
2764 6 1265 1264 1267
2765 6 1265 1270 1272
2766 6 1265 1270 1273
2767 6 1270 1271 1274
2768 6 1270 1271 1275
2769 6 1268 1265 1270
2770 6 1269 1265 1270
2771 6 1271 1270 1272
2772 6 1271 1270 1273
2773 6 1271 1276 1278
2774 6 1271 1276 1279
2775 6 1276 1277 1280
2776 6 1276 1277 1281
2777 6 1274 1271 1276
2778 6 1275 1271 1276
2779 6 1277 1276 1278
2780 6 1277 1276 1279
2781 6 1277 1282 1284
2782 6 1277 1282 1285
2783 6 1282 1283 1286
2784 6 1282 1283 1287
2785 6 1280 1277 1282
2786 6 1281 1277 1282
2787 6 1283 1282 1284
2788 6 1283 1282 1285
2789 6 1283 1288 1290
2790 6 1283 1288 1291
2791 6 1288 1289 1292
2792 6 1288 1289 1293
2793 6 1286 1283 1288
2794 6 1287 1283 1288
2795 6 1289 1288 1290
2796 6 1289 1288 1291
2797 6 1289 1294 1296
2798 6 1289 1294 1297
2799 6 1294 1295 1298
2800 6 1294 1295 1299
2801 6 1292 1289 1294
2802 6 1293 1289 1294
2803 6 1295 1294 1296
2804 6 1295 1294 1297
2805 6 1295 1300 1302
2806 6 1295 1300 1303
2807 6 1300 1301 1304
2808 6 1300 1301 1305
2809 6 1298 1295 1300
2810 6 1299 1295 1300
2811 6 1301 1300 1302
2812 6 1301 1300 1303
2813 6 1301 1306 1308
2814 6 1301 1306 1309
2815 6 1306 1307 1310
2816 6 1306 1307 1311
2817 6 1304 1301 1306
2818 6 1305 1301 1306
2819 6 1307 1306 1308
2820 6 1307 1306 1309
2821 6 1307 1312 1314
2822 6 1307 1312 1315
2823 6 1312 1313 1316
2824 6 1312 1313 1317
2825 6 1310 1307 1312
2826 6 1311 1307 1312
2827 6 1313 1312 1314
2828 6 1313 1312 1315
2829 6 1313 1318 1320
2830 6 1313 1318 1321
2831 6 1318 1319 1322
2832 6 1318 1319 1323
2833 6 1316 1313 1318
2834 6 1317 1313 1318
2835 6 1319 1318 1320
2836 6 1319 1318 1321
2837 6 1319 1324 1326
2838 6 1319 1324 1327
2839 6 1324 1325 1328
2840 6 1324 1325 1329
2841 6 1322 1319 1324
2842 6 1323 1319 1324
2843 6 1325 1324 1326
2844 6 1325 1324 1327
2845 6 1325 1330 1332
2846 6 1325 1330 1333
2847 6 1330 1331 1334
2848 6 1330 1331 1335
2849 6 1328 1325 1330
2850 6 1329 1325 1330
2851 6 1331 1330 1332
2852 6 1331 1330 1333
2853 6 1331 1336 1338
2854 6 1331 1336 1339
2855 6 1336 1337 1340
2856 6 1336 1337 1341
2857 6 1334 1331 1336
2858 6 1335 1331 1336
2859 6 1337 1336 1338
2860 6 1337 1336 1339
2861 6 1337 1342 1344
2862 6 1337 1342 1345
2863 6 1342 1343 1346
2864 6 1342 1343 1347
2865 6 1340 1337 1342
2866 6 1341 1337 1342
2867 6 1343 1342 1344
2868 6 1343 1342 1345
2869 6 1343 1348 1350
2870 6 1343 1348 1351
2871 6 1348 1349 1352
2872 6 1348 1349 1353
2873 6 1346 1343 1348
2874 6 1347 1343 1348
2875 6 1349 1348 1350
2876 6 1349 1348 1351
2877 6 1349 1354 1356
2878 6 1349 1354 1357
2879 6 1354 1355 1358
2880 6 1354 1355 1359
2881 6 1352 1349 1354
2882 6 1353 1349 1354
2883 6 1355 1354 1356
2884 6 1355 1354 1357
2885 6 1355 1360 1362
2886 6 1355 1360 1363
2887 6 1360 1361 1364
2888 6 1360 1361 1365
2889 6 1358 1355 1360
2890 6 1359 1355 1360
2891 6 1361 1360 1362
2892 6 1361 1360 1363
2893 6 1361 1366 1368
2894 6 1361 1366 1369
2895 6 1366 1367 1370
2896 6 1366 1367 1371
2897 6 1364 1361 1366
2898 6 1365 1361 1366
2899 6 1367 1366 1368
2900 6 1367 1366 1369
2901 6 1367 1372 1374
2902 6 1367 1372 1375
2903 6 1372 1373 1376
2904 6 1372 1373 1377
2905 6 1370 1367 1372
2906 6 1371 1367 1372
2907 6 1373 1372 1374
2908 6 1373 1372 1375
2909 6 1373 1378 1380
2910 6 1373 1378 1381
2911 6 1378 1379 1382
2912 6 1378 1379 1383
2913 6 1376 1373 1378
2914 6 1377 1373 1378
2915 6 1379 1378 1380
2916 6 1379 1378 1381
2917 6 1379 1384 1386
2918 6 1379 1384 1387
2919 6 1384 1385 1388
2920 6 1384 1385 1389
2921 6 1382 1379 1384
2922 6 1383 1379 1384
2923 6 1385 1384 1386
2924 6 1385 1384 1387
2925 6 1385 1390 1392
2926 6 1385 1390 1393
2927 6 1390 1391 1394
2928 6 1390 1391 1395
2929 6 1388 1385 1390
2930 6 1389 1385 1390
2931 6 1391 1390 1392
2932 6 1391 1390 1393
2933 6 1391 1396 1398
2934 6 1391 1396 1399
2935 6 1396 1397 1400
2936 6 1396 1397 1401
2937 6 1394 1391 1396
2938 6 1395 1391 1396
2939 6 1397 1396 1398
2940 6 1397 1396 1399
2941 6 1397 1402 1404
2942 6 1397 1402 1405
2943 6 1402 1403 1406
2944 6 1402 1403 1407
2945 6 1400 1397 1402
2946 6 1401 1397 1402
2947 6 1403 1402 1404
2948 6 1403 1402 1405
2949 6 1403 1408 1410
2950 6 1403 1408 1411
2951 6 1408 1409 1412
2952 6 1408 1409 1413
2953 6 1406 1403 1408
2954 6 1407 1403 1408
2955 6 1409 1408 1410
2956 6 1409 1408 1411
2957 6 1409 1414 1416
2958 6 1409 1414 1417
2959 6 1414 1415 1418
2960 6 1414 1415 1419
2961 6 1412 1409 1414
2962 6 1413 1409 1414
2963 6 1415 1414 1416
2964 6 1415 1414 1417
2965 6 1415 1420 1422
2966 6 1415 1420 1423
2967 6 1420 1421 1424
2968 6 1420 1421 1425
2969 6 1418 1415 1420
2970 6 1419 1415 1420
2971 6 1421 1420 1422
2972 6 1421 1420 1423
2973 6 1421 1426 1428
2974 6 1421 1426 1429
2975 6 1426 1427 1430
2976 6 1426 1427 1431
2977 6 1424 1421 1426
2978 6 1425 1421 1426
2979 6 1427 1426 1428
2980 6 1427 1426 1429
2981 6 1427 1432 1434
2982 6 1427 1432 1435
2983 6 1432 1433 1436
2984 6 1432 1433 1437
2985 6 1430 1427 1432
2986 6 1431 1427 1432
2987 6 1433 1432 1434
2988 6 1433 1432 1435
2989 6 1433 1438 1440
2990 6 1433 1438 1441
2991 6 1438 1439 1442
2992 6 1438 1439 1443
2993 6 1436 1433 1438
2994 6 1437 1433 1438
2995 6 1439 1438 1440
2996 6 1439 1438 1441
2997 6 1439 1444 1446
2998 6 1439 1444 1447
2999 6 1444 1445 1448
3000 6 1444 1445 1449
3001 6 1442 1439 1444
3002 6 1443 1439 1444
3003 6 1445 1444 1446
3004 6 1445 1444 1447
3005 6 1445 1450 1452
3006 6 1445 1450 1453
3007 6 1450 1451 1454
3008 6 1450 1451 1455
3009 6 1448 1445 1450
3010 6 1449 1445 1450
3011 6 1451 1450 1452
3012 6 1451 1450 1453
3013 6 1451 1456 1458
3014 6 1451 1456 1459
3015 6 1456 1457 1460
3016 6 1456 1457 1461
3017 6 1454 1451 1456
3018 6 1455 1451 1456
3019 6 1457 1456 1458
3020 6 1457 1456 1459
3021 6 1457 1462 1464
3022 6 1457 1462 1465
3023 6 1462 1463 1466
3024 6 1462 1463 1467
3025 6 1460 1457 1462
3026 6 1461 1457 1462
3027 6 1463 1462 1464
3028 6 1463 1462 1465
3029 6 1463 1468 1470
3030 6 1463 1468 1471
3031 6 1468 1469 1472
3032 6 1468 1469 1473
3033 6 1466 1463 1468
3034 6 1467 1463 1468
3035 6 1469 1468 1470
3036 6 1469 1468 1471
3037 6 1469 1474 1476
3038 6 1469 1474 1477
3039 6 1474 1475 1478
3040 6 1474 1475 1479
3041 6 1472 1469 1474
3042 6 1473 1469 1474
3043 6 1475 1474 1476
3044 6 1475 1474 1477
3045 6 1475 1480 1482
3046 6 1475 1480 1483
3047 6 1480 1481 1484
3048 6 1480 1481 1485
3049 6 1478 1475 1480
3050 6 1479 1475 1480
3051 6 1481 1480 1482
3052 6 1481 1480 1483
3053 6 1481 1486 1488
3054 6 1481 1486 1489
3055 6 1486 1487 1490
3056 6 1486 1487 1491
3057 6 1484 1481 1486
3058 6 1485 1481 1486
3059 6 1487 1486 1488
3060 6 1487 1486 1489
3061 6 1487 1492 1494
3062 6 1487 1492 1495
3063 6 1492 1493 1496
3064 6 1492 1493 1497
3065 6 1490 1487 1492
3066 6 1491 1487 1492
3067 6 1493 1492 1494
3068 6 1493 1492 1495
3069 6 1493 1498 1500
3070 6 1493 1498 1501
3071 6 1498 1499 1502
3072 6 1498 1499 1503
3073 6 1496 1493 1498
3074 6 1497 1493 1498
3075 6 1499 1498 1500
3076 6 1499 1498 1501
3077 6 1499 1504 1506
3078 6 1499 1504 1507
3079 6 1502 1499 1504
3080 6 1503 1499 1504
3081 6 1512 1518 1520
3082 6 1512 1518 1521
3083 6 1518 1519 1522
3084 6 1518 1519 1523
3085 6 1516 1512 1518
3086 6 1517 1512 1518
3087 6 1519 1518 1520
3088 6 1519 1518 1521
3089 6 1519 1524 1526
3090 6 1519 1524 1527
3091 6 1524 1525 1528
3092 6 1524 1525 1529
3093 6 1522 1519 1524
3094 6 1523 1519 1524
3095 6 1525 1524 1526
3096 6 1525 1524 1527
3097 6 1525 1530 1532
3098 6 1525 1530 1533
3099 6 1530 1531 1534
3100 6 1530 1531 1535
3101 6 1528 1525 1530
3102 6 1529 1525 1530
3103 6 1531 1530 1532
3104 6 1531 1530 1533
3105 6 1531 1536 1538
3106 6 1531 1536 1539
3107 6 1536 1537 1540
3108 6 1536 1537 1541
3109 6 1534 1531 1536
3110 6 1535 1531 1536
3111 6 1537 1536 1538
3112 6 1537 1536 1539
3113 6 1537 1542 1544
3114 6 1537 1542 1545
3115 6 1542 1543 1546
3116 6 1542 1543 1547
3117 6 1540 1537 1542
3118 6 1541 1537 1542
3119 6 1543 1542 1544
3120 6 1543 1542 1545
3121 6 1543 1548 1550
3122 6 1543 1548 1551
3123 6 1548 1549 1552
3124 6 1548 1549 1553
3125 6 1546 1543 1548
3126 6 1547 1543 1548
3127 6 1549 1548 1550
3128 6 1549 1548 1551
3129 6 1549 1554 1556
3130 6 1549 1554 1557
3131 6 1554 1555 1558
3132 6 1554 1555 1559
3133 6 1552 1549 1554
3134 6 1553 1549 1554
3135 6 1555 1554 1556
3136 6 1555 1554 1557
3137 6 1555 1560 1562
3138 6 1555 1560 1563
3139 6 1560 1561 1564
3140 6 1560 1561 1565
3141 6 1558 1555 1560
3142 6 1559 1555 1560
3143 6 1561 1560 1562
3144 6 1561 1560 1563
3145 6 1561 1566 1568
3146 6 1561 1566 1569
3147 6 1566 1567 1570
3148 6 1566 1567 1571
3149 6 1564 1561 1566
3150 6 1565 1561 1566
3151 6 1567 1566 1568
3152 6 1567 1566 1569
3153 6 1567 1572 1574
3154 6 1567 1572 1575
3155 6 1572 1573 1576
3156 6 1572 1573 1577
3157 6 1570 1567 1572
3158 6 1571 1567 1572
3159 6 1573 1572 1574
3160 6 1573 1572 1575
3161 6 1573 1578 1580
3162 6 1573 1578 1581
3163 6 1578 1579 1582
3164 6 1578 1579 1583
3165 6 1576 1573 1578
3166 6 1577 1573 1578
3167 6 1579 1578 1580
3168 6 1579 1578 1581
3169 6 1579 1584 1586
3170 6 1579 1584 1587
3171 6 1584 1585 1588
3172 6 1584 1585 1589
3173 6 1582 1579 1584
3174 6 1583 1579 1584
3175 6 1585 1584 1586
3176 6 1585 1584 1587
3177 6 1585 1590 1592
3178 6 1585 1590 1593
3179 6 1590 1591 1594
3180 6 1590 1591 1595
3181 6 1588 1585 1590
3182 6 1589 1585 1590
3183 6 1591 1590 1592
3184 6 1591 1590 1593
3185 6 1591 1596 1598
3186 6 1591 1596 1599
3187 6 1596 1597 1600
3188 6 1596 1597 1601
3189 6 1594 1591 1596
3190 6 1595 1591 1596
3191 6 1597 1596 1598
3192 6 1597 1596 1599
3193 6 1597 1602 1604
3194 6 1597 1602 1605
3195 6 1602 1603 1606
3196 6 1602 1603 1607
3197 6 1600 1597 1602
3198 6 1601 1597 1602
3199 6 1603 1602 1604
3200 6 1603 1602 1605
3201 6 1603 1608 1610
3202 6 1603 1608 1611
3203 6 1608 1609 1612
3204 6 1608 1609 1613
3205 6 1606 1603 1608
3206 6 1607 1603 1608
3207 6 1609 1608 1610
3208 6 1609 1608 1611
3209 6 1609 1614 1616
3210 6 1609 1614 1617
3211 6 1614 1615 1618
3212 6 1614 1615 1619
3213 6 1612 1609 1614
3214 6 1613 1609 1614
3215 6 1615 1614 1616
3216 6 1615 1614 1617
3217 6 1615 1620 1622
3218 6 1615 1620 1623
3219 6 1620 1621 1624
3220 6 1620 1621 1625
3221 6 1618 1615 1620
3222 6 1619 1615 1620
3223 6 1621 1620 1622
3224 6 1621 1620 1623
3225 6 1621 1626 1628
3226 6 1621 1626 1629
3227 6 1626 1627 1630
3228 6 1626 1627 1631
3229 6 1624 1621 1626
3230 6 1625 1621 1626
3231 6 1627 1626 1628
3232 6 1627 1626 1629
3233 6 1627 1632 1634
3234 6 1627 1632 1635
3235 6 1632 1633 1636
3236 6 1632 1633 1637
3237 6 1630 1627 1632
3238 6 1631 1627 1632
3239 6 1633 1632 1634
3240 6 1633 1632 1635
3241 6 1633 1638 1640
3242 6 1633 1638 1641
3243 6 1638 1639 1642
3244 6 1638 1639 1643
3245 6 1636 1633 1638
3246 6 1637 1633 1638
3247 6 1639 1638 1640
3248 6 1639 1638 1641
3249 6 1639 1644 1646
3250 6 1639 1644 1647
3251 6 1644 1645 1648
3252 6 1644 1645 1649
3253 6 1642 1639 1644
3254 6 1643 1639 1644
3255 6 1645 1644 1646
3256 6 1645 1644 1647
3257 6 1645 1650 1652
3258 6 1645 1650 1653
3259 6 1650 1651 1654
3260 6 1650 1651 1655
3261 6 1648 1645 1650
3262 6 1649 1645 1650
3263 6 1651 1650 1652
3264 6 1651 1650 1653
3265 6 1651 1656 1658
3266 6 1651 1656 1659
3267 6 1656 1657 1660
3268 6 1656 1657 1661
3269 6 1654 1651 1656
3270 6 1655 1651 1656
3271 6 1657 1656 1658
3272 6 1657 1656 1659
3273 6 1657 1662 1664
3274 6 1657 1662 1665
3275 6 1662 1663 1666
3276 6 1662 1663 1667
3277 6 1660 1657 1662
3278 6 1661 1657 1662
3279 6 1663 1662 1664
3280 6 1663 1662 1665
3281 6 1663 1668 1670
3282 6 1663 1668 1671
3283 6 1668 1669 1672
3284 6 1668 1669 1673
3285 6 1666 1663 1668
3286 6 1667 1663 1668
3287 6 1669 1668 1670
3288 6 1669 1668 1671
3289 6 1669 1674 1676
3290 6 1669 1674 1677
3291 6 1674 1675 1678
3292 6 1674 1675 1679
3293 6 1672 1669 1674
3294 6 1673 1669 1674
3295 6 1675 1674 1676
3296 6 1675 1674 1677
3297 6 1675 1680 1682
3298 6 1675 1680 1683
3299 6 1680 1681 1684
3300 6 1680 1681 1685
3301 6 1678 1675 1680
3302 6 1679 1675 1680
3303 6 1681 1680 1682
3304 6 1681 1680 1683
3305 6 1681 1686 1688
3306 6 1681 1686 1689
3307 6 1686 1687 1690
3308 6 1686 1687 1691
3309 6 1684 1681 1686
3310 6 1685 1681 1686
3311 6 1687 1686 1688
3312 6 1687 1686 1689
3313 6 1687 1692 1694
3314 6 1687 1692 1695
3315 6 1692 1693 1696
3316 6 1692 1693 1697
3317 6 1690 1687 1692
3318 6 1691 1687 1692
3319 6 1693 1692 1694
3320 6 1693 1692 1695
3321 6 1693 1698 1700
3322 6 1693 1698 1701
3323 6 1698 1699 1702
3324 6 1698 1699 1703
3325 6 1696 1693 1698
3326 6 1697 1693 1698
3327 6 1699 1698 1700
3328 6 1699 1698 1701
3329 6 1699 1704 1706
3330 6 1699 1704 1707
3331 6 1704 1705 1708
3332 6 1704 1705 1709
3333 6 1702 1699 1704
3334 6 1703 1699 1704
3335 6 1705 1704 1706
3336 6 1705 1704 1707
3337 6 1705 1710 1712
3338 6 1705 1710 1713
3339 6 1710 1711 1714
3340 6 1710 1711 1715
3341 6 1708 1705 1710
3342 6 1709 1705 1710
3343 6 1711 1710 1712
3344 6 1711 1710 1713
3345 6 1711 1716 1718
3346 6 1711 1716 1719
3347 6 1716 1717 1720
3348 6 1716 1717 1721
3349 6 1714 1711 1716
3350 6 1715 1711 1716
3351 6 1717 1716 1718
3352 6 1717 1716 1719
3353 6 1717 1722 1724
3354 6 1717 1722 1725
3355 6 1722 1723 1726
3356 6 1722 1723 1727
3357 6 1720 1717 1722
3358 6 1721 1717 1722
3359 6 1723 1722 1724
3360 6 1723 1722 1725
3361 6 1723 1728 1730
3362 6 1723 1728 1731
3363 6 1728 1729 1732
3364 6 1728 1729 1733
3365 6 1726 1723 1728
3366 6 1727 1723 1728
3367 6 1729 1728 1730
3368 6 1729 1728 1731
3369 6 1729 1734 1736
3370 6 1729 1734 1737
3371 6 1734 1735 1738
3372 6 1734 1735 1739
3373 6 1732 1729 1734
3374 6 1733 1729 1734
3375 6 1735 1734 1736
3376 6 1735 1734 1737
3377 6 1735 1740 1742
3378 6 1735 1740 1743
3379 6 1740 1741 1744
3380 6 1740 1741 1745
3381 6 1738 1735 1740
3382 6 1739 1735 1740
3383 6 1741 1740 1742
3384 6 1741 1740 1743
3385 6 1741 1746 1748
3386 6 1741 1746 1749
3387 6 1746 1747 1750
3388 6 1746 1747 1751
3389 6 1744 1741 1746
3390 6 1745 1741 1746
3391 6 1747 1746 1748
3392 6 1747 1746 1749
3393 6 1747 1752 1754
3394 6 1747 1752 1755
3395 6 1752 1753 1756
3396 6 1752 1753 1757
3397 6 1750 1747 1752
3398 6 1751 1747 1752
3399 6 1753 1752 1754
3400 6 1753 1752 1755
3401 6 1753 1758 1760
3402 6 1753 1758 1761
3403 6 1758 1759 1762
3404 6 1758 1759 1763
3405 6 1756 1753 1758
3406 6 1757 1753 1758
3407 6 1759 1758 1760
3408 6 1759 1758 1761
3409 6 1759 1764 1766
3410 6 1759 1764 1767
3411 6 1764 1765 1768
3412 6 1764 1765 1769
3413 6 1762 1759 1764
3414 6 1763 1759 1764
3415 6 1765 1764 1766
3416 6 1765 1764 1767
3417 6 1765 1770 1772
3418 6 1765 1770 1773
3419 6 1770 1771 1774
3420 6 1770 1771 1775
3421 6 1768 1765 1770
3422 6 1769 1765 1770
3423 6 1771 1770 1772
3424 6 1771 1770 1773
3425 6 1771 1776 1778
3426 6 1771 1776 1779
3427 6 1776 1777 1780
3428 6 1776 1777 1781
3429 6 1774 1771 1776
3430 6 1775 1771 1776
3431 6 1777 1776 1778
3432 6 1777 1776 1779
3433 6 1777 1782 1784
3434 6 1777 1782 1785
3435 6 1782 1783 1786
3436 6 1782 1783 1787
3437 6 1780 1777 1782
3438 6 1781 1777 1782
3439 6 1783 1782 1784
3440 6 1783 1782 1785
3441 6 1783 1788 1790
3442 6 1783 1788 1791
3443 6 1788 1789 1792
3444 6 1788 1789 1793
3445 6 1786 1783 1788
3446 6 1787 1783 1788
3447 6 1789 1788 1790
3448 6 1789 1788 1791
3449 6 1789 1794 1796
3450 6 1789 1794 1797
3451 6 1794 1795 1798
3452 6 1794 1795 1799
3453 6 1792 1789 1794
3454 6 1793 1789 1794
3455 6 1795 1794 1796
3456 6 1795 1794 1797
3457 6 1795 1800 1802
3458 6 1795 1800 1803
3459 6 1800 1801 1804
3460 6 1800 1801 1805
3461 6 1798 1795 1800
3462 6 1799 1795 1800
3463 6 1801 1800 1802
3464 6 1801 1800 1803
3465 6 1801 1806 1808
3466 6 1801 1806 1809
3467 6 1804 1801 1806
3468 6 1805 1801 1806
3469 6 1814 1820 1822
3470 6 1814 1820 1823
3471 6 1820 1821 1824
3472 6 1820 1821 1825
3473 6 1818 1814 1820
3474 6 1819 1814 1820
3475 6 1821 1820 1822
3476 6 1821 1820 1823
3477 6 1821 1826 1828
3478 6 1821 1826 1829
3479 6 1826 1827 1830
3480 6 1826 1827 1831
3481 6 1824 1821 1826
3482 6 1825 1821 1826
3483 6 1827 1826 1828
3484 6 1827 1826 1829
3485 6 1827 1832 1834
3486 6 1827 1832 1835
3487 6 1832 1833 1836
3488 6 1832 1833 1837
3489 6 1830 1827 1832
3490 6 1831 1827 1832
3491 6 1833 1832 1834
3492 6 1833 1832 1835
3493 6 1833 1838 1840
3494 6 1833 1838 1841
3495 6 1838 1839 1842
3496 6 1838 1839 1843
3497 6 1836 1833 1838
3498 6 1837 1833 1838
3499 6 1839 1838 1840
3500 6 1839 1838 1841
3501 6 1839 1844 1846
3502 6 1839 1844 1847
3503 6 1844 1845 1848
3504 6 1844 1845 1849
3505 6 1842 1839 1844
3506 6 1843 1839 1844
3507 6 1845 1844 1846
3508 6 1845 1844 1847
3509 6 1845 1850 1852
3510 6 1845 1850 1853
3511 6 1850 1851 1854
3512 6 1850 1851 1855
3513 6 1848 1845 1850
3514 6 1849 1845 1850
3515 6 1851 1850 1852
3516 6 1851 1850 1853
3517 6 1851 1856 1858
3518 6 1851 1856 1859
3519 6 1856 1857 1860
3520 6 1856 1857 1861
3521 6 1854 1851 1856
3522 6 1855 1851 1856
3523 6 1857 1856 1858
3524 6 1857 1856 1859
3525 6 1857 1862 1864
3526 6 1857 1862 1865
3527 6 1862 1863 1866
3528 6 1862 1863 1867
3529 6 1860 1857 1862
3530 6 1861 1857 1862
3531 6 1863 1862 1864
3532 6 1863 1862 1865
3533 6 1863 1868 1870
3534 6 1863 1868 1871
3535 6 1868 1869 1872
3536 6 1868 1869 1873
3537 6 1866 1863 1868
3538 6 1867 1863 1868
3539 6 1869 1868 1870
3540 6 1869 1868 1871
3541 6 1869 1874 1876
3542 6 1869 1874 1877
3543 6 1874 1875 1878
3544 6 1874 1875 1879
3545 6 1872 1869 1874
3546 6 1873 1869 1874
3547 6 1875 1874 1876
3548 6 1875 1874 1877
3549 6 1875 1880 1882
3550 6 1875 1880 1883
3551 6 1880 1881 1884
3552 6 1880 1881 1885
3553 6 1878 1875 1880
3554 6 1879 1875 1880
3555 6 1881 1880 1882
3556 6 1881 1880 1883
3557 6 1881 1886 1888
3558 6 1881 1886 1889
3559 6 1886 1887 1890
3560 6 1886 1887 1891
3561 6 1884 1881 1886
3562 6 1885 1881 1886
3563 6 1887 1886 1888
3564 6 1887 1886 1889
3565 6 1887 1892 1894
3566 6 1887 1892 1895
3567 6 1892 1893 1896
3568 6 1892 1893 1897
3569 6 1890 1887 1892
3570 6 1891 1887 1892
3571 6 1893 1892 1894
3572 6 1893 1892 1895
3573 6 1893 1898 1900
3574 6 1893 1898 1901
3575 6 1898 1899 1902
3576 6 1898 1899 1903
3577 6 1896 1893 1898
3578 6 1897 1893 1898
3579 6 1899 1898 1900
3580 6 1899 1898 1901
3581 6 1899 1904 1906
3582 6 1899 1904 1907
3583 6 1904 1905 1908
3584 6 1904 1905 1909
3585 6 1902 1899 1904
3586 6 1903 1899 1904
3587 6 1905 1904 1906
3588 6 1905 1904 1907
3589 6 1905 1910 1912
3590 6 1905 1910 1913
3591 6 1910 1911 1914
3592 6 1910 1911 1915
3593 6 1908 1905 1910
3594 6 1909 1905 1910
3595 6 1911 1910 1912
3596 6 1911 1910 1913
3597 6 1911 1916 1918
3598 6 1911 1916 1919
3599 6 1916 1917 1920
3600 6 1916 1917 1921
3601 6 1914 1911 1916
3602 6 1915 1911 1916
3603 6 1917 1916 1918
3604 6 1917 1916 1919
3605 6 1917 1922 1924
3606 6 1917 1922 1925
3607 6 1922 1923 1926
3608 6 1922 1923 1927
3609 6 1920 1917 1922
3610 6 1921 1917 1922
3611 6 1923 1922 1924
3612 6 1923 1922 1925
3613 6 1923 1928 1930
3614 6 1923 1928 1931
3615 6 1928 1929 1932
3616 6 1928 1929 1933
3617 6 1926 1923 1928
3618 6 1927 1923 1928
3619 6 1929 1928 1930
3620 6 1929 1928 1931
3621 6 1929 1934 1936
3622 6 1929 1934 1937
3623 6 1934 1935 1938
3624 6 1934 1935 1939
3625 6 1932 1929 1934
3626 6 1933 1929 1934
3627 6 1935 1934 1936
3628 6 1935 1934 1937
3629 6 1935 1940 1942
3630 6 1935 1940 1943
3631 6 1940 1941 1944
3632 6 1940 1941 1945
3633 6 1938 1935 1940
3634 6 1939 1935 1940
3635 6 1941 1940 1942
3636 6 1941 1940 1943
3637 6 1941 1946 1948
3638 6 1941 1946 1949
3639 6 1946 1947 1950
3640 6 1946 1947 1951
3641 6 1944 1941 1946
3642 6 1945 1941 1946
3643 6 1947 1946 1948
3644 6 1947 1946 1949
3645 6 1947 1952 1954
3646 6 1947 1952 1955
3647 6 1952 1953 1956
3648 6 1952 1953 1957
3649 6 1950 1947 1952
3650 6 1951 1947 1952
3651 6 1953 1952 1954
3652 6 1953 1952 1955
3653 6 1953 1958 1960
3654 6 1953 1958 1961
3655 6 1958 1959 1962
3656 6 1958 1959 1963
3657 6 1956 1953 1958
3658 6 1957 1953 1958
3659 6 1959 1958 1960
3660 6 1959 1958 1961
3661 6 1959 1964 1966
3662 6 1959 1964 1967
3663 6 1964 1965 1968
3664 6 1964 1965 1969
3665 6 1962 1959 1964
3666 6 1963 1959 1964
3667 6 1965 1964 1966
3668 6 1965 1964 1967
3669 6 1965 1970 1972
3670 6 1965 1970 1973
3671 6 1970 1971 1974
3672 6 1970 1971 1975
3673 6 1968 1965 1970
3674 6 1969 1965 1970
3675 6 1971 1970 1972
3676 6 1971 1970 1973
3677 6 1971 1976 1978
3678 6 1971 1976 1979
3679 6 1976 1977 1980
3680 6 1976 1977 1981
3681 6 1974 1971 1976
3682 6 1975 1971 1976
3683 6 1977 1976 1978
3684 6 1977 1976 1979
3685 6 1977 1982 1984
3686 6 1977 1982 1985
3687 6 1982 1983 1986
3688 6 1982 1983 1987
3689 6 1980 1977 1982
3690 6 1981 1977 1982
3691 6 1983 1982 1984
3692 6 1983 1982 1985
3693 6 1983 1988 1990
3694 6 1983 1988 1991
3695 6 1988 1989 1992
3696 6 1988 1989 1993
3697 6 1986 1983 1988
3698 6 1987 1983 1988
3699 6 1989 1988 1990
3700 6 1989 1988 1991
3701 6 1989 1994 1996
3702 6 1989 1994 1997
3703 6 1994 1995 1998
3704 6 1994 1995 1999
3705 6 1992 1989 1994
3706 6 1993 1989 1994
3707 6 1995 1994 1996
3708 6 1995 1994 1997
3709 6 1995 2000 2002
3710 6 1995 2000 2003
3711 6 2000 2001 2004
3712 6 2000 2001 2005
3713 6 1998 1995 2000
3714 6 1999 1995 2000
3715 6 2001 2000 2002
3716 6 2001 2000 2003
3717 6 2001 2006 2008
3718 6 2001 2006 2009
3719 6 2006 2007 2010
3720 6 2006 2007 2011
3721 6 2004 2001 2006
3722 6 2005 2001 2006
3723 6 2007 2006 2008
3724 6 2007 2006 2009
3725 6 2007 2012 2014
3726 6 2007 2012 2015
3727 6 2012 2013 2016
3728 6 2012 2013 2017
3729 6 2010 2007 2012
3730 6 2011 2007 2012
3731 6 2013 2012 2014
3732 6 2013 2012 2015
3733 6 2013 2018 2020
3734 6 2013 2018 2021
3735 6 2018 2019 2022
3736 6 2018 2019 2023
3737 6 2016 2013 2018
3738 6 2017 2013 2018
3739 6 2019 2018 2020
3740 6 2019 2018 2021
3741 6 2019 2024 2026
3742 6 2019 2024 2027
3743 6 2024 2025 2028
3744 6 2024 2025 2029
3745 6 2022 2019 2024
3746 6 2023 2019 2024
3747 6 2025 2024 2026
3748 6 2025 2024 2027
3749 6 2025 2030 2032
3750 6 2025 2030 2033
3751 6 2030 2031 2034
3752 6 2030 2031 2035
3753 6 2028 2025 2030
3754 6 2029 2025 2030
3755 6 2031 2030 2032
3756 6 2031 2030 2033
3757 6 2031 2036 2038
3758 6 2031 2036 2039
3759 6 2036 2037 2040
3760 6 2036 2037 2041
3761 6 2034 2031 2036
3762 6 2035 2031 2036
3763 6 2037 2036 2038
3764 6 2037 2036 2039
3765 6 2037 2042 2044
3766 6 2037 2042 2045
3767 6 2042 2043 2046
3768 6 2042 2043 2047
3769 6 2040 2037 2042
3770 6 2041 2037 2042
3771 6 2043 2042 2044
3772 6 2043 2042 2045
3773 6 2043 2048 2050
3774 6 2043 2048 2051
3775 6 2048 2049 2052
3776 6 2048 2049 2053
3777 6 2046 2043 2048
3778 6 2047 2043 2048
3779 6 2049 2048 2050
3780 6 2049 2048 2051
3781 6 2049 2054 2056
3782 6 2049 2054 2057
3783 6 2054 2055 2058
3784 6 2054 2055 2059
3785 6 2052 2049 2054
3786 6 2053 2049 2054
3787 6 2055 2054 2056
3788 6 2055 2054 2057
3789 6 2055 2060 2062
3790 6 2055 2060 2063
3791 6 2060 2061 2064
3792 6 2060 2061 2065
3793 6 2058 2055 2060
3794 6 2059 2055 2060
3795 6 2061 2060 2062
3796 6 2061 2060 2063
3797 6 2061 2066 2068
3798 6 2061 2066 2069
3799 6 2066 2067 2070
3800 6 2066 2067 2071
3801 6 2064 2061 2066
3802 6 2065 2061 2066
3803 6 2067 2066 2068
3804 6 2067 2066 2069
3805 6 2067 2072 2074
3806 6 2067 2072 2075
3807 6 2072 2073 2076
3808 6 2072 2073 2077
3809 6 2070 2067 2072
3810 6 2071 2067 2072
3811 6 2073 2072 2074
3812 6 2073 2072 2075
3813 6 2073 2078 2080
3814 6 2073 2078 2081
3815 6 2078 2079 2082
3816 6 2078 2079 2083
3817 6 2076 2073 2078
3818 6 2077 2073 2078
3819 6 2079 2078 2080
3820 6 2079 2078 2081
3821 6 2079 2084 2086
3822 6 2079 2084 2087
3823 6 2084 2085 2088
3824 6 2084 2085 2089
3825 6 2082 2079 2084
3826 6 2083 2079 2084
3827 6 2085 2084 2086
3828 6 2085 2084 2087
3829 6 2085 2090 2092
3830 6 2085 2090 2093
3831 6 2090 2091 2094
3832 6 2090 2091 2095
3833 6 2088 2085 2090
3834 6 2089 2085 2090
3835 6 2091 2090 2092
3836 6 2091 2090 2093
3837 6 2091 2096 2098
3838 6 2091 2096 2099
3839 6 2096 2097 2100
3840 6 2096 2097 2101
3841 6 2094 2091 2096
3842 6 2095 2091 2096
3843 6 2097 2096 2098
3844 6 2097 2096 2099
3845 6 2097 2102 2104
3846 6 2097 2102 2105
3847 6 2102 2103 2106
3848 6 2102 2103 2107
3849 6 2100 2097 2102
3850 6 2101 2097 2102
3851 6 2103 2102 2104
3852 6 2103 2102 2105
3853 6 2103 2108 2110
3854 6 2103 2108 2111
3855 6 2106 2103 2108
3856 6 2107 2103 2108
3857 6 2116 2122 2124
3858 6 2116 2122 2125
3859 6 2122 2123 2126
3860 6 2122 2123 2127
3861 6 2120 2116 2122
3862 6 2121 2116 2122
3863 6 2123 2122 2124
3864 6 2123 2122 2125
3865 6 2123 2128 2130
3866 6 2123 2128 2131
3867 6 2128 2129 2132
3868 6 2128 2129 2133
3869 6 2126 2123 2128
3870 6 2127 2123 2128
3871 6 2129 2128 2130
3872 6 2129 2128 2131
3873 6 2129 2134 2136
3874 6 2129 2134 2137
3875 6 2134 2135 2138
3876 6 2134 2135 2139
3877 6 2132 2129 2134
3878 6 2133 2129 2134
3879 6 2135 2134 2136
3880 6 2135 2134 2137
3881 6 2135 2140 2142
3882 6 2135 2140 2143
3883 6 2140 2141 2144
3884 6 2140 2141 2145
3885 6 2138 2135 2140
3886 6 2139 2135 2140
3887 6 2141 2140 2142
3888 6 2141 2140 2143
3889 6 2141 2146 2148
3890 6 2141 2146 2149
3891 6 2146 2147 2150
3892 6 2146 2147 2151
3893 6 2144 2141 2146
3894 6 2145 2141 2146
3895 6 2147 2146 2148
3896 6 2147 2146 2149
3897 6 2147 2152 2154
3898 6 2147 2152 2155
3899 6 2152 2153 2156
3900 6 2152 2153 2157
3901 6 2150 2147 2152
3902 6 2151 2147 2152
3903 6 2153 2152 2154
3904 6 2153 2152 2155
3905 6 2153 2158 2160
3906 6 2153 2158 2161
3907 6 2158 2159 2162
3908 6 2158 2159 2163
3909 6 2156 2153 2158
3910 6 2157 2153 2158
3911 6 2159 2158 2160
3912 6 2159 2158 2161
3913 6 2159 2164 2166
3914 6 2159 2164 2167
3915 6 2164 2165 2168
3916 6 2164 2165 2169
3917 6 2162 2159 2164
3918 6 2163 2159 2164
3919 6 2165 2164 2166
3920 6 2165 2164 2167
3921 6 2165 2170 2172
3922 6 2165 2170 2173
3923 6 2170 2171 2174
3924 6 2170 2171 2175
3925 6 2168 2165 2170
3926 6 2169 2165 2170
3927 6 2171 2170 2172
3928 6 2171 2170 2173
3929 6 2171 2176 2178
3930 6 2171 2176 2179
3931 6 2176 2177 2180
3932 6 2176 2177 2181
3933 6 2174 2171 2176
3934 6 2175 2171 2176
3935 6 2177 2176 2178
3936 6 2177 2176 2179
3937 6 2177 2182 2184
3938 6 2177 2182 2185
3939 6 2182 2183 2186
3940 6 2182 2183 2187
3941 6 2180 2177 2182
3942 6 2181 2177 2182
3943 6 2183 2182 2184
3944 6 2183 2182 2185
3945 6 2183 2188 2190
3946 6 2183 2188 2191
3947 6 2188 2189 2192
3948 6 2188 2189 2193
3949 6 2186 2183 2188
3950 6 2187 2183 2188
3951 6 2189 2188 2190
3952 6 2189 2188 2191
3953 6 2189 2194 2196
3954 6 2189 2194 2197
3955 6 2194 2195 2198
3956 6 2194 2195 2199
3957 6 2192 2189 2194
3958 6 2193 2189 2194
3959 6 2195 2194 2196
3960 6 2195 2194 2197
3961 6 2195 2200 2202
3962 6 2195 2200 2203
3963 6 2200 2201 2204
3964 6 2200 2201 2205
3965 6 2198 2195 2200
3966 6 2199 2195 2200
3967 6 2201 2200 2202
3968 6 2201 2200 2203
3969 6 2201 2206 2208
3970 6 2201 2206 2209
3971 6 2206 2207 2210
3972 6 2206 2207 2211
3973 6 2204 2201 2206
3974 6 2205 2201 2206
3975 6 2207 2206 2208
3976 6 2207 2206 2209
3977 6 2207 2212 2214
3978 6 2207 2212 2215
3979 6 2212 2213 2216
3980 6 2212 2213 2217
3981 6 2210 2207 2212
3982 6 2211 2207 2212
3983 6 2213 2212 2214
3984 6 2213 2212 2215
3985 6 2213 2218 2220
3986 6 2213 2218 2221
3987 6 2218 2219 2222
3988 6 2218 2219 2223
3989 6 2216 2213 2218
3990 6 2217 2213 2218
3991 6 2219 2218 2220
3992 6 2219 2218 2221
3993 6 2219 2224 2226
3994 6 2219 2224 2227
3995 6 2224 2225 2228
3996 6 2224 2225 2229
3997 6 2222 2219 2224
3998 6 2223 2219 2224
3999 6 2225 2224 2226
4000 6 2225 2224 2227
4001 6 2225 2230 2232
4002 6 2225 2230 2233
4003 6 2230 2231 2234
4004 6 2230 2231 2235
4005 6 2228 2225 2230
4006 6 2229 2225 2230
4007 6 2231 2230 2232
4008 6 2231 2230 2233
4009 6 2231 2236 2238
4010 6 2231 2236 2239
4011 6 2236 2237 2240
4012 6 2236 2237 2241
4013 6 2234 2231 2236
4014 6 2235 2231 2236
4015 6 2237 2236 2238
4016 6 2237 2236 2239
4017 6 2237 2242 2244
4018 6 2237 2242 2245
4019 6 2242 2243 2246
4020 6 2242 2243 2247
4021 6 2240 2237 2242
4022 6 2241 2237 2242
4023 6 2243 2242 2244
4024 6 2243 2242 2245
4025 6 2243 2248 2250
4026 6 2243 2248 2251
4027 6 2248 2249 2252
4028 6 2248 2249 2253
4029 6 2246 2243 2248
4030 6 2247 2243 2248
4031 6 2249 2248 2250
4032 6 2249 2248 2251
4033 6 2249 2254 2256
4034 6 2249 2254 2257
4035 6 2254 2255 2258
4036 6 2254 2255 2259
4037 6 2252 2249 2254
4038 6 2253 2249 2254
4039 6 2255 2254 2256
4040 6 2255 2254 2257
4041 6 2255 2260 2262
4042 6 2255 2260 2263
4043 6 2260 2261 2264
4044 6 2260 2261 2265
4045 6 2258 2255 2260
4046 6 2259 2255 2260
4047 6 2261 2260 2262
4048 6 2261 2260 2263
4049 6 2261 2266 2268
4050 6 2261 2266 2269
4051 6 2266 2267 2270
4052 6 2266 2267 2271
4053 6 2264 2261 2266
4054 6 2265 2261 2266
4055 6 2267 2266 2268
4056 6 2267 2266 2269
4057 6 2267 2272 2274
4058 6 2267 2272 2275
4059 6 2272 2273 2276
4060 6 2272 2273 2277
4061 6 2270 2267 2272
4062 6 2271 2267 2272
4063 6 2273 2272 2274
4064 6 2273 2272 2275
4065 6 2273 2278 2280
4066 6 2273 2278 2281
4067 6 2278 2279 2282
4068 6 2278 2279 2283
4069 6 2276 2273 2278
4070 6 2277 2273 2278
4071 6 2279 2278 2280
4072 6 2279 2278 2281
4073 6 2279 2284 2286
4074 6 2279 2284 2287
4075 6 2284 2285 2288
4076 6 2284 2285 2289
4077 6 2282 2279 2284
4078 6 2283 2279 2284
4079 6 2285 2284 2286
4080 6 2285 2284 2287
4081 6 2285 2290 2292
4082 6 2285 2290 2293
4083 6 2290 2291 2294
4084 6 2290 2291 2295
4085 6 2288 2285 2290
4086 6 2289 2285 2290
4087 6 2291 2290 2292
4088 6 2291 2290 2293
4089 6 2291 2296 2298
4090 6 2291 2296 2299
4091 6 2296 2297 2300
4092 6 2296 2297 2301
4093 6 2294 2291 2296
4094 6 2295 2291 2296
4095 6 2297 2296 2298
4096 6 2297 2296 2299
4097 6 2297 2302 2304
4098 6 2297 2302 2305
4099 6 2302 2303 2306
4100 6 2302 2303 2307
4101 6 2300 2297 2302
4102 6 2301 2297 2302
4103 6 2303 2302 2304
4104 6 2303 2302 2305
4105 6 2303 2308 2310
4106 6 2303 2308 2311
4107 6 2308 2309 2312
4108 6 2308 2309 2313
4109 6 2306 2303 2308
4110 6 2307 2303 2308
4111 6 2309 2308 2310
4112 6 2309 2308 2311
4113 6 2309 2314 2316
4114 6 2309 2314 2317
4115 6 2314 2315 2318
4116 6 2314 2315 2319
4117 6 2312 2309 2314
4118 6 2313 2309 2314
4119 6 2315 2314 2316
4120 6 2315 2314 2317
4121 6 2315 2320 2322
4122 6 2315 2320 2323
4123 6 2320 2321 2324
4124 6 2320 2321 2325
4125 6 2318 2315 2320
4126 6 2319 2315 2320
4127 6 2321 2320 2322
4128 6 2321 2320 2323
4129 6 2321 2326 2328
4130 6 2321 2326 2329
4131 6 2326 2327 2330
4132 6 2326 2327 2331
4133 6 2324 2321 2326
4134 6 2325 2321 2326
4135 6 2327 2326 2328
4136 6 2327 2326 2329
4137 6 2327 2332 2334
4138 6 2327 2332 2335
4139 6 2332 2333 2336
4140 6 2332 2333 2337
4141 6 2330 2327 2332
4142 6 2331 2327 2332
4143 6 2333 2332 2334
4144 6 2333 2332 2335
4145 6 2333 2338 2340
4146 6 2333 2338 2341
4147 6 2338 2339 2342
4148 6 2338 2339 2343
4149 6 2336 2333 2338
4150 6 2337 2333 2338
4151 6 2339 2338 2340
4152 6 2339 2338 2341
4153 6 2339 2344 2346
4154 6 2339 2344 2347
4155 6 2344 2345 2348
4156 6 2344 2345 2349
4157 6 2342 2339 2344
4158 6 2343 2339 2344
4159 6 2345 2344 2346
4160 6 2345 2344 2347
4161 6 2345 2350 2352
4162 6 2345 2350 2353
4163 6 2350 2351 2354
4164 6 2350 2351 2355
4165 6 2348 2345 2350
4166 6 2349 2345 2350
4167 6 2351 2350 2352
4168 6 2351 2350 2353
4169 6 2351 2356 2358
4170 6 2351 2356 2359
4171 6 2356 2357 2360
4172 6 2356 2357 2361
4173 6 2354 2351 2356
4174 6 2355 2351 2356
4175 6 2357 2356 2358
4176 6 2357 2356 2359
4177 6 2357 2362 2364
4178 6 2357 2362 2365
4179 6 2362 2363 2366
4180 6 2362 2363 2367
4181 6 2360 2357 2362
4182 6 2361 2357 2362
4183 6 2363 2362 2364
4184 6 2363 2362 2365
4185 6 2363 2368 2370
4186 6 2363 2368 2371
4187 6 2368 2369 2372
4188 6 2368 2369 2373
4189 6 2366 2363 2368
4190 6 2367 2363 2368
4191 6 2369 2368 2370
4192 6 2369 2368 2371
4193 6 2369 2374 2376
4194 6 2369 2374 2377
4195 6 2374 2375 2378
4196 6 2374 2375 2379
4197 6 2372 2369 2374
4198 6 2373 2369 2374
4199 6 2375 2374 2376
4200 6 2375 2374 2377
4201 6 2375 2380 2382
4202 6 2375 2380 2383
4203 6 2380 2381 2384
4204 6 2380 2381 2385
4205 6 2378 2375 2380
4206 6 2379 2375 2380
4207 6 2381 2380 2382
4208 6 2381 2380 2383
4209 6 2381 2386 2388
4210 6 2381 2386 2389
4211 6 2386 2387 2390
4212 6 2386 2387 2391
4213 6 2384 2381 2386
4214 6 2385 2381 2386
4215 6 2387 2386 2388
4216 6 2387 2386 2389
4217 6 2387 2392 2394
4218 6 2387 2392 2395
4219 6 2392 2393 2396
4220 6 2392 2393 2397
4221 6 2390 2387 2392
4222 6 2391 2387 2392
4223 6 2393 2392 2394
4224 6 2393 2392 2395
4225 6 2393 2398 2400
4226 6 2393 2398 2401
4227 6 2398 2399 2402
4228 6 2398 2399 2403
4229 6 2396 2393 2398
4230 6 2397 2393 2398
4231 6 2399 2398 2400
4232 6 2399 2398 2401
4233 6 2399 2404 2406
4234 6 2399 2404 2407
4235 6 2404 2405 2408
4236 6 2404 2405 2409
4237 6 2402 2399 2404
4238 6 2403 2399 2404
4239 6 2405 2404 2406
4240 6 2405 2404 2407
4241 6 2405 2410 2412
4242 6 2405 2410 2413
4243 6 2408 2405 2410
4244 6 2409 2405 2410
4245 6 2418 2424 2426
4246 6 2418 2424 2427
4247 6 2424 2425 2428
4248 6 2424 2425 2429
4249 6 2422 2418 2424
4250 6 2423 2418 2424
4251 6 2425 2424 2426
4252 6 2425 2424 2427
4253 6 2425 2430 2432
4254 6 2425 2430 2433
4255 6 2430 2431 2434
4256 6 2430 2431 2435
4257 6 2428 2425 2430
4258 6 2429 2425 2430
4259 6 2431 2430 2432
4260 6 2431 2430 2433
4261 6 2431 2436 2438
4262 6 2431 2436 2439
4263 6 2436 2437 2440
4264 6 2436 2437 2441
4265 6 2434 2431 2436
4266 6 2435 2431 2436
4267 6 2437 2436 2438
4268 6 2437 2436 2439
4269 6 2437 2442 2444
4270 6 2437 2442 2445
4271 6 2442 2443 2446
4272 6 2442 2443 2447
4273 6 2440 2437 2442
4274 6 2441 2437 2442
4275 6 2443 2442 2444
4276 6 2443 2442 2445
4277 6 2443 2448 2450
4278 6 2443 2448 2451
4279 6 2448 2449 2452
4280 6 2448 2449 2453
4281 6 2446 2443 2448
4282 6 2447 2443 2448
4283 6 2449 2448 2450
4284 6 2449 2448 2451
4285 6 2449 2454 2456
4286 6 2449 2454 2457
4287 6 2454 2455 2458
4288 6 2454 2455 2459
4289 6 2452 2449 2454
4290 6 2453 2449 2454
4291 6 2455 2454 2456
4292 6 2455 2454 2457
4293 6 2455 2460 2462
4294 6 2455 2460 2463
4295 6 2460 2461 2464
4296 6 2460 2461 2465
4297 6 2458 2455 2460
4298 6 2459 2455 2460
4299 6 2461 2460 2462
4300 6 2461 2460 2463
4301 6 2461 2466 2468
4302 6 2461 2466 2469
4303 6 2466 2467 2470
4304 6 2466 2467 2471
4305 6 2464 2461 2466
4306 6 2465 2461 2466
4307 6 2467 2466 2468
4308 6 2467 2466 2469
4309 6 2467 2472 2474
4310 6 2467 2472 2475
4311 6 2472 2473 2476
4312 6 2472 2473 2477
4313 6 2470 2467 2472
4314 6 2471 2467 2472
4315 6 2473 2472 2474
4316 6 2473 2472 2475
4317 6 2473 2478 2480
4318 6 2473 2478 2481
4319 6 2478 2479 2482
4320 6 2478 2479 2483
4321 6 2476 2473 2478
4322 6 2477 2473 2478
4323 6 2479 2478 2480
4324 6 2479 2478 2481
4325 6 2479 2484 2486
4326 6 2479 2484 2487
4327 6 2484 2485 2488
4328 6 2484 2485 2489
4329 6 2482 2479 2484
4330 6 2483 2479 2484
4331 6 2485 2484 2486
4332 6 2485 2484 2487
4333 6 2485 2490 2492
4334 6 2485 2490 2493
4335 6 2490 2491 2494
4336 6 2490 2491 2495
4337 6 2488 2485 2490
4338 6 2489 2485 2490
4339 6 2491 2490 2492
4340 6 2491 2490 2493
4341 6 2491 2496 2498
4342 6 2491 2496 2499
4343 6 2496 2497 2500
4344 6 2496 2497 2501
4345 6 2494 2491 2496
4346 6 2495 2491 2496
4347 6 2497 2496 2498
4348 6 2497 2496 2499
4349 6 2497 2502 2504
4350 6 2497 2502 2505
4351 6 2502 2503 2506
4352 6 2502 2503 2507
4353 6 2500 2497 2502
4354 6 2501 2497 2502
4355 6 2503 2502 2504
4356 6 2503 2502 2505
4357 6 2503 2508 2510
4358 6 2503 2508 2511
4359 6 2508 2509 2512
4360 6 2508 2509 2513
4361 6 2506 2503 2508
4362 6 2507 2503 2508
4363 6 2509 2508 2510
4364 6 2509 2508 2511
4365 6 2509 2514 2516
4366 6 2509 2514 2517
4367 6 2514 2515 2518
4368 6 2514 2515 2519
4369 6 2512 2509 2514
4370 6 2513 2509 2514
4371 6 2515 2514 2516
4372 6 2515 2514 2517
4373 6 2515 2520 2522
4374 6 2515 2520 2523
4375 6 2520 2521 2524
4376 6 2520 2521 2525
4377 6 2518 2515 2520
4378 6 2519 2515 2520
4379 6 2521 2520 2522
4380 6 2521 2520 2523
4381 6 2521 2526 2528
4382 6 2521 2526 2529
4383 6 2526 2527 2530
4384 6 2526 2527 2531
4385 6 2524 2521 2526
4386 6 2525 2521 2526
4387 6 2527 2526 2528
4388 6 2527 2526 2529
4389 6 2527 2532 2534
4390 6 2527 2532 2535
4391 6 2532 2533 2536
4392 6 2532 2533 2537
4393 6 2530 2527 2532
4394 6 2531 2527 2532
4395 6 2533 2532 2534
4396 6 2533 2532 2535
4397 6 2533 2538 2540
4398 6 2533 2538 2541
4399 6 2538 2539 2542
4400 6 2538 2539 2543
4401 6 2536 2533 2538
4402 6 2537 2533 2538
4403 6 2539 2538 2540
4404 6 2539 2538 2541
4405 6 2539 2544 2546
4406 6 2539 2544 2547
4407 6 2544 2545 2548
4408 6 2544 2545 2549
4409 6 2542 2539 2544
4410 6 2543 2539 2544
4411 6 2545 2544 2546
4412 6 2545 2544 2547
4413 6 2545 2550 2552
4414 6 2545 2550 2553
4415 6 2550 2551 2554
4416 6 2550 2551 2555
4417 6 2548 2545 2550
4418 6 2549 2545 2550
4419 6 2551 2550 2552
4420 6 2551 2550 2553
4421 6 2551 2556 2558
4422 6 2551 2556 2559
4423 6 2556 2557 2560
4424 6 2556 2557 2561
4425 6 2554 2551 2556
4426 6 2555 2551 2556
4427 6 2557 2556 2558
4428 6 2557 2556 2559
4429 6 2557 2562 2564
4430 6 2557 2562 2565
4431 6 2562 2563 2566
4432 6 2562 2563 2567
4433 6 2560 2557 2562
4434 6 2561 2557 2562
4435 6 2563 2562 2564
4436 6 2563 2562 2565
4437 6 2563 2568 2570
4438 6 2563 2568 2571
4439 6 2568 2569 2572
4440 6 2568 2569 2573
4441 6 2566 2563 2568
4442 6 2567 2563 2568
4443 6 2569 2568 2570
4444 6 2569 2568 2571
4445 6 2569 2574 2576
4446 6 2569 2574 2577
4447 6 2574 2575 2578
4448 6 2574 2575 2579
4449 6 2572 2569 2574
4450 6 2573 2569 2574
4451 6 2575 2574 2576
4452 6 2575 2574 2577
4453 6 2575 2580 2582
4454 6 2575 2580 2583
4455 6 2580 2581 2584
4456 6 2580 2581 2585
4457 6 2578 2575 2580
4458 6 2579 2575 2580
4459 6 2581 2580 2582
4460 6 2581 2580 2583
4461 6 2581 2586 2588
4462 6 2581 2586 2589
4463 6 2586 2587 2590
4464 6 2586 2587 2591
4465 6 2584 2581 2586
4466 6 2585 2581 2586
4467 6 2587 2586 2588
4468 6 2587 2586 2589
4469 6 2587 2592 2594
4470 6 2587 2592 2595
4471 6 2592 2593 2596
4472 6 2592 2593 2597
4473 6 2590 2587 2592
4474 6 2591 2587 2592
4475 6 2593 2592 2594
4476 6 2593 2592 2595
4477 6 2593 2598 2600
4478 6 2593 2598 2601
4479 6 2598 2599 2602
4480 6 2598 2599 2603
4481 6 2596 2593 2598
4482 6 2597 2593 2598
4483 6 2599 2598 2600
4484 6 2599 2598 2601
4485 6 2599 2604 2606
4486 6 2599 2604 2607
4487 6 2604 2605 2608
4488 6 2604 2605 2609
4489 6 2602 2599 2604
4490 6 2603 2599 2604
4491 6 2605 2604 2606
4492 6 2605 2604 2607
4493 6 2605 2610 2612
4494 6 2605 2610 2613
4495 6 2610 2611 2614
4496 6 2610 2611 2615
4497 6 2608 2605 2610
4498 6 2609 2605 2610
4499 6 2611 2610 2612
4500 6 2611 2610 2613
4501 6 2611 2616 2618
4502 6 2611 2616 2619
4503 6 2616 2617 2620
4504 6 2616 2617 2621
4505 6 2614 2611 2616
4506 6 2615 2611 2616
4507 6 2617 2616 2618
4508 6 2617 2616 2619
4509 6 2617 2622 2624
4510 6 2617 2622 2625
4511 6 2622 2623 2626
4512 6 2622 2623 2627
4513 6 2620 2617 2622
4514 6 2621 2617 2622
4515 6 2623 2622 2624
4516 6 2623 2622 2625
4517 6 2623 2628 2630
4518 6 2623 2628 2631
4519 6 2628 2629 2632
4520 6 2628 2629 2633
4521 6 2626 2623 2628
4522 6 2627 2623 2628
4523 6 2629 2628 2630
4524 6 2629 2628 2631
4525 6 2629 2634 2636
4526 6 2629 2634 2637
4527 6 2634 2635 2638
4528 6 2634 2635 2639
4529 6 2632 2629 2634
4530 6 2633 2629 2634
4531 6 2635 2634 2636
4532 6 2635 2634 2637
4533 6 2635 2640 2642
4534 6 2635 2640 2643
4535 6 2640 2641 2644
4536 6 2640 2641 2645
4537 6 2638 2635 2640
4538 6 2639 2635 2640
4539 6 2641 2640 2642
4540 6 2641 2640 2643
4541 6 2641 2646 2648
4542 6 2641 2646 2649
4543 6 2646 2647 2650
4544 6 2646 2647 2651
4545 6 2644 2641 2646
4546 6 2645 2641 2646
4547 6 2647 2646 2648
4548 6 2647 2646 2649
4549 6 2647 2652 2654
4550 6 2647 2652 2655
4551 6 2652 2653 2656
4552 6 2652 2653 2657
4553 6 2650 2647 2652
4554 6 2651 2647 2652
4555 6 2653 2652 2654
4556 6 2653 2652 2655
4557 6 2653 2658 2660
4558 6 2653 2658 2661
4559 6 2658 2659 2662
4560 6 2658 2659 2663
4561 6 2656 2653 2658
4562 6 2657 2653 2658
4563 6 2659 2658 2660
4564 6 2659 2658 2661
4565 6 2659 2664 2666
4566 6 2659 2664 2667
4567 6 2664 2665 2668
4568 6 2664 2665 2669
4569 6 2662 2659 2664
4570 6 2663 2659 2664
4571 6 2665 2664 2666
4572 6 2665 2664 2667
4573 6 2665 2670 2672
4574 6 2665 2670 2673
4575 6 2670 2671 2674
4576 6 2670 2671 2675
4577 6 2668 2665 2670
4578 6 2669 2665 2670
4579 6 2671 2670 2672
4580 6 2671 2670 2673
4581 6 2671 2676 2678
4582 6 2671 2676 2679
4583 6 2676 2677 2680
4584 6 2676 2677 2681
4585 6 2674 2671 2676
4586 6 2675 2671 2676
4587 6 2677 2676 2678
4588 6 2677 2676 2679
4589 6 2677 2682 2684
4590 6 2677 2682 2685
4591 6 2682 2683 2686
4592 6 2682 2683 2687
4593 6 2680 2677 2682
4594 6 2681 2677 2682
4595 6 2683 2682 2684
4596 6 2683 2682 2685
4597 6 2683 2688 2690
4598 6 2683 2688 2691
4599 6 2688 2689 2692
4600 6 2688 2689 2693
4601 6 2686 2683 2688
4602 6 2687 2683 2688
4603 6 2689 2688 2690
4604 6 2689 2688 2691
4605 6 2689 2694 2696
4606 6 2689 2694 2697
4607 6 2694 2695 2698
4608 6 2694 2695 2699
4609 6 2692 2689 2694
4610 6 2693 2689 2694
4611 6 2695 2694 2696
4612 6 2695 2694 2697
4613 6 2695 2700 2702
4614 6 2695 2700 2703
4615 6 2700 2701 2704
4616 6 2700 2701 2705
4617 6 2698 2695 2700
4618 6 2699 2695 2700
4619 6 2701 2700 2702
4620 6 2701 2700 2703
4621 6 2701 2706 2708
4622 6 2701 2706 2709
4623 6 2706 2707 2710
4624 6 2706 2707 2711
4625 6 2704 2701 2706
4626 6 2705 2701 2706
4627 6 2707 2706 2708
4628 6 2707 2706 2709
4629 6 2707 2712 2714
4630 6 2707 2712 2715
4631 6 2710 2707 2712
4632 6 2711 2707 2712
4633 6 2720 2726 2728
4634 6 2720 2726 2729
4635 6 2726 2727 2730
4636 6 2726 2727 2731
4637 6 2724 2720 2726
4638 6 2725 2720 2726
4639 6 2727 2726 2728
4640 6 2727 2726 2729
4641 6 2727 2732 2734
4642 6 2727 2732 2735
4643 6 2732 2733 2736
4644 6 2732 2733 2737
4645 6 2730 2727 2732
4646 6 2731 2727 2732
4647 6 2733 2732 2734
4648 6 2733 2732 2735
4649 6 2733 2738 2740
4650 6 2733 2738 2741
4651 6 2738 2739 2742
4652 6 2738 2739 2743
4653 6 2736 2733 2738
4654 6 2737 2733 2738
4655 6 2739 2738 2740
4656 6 2739 2738 2741
4657 6 2739 2744 2746
4658 6 2739 2744 2747
4659 6 2744 2745 2748
4660 6 2744 2745 2749
4661 6 2742 2739 2744
4662 6 2743 2739 2744
4663 6 2745 2744 2746
4664 6 2745 2744 2747
4665 6 2745 2750 2752
4666 6 2745 2750 2753
4667 6 2750 2751 2754
4668 6 2750 2751 2755
4669 6 2748 2745 2750
4670 6 2749 2745 2750
4671 6 2751 2750 2752
4672 6 2751 2750 2753
4673 6 2751 2756 2758
4674 6 2751 2756 2759
4675 6 2756 2757 2760
4676 6 2756 2757 2761
4677 6 2754 2751 2756
4678 6 2755 2751 2756
4679 6 2757 2756 2758
4680 6 2757 2756 2759
4681 6 2757 2762 2764
4682 6 2757 2762 2765
4683 6 2762 2763 2766
4684 6 2762 2763 2767
4685 6 2760 2757 2762
4686 6 2761 2757 2762
4687 6 2763 2762 2764
4688 6 2763 2762 2765
4689 6 2763 2768 2770
4690 6 2763 2768 2771
4691 6 2768 2769 2772
4692 6 2768 2769 2773
4693 6 2766 2763 2768
4694 6 2767 2763 2768
4695 6 2769 2768 2770
4696 6 2769 2768 2771
4697 6 2769 2774 2776
4698 6 2769 2774 2777
4699 6 2774 2775 2778
4700 6 2774 2775 2779
4701 6 2772 2769 2774
4702 6 2773 2769 2774
4703 6 2775 2774 2776
4704 6 2775 2774 2777
4705 6 2775 2780 2782
4706 6 2775 2780 2783
4707 6 2780 2781 2784
4708 6 2780 2781 2785
4709 6 2778 2775 2780
4710 6 2779 2775 2780
4711 6 2781 2780 2782
4712 6 2781 2780 2783
4713 6 2781 2786 2788
4714 6 2781 2786 2789
4715 6 2786 2787 2790
4716 6 2786 2787 2791
4717 6 2784 2781 2786
4718 6 2785 2781 2786
4719 6 2787 2786 2788
4720 6 2787 2786 2789
4721 6 2787 2792 2794
4722 6 2787 2792 2795
4723 6 2792 2793 2796
4724 6 2792 2793 2797
4725 6 2790 2787 2792
4726 6 2791 2787 2792
4727 6 2793 2792 2794
4728 6 2793 2792 2795
4729 6 2793 2798 2800
4730 6 2793 2798 2801
4731 6 2798 2799 2802
4732 6 2798 2799 2803
4733 6 2796 2793 2798
4734 6 2797 2793 2798
4735 6 2799 2798 2800
4736 6 2799 2798 2801
4737 6 2799 2804 2806
4738 6 2799 2804 2807
4739 6 2804 2805 2808
4740 6 2804 2805 2809
4741 6 2802 2799 2804
4742 6 2803 2799 2804
4743 6 2805 2804 2806
4744 6 2805 2804 2807
4745 6 2805 2810 2812
4746 6 2805 2810 2813
4747 6 2810 2811 2814
4748 6 2810 2811 2815
4749 6 2808 2805 2810
4750 6 2809 2805 2810
4751 6 2811 2810 2812
4752 6 2811 2810 2813
4753 6 2811 2816 2818
4754 6 2811 2816 2819
4755 6 2816 2817 2820
4756 6 2816 2817 2821
4757 6 2814 2811 2816
4758 6 2815 2811 2816
4759 6 2817 2816 2818
4760 6 2817 2816 2819
4761 6 2817 2822 2824
4762 6 2817 2822 2825
4763 6 2822 2823 2826
4764 6 2822 2823 2827
4765 6 2820 2817 2822
4766 6 2821 2817 2822
4767 6 2823 2822 2824
4768 6 2823 2822 2825
4769 6 2823 2828 2830
4770 6 2823 2828 2831
4771 6 2828 2829 2832
4772 6 2828 2829 2833
4773 6 2826 2823 2828
4774 6 2827 2823 2828
4775 6 2829 2828 2830
4776 6 2829 2828 2831
4777 6 2829 2834 2836
4778 6 2829 2834 2837
4779 6 2834 2835 2838
4780 6 2834 2835 2839
4781 6 2832 2829 2834
4782 6 2833 2829 2834
4783 6 2835 2834 2836
4784 6 2835 2834 2837
4785 6 2835 2840 2842
4786 6 2835 2840 2843
4787 6 2840 2841 2844
4788 6 2840 2841 2845
4789 6 2838 2835 2840
4790 6 2839 2835 2840
4791 6 2841 2840 2842
4792 6 2841 2840 2843
4793 6 2841 2846 2848
4794 6 2841 2846 2849
4795 6 2846 2847 2850
4796 6 2846 2847 2851
4797 6 2844 2841 2846
4798 6 2845 2841 2846
4799 6 2847 2846 2848
4800 6 2847 2846 2849
4801 6 2847 2852 2854
4802 6 2847 2852 2855
4803 6 2852 2853 2856
4804 6 2852 2853 2857
4805 6 2850 2847 2852
4806 6 2851 2847 2852
4807 6 2853 2852 2854
4808 6 2853 2852 2855
4809 6 2853 2858 2860
4810 6 2853 2858 2861
4811 6 2858 2859 2862
4812 6 2858 2859 2863
4813 6 2856 2853 2858
4814 6 2857 2853 2858
4815 6 2859 2858 2860
4816 6 2859 2858 2861
4817 6 2859 2864 2866
4818 6 2859 2864 2867
4819 6 2864 2865 2868
4820 6 2864 2865 2869
4821 6 2862 2859 2864
4822 6 2863 2859 2864
4823 6 2865 2864 2866
4824 6 2865 2864 2867
4825 6 2865 2870 2872
4826 6 2865 2870 2873
4827 6 2870 2871 2874
4828 6 2870 2871 2875
4829 6 2868 2865 2870
4830 6 2869 2865 2870
4831 6 2871 2870 2872
4832 6 2871 2870 2873
4833 6 2871 2876 2878
4834 6 2871 2876 2879
4835 6 2876 2877 2880
4836 6 2876 2877 2881
4837 6 2874 2871 2876
4838 6 2875 2871 2876
4839 6 2877 2876 2878
4840 6 2877 2876 2879
4841 6 2877 2882 2884
4842 6 2877 2882 2885
4843 6 2882 2883 2886
4844 6 2882 2883 2887
4845 6 2880 2877 2882
4846 6 2881 2877 2882
4847 6 2883 2882 2884
4848 6 2883 2882 2885
4849 6 2883 2888 2890
4850 6 2883 2888 2891
4851 6 2888 2889 2892
4852 6 2888 2889 2893
4853 6 2886 2883 2888
4854 6 2887 2883 2888
4855 6 2889 2888 2890
4856 6 2889 2888 2891
4857 6 2889 2894 2896
4858 6 2889 2894 2897
4859 6 2894 2895 2898
4860 6 2894 2895 2899
4861 6 2892 2889 2894
4862 6 2893 2889 2894
4863 6 2895 2894 2896
4864 6 2895 2894 2897
4865 6 2895 2900 2902
4866 6 2895 2900 2903
4867 6 2900 2901 2904
4868 6 2900 2901 2905
4869 6 2898 2895 2900
4870 6 2899 2895 2900
4871 6 2901 2900 2902
4872 6 2901 2900 2903
4873 6 2901 2906 2908
4874 6 2901 2906 2909
4875 6 2906 2907 2910
4876 6 2906 2907 2911
4877 6 2904 2901 2906
4878 6 2905 2901 2906
4879 6 2907 2906 2908
4880 6 2907 2906 2909
4881 6 2907 2912 2914
4882 6 2907 2912 2915
4883 6 2912 2913 2916
4884 6 2912 2913 2917
4885 6 2910 2907 2912
4886 6 2911 2907 2912
4887 6 2913 2912 2914
4888 6 2913 2912 2915
4889 6 2913 2918 2920
4890 6 2913 2918 2921
4891 6 2918 2919 2922
4892 6 2918 2919 2923
4893 6 2916 2913 2918
4894 6 2917 2913 2918
4895 6 2919 2918 2920
4896 6 2919 2918 2921
4897 6 2919 2924 2926
4898 6 2919 2924 2927
4899 6 2924 2925 2928
4900 6 2924 2925 2929
4901 6 2922 2919 2924
4902 6 2923 2919 2924
4903 6 2925 2924 2926
4904 6 2925 2924 2927
4905 6 2925 2930 2932
4906 6 2925 2930 2933
4907 6 2930 2931 2934
4908 6 2930 2931 2935
4909 6 2928 2925 2930
4910 6 2929 2925 2930
4911 6 2931 2930 2932
4912 6 2931 2930 2933
4913 6 2931 2936 2938
4914 6 2931 2936 2939
4915 6 2936 2937 2940
4916 6 2936 2937 2941
4917 6 2934 2931 2936
4918 6 2935 2931 2936
4919 6 2937 2936 2938
4920 6 2937 2936 2939
4921 6 2937 2942 2944
4922 6 2937 2942 2945
4923 6 2942 2943 2946
4924 6 2942 2943 2947
4925 6 2940 2937 2942
4926 6 2941 2937 2942
4927 6 2943 2942 2944
4928 6 2943 2942 2945
4929 6 2943 2948 2950
4930 6 2943 2948 2951
4931 6 2948 2949 2952
4932 6 2948 2949 2953
4933 6 2946 2943 2948
4934 6 2947 2943 2948
4935 6 2949 2948 2950
4936 6 2949 2948 2951
4937 6 2949 2954 2956
4938 6 2949 2954 2957
4939 6 2954 2955 2958
4940 6 2954 2955 2959
4941 6 2952 2949 2954
4942 6 2953 2949 2954
4943 6 2955 2954 2956
4944 6 2955 2954 2957
4945 6 2955 2960 2962
4946 6 2955 2960 2963
4947 6 2960 2961 2964
4948 6 2960 2961 2965
4949 6 2958 2955 2960
4950 6 2959 2955 2960
4951 6 2961 2960 2962
4952 6 2961 2960 2963
4953 6 2961 2966 2968
4954 6 2961 2966 2969
4955 6 2966 2967 2970
4956 6 2966 2967 2971
4957 6 2964 2961 2966
4958 6 2965 2961 2966
4959 6 2967 2966 2968
4960 6 2967 2966 2969
4961 6 2967 2972 2974
4962 6 2967 2972 2975
4963 6 2972 2973 2976
4964 6 2972 2973 2977
4965 6 2970 2967 2972
4966 6 2971 2967 2972
4967 6 2973 2972 2974
4968 6 2973 2972 2975
4969 6 2973 2978 2980
4970 6 2973 2978 2981
4971 6 2978 2979 2982
4972 6 2978 2979 2983
4973 6 2976 2973 2978
4974 6 2977 2973 2978
4975 6 2979 2978 2980
4976 6 2979 2978 2981
4977 6 2979 2984 2986
4978 6 2979 2984 2987
4979 6 2984 2985 2988
4980 6 2984 2985 2989
4981 6 2982 2979 2984
4982 6 2983 2979 2984
4983 6 2985 2984 2986
4984 6 2985 2984 2987
4985 6 2985 2990 2992
4986 6 2985 2990 2993
4987 6 2990 2991 2994
4988 6 2990 2991 2995
4989 6 2988 2985 2990
4990 6 2989 2985 2990
4991 6 2991 2990 2992
4992 6 2991 2990 2993
4993 6 2991 2996 2998
4994 6 2991 2996 2999
4995 6 2996 2997 3000
4996 6 2996 2997 3001
4997 6 2994 2991 2996
4998 6 2995 2991 2996
4999 6 2997 2996 2998
5000 6 2997 2996 2999
5001 6 2997 3002 3004
5002 6 2997 3002 3005
5003 6 3002 3003 3006
5004 6 3002 3003 3007
5005 6 3000 2997 3002
5006 6 3001 2997 3002
5007 6 3003 3002 3004
5008 6 3003 3002 3005
5009 6 3003 3008 3010
5010 6 3003 3008 3011
5011 6 3008 3009 3012
5012 6 3008 3009 3013
5013 6 3006 3003 3008
5014 6 3007 3003 3008
5015 6 3009 3008 3010
5016 6 3009 3008 3011
5017 6 3009 3014 3016
5018 6 3009 3014 3017
5019 6 3012 3009 3014
5020 6 3013 3009 3014
