1 1 1 -0.1800 -0.752 0.0 0.0
2 1 2 -0.1200 0.752 0.0 0.0
3 1 3 0.0600 -1.103 0.47 -0.954
4 1 3 0.0600 -1.133 0.634 0.836
5 1 3 0.0600 -1.172 -1.023 0.096
6 1 3 0.0600 1.118 0.978 0.354
7 1 3 0.0600 1.201 -0.849 0.533
8 1 2 -0.1200 2.75 0.0 0.0
9 1 2 -0.1200 4.258 0.0 0.0
10 1 3 0.0600 2.411 -0.07000000000000008 -1.061
11 1 3 0.0600 2.3280000000000003 0.888 0.509
12 1 3 0.0600 4.633 0.933 -0.4580000000000001
13 1 3 0.0600 4.541 -0.06999999999999994 1.082
14 1 2 -0.1200 6.257999999999999 0.0 0.0
15 1 2 -0.1200 7.766 0.0 0.0
16 1 3 0.0600 5.919 -1.061 0.07
17 1 3 0.0600 5.835999999999999 0.509 -0.888
18 1 3 0.0600 8.141 -0.458 -0.933
19 1 3 0.0600 8.049 1.082 0.07
20 1 2 -0.1200 9.766 0.0 0.0
21 1 2 -0.1200 11.274 0.0 0.0
22 1 3 0.0600 9.427 0.06999999999999994 -1.061
23 1 3 0.0600 9.344 -0.888 0.509
24 1 3 0.0600 11.649 -0.933 -0.45799999999999996
25 1 3 0.0600 11.556999999999999 0.07000000000000008 1.082
26 1 2 -0.1200 13.274000000000001 0.0 0.0
27 1 2 -0.1200 14.782 0.0 0.0
28 1 3 0.0600 12.935 -1.061 -0.07
29 1 3 0.0600 12.852 0.509 0.888
30 1 3 0.0600 15.157 -0.458 0.933
31 1 3 0.0600 15.065000000000001 1.082 -0.07
32 1 2 -0.1200 16.782 0.0 0.0
33 1 2 -0.1200 18.290000000000003 0.0 0.0
34 1 3 0.0600 16.443 0.06999999999999994 -1.061
35 1 3 0.0600 16.360000000000003 -0.888 0.509
36 1 3 0.0600 18.665000000000003 -0.933 -0.45799999999999996
37 1 3 0.0600 18.573 0.07000000000000008 1.082
38 1 2 -0.1200 20.29 0.0 0.0
39 1 2 -0.1200 21.798000000000002 0.0 0.0
40 1 3 0.0600 19.951 -1.061 0.07
41 1 3 0.0600 19.868000000000002 0.509 -0.888
42 1 3 0.0600 22.173000000000002 -0.458 -0.933
43 1 3 0.0600 22.081 1.082 0.07
44 1 2 -0.1200 23.798 0.0 0.0
45 1 2 -0.1200 25.306 0.0 0.0
46 1 3 0.0600 23.459 -0.07000000000000008 -1.061
47 1 3 0.0600 23.376 0.888 0.509
48 1 3 0.0600 25.681 0.933 -0.4580000000000001
49 1 3 0.0600 25.589 -0.06999999999999994 1.082
50 1 2 -0.1200 27.305999999999997 0.0 0.0
51 1 2 -0.1200 28.814 0.0 0.0
52 1 3 0.0600 26.967 -1.061 -0.07
53 1 3 0.0600 26.884 0.509 0.888
54 1 3 0.0600 29.189 -0.458 0.933
55 1 3 0.0600 29.096999999999998 1.082 -0.07
56 1 2 -0.1200 30.814 0.0 0.0
57 1 2 -0.1200 32.322 0.0 0.0
58 1 3 0.0600 30.475 0.06999999999999994 -1.061
59 1 3 0.0600 30.392000000000003 -0.888 0.509
60 1 3 0.0600 32.697 -0.933 -0.45799999999999996
61 1 3 0.0600 32.605000000000004 0.07000000000000008 1.082
62 1 2 -0.1200 34.322 0.0 0.0
63 1 2 -0.1200 35.83 0.0 0.0
64 1 3 0.0600 33.983000000000004 -1.061 0.07
65 1 3 0.0600 33.9 0.509 -0.888
66 1 3 0.0600 36.205 -0.458 -0.933
67 1 3 0.0600 36.113 1.082 0.07
68 1 2 -0.1200 37.830000000000005 0.0 0.0
69 1 2 -0.1200 39.338 0.0 0.0
70 1 3 0.0600 37.491 0.06999999999999994 -1.061
71 1 3 0.0600 37.408 -0.888 0.509
72 1 3 0.0600 39.713 -0.933 -0.45799999999999996
73 1 3 0.0600 39.621 0.07000000000000008 1.082
74 1 2 -0.1200 41.338 0.0 0.0
75 1 2 -0.1200 42.846 0.0 0.0
76 1 3 0.0600 40.998999999999995 -1.061 -0.07
77 1 3 0.0600 40.916 0.509 0.888
78 1 3 0.0600 43.221 -0.458 0.933
79 1 3 0.0600 43.129 1.082 -0.07
80 1 2 -0.1200 44.846000000000004 0.0 0.0
81 1 2 -0.1200 46.354 0.0 0.0
82 1 3 0.0600 44.507000000000005 -0.07000000000000008 -1.061
83 1 3 0.0600 44.424 0.888 0.509
84 1 3 0.0600 46.729 0.933 -0.4580000000000001
85 1 3 0.0600 46.637 -0.06999999999999994 1.082
86 1 2 -0.1200 48.354 0.0 0.0
87 1 2 -0.1200 49.861999999999995 0.0 0.0
88 1 3 0.0600 48.015 -1.061 -0.07
89 1 3 0.0600 47.931999999999995 0.509 0.888
90 1 3 0.0600 50.236999999999995 -0.458 0.933
91 1 3 0.0600 50.144999999999996 1.082 -0.07
92 1 2 -0.1200 51.862 0.0 0.0
93 1 2 -0.1200 53.37 0.0 0.0
94 1 3 0.0600 51.522999999999996 -0.07000000000000008 -1.061
95 1 3 0.0600 51.44 0.888 0.509
96 1 3 0.0600 53.745 0.933 -0.4580000000000001
97 1 3 0.0600 53.653 -0.06999999999999994 1.082
98 1 2 -0.1200 55.370000000000005 0.0 0.0
99 1 2 -0.1200 56.878 0.0 0.0
100 1 3 0.0600 55.031000000000006 -1.061 -0.07
101 1 3 0.0600 54.948 0.509 0.888
102 1 3 0.0600 57.253 -0.458 0.933
103 1 3 0.0600 57.161 1.082 -0.07
104 1 2 -0.1200 58.878 0.0 0.0
105 1 2 -0.1200 60.385999999999996 0.0 0.0
106 1 3 0.0600 58.539 -0.07000000000000008 -1.061
107 1 3 0.0600 58.455999999999996 0.888 0.509
108 1 3 0.0600 60.760999999999996 0.933 -0.4580000000000001
109 1 3 0.0600 60.669 -0.06999999999999994 1.082
110 1 2 -0.1200 62.386 0.0 0.0
111 1 2 -0.1200 63.894 0.0 0.0
112 1 3 0.0600 62.047 -1.061 0.07
113 1 3 0.0600 61.964 0.509 -0.888
114 1 3 0.0600 64.269 -0.458 -0.933
115 1 3 0.0600 64.177 1.082 0.07
116 1 2 -0.1200 65.89399999999999 0.0 0.0
117 1 2 -0.1200 67.402 0.0 0.0
118 1 3 0.0600 65.55499999999999 -0.07000000000000008 -1.061
119 1 3 0.0600 65.472 0.888 0.509
120 1 3 0.0600 67.777 0.933 -0.4580000000000001
121 1 3 0.0600 67.685 -0.06999999999999994 1.082
122 1 2 -0.1200 69.402 0.0 0.0
123 1 2 -0.1200 70.91000000000001 0.0 0.0
124 1 3 0.0600 69.063 -1.061 -0.07
125 1 3 0.0600 68.98 0.509 0.888
126 1 3 0.0600 71.28500000000001 -0.458 0.933
127 1 3 0.0600 71.19300000000001 1.082 -0.07
128 1 2 -0.1200 72.91 0.0 0.0
129 1 2 -0.1200 74.418 0.0 0.0
130 1 3 0.0600 72.571 0.06999999999999994 -1.061
131 1 3 0.0600 72.488 -0.888 0.509
132 1 3 0.0600 74.793 -0.933 -0.45799999999999996
133 1 3 0.0600 74.70100000000001 0.07000000000000008 1.082
134 1 2 -0.1200 76.41799999999999 0.0 0.0
135 1 2 -0.1200 77.926 0.0 0.0
136 1 3 0.0600 76.079 -1.061 0.07
137 1 3 0.0600 75.996 0.509 -0.888
138 1 3 0.0600 78.301 -0.458 -0.933
139 1 3 0.0600 78.209 1.082 0.07
140 1 2 -0.1200 79.926 0.0 0.0
141 1 2 -0.1200 81.43400000000001 0.0 0.0
142 1 3 0.0600 79.587 0.06999999999999994 -1.061
143 1 3 0.0600 79.504 -0.888 0.509
144 1 3 0.0600 81.80900000000001 -0.933 -0.45799999999999996
145 1 3 0.0600 81.71700000000001 0.07000000000000008 1.082
146 1 2 -0.1200 83.434 0.0 0.0
147 1 2 -0.1200 84.94200000000001 0.0 0.0
148 1 3 0.0600 83.095 -1.061 0.07
149 1 3 0.0600 83.012 0.509 -0.888
150 1 3 0.0600 85.31700000000001 -0.458 -0.933
151 1 3 0.0600 85.22500000000001 1.082 0.07
152 1 2 -0.1200 86.942 0.0 0.0
153 1 2 -0.1200 88.45 0.0 0.0
154 1 3 0.0600 86.603 -0.07000000000000008 -1.061
155 1 3 0.0600 86.52 0.888 0.509
156 1 3 0.0600 88.825 0.933 -0.4580000000000001
157 1 3 0.0600 88.733 -0.06999999999999994 1.082
158 1 2 -0.1200 90.44999999999999 0.0 0.0
159 1 2 -0.1200 91.958 0.0 0.0
160 1 3 0.0600 90.11099999999999 -1.061 -0.07
161 1 3 0.0600 90.02799999999999 0.509 0.888
162 1 3 0.0600 92.333 -0.458 0.933
163 1 3 0.0600 92.241 1.082 -0.07
164 1 2 -0.1200 93.958 0.0 0.0
165 1 2 -0.1200 95.46600000000001 0.0 0.0
166 1 3 0.0600 93.619 0.06999999999999994 -1.061
167 1 3 0.0600 93.536 -0.888 0.509
168 1 3 0.0600 95.84100000000001 -0.933 -0.45799999999999996
169 1 3 0.0600 95.74900000000001 0.07000000000000008 1.082
170 1 2 -0.1200 97.466 0.0 0.0
171 1 2 -0.1200 98.974 0.0 0.0
172 1 3 0.0600 97.127 -1.061 0.07
173 1 3 0.0600 97.044 0.509 -0.888
174 1 3 0.0600 99.349 -0.458 -0.933
175 1 3 0.0600 99.257 1.082 0.07
176 1 2 -0.1200 100.97399999999999 0.0 0.0
177 1 2 -0.1200 102.482 0.0 0.0
178 1 3 0.0600 100.63499999999999 0.06999999999999994 -1.061
179 1 3 0.0600 100.55199999999999 -0.888 0.509
180 1 3 0.0600 102.857 -0.933 -0.45799999999999996
181 1 3 0.0600 102.765 0.07000000000000008 1.082
182 1 2 -0.1200 104.482 0.0 0.0
183 1 2 -0.1200 105.99000000000001 0.0 0.0
184 1 3 0.0600 104.143 -1.061 -0.07
185 1 3 0.0600 104.06 0.509 0.888
186 1 3 0.0600 106.36500000000001 -0.458 0.933
187 1 3 0.0600 106.27300000000001 1.082 -0.07
188 1 2 -0.1200 107.99 0.0 0.0
189 1 2 -0.1200 109.498 0.0 0.0
190 1 3 0.0600 107.651 0.06999999999999994 -1.061
191 1 3 0.0600 107.568 -0.888 0.509
192 1 3 0.0600 109.873 -0.933 -0.45799999999999996
193 1 3 0.0600 109.781 0.07000000000000008 1.082
194 1 2 -0.1200 111.49799999999999 0.0 0.0
195 1 2 -0.1200 113.006 0.0 0.0
196 1 3 0.0600 111.15899999999999 -1.061 -0.07
197 1 3 0.0600 111.076 0.509 0.888
198 1 3 0.0600 113.381 -0.458 0.933
199 1 3 0.0600 113.289 1.082 -0.07
200 1 2 -0.1200 115.006 0.0 0.0
201 1 2 -0.1200 116.51400000000001 0.0 0.0
202 1 3 0.0600 114.667 0.06999999999999994 -1.061
203 1 3 0.0600 114.584 -0.888 0.509
204 1 3 0.0600 116.88900000000001 -0.933 -0.45799999999999996
205 1 3 0.0600 116.79700000000001 0.07000000000000008 1.082
206 1 2 -0.1200 118.514 0.0 0.0
207 1 2 -0.1200 120.022 0.0 0.0
208 1 3 0.0600 118.175 -1.061 0.07
209 1 3 0.0600 118.092 0.509 -0.888
210 1 3 0.0600 120.397 -0.458 -0.933
211 1 3 0.0600 120.305 1.082 0.07
212 1 2 -0.1200 122.02199999999999 0.0 0.0
213 1 2 -0.1200 123.53 0.0 0.0
214 1 3 0.0600 121.68299999999999 -0.07000000000000008 -1.061
215 1 3 0.0600 121.6 0.888 0.509
216 1 3 0.0600 123.905 0.933 -0.4580000000000001
217 1 3 0.0600 123.813 -0.06999999999999994 1.082
218 1 2 -0.1200 125.53 0.0 0.0
219 1 2 -0.1200 127.03800000000001 0.0 0.0
220 1 3 0.0600 125.191 -1.061 -0.07
221 1 3 0.0600 125.108 0.509 0.888
222 1 3 0.0600 127.41300000000001 -0.458 0.933
223 1 3 0.0600 127.32100000000001 1.082 -0.07
224 1 2 -0.1200 129.038 0.0 0.0
225 1 2 -0.1200 130.546 0.0 0.0
226 1 3 0.0600 128.699 -0.07000000000000008 -1.061
227 1 3 0.0600 128.616 0.888 0.509
228 1 3 0.0600 130.921 0.933 -0.4580000000000001
229 1 3 0.0600 130.829 -0.06999999999999994 1.082
230 1 2 -0.1200 132.54600000000002 0.0 0.0
231 1 2 -0.1200 134.054 0.0 0.0
232 1 3 0.0600 132.20700000000002 -1.061 -0.07
233 1 3 0.0600 132.12400000000002 0.509 0.888
234 1 3 0.0600 134.429 -0.458 0.933
235 1 3 0.0600 134.33700000000002 1.082 -0.07
236 1 2 -0.1200 136.054 0.0 0.0
237 1 2 -0.1200 137.56199999999998 0.0 0.0
238 1 3 0.0600 135.715 -0.07000000000000008 -1.061
239 1 3 0.0600 135.632 0.888 0.509
240 1 3 0.0600 137.93699999999998 0.933 -0.4580000000000001
241 1 3 0.0600 137.845 -0.06999999999999994 1.082
242 1 2 -0.1200 139.562 0.0 0.0
243 1 2 -0.1200 141.07 0.0 0.0
244 1 3 0.0600 139.223 -1.061 -0.07
245 1 3 0.0600 139.14000000000001 0.509 0.888
246 1 3 0.0600 141.445 -0.458 0.933
247 1 3 0.0600 141.353 1.082 -0.07
248 1 2 -0.1200 143.07000000000002 0.0 0.0
249 1 2 -0.1200 144.578 0.0 0.0
250 1 3 0.0600 142.73100000000002 -0.07000000000000008 -1.061
251 1 3 0.0600 142.64800000000002 0.888 0.509
252 1 3 0.0600 144.953 0.933 -0.4580000000000001
253 1 3 0.0600 144.86100000000002 -0.06999999999999994 1.082
254 1 2 -0.1200 146.578 0.0 0.0
255 1 2 -0.1200 148.08599999999998 0.0 0.0
256 1 3 0.0600 146.239 -1.061 -0.07
257 1 3 0.0600 146.156 0.509 0.888
258 1 3 0.0600 148.46099999999998 -0.458 0.933
259 1 3 0.0600 148.369 1.082 -0.07
260 1 2 -0.1200 150.086 0.0 0.0
261 1 2 -0.1200 151.594 0.0 0.0
262 1 3 0.0600 149.747 -0.07000000000000008 -1.061
263 1 3 0.0600 149.66400000000002 0.888 0.509
264 1 3 0.0600 151.969 0.933 -0.4580000000000001
265 1 3 0.0600 151.877 -0.06999999999999994 1.082
266 1 2 -0.1200 153.59400000000002 0.0 0.0
267 1 2 -0.1200 155.102 0.0 0.0
268 1 3 0.0600 153.25500000000002 -1.061 0.07
269 1 3 0.0600 153.17200000000003 0.509 -0.888
270 1 3 0.0600 155.477 -0.458 -0.933
271 1 3 0.0600 155.38500000000002 1.082 0.07
272 1 2 -0.1200 157.102 0.0 0.0
273 1 2 -0.1200 158.60999999999999 0.0 0.0
274 1 3 0.0600 156.763 -0.07000000000000008 -1.061
275 1 3 0.0600 156.68 0.888 0.509
276 1 3 0.0600 158.98499999999999 0.933 -0.4580000000000001
277 1 3 0.0600 158.893 -0.06999999999999994 1.082
278 1 2 -0.1200 160.61 0.0 0.0
279 1 2 -0.1200 162.118 0.0 0.0
280 1 3 0.0600 160.27100000000002 -1.061 0.07
281 1 3 0.0600 160.18800000000002 0.509 -0.888
282 1 3 0.0600 162.493 -0.458 -0.933
283 1 3 0.0600 162.401 1.082 0.07
284 1 2 -0.1200 164.11800000000002 0.0 0.0
285 1 2 -0.1200 165.626 0.0 0.0
286 1 3 0.0600 163.77900000000002 -0.07000000000000008 -1.061
287 1 3 0.0600 163.69600000000003 0.888 0.509
288 1 3 0.0600 166.001 0.933 -0.4580000000000001
289 1 3 0.0600 165.90900000000002 -0.06999999999999994 1.082
290 1 2 -0.1200 167.626 0.0 0.0
291 1 2 -0.1200 169.134 0.0 0.0
292 1 3 0.0600 167.287 -1.061 -0.07
293 1 3 0.0600 167.204 0.509 0.888
294 1 3 0.0600 169.509 -0.458 0.933
295 1 3 0.0600 169.417 1.082 -0.07
296 1 2 -0.1200 170.805 0.0 0.0
297 1 1 -0.1800 172.139 -0.731 0.0010000000000000447
298 1 3 0.0600 170.144 -0.46299999999999997 0.776
299 1 3 0.0600 170.321 -0.24100000000000005 -0.969
300 1 3 0.0600 172.196 -1.401 0.8770000000000001
301 1 3 0.0600 172.266 -1.38 -0.8919999999999999
302 1 3 0.0600 172.971 0.0 0.0
303 2 1 -0.1800 182.3482 0.0 0.0
304 2 2 -0.1200 183.8522 0.0 0.0
305 2 3 0.0600 181.9972 0.47 0.954
306 2 3 0.0600 181.9672 0.634 -0.836
307 2 3 0.0600 181.9282 -1.023 -0.096
308 2 3 0.0600 184.2182 0.978 -0.354
309 2 3 0.0600 184.3012 -0.849 -0.533
310 2 2 -0.1200 185.8502 0.0 0.0
311 2 2 -0.1200 187.35819999999998 0.0 0.0
312 2 3 0.0600 185.5112 0.06999999999999994 -1.061
313 2 3 0.0600 185.4282 -0.888 0.509
314 2 3 0.0600 187.73319999999998 -0.933 -0.45799999999999996
315 2 3 0.0600 187.6412 0.07000000000000008 1.082
316 2 2 -0.1200 189.3582 0.0 0.0
317 2 2 -0.1200 190.8662 0.0 0.0
318 2 3 0.0600 189.0192 -1.061 0.07
319 2 3 0.0600 188.9362 0.509 -0.888
320 2 3 0.0600 191.2412 -0.458 -0.933
321 2 3 0.0600 191.1492 1.082 0.07
322 2 2 -0.1200 192.86620000000002 0.0 0.0
323 2 2 -0.1200 194.3742 0.0 0.0
324 2 3 0.0600 192.52720000000002 -0.07000000000000008 -1.061
325 2 3 0.0600 192.44420000000002 0.888 0.509
326 2 3 0.0600 194.7492 0.933 -0.4580000000000001
327 2 3 0.0600 194.65720000000002 -0.06999999999999994 1.082
328 2 2 -0.1200 196.3742 0.0 0.0
329 2 2 -0.1200 197.88219999999998 0.0 0.0
330 2 3 0.0600 196.0352 -1.061 -0.07
331 2 3 0.0600 195.9522 0.509 0.888
332 2 3 0.0600 198.25719999999998 -0.458 0.933
333 2 3 0.0600 198.1652 1.082 -0.07
334 2 2 -0.1200 199.8822 0.0 0.0
335 2 2 -0.1200 201.3902 0.0 0.0
336 2 3 0.0600 199.5432 -0.07000000000000008 -1.061
337 2 3 0.0600 199.46020000000001 0.888 0.509
338 2 3 0.0600 201.7652 0.933 -0.4580000000000001
339 2 3 0.0600 201.6732 -0.06999999999999994 1.082
340 2 2 -0.1200 203.39020000000002 0.0 0.0
341 2 2 -0.1200 204.8982 0.0 0.0
342 2 3 0.0600 203.05120000000002 -1.061 -0.07
343 2 3 0.0600 202.96820000000002 0.509 0.888
344 2 3 0.0600 205.2732 -0.458 0.933
345 2 3 0.0600 205.18120000000002 1.082 -0.07
346 2 2 -0.1200 206.8982 0.0 0.0
347 2 2 -0.1200 208.40619999999998 0.0 0.0
348 2 3 0.0600 206.5592 0.06999999999999994 -1.061
349 2 3 0.0600 206.4762 -0.888 0.509
350 2 3 0.0600 208.78119999999998 -0.933 -0.45799999999999996
351 2 3 0.0600 208.6892 0.07000000000000008 1.082
352 2 2 -0.1200 210.4062 0.0 0.0
353 2 2 -0.1200 211.9142 0.0 0.0
354 2 3 0.0600 210.0672 -1.061 -0.07
355 2 3 0.0600 209.98420000000002 0.509 0.888
356 2 3 0.0600 212.2892 -0.458 0.933
357 2 3 0.0600 212.1972 1.082 -0.07
358 2 2 -0.1200 213.91420000000002 0.0 0.0
359 2 2 -0.1200 215.4222 0.0 0.0
360 2 3 0.0600 213.57520000000002 0.06999999999999994 -1.061
361 2 3 0.0600 213.49220000000003 -0.888 0.509
362 2 3 0.0600 215.7972 -0.933 -0.45799999999999996
363 2 3 0.0600 215.70520000000002 0.07000000000000008 1.082
364 2 2 -0.1200 217.4222 0.0 0.0
365 2 2 -0.1200 218.93019999999999 0.0 0.0
366 2 3 0.0600 217.0832 -1.061 -0.07
367 2 3 0.0600 217.0002 0.509 0.888
368 2 3 0.0600 219.30519999999999 -0.458 0.933
369 2 3 0.0600 219.2132 1.082 -0.07
370 2 2 -0.1200 220.9302 0.0 0.0
371 2 2 -0.1200 222.4382 0.0 0.0
372 2 3 0.0600 220.59120000000001 -0.07000000000000008 -1.061
373 2 3 0.0600 220.50820000000002 0.888 0.509
374 2 3 0.0600 222.8132 0.933 -0.4580000000000001
375 2 3 0.0600 222.7212 -0.06999999999999994 1.082
376 2 2 -0.1200 224.43820000000002 0.0 0.0
377 2 2 -0.1200 225.9462 0.0 0.0
378 2 3 0.0600 224.09920000000002 -1.061 0.07
379 2 3 0.0600 224.01620000000003 0.509 -0.888
380 2 3 0.0600 226.3212 -0.458 -0.933
381 2 3 0.0600 226.22920000000002 1.082 0.07
382 2 2 -0.1200 227.9462 0.0 0.0
383 2 2 -0.1200 229.4542 0.0 0.0
384 2 3 0.0600 227.6072 0.06999999999999994 -1.061
385 2 3 0.0600 227.5242 -0.888 0.509
386 2 3 0.0600 229.8292 -0.933 -0.45799999999999996
387 2 3 0.0600 229.7372 0.07000000000000008 1.082
388 2 2 -0.1200 231.45420000000001 0.0 0.0
389 2 2 -0.1200 232.9622 0.0 0.0
390 2 3 0.0600 231.11520000000002 -1.061 0.07
391 2 3 0.0600 231.03220000000002 0.509 -0.888
392 2 3 0.0600 233.3372 -0.458 -0.933
393 2 3 0.0600 233.2452 1.082 0.07
394 2 2 -0.1200 234.96220000000002 0.0 0.0
395 2 2 -0.1200 236.4702 0.0 0.0
396 2 3 0.0600 234.62320000000003 0.06999999999999994 -1.061
397 2 3 0.0600 234.54020000000003 -0.888 0.509
398 2 3 0.0600 236.8452 -0.933 -0.45799999999999996
399 2 3 0.0600 236.75320000000002 0.07000000000000008 1.082
400 2 2 -0.1200 238.4702 0.0 0.0
401 2 2 -0.1200 239.9782 0.0 0.0
402 2 3 0.0600 238.1312 -1.061 -0.07
403 2 3 0.0600 238.0482 0.509 0.888
404 2 3 0.0600 240.3532 -0.458 0.933
405 2 3 0.0600 240.2612 1.082 -0.07
406 2 2 -0.1200 241.97820000000002 0.0 0.0
407 2 2 -0.1200 243.4862 0.0 0.0
408 2 3 0.0600 241.63920000000002 -0.07000000000000008 -1.061
409 2 3 0.0600 241.55620000000002 0.888 0.509
410 2 3 0.0600 243.8612 0.933 -0.4580000000000001
411 2 3 0.0600 243.7692 -0.06999999999999994 1.082
412 2 2 -0.1200 245.48620000000003 0.0 0.0
413 2 2 -0.1200 246.9942 0.0 0.0
414 2 3 0.0600 245.14720000000003 -1.061 -0.07
415 2 3 0.0600 245.06420000000003 0.509 0.888
416 2 3 0.0600 247.3692 -0.458 0.933
417 2 3 0.0600 247.27720000000002 1.082 -0.07
418 2 2 -0.1200 248.9942 0.0 0.0
419 2 2 -0.1200 250.5022 0.0 0.0
420 2 3 0.0600 248.6552 0.06999999999999994 -1.061
421 2 3 0.0600 248.5722 -0.888 0.509
422 2 3 0.0600 250.8772 -0.933 -0.45799999999999996
423 2 3 0.0600 250.7852 0.07000000000000008 1.082
424 2 2 -0.1200 252.50220000000002 0.0 0.0
425 2 2 -0.1200 254.0102 0.0 0.0
426 2 3 0.0600 252.16320000000002 -1.061 -0.07
427 2 3 0.0600 252.08020000000002 0.509 0.888
428 2 3 0.0600 254.3852 -0.458 0.933
429 2 3 0.0600 254.2932 1.082 -0.07
430 2 2 -0.1200 256.0102 0.0 0.0
431 2 2 -0.1200 257.51820000000004 0.0 0.0
432 2 3 0.0600 255.67120000000003 0.06999999999999994 -1.061
433 2 3 0.0600 255.58820000000003 -0.888 0.509
434 2 3 0.0600 257.89320000000004 -0.933 -0.45799999999999996
435 2 3 0.0600 257.8012 0.07000000000000008 1.082
436 2 2 -0.1200 259.5182 0.0 0.0
437 2 2 -0.1200 261.0262 0.0 0.0
438 2 3 0.0600 259.1792 -1.061 -0.07
439 2 3 0.0600 259.0962 0.509 0.888
440 2 3 0.0600 261.4012 -0.458 0.933
441 2 3 0.0600 261.3092 1.082 -0.07
442 2 2 -0.1200 263.0262 0.0 0.0
443 2 2 -0.1200 264.53420000000006 0.0 0.0
444 2 3 0.0600 262.6872 -0.07000000000000008 -1.061
445 2 3 0.0600 262.60420000000005 0.888 0.509
446 2 3 0.0600 264.90920000000006 0.933 -0.4580000000000001
447 2 3 0.0600 264.8172 -0.06999999999999994 1.082
448 2 2 -0.1200 266.5342 0.0 0.0
449 2 2 -0.1200 268.04220000000004 0.0 0.0
450 2 3 0.0600 266.1952 -1.061 -0.07
451 2 3 0.0600 266.11220000000003 0.509 0.888
452 2 3 0.0600 268.41720000000004 -0.458 0.933
453 2 3 0.0600 268.3252 1.082 -0.07
454 2 2 -0.1200 270.0422 0.0 0.0
455 2 2 -0.1200 271.5502 0.0 0.0
456 2 3 0.0600 269.7032 0.06999999999999994 -1.061
457 2 3 0.0600 269.6202 -0.888 0.509
458 2 3 0.0600 271.9252 -0.933 -0.45799999999999996
459 2 3 0.0600 271.8332 0.07000000000000008 1.082
460 2 2 -0.1200 273.55019999999996 0.0 0.0
461 2 2 -0.1200 275.0582 0.0 0.0
462 2 3 0.0600 273.21119999999996 -1.061 0.07
463 2 3 0.0600 273.1282 0.509 -0.888
464 2 3 0.0600 275.4332 -0.458 -0.933
465 2 3 0.0600 275.34119999999996 1.082 0.07
466 2 2 -0.1200 277.0582 0.0 0.0
467 2 2 -0.1200 278.56620000000004 0.0 0.0
468 2 3 0.0600 276.7192 -0.07000000000000008 -1.061
469 2 3 0.0600 276.63620000000003 0.888 0.509
470 2 3 0.0600 278.94120000000004 0.933 -0.4580000000000001
471 2 3 0.0600 278.8492 -0.06999999999999994 1.082
472 2 2 -0.1200 280.5662 0.0 0.0
473 2 2 -0.1200 282.0742 0.0 0.0
474 2 3 0.0600 280.2272 -1.061 -0.07
475 2 3 0.0600 280.1442 0.509 0.888
476 2 3 0.0600 282.4492 -0.458 0.933
477 2 3 0.0600 282.3572 1.082 -0.07
478 2 2 -0.1200 284.07419999999996 0.0 0.0
479 2 2 -0.1200 285.5822 0.0 0.0
480 2 3 0.0600 283.73519999999996 -0.07000000000000008 -1.061
481 2 3 0.0600 283.6522 0.888 0.509
482 2 3 0.0600 285.9572 0.933 -0.4580000000000001
483 2 3 0.0600 285.86519999999996 -0.06999999999999994 1.082
484 2 2 -0.1200 287.5822 0.0 0.0
485 2 2 -0.1200 289.09020000000004 0.0 0.0
486 2 3 0.0600 287.2432 -1.061 -0.07
487 2 3 0.0600 287.16020000000003 0.509 0.888
488 2 3 0.0600 289.46520000000004 -0.458 0.933
489 2 3 0.0600 289.3732 1.082 -0.07
490 2 2 -0.1200 291.0902 0.0 0.0
491 2 2 -0.1200 292.5982 0.0 0.0
492 2 3 0.0600 290.7512 0.06999999999999994 -1.061
493 2 3 0.0600 290.6682 -0.888 0.509
494 2 3 0.0600 292.9732 -0.933 -0.45799999999999996
495 2 3 0.0600 292.8812 0.07000000000000008 1.082
496 2 2 -0.1200 294.59819999999996 0.0 0.0
497 2 2 -0.1200 296.1062 0.0 0.0
498 2 3 0.0600 294.25919999999996 -1.061 -0.07
499 2 3 0.0600 294.1762 0.509 0.888
500 2 3 0.0600 296.4812 -0.458 0.933
501 2 3 0.0600 296.38919999999996 1.082 -0.07
502 2 2 -0.1200 298.1062 0.0 0.0
503 2 2 -0.1200 299.61420000000004 0.0 0.0
504 2 3 0.0600 297.7672 0.06999999999999994 -1.061
505 2 3 0.0600 297.68420000000003 -0.888 0.509
506 2 3 0.0600 299.98920000000004 -0.933 -0.45799999999999996
507 2 3 0.0600 299.8972 0.07000000000000008 1.082
508 2 2 -0.1200 301.6142 0.0 0.0
509 2 2 -0.1200 303.1222 0.0 0.0
510 2 3 0.0600 301.2752 -1.061 -0.07
511 2 3 0.0600 301.1922 0.509 0.888
512 2 3 0.0600 303.4972 -0.458 0.933
513 2 3 0.0600 303.4052 1.082 -0.07
514 2 2 -0.1200 305.12219999999996 0.0 0.0
515 2 2 -0.1200 306.6302 0.0 0.0
516 2 3 0.0600 304.78319999999997 -0.07000000000000008 -1.061
517 2 3 0.0600 304.7002 0.888 0.509
518 2 3 0.0600 307.0052 0.933 -0.4580000000000001
519 2 3 0.0600 306.91319999999996 -0.06999999999999994 1.082
520 2 2 -0.1200 308.6302 0.0 0.0
521 2 2 -0.1200 310.13820000000004 0.0 0.0
522 2 3 0.0600 308.2912 -1.061 -0.07
523 2 3 0.0600 308.20820000000003 0.509 0.888
524 2 3 0.0600 310.51320000000004 -0.458 0.933
525 2 3 0.0600 310.4212 1.082 -0.07
526 2 2 -0.1200 312.1382 0.0 0.0
527 2 2 -0.1200 313.6462 0.0 0.0
528 2 3 0.0600 311.7992 -0.07000000000000008 -1.061
529 2 3 0.0600 311.7162 0.888 0.509
530 2 3 0.0600 314.0212 0.933 -0.4580000000000001
531 2 3 0.0600 313.9292 -0.06999999999999994 1.082
532 2 2 -0.1200 315.6462 0.0 0.0
533 2 2 -0.1200 317.15420000000006 0.0 0.0
534 2 3 0.0600 315.3072 -1.061 -0.07
535 2 3 0.0600 315.22420000000005 0.509 0.888
536 2 3 0.0600 317.52920000000006 -0.458 0.933
537 2 3 0.0600 317.4372 1.082 -0.07
538 2 2 -0.1200 319.15419999999995 0.0 0.0
539 2 2 -0.1200 320.6622 0.0 0.0
540 2 3 0.0600 318.81519999999995 -0.07000000000000008 -1.061
541 2 3 0.0600 318.7322 0.888 0.509
542 2 3 0.0600 321.0372 0.933 -0.4580000000000001
543 2 3 0.0600 320.94519999999994 -0.06999999999999994 1.082
544 2 2 -0.1200 322.6622 0.0 0.0
545 2 2 -0.1200 324.1702 0.0 0.0
546 2 3 0.0600 322.3232 -1.061 0.07
547 2 3 0.0600 322.2402 0.509 -0.888
548 2 3 0.0600 324.5452 -0.458 -0.933
549 2 3 0.0600 324.4532 1.082 0.07
550 2 2 -0.1200 326.1702 0.0 0.0
551 2 2 -0.1200 327.67820000000006 0.0 0.0
552 2 3 0.0600 325.8312 0.06999999999999994 -1.061
553 2 3 0.0600 325.74820000000005 -0.888 0.509
554 2 3 0.0600 328.05320000000006 -0.933 -0.45799999999999996
555 2 3 0.0600 327.9612 0.07000000000000008 1.082
556 2 2 -0.1200 329.67819999999995 0.0 0.0
557 2 2 -0.1200 331.1862 0.0 0.0
558 2 3 0.0600 329.33919999999995 -1.061 0.07
559 2 3 0.0600 329.2562 0.509 -0.888
560 2 3 0.0600 331.5612 -0.458 -0.933
561 2 3 0.0600 331.46919999999994 1.082 0.07
562 2 2 -0.1200 333.1862 0.0 0.0
563 2 2 -0.1200 334.6942 0.0 0.0
564 2 3 0.0600 332.8472 -0.07000000000000008 -1.061
565 2 3 0.0600 332.7642 0.888 0.509
566 2 3 0.0600 335.0692 0.933 -0.4580000000000001
567 2 3 0.0600 334.9772 -0.06999999999999994 1.082
568 2 2 -0.1200 336.6942 0.0 0.0
569 2 2 -0.1200 338.20220000000006 0.0 0.0
570 2 3 0.0600 336.3552 -1.061 -0.07
571 2 3 0.0600 336.27220000000005 0.509 0.888
572 2 3 0.0600 338.57720000000006 -0.458 0.933
573 2 3 0.0600 338.4852 1.082 -0.07
574 2 2 -0.1200 340.20219999999995 0.0 0.0
575 2 2 -0.1200 341.7102 0.0 0.0
576 2 3 0.0600 339.86319999999995 0.06999999999999994 -1.061
577 2 3 0.0600 339.7802 -0.888 0.509
578 2 3 0.0600 342.0852 -0.933 -0.45799999999999996
579 2 3 0.0600 341.99319999999994 0.07000000000000008 1.082
580 2 2 -0.1200 343.7102 0.0 0.0
581 2 2 -0.1200 345.2182 0.0 0.0
582 2 3 0.0600 343.3712 -1.061 -0.07
583 2 3 0.0600 343.2882 0.509 0.888
584 2 3 0.0600 345.5932 -0.458 0.933
585 2 3 0.0600 345.5012 1.082 -0.07
586 2 2 -0.1200 347.2182 0.0 0.0
587 2 2 -0.1200 348.72620000000006 0.0 0.0
588 2 3 0.0600 346.8792 -0.07000000000000008 -1.061
589 2 3 0.0600 346.79620000000006 0.888 0.509
590 2 3 0.0600 349.10120000000006 0.933 -0.4580000000000001
591 2 3 0.0600 349.0092 -0.06999999999999994 1.082
592 2 2 -0.1200 350.72619999999995 0.0 0.0
593 2 2 -0.1200 352.2342 0.0 0.0
594 2 3 0.0600 350.38719999999995 -1.061 0.07
595 2 3 0.0600 350.3042 0.509 -0.888
596 2 3 0.0600 352.6092 -0.458 -0.933
597 2 3 0.0600 352.51719999999995 1.082 0.07
598 2 2 -0.1200 353.9052 0.0 0.0
599 2 1 -0.1800 355.2392 -0.731 0.0010000000000000447
600 2 3 0.0600 353.2442 -0.46299999999999997 0.776
601 2 3 0.0600 353.4212 -0.24100000000000005 -0.969
602 2 3 0.0600 355.2962 -1.401 0.8770000000000001
603 2 3 0.0600 355.3662 -1.38 -0.8919999999999999
604 2 3 0.0600 356.07120000000003 0.0 0.0
605 3 1 -0.1800 365.4483 0.0 0.0
606 3 2 -0.1200 366.95230000000004 0.0 0.0
607 3 3 0.0600 365.0973 0.47 -0.954
608 3 3 0.0600 365.06730000000005 0.634 0.836
609 3 3 0.0600 365.0283 -1.023 0.096
610 3 3 0.0600 367.3183 0.978 0.354
611 3 3 0.0600 367.40130000000005 -0.849 0.533
612 3 2 -0.1200 368.9503 0.0 0.0
613 3 2 -0.1200 370.45830000000007 0.0 0.0
614 3 3 0.0600 368.6113 -0.07000000000000008 -1.061
615 3 3 0.0600 368.52830000000006 0.888 0.509
616 3 3 0.0600 370.83330000000007 0.933 -0.4580000000000001
617 3 3 0.0600 370.7413 -0.06999999999999994 1.082
618 3 2 -0.1200 372.4583 0.0 0.0
619 3 2 -0.1200 373.96630000000005 0.0 0.0
620 3 3 0.0600 372.1193 -1.061 0.07
621 3 3 0.0600 372.03630000000004 0.509 -0.888
622 3 3 0.0600 374.34130000000005 -0.458 -0.933
623 3 3 0.0600 374.2493 1.082 0.07
624 3 2 -0.1200 375.9663 0.0 0.0
625 3 2 -0.1200 377.4743 0.0 0.0
626 3 3 0.0600 375.6273 -0.07000000000000008 -1.061
627 3 3 0.0600 375.5443 0.888 0.509
628 3 3 0.0600 377.8493 0.933 -0.4580000000000001
629 3 3 0.0600 377.7573 -0.06999999999999994 1.082
630 3 2 -0.1200 379.4743 0.0 0.0
631 3 2 -0.1200 380.98230000000007 0.0 0.0
632 3 3 0.0600 379.13530000000003 -1.061 -0.07
633 3 3 0.0600 379.05230000000006 0.509 0.888
634 3 3 0.0600 381.35730000000007 -0.458 0.933
635 3 3 0.0600 381.2653 1.082 -0.07
636 3 2 -0.1200 382.9823 0.0 0.0
637 3 2 -0.1200 384.49030000000005 0.0 0.0
638 3 3 0.0600 382.6433 0.06999999999999994 -1.061
639 3 3 0.0600 382.56030000000004 -0.888 0.509
640 3 3 0.0600 384.86530000000005 -0.933 -0.45799999999999996
641 3 3 0.0600 384.7733 0.07000000000000008 1.082
642 3 2 -0.1200 386.4903 0.0 0.0
643 3 2 -0.1200 387.99830000000003 0.0 0.0
644 3 3 0.0600 386.1513 -1.061 -0.07
645 3 3 0.0600 386.0683 0.509 0.888
646 3 3 0.0600 388.37330000000003 -0.458 0.933
647 3 3 0.0600 388.2813 1.082 -0.07
648 3 2 -0.1200 389.99830000000003 0.0 0.0
649 3 2 -0.1200 391.50630000000007 0.0 0.0
650 3 3 0.0600 389.65930000000003 0.06999999999999994 -1.061
651 3 3 0.0600 389.57630000000006 -0.888 0.509
652 3 3 0.0600 391.88130000000007 -0.933 -0.45799999999999996
653 3 3 0.0600 391.7893 0.07000000000000008 1.082
654 3 2 -0.1200 393.5063 0.0 0.0
655 3 2 -0.1200 395.01430000000005 0.0 0.0
656 3 3 0.0600 393.1673 -1.061 -0.07
657 3 3 0.0600 393.08430000000004 0.509 0.888
658 3 3 0.0600 395.38930000000005 -0.458 0.933
659 3 3 0.0600 395.2973 1.082 -0.07
660 3 2 -0.1200 397.0143 0.0 0.0
661 3 2 -0.1200 398.52230000000003 0.0 0.0
662 3 3 0.0600 396.6753 -0.07000000000000008 -1.061
663 3 3 0.0600 396.5923 0.888 0.509
664 3 3 0.0600 398.89730000000003 0.933 -0.4580000000000001
665 3 3 0.0600 398.8053 -0.06999999999999994 1.082
666 3 2 -0.1200 400.52230000000003 0.0 0.0
667 3 2 -0.1200 402.03030000000007 0.0 0.0
668 3 3 0.0600 400.18330000000003 -1.061 0.07
669 3 3 0.0600 400.10030000000006 0.509 -0.888
670 3 3 0.0600 402.40530000000007 -0.458 -0.933
671 3 3 0.0600 402.3133 1.082 0.07
672 3 2 -0.1200 404.0303 0.0 0.0
673 3 2 -0.1200 405.53830000000005 0.0 0.0
674 3 3 0.0600 403.6913 -0.07000000000000008 -1.061
675 3 3 0.0600 403.60830000000004 0.888 0.509
676 3 3 0.0600 405.91330000000005 0.933 -0.4580000000000001
677 3 3 0.0600 405.8213 -0.06999999999999994 1.082
678 3 2 -0.1200 407.5383 0.0 0.0
679 3 2 -0.1200 409.04630000000003 0.0 0.0
680 3 3 0.0600 407.1993 -1.061 0.07
681 3 3 0.0600 407.1163 0.509 -0.888
682 3 3 0.0600 409.42130000000003 -0.458 -0.933
683 3 3 0.0600 409.3293 1.082 0.07
684 3 2 -0.1200 411.04630000000003 0.0 0.0
685 3 2 -0.1200 412.55430000000007 0.0 0.0
686 3 3 0.0600 410.70730000000003 -0.07000000000000008 -1.061
687 3 3 0.0600 410.62430000000006 0.888 0.509
688 3 3 0.0600 412.92930000000007 0.933 -0.4580000000000001
689 3 3 0.0600 412.8373 -0.06999999999999994 1.082
690 3 2 -0.1200 414.5543 0.0 0.0
691 3 2 -0.1200 416.06230000000005 0.0 0.0
692 3 3 0.0600 414.2153 -1.061 -0.07
693 3 3 0.0600 414.13230000000004 0.509 0.888
694 3 3 0.0600 416.43730000000005 -0.458 0.933
695 3 3 0.0600 416.3453 1.082 -0.07
696 3 2 -0.1200 418.0623 0.0 0.0
697 3 2 -0.1200 419.57030000000003 0.0 0.0
698 3 3 0.0600 417.7233 -0.07000000000000008 -1.061
699 3 3 0.0600 417.6403 0.888 0.509
700 3 3 0.0600 419.94530000000003 0.933 -0.4580000000000001
701 3 3 0.0600 419.8533 -0.06999999999999994 1.082
702 3 2 -0.1200 421.57030000000003 0.0 0.0
703 3 2 -0.1200 423.07830000000007 0.0 0.0
704 3 3 0.0600 421.23130000000003 -1.061 0.07
705 3 3 0.0600 421.14830000000006 0.509 -0.888
706 3 3 0.0600 423.45330000000007 -0.458 -0.933
707 3 3 0.0600 423.3613 1.082 0.07
708 3 2 -0.1200 425.0783 0.0 0.0
709 3 2 -0.1200 426.58630000000005 0.0 0.0
710 3 3 0.0600 424.7393 -0.07000000000000008 -1.061
711 3 3 0.0600 424.65630000000004 0.888 0.509
712 3 3 0.0600 426.96130000000005 0.933 -0.4580000000000001
713 3 3 0.0600 426.8693 -0.06999999999999994 1.082
714 3 2 -0.1200 428.5863 0.0 0.0
715 3 2 -0.1200 430.09430000000003 0.0 0.0
716 3 3 0.0600 428.2473 -1.061 -0.07
717 3 3 0.0600 428.1643 0.509 0.888
718 3 3 0.0600 430.46930000000003 -0.458 0.933
719 3 3 0.0600 430.3773 1.082 -0.07
720 3 2 -0.1200 432.0943 0.0 0.0
721 3 2 -0.1200 433.6023 0.0 0.0
722 3 3 0.0600 431.7553 0.06999999999999994 -1.061
723 3 3 0.0600 431.6723 -0.888 0.509
724 3 3 0.0600 433.9773 -0.933 -0.45799999999999996
725 3 3 0.0600 433.8853 0.07000000000000008 1.082
726 3 2 -0.1200 435.6023 0.0 0.0
727 3 2 -0.1200 437.11030000000005 0.0 0.0
728 3 3 0.0600 435.2633 -1.061 0.07
729 3 3 0.0600 435.18030000000005 0.509 -0.888
730 3 3 0.0600 437.48530000000005 -0.458 -0.933
731 3 3 0.0600 437.3933 1.082 0.07
732 3 2 -0.1200 439.1103 0.0 0.0
733 3 2 -0.1200 440.61830000000003 0.0 0.0
734 3 3 0.0600 438.7713 0.06999999999999994 -1.061
735 3 3 0.0600 438.6883 -0.888 0.509
736 3 3 0.0600 440.99330000000003 -0.933 -0.45799999999999996
737 3 3 0.0600 440.9013 0.07000000000000008 1.082
738 3 2 -0.1200 442.6183 0.0 0.0
739 3 2 -0.1200 444.1263 0.0 0.0
740 3 3 0.0600 442.2793 -1.061 -0.07
741 3 3 0.0600 442.1963 0.509 0.888
742 3 3 0.0600 444.5013 -0.458 0.933
743 3 3 0.0600 444.4093 1.082 -0.07
744 3 2 -0.1200 446.1263 0.0 0.0
745 3 2 -0.1200 447.63430000000005 0.0 0.0
746 3 3 0.0600 445.7873 0.06999999999999994 -1.061
747 3 3 0.0600 445.70430000000005 -0.888 0.509
748 3 3 0.0600 448.00930000000005 -0.933 -0.45799999999999996
749 3 3 0.0600 447.9173 0.07000000000000008 1.082
750 3 2 -0.1200 449.6343 0.0 0.0
751 3 2 -0.1200 451.14230000000003 0.0 0.0
752 3 3 0.0600 449.2953 -1.061 -0.07
753 3 3 0.0600 449.2123 0.509 0.888
754 3 3 0.0600 451.51730000000003 -0.458 0.933
755 3 3 0.0600 451.4253 1.082 -0.07
756 3 2 -0.1200 453.1423 0.0 0.0
757 3 2 -0.1200 454.6503 0.0 0.0
758 3 3 0.0600 452.8033 0.06999999999999994 -1.061
759 3 3 0.0600 452.7203 -0.888 0.509
760 3 3 0.0600 455.0253 -0.933 -0.45799999999999996
761 3 3 0.0600 454.9333 0.07000000000000008 1.082
762 3 2 -0.1200 456.6503 0.0 0.0
763 3 2 -0.1200 458.15830000000005 0.0 0.0
764 3 3 0.0600 456.3113 -1.061 -0.07
765 3 3 0.0600 456.22830000000005 0.509 0.888
766 3 3 0.0600 458.53330000000005 -0.458 0.933
767 3 3 0.0600 458.4413 1.082 -0.07
768 3 2 -0.1200 460.1583 0.0 0.0
769 3 2 -0.1200 461.66630000000004 0.0 0.0
770 3 3 0.0600 459.8193 -0.07000000000000008 -1.061
771 3 3 0.0600 459.7363 0.888 0.509
772 3 3 0.0600 462.04130000000004 0.933 -0.4580000000000001
773 3 3 0.0600 461.9493 -0.06999999999999994 1.082
774 3 2 -0.1200 463.6663 0.0 0.0
775 3 2 -0.1200 465.1743 0.0 0.0
776 3 3 0.0600 463.3273 -1.061 -0.07
777 3 3 0.0600 463.2443 0.509 0.888
778 3 3 0.0600 465.5493 -0.458 0.933
779 3 3 0.0600 465.4573 1.082 -0.07
780 3 2 -0.1200 467.1743 0.0 0.0
781 3 2 -0.1200 468.68230000000005 0.0 0.0
782 3 3 0.0600 466.8353 0.06999999999999994 -1.061
783 3 3 0.0600 466.75230000000005 -0.888 0.509
784 3 3 0.0600 469.05730000000005 -0.933 -0.45799999999999996
785 3 3 0.0600 468.9653 0.07000000000000008 1.082
786 3 2 -0.1200 470.6823 0.0 0.0
787 3 2 -0.1200 472.19030000000004 0.0 0.0
788 3 3 0.0600 470.3433 -1.061 -0.07
789 3 3 0.0600 470.26030000000003 0.509 0.888
790 3 3 0.0600 472.56530000000004 -0.458 0.933
791 3 3 0.0600 472.4733 1.082 -0.07
792 3 2 -0.1200 474.1903 0.0 0.0
793 3 2 -0.1200 475.6983 0.0 0.0
794 3 3 0.0600 473.8513 -0.07000000000000008 -1.061
795 3 3 0.0600 473.7683 0.888 0.509
796 3 3 0.0600 476.0733 0.933 -0.4580000000000001
797 3 3 0.0600 475.9813 -0.06999999999999994 1.082
798 3 2 -0.1200 477.6983 0.0 0.0
799 3 2 -0.1200 479.20630000000006 0.0 0.0
800 3 3 0.0600 477.3593 -1.061 -0.07
801 3 3 0.0600 477.27630000000005 0.509 0.888
802 3 3 0.0600 479.58130000000006 -0.458 0.933
803 3 3 0.0600 479.4893 1.082 -0.07
804 3 2 -0.1200 481.2063 0.0 0.0
805 3 2 -0.1200 482.71430000000004 0.0 0.0
806 3 3 0.0600 480.8673 0.06999999999999994 -1.061
807 3 3 0.0600 480.78430000000003 -0.888 0.509
808 3 3 0.0600 483.08930000000004 -0.933 -0.45799999999999996
809 3 3 0.0600 482.9973 0.07000000000000008 1.082
810 3 2 -0.1200 484.7143 0.0 0.0
811 3 2 -0.1200 486.2223 0.0 0.0
812 3 3 0.0600 484.3753 -1.061 -0.07
813 3 3 0.0600 484.2923 0.509 0.888
814 3 3 0.0600 486.5973 -0.458 0.933
815 3 3 0.0600 486.5053 1.082 -0.07
816 3 2 -0.1200 488.2223 0.0 0.0
817 3 2 -0.1200 489.73030000000006 0.0 0.0
818 3 3 0.0600 487.8833 0.06999999999999994 -1.061
819 3 3 0.0600 487.80030000000005 -0.888 0.509
820 3 3 0.0600 490.10530000000006 -0.933 -0.45799999999999996
821 3 3 0.0600 490.0133 0.07000000000000008 1.082
822 3 2 -0.1200 491.7303 0.0 0.0
823 3 2 -0.1200 493.23830000000004 0.0 0.0
824 3 3 0.0600 491.3913 -1.061 -0.07
825 3 3 0.0600 491.30830000000003 0.509 0.888
826 3 3 0.0600 493.61330000000004 -0.458 0.933
827 3 3 0.0600 493.5213 1.082 -0.07
828 3 2 -0.1200 495.2383 0.0 0.0
829 3 2 -0.1200 496.7463 0.0 0.0
830 3 3 0.0600 494.8993 -0.07000000000000008 -1.061
831 3 3 0.0600 494.8163 0.888 0.509
832 3 3 0.0600 497.1213 0.933 -0.4580000000000001
833 3 3 0.0600 497.0293 -0.06999999999999994 1.082
834 3 2 -0.1200 498.7463 0.0 0.0
835 3 2 -0.1200 500.25430000000006 0.0 0.0
836 3 3 0.0600 498.4073 -1.061 -0.07
837 3 3 0.0600 498.32430000000005 0.509 0.888
838 3 3 0.0600 500.62930000000006 -0.458 0.933
839 3 3 0.0600 500.5373 1.082 -0.07
840 3 2 -0.1200 502.2543 0.0 0.0
841 3 2 -0.1200 503.76230000000004 0.0 0.0
842 3 3 0.0600 501.9153 0.06999999999999994 -1.061
843 3 3 0.0600 501.83230000000003 -0.888 0.509
844 3 3 0.0600 504.13730000000004 -0.933 -0.45799999999999996
845 3 3 0.0600 504.0453 0.07000000000000008 1.082
846 3 2 -0.1200 505.7623 0.0 0.0
847 3 2 -0.1200 507.2703 0.0 0.0
848 3 3 0.0600 505.4233 -1.061 0.07
849 3 3 0.0600 505.3403 0.509 -0.888
850 3 3 0.0600 507.6453 -0.458 -0.933
851 3 3 0.0600 507.5533 1.082 0.07
852 3 2 -0.1200 509.2703 0.0 0.0
853 3 2 -0.1200 510.77830000000006 0.0 0.0
854 3 3 0.0600 508.9313 -0.07000000000000008 -1.061
855 3 3 0.0600 508.84830000000005 0.888 0.509
856 3 3 0.0600 511.15330000000006 0.933 -0.4580000000000001
857 3 3 0.0600 511.0613 -0.06999999999999994 1.082
858 3 2 -0.1200 512.7783000000001 0.0 0.0
859 3 2 -0.1200 514.2863000000001 0.0 0.0
860 3 3 0.0600 512.4393000000001 -1.061 -0.07
861 3 3 0.0600 512.3563 0.509 0.888
862 3 3 0.0600 514.6613000000001 -0.458 0.933
863 3 3 0.0600 514.5693000000001 1.082 -0.07
864 3 2 -0.1200 516.2863 0.0 0.0
865 3 2 -0.1200 517.7943 0.0 0.0
866 3 3 0.0600 515.9473 -0.07000000000000008 -1.061
867 3 3 0.0600 515.8643 0.888 0.509
868 3 3 0.0600 518.1693 0.933 -0.4580000000000001
869 3 3 0.0600 518.0773 -0.06999999999999994 1.082
870 3 2 -0.1200 519.7943 0.0 0.0
871 3 2 -0.1200 521.3023000000001 0.0 0.0
872 3 3 0.0600 519.4553000000001 -1.061 0.07
873 3 3 0.0600 519.3723 0.509 -0.888
874 3 3 0.0600 521.6773000000001 -0.458 -0.933
875 3 3 0.0600 521.5853000000001 1.082 0.07
876 3 2 -0.1200 523.3023 0.0 0.0
877 3 2 -0.1200 524.8103 0.0 0.0
878 3 3 0.0600 522.9633 -0.07000000000000008 -1.061
879 3 3 0.0600 522.8802999999999 0.888 0.509
880 3 3 0.0600 525.1853 0.933 -0.4580000000000001
881 3 3 0.0600 525.0933 -0.06999999999999994 1.082
882 3 2 -0.1200 526.8103 0.0 0.0
883 3 2 -0.1200 528.3183 0.0 0.0
884 3 3 0.0600 526.4713 -1.061 0.07
885 3 3 0.0600 526.3883 0.509 -0.888
886 3 3 0.0600 528.6933 -0.458 -0.933
887 3 3 0.0600 528.6013 1.082 0.07
888 3 2 -0.1200 530.3183 0.0 0.0
889 3 2 -0.1200 531.8263000000001 0.0 0.0
890 3 3 0.0600 529.9793000000001 -0.07000000000000008 -1.061
891 3 3 0.0600 529.8963 0.888 0.509
892 3 3 0.0600 532.2013000000001 0.933 -0.4580000000000001
893 3 3 0.0600 532.1093000000001 -0.06999999999999994 1.082
894 3 2 -0.1200 533.8263000000001 0.0 0.0
895 3 2 -0.1200 535.3343000000001 0.0 0.0
896 3 3 0.0600 533.4873000000001 -1.061 0.07
897 3 3 0.0600 533.4043 0.509 -0.888
898 3 3 0.0600 535.7093000000001 -0.458 -0.933
899 3 3 0.0600 535.6173000000001 1.082 0.07
900 3 2 -0.1200 537.0053 0.0 0.0
901 3 1 -0.1800 538.3393 0.731 0.0009999999999999554
902 3 3 0.0600 536.3443 0.4630000000000001 0.776
903 3 3 0.0600 536.5213 0.24099999999999994 -0.969
904 3 3 0.0600 538.3963 1.401 0.8769999999999999
905 3 3 0.0600 538.4663 1.38 -0.8920000000000001
906 3 3 0.0600 539.1713 0.0 0.0
907 4 1 -0.1800 548.5485000000001 0.0 0.0
908 4 2 -0.1200 550.0525 0.0 0.0
909 4 3 0.0600 548.1975000000001 0.47 -0.954
910 4 3 0.0600 548.1675 0.634 0.836
911 4 3 0.0600 548.1285 -1.023 0.096
912 4 3 0.0600 550.4185000000001 0.978 0.354
913 4 3 0.0600 550.5015000000001 -0.849 0.533
914 4 2 -0.1200 552.0505 0.0 0.0
915 4 2 -0.1200 553.5585000000001 0.0 0.0
916 4 3 0.0600 551.7115000000001 0.06999999999999994 -1.061
917 4 3 0.0600 551.6285 -0.888 0.509
918 4 3 0.0600 553.9335000000001 -0.933 -0.45799999999999996
919 4 3 0.0600 553.8415000000001 0.07000000000000008 1.082
920 4 2 -0.1200 555.5585 0.0 0.0
921 4 2 -0.1200 557.0665 0.0 0.0
922 4 3 0.0600 555.2195 -1.061 -0.07
923 4 3 0.0600 555.1365 0.509 0.888
924 4 3 0.0600 557.4415 -0.458 0.933
925 4 3 0.0600 557.3495 1.082 -0.07
926 4 2 -0.1200 559.0665 0.0 0.0
927 4 2 -0.1200 560.5745000000001 0.0 0.0
928 4 3 0.0600 558.7275000000001 -0.07000000000000008 -1.061
929 4 3 0.0600 558.6445 0.888 0.509
930 4 3 0.0600 560.9495000000001 0.933 -0.4580000000000001
931 4 3 0.0600 560.8575000000001 -0.06999999999999994 1.082
932 4 2 -0.1200 562.5745000000001 0.0 0.0
933 4 2 -0.1200 564.0825000000001 0.0 0.0
934 4 3 0.0600 562.2355000000001 -1.061 0.07
935 4 3 0.0600 562.1525 0.509 -0.888
936 4 3 0.0600 564.4575000000001 -0.458 -0.933
937 4 3 0.0600 564.3655000000001 1.082 0.07
938 4 2 -0.1200 566.0825000000001 0.0 0.0
939 4 2 -0.1200 567.5905000000001 0.0 0.0
940 4 3 0.0600 565.7435000000002 0.06999999999999994 -1.061
941 4 3 0.0600 565.6605000000001 -0.888 0.509
942 4 3 0.0600 567.9655000000001 -0.933 -0.45799999999999996
943 4 3 0.0600 567.8735000000001 0.07000000000000008 1.082
944 4 2 -0.1200 569.5905 0.0 0.0
945 4 2 -0.1200 571.0985000000001 0.0 0.0
946 4 3 0.0600 569.2515000000001 -1.061 0.07
947 4 3 0.0600 569.1685 0.509 -0.888
948 4 3 0.0600 571.4735000000001 -0.458 -0.933
949 4 3 0.0600 571.3815000000001 1.082 0.07
950 4 2 -0.1200 573.0985000000001 0.0 0.0
951 4 2 -0.1200 574.6065000000001 0.0 0.0
952 4 3 0.0600 572.7595000000001 0.06999999999999994 -1.061
953 4 3 0.0600 572.6765 -0.888 0.509
954 4 3 0.0600 574.9815000000001 -0.933 -0.45799999999999996
955 4 3 0.0600 574.8895000000001 0.07000000000000008 1.082
956 4 2 -0.1200 576.6065 0.0 0.0
957 4 2 -0.1200 578.1145 0.0 0.0
958 4 3 0.0600 576.2675 -1.061 -0.07
959 4 3 0.0600 576.1845 0.509 0.888
960 4 3 0.0600 578.4895 -0.458 0.933
961 4 3 0.0600 578.3975 1.082 -0.07
962 4 2 -0.1200 580.1145 0.0 0.0
963 4 2 -0.1200 581.6225000000001 0.0 0.0
964 4 3 0.0600 579.7755000000001 -0.07000000000000008 -1.061
965 4 3 0.0600 579.6925 0.888 0.509
966 4 3 0.0600 581.9975000000001 0.933 -0.4580000000000001
967 4 3 0.0600 581.9055000000001 -0.06999999999999994 1.082
968 4 2 -0.1200 583.6225000000001 0.0 0.0
969 4 2 -0.1200 585.1305000000001 0.0 0.0
970 4 3 0.0600 583.2835000000001 -1.061 -0.07
971 4 3 0.0600 583.2005 0.509 0.888
972 4 3 0.0600 585.5055000000001 -0.458 0.933
973 4 3 0.0600 585.4135000000001 1.082 -0.07
974 4 2 -0.1200 587.1305000000001 0.0 0.0
975 4 2 -0.1200 588.6385000000001 0.0 0.0
976 4 3 0.0600 586.7915000000002 0.06999999999999994 -1.061
977 4 3 0.0600 586.7085000000001 -0.888 0.509
978 4 3 0.0600 589.0135000000001 -0.933 -0.45799999999999996
979 4 3 0.0600 588.9215000000002 0.07000000000000008 1.082
980 4 2 -0.1200 590.6385 0.0 0.0
981 4 2 -0.1200 592.1465000000001 0.0 0.0
982 4 3 0.0600 590.2995000000001 -1.061 -0.07
983 4 3 0.0600 590.2165 0.509 0.888
984 4 3 0.0600 592.5215000000001 -0.458 0.933
985 4 3 0.0600 592.4295000000001 1.082 -0.07
986 4 2 -0.1200 594.1465000000001 0.0 0.0
987 4 2 -0.1200 595.6545000000001 0.0 0.0
988 4 3 0.0600 593.8075000000001 -0.07000000000000008 -1.061
989 4 3 0.0600 593.7245 0.888 0.509
990 4 3 0.0600 596.0295000000001 0.933 -0.4580000000000001
991 4 3 0.0600 595.9375000000001 -0.06999999999999994 1.082
992 4 2 -0.1200 597.6545 0.0 0.0
993 4 2 -0.1200 599.1625 0.0 0.0
994 4 3 0.0600 597.3155 -1.061 -0.07
995 4 3 0.0600 597.2325 0.509 0.888
996 4 3 0.0600 599.5375 -0.458 0.933
997 4 3 0.0600 599.4455 1.082 -0.07
998 4 2 -0.1200 601.1625 0.0 0.0
999 4 2 -0.1200 602.6705000000001 0.0 0.0
1000 4 3 0.0600 600.8235000000001 0.06999999999999994 -1.061
1001 4 3 0.0600 600.7405 -0.888 0.509
1002 4 3 0.0600 603.0455000000001 -0.933 -0.45799999999999996
1003 4 3 0.0600 602.9535000000001 0.07000000000000008 1.082
1004 4 2 -0.1200 604.6705000000001 0.0 0.0
1005 4 2 -0.1200 606.1785000000001 0.0 0.0
1006 4 3 0.0600 604.3315000000001 -1.061 -0.07
1007 4 3 0.0600 604.2485 0.509 0.888
1008 4 3 0.0600 606.5535000000001 -0.458 0.933
1009 4 3 0.0600 606.4615000000001 1.082 -0.07
1010 4 2 -0.1200 608.1785 0.0 0.0
1011 4 2 -0.1200 609.6865 0.0 0.0
1012 4 3 0.0600 607.8395 -0.07000000000000008 -1.061
1013 4 3 0.0600 607.7565 0.888 0.509
1014 4 3 0.0600 610.0615 0.933 -0.4580000000000001
1015 4 3 0.0600 609.9695 -0.06999999999999994 1.082
1016 4 2 -0.1200 611.6865 0.0 0.0
1017 4 2 -0.1200 613.1945000000001 0.0 0.0
1018 4 3 0.0600 611.3475000000001 -1.061 0.07
1019 4 3 0.0600 611.2645 0.509 -0.888
1020 4 3 0.0600 613.5695000000001 -0.458 -0.933
1021 4 3 0.0600 613.4775000000001 1.082 0.07
1022 4 2 -0.1200 615.1945000000001 0.0 0.0
1023 4 2 -0.1200 616.7025000000001 0.0 0.0
1024 4 3 0.0600 614.8555000000001 0.06999999999999994 -1.061
1025 4 3 0.0600 614.7725 -0.888 0.509
1026 4 3 0.0600 617.0775000000001 -0.933 -0.45799999999999996
1027 4 3 0.0600 616.9855000000001 0.07000000000000008 1.082
1028 4 2 -0.1200 618.7025 0.0 0.0
1029 4 2 -0.1200 620.2105 0.0 0.0
1030 4 3 0.0600 618.3635 -1.061 0.07
1031 4 3 0.0600 618.2805 0.509 -0.888
1032 4 3 0.0600 620.5855 -0.458 -0.933
1033 4 3 0.0600 620.4935 1.082 0.07
1034 4 2 -0.1200 622.2105 0.0 0.0
1035 4 2 -0.1200 623.7185000000001 0.0 0.0
1036 4 3 0.0600 621.8715000000001 -0.07000000000000008 -1.061
1037 4 3 0.0600 621.7885 0.888 0.509
1038 4 3 0.0600 624.0935000000001 0.933 -0.4580000000000001
1039 4 3 0.0600 624.0015000000001 -0.06999999999999994 1.082
1040 4 2 -0.1200 625.7185000000001 0.0 0.0
1041 4 2 -0.1200 627.2265000000001 0.0 0.0
1042 4 3 0.0600 625.3795000000001 -1.061 -0.07
1043 4 3 0.0600 625.2965 0.509 0.888
1044 4 3 0.0600 627.6015000000001 -0.458 0.933
1045 4 3 0.0600 627.5095000000001 1.082 -0.07
1046 4 2 -0.1200 629.2265000000001 0.0 0.0
1047 4 2 -0.1200 630.7345000000001 0.0 0.0
1048 4 3 0.0600 628.8875000000002 -0.07000000000000008 -1.061
1049 4 3 0.0600 628.8045000000001 0.888 0.509
1050 4 3 0.0600 631.1095000000001 0.933 -0.4580000000000001
1051 4 3 0.0600 631.0175000000002 -0.06999999999999994 1.082
1052 4 2 -0.1200 632.7345 0.0 0.0
1053 4 2 -0.1200 634.2425000000001 0.0 0.0
1054 4 3 0.0600 632.3955000000001 -1.061 -0.07
1055 4 3 0.0600 632.3125 0.509 0.888
1056 4 3 0.0600 634.6175000000001 -0.458 0.933
1057 4 3 0.0600 634.5255000000001 1.082 -0.07
1058 4 2 -0.1200 636.2425000000001 0.0 0.0
1059 4 2 -0.1200 637.7505000000001 0.0 0.0
1060 4 3 0.0600 635.9035000000001 0.06999999999999994 -1.061
1061 4 3 0.0600 635.8205 -0.888 0.509
1062 4 3 0.0600 638.1255000000001 -0.933 -0.45799999999999996
1063 4 3 0.0600 638.0335000000001 0.07000000000000008 1.082
1064 4 2 -0.1200 639.7505 0.0 0.0
1065 4 2 -0.1200 641.2585 0.0 0.0
1066 4 3 0.0600 639.4115 -1.061 0.07
1067 4 3 0.0600 639.3285 0.509 -0.888
1068 4 3 0.0600 641.6335 -0.458 -0.933
1069 4 3 0.0600 641.5415 1.082 0.07
1070 4 2 -0.1200 643.2585 0.0 0.0
1071 4 2 -0.1200 644.7665000000001 0.0 0.0
1072 4 3 0.0600 642.9195000000001 0.06999999999999994 -1.061
1073 4 3 0.0600 642.8365 -0.888 0.509
1074 4 3 0.0600 645.1415000000001 -0.933 -0.45799999999999996
1075 4 3 0.0600 645.0495000000001 0.07000000000000008 1.082
1076 4 2 -0.1200 646.7665000000001 0.0 0.0
1077 4 2 -0.1200 648.2745000000001 0.0 0.0
1078 4 3 0.0600 646.4275000000001 -1.061 0.07
1079 4 3 0.0600 646.3445 0.509 -0.888
1080 4 3 0.0600 648.6495000000001 -0.458 -0.933
1081 4 3 0.0600 648.5575000000001 1.082 0.07
1082 4 2 -0.1200 650.2745 0.0 0.0
1083 4 2 -0.1200 651.7825 0.0 0.0
1084 4 3 0.0600 649.9355 0.06999999999999994 -1.061
1085 4 3 0.0600 649.8525 -0.888 0.509
1086 4 3 0.0600 652.1575 -0.933 -0.45799999999999996
1087 4 3 0.0600 652.0655 0.07000000000000008 1.082
1088 4 2 -0.1200 653.7825 0.0 0.0
1089 4 2 -0.1200 655.2905000000001 0.0 0.0
1090 4 3 0.0600 653.4435000000001 -1.061 -0.07
1091 4 3 0.0600 653.3605 0.509 0.888
1092 4 3 0.0600 655.6655000000001 -0.458 0.933
1093 4 3 0.0600 655.5735000000001 1.082 -0.07
1094 4 2 -0.1200 657.2905000000001 0.0 0.0
1095 4 2 -0.1200 658.7985000000001 0.0 0.0
1096 4 3 0.0600 656.9515000000001 0.06999999999999994 -1.061
1097 4 3 0.0600 656.8685 -0.888 0.509
1098 4 3 0.0600 659.1735000000001 -0.933 -0.45799999999999996
1099 4 3 0.0600 659.0815000000001 0.07000000000000008 1.082
1100 4 2 -0.1200 660.7985 0.0 0.0
1101 4 2 -0.1200 662.3065 0.0 0.0
1102 4 3 0.0600 660.4595 -1.061 0.07
1103 4 3 0.0600 660.3765 0.509 -0.888
1104 4 3 0.0600 662.6815 -0.458 -0.933
1105 4 3 0.0600 662.5895 1.082 0.07
1106 4 2 -0.1200 664.3065 0.0 0.0
1107 4 2 -0.1200 665.8145000000001 0.0 0.0
1108 4 3 0.0600 663.9675000000001 -0.07000000000000008 -1.061
1109 4 3 0.0600 663.8845 0.888 0.509
1110 4 3 0.0600 666.1895000000001 0.933 -0.4580000000000001
1111 4 3 0.0600 666.0975000000001 -0.06999999999999994 1.082
1112 4 2 -0.1200 667.8145000000001 0.0 0.0
1113 4 2 -0.1200 669.3225000000001 0.0 0.0
1114 4 3 0.0600 667.4755000000001 -1.061 0.07
1115 4 3 0.0600 667.3925 0.509 -0.888
1116 4 3 0.0600 669.6975000000001 -0.458 -0.933
1117 4 3 0.0600 669.6055000000001 1.082 0.07
1118 4 2 -0.1200 671.3225 0.0 0.0
1119 4 2 -0.1200 672.8305 0.0 0.0
1120 4 3 0.0600 670.9835 0.06999999999999994 -1.061
1121 4 3 0.0600 670.9005 -0.888 0.509
1122 4 3 0.0600 673.2055 -0.933 -0.45799999999999996
1123 4 3 0.0600 673.1135 0.07000000000000008 1.082
1124 4 2 -0.1200 674.8305 0.0 0.0
1125 4 2 -0.1200 676.3385000000001 0.0 0.0
1126 4 3 0.0600 674.4915000000001 -1.061 0.07
1127 4 3 0.0600 674.4085 0.509 -0.888
1128 4 3 0.0600 676.7135000000001 -0.458 -0.933
1129 4 3 0.0600 676.6215000000001 1.082 0.07
1130 4 2 -0.1200 678.3385000000001 0.0 0.0
1131 4 2 -0.1200 679.8465000000001 0.0 0.0
1132 4 3 0.0600 677.9995000000001 -0.07000000000000008 -1.061
1133 4 3 0.0600 677.9165 0.888 0.509
1134 4 3 0.0600 680.2215000000001 0.933 -0.4580000000000001
1135 4 3 0.0600 680.1295000000001 -0.06999999999999994 1.082
1136 4 2 -0.1200 681.8465 0.0 0.0
1137 4 2 -0.1200 683.3545 0.0 0.0
1138 4 3 0.0600 681.5075 -1.061 -0.07
1139 4 3 0.0600 681.4245 0.509 0.888
1140 4 3 0.0600 683.7295 -0.458 0.933
1141 4 3 0.0600 683.6375 1.082 -0.07
1142 4 2 -0.1200 685.3545 0.0 0.0
1143 4 2 -0.1200 686.8625000000001 0.0 0.0
1144 4 3 0.0600 685.0155000000001 -0.07000000000000008 -1.061
1145 4 3 0.0600 684.9325 0.888 0.509
1146 4 3 0.0600 687.2375000000001 0.933 -0.4580000000000001
1147 4 3 0.0600 687.1455000000001 -0.06999999999999994 1.082
1148 4 2 -0.1200 688.8625000000001 0.0 0.0
1149 4 2 -0.1200 690.3705000000001 0.0 0.0
1150 4 3 0.0600 688.5235000000001 -1.061 -0.07
1151 4 3 0.0600 688.4405 0.509 0.888
1152 4 3 0.0600 690.7455000000001 -0.458 0.933
1153 4 3 0.0600 690.6535000000001 1.082 -0.07
1154 4 2 -0.1200 692.3705000000001 0.0 0.0
1155 4 2 -0.1200 693.8785000000001 0.0 0.0
1156 4 3 0.0600 692.0315000000002 -0.07000000000000008 -1.061
1157 4 3 0.0600 691.9485000000001 0.888 0.509
1158 4 3 0.0600 694.2535000000001 0.933 -0.4580000000000001
1159 4 3 0.0600 694.1615000000002 -0.06999999999999994 1.082
1160 4 2 -0.1200 695.8785 0.0 0.0
1161 4 2 -0.1200 697.3865000000001 0.0 0.0
1162 4 3 0.0600 695.5395000000001 -1.061 0.07
1163 4 3 0.0600 695.4565 0.509 -0.888
1164 4 3 0.0600 697.7615000000001 -0.458 -0.933
1165 4 3 0.0600 697.6695000000001 1.082 0.07
1166 4 2 -0.1200 699.3865000000001 0.0 0.0
1167 4 2 -0.1200 700.8945000000001 0.0 0.0
1168 4 3 0.0600 699.0475000000001 -0.07000000000000008 -1.061
1169 4 3 0.0600 698.9645 0.888 0.509
1170 4 3 0.0600 701.2695000000001 0.933 -0.4580000000000001
1171 4 3 0.0600 701.1775000000001 -0.06999999999999994 1.082
1172 4 2 -0.1200 702.8945 0.0 0.0
1173 4 2 -0.1200 704.4025 0.0 0.0
1174 4 3 0.0600 702.5555 -1.061 -0.07
1175 4 3 0.0600 702.4725 0.509 0.888
1176 4 3 0.0600 704.7775 -0.458 0.933
1177 4 3 0.0600 704.6855 1.082 -0.07
1178 4 2 -0.1200 706.4025 0.0 0.0
1179 4 2 -0.1200 707.9105000000001 0.0 0.0
1180 4 3 0.0600 706.0635000000001 -0.07000000000000008 -1.061
1181 4 3 0.0600 705.9805 0.888 0.509
1182 4 3 0.0600 708.2855000000001 0.933 -0.4580000000000001
1183 4 3 0.0600 708.1935000000001 -0.06999999999999994 1.082
1184 4 2 -0.1200 709.9105000000001 0.0 0.0
1185 4 2 -0.1200 711.4185000000001 0.0 0.0
1186 4 3 0.0600 709.5715000000001 -1.061 -0.07
1187 4 3 0.0600 709.4885 0.509 0.888
1188 4 3 0.0600 711.7935000000001 -0.458 0.933
1189 4 3 0.0600 711.7015000000001 1.082 -0.07
1190 4 2 -0.1200 713.4185000000001 0.0 0.0
1191 4 2 -0.1200 714.9265000000001 0.0 0.0
1192 4 3 0.0600 713.0795000000002 0.06999999999999994 -1.061
1193 4 3 0.0600 712.9965000000001 -0.888 0.509
1194 4 3 0.0600 715.3015000000001 -0.933 -0.45799999999999996
1195 4 3 0.0600 715.2095000000002 0.07000000000000008 1.082
1196 4 2 -0.1200 716.9265 0.0 0.0
1197 4 2 -0.1200 718.4345000000001 0.0 0.0
1198 4 3 0.0600 716.5875000000001 -1.061 -0.07
1199 4 3 0.0600 716.5045 0.509 0.888
1200 4 3 0.0600 718.8095000000001 -0.458 0.933
1201 4 3 0.0600 718.7175000000001 1.082 -0.07
1202 4 2 -0.1200 720.1055000000001 0.0 0.0
1203 4 1 -0.1800 721.4395000000001 0.731 0.0009999999999999554
1204 4 3 0.0600 719.4445000000001 0.4630000000000001 0.776
1205 4 3 0.0600 719.6215000000001 0.24099999999999994 -0.969
1206 4 3 0.0600 721.4965000000001 1.401 0.8769999999999999
1207 4 3 0.0600 721.5665000000001 1.38 -0.8920000000000001
1208 4 3 0.0600 722.2715000000001 0.0 0.0
1209 5 1 -0.1800 -0.752 183.1002 0.0
1210 5 2 -0.1200 0.752 183.1002 0.0
1211 5 3 0.0600 -1.103 183.5702 0.954
1212 5 3 0.0600 -1.133 183.7342 -0.836
1213 5 3 0.0600 -1.172 182.0772 -0.096
1214 5 3 0.0600 1.118 184.0782 -0.354
1215 5 3 0.0600 1.201 182.2512 -0.533
1216 5 2 -0.1200 2.75 183.1002 0.0
1217 5 2 -0.1200 4.258 183.1002 0.0
1218 5 3 0.0600 2.411 183.0302 -1.061
1219 5 3 0.0600 2.3280000000000003 183.9882 0.509
1220 5 3 0.0600 4.633 184.0332 -0.4580000000000001
1221 5 3 0.0600 4.541 183.0302 1.082
1222 5 2 -0.1200 6.257999999999999 183.1002 0.0
1223 5 2 -0.1200 7.766 183.1002 0.0
1224 5 3 0.0600 5.919 182.0392 -0.07
1225 5 3 0.0600 5.835999999999999 183.6092 0.888
1226 5 3 0.0600 8.141 182.6422 0.933
1227 5 3 0.0600 8.049 184.1822 -0.07
1228 5 2 -0.1200 9.766 183.1002 0.0
1229 5 2 -0.1200 11.274 183.1002 0.0
1230 5 3 0.0600 9.427 183.1702 -1.061
1231 5 3 0.0600 9.344 182.2122 0.509
1232 5 3 0.0600 11.649 182.1672 -0.45799999999999996
1233 5 3 0.0600 11.556999999999999 183.1702 1.082
1234 5 2 -0.1200 13.274000000000001 183.1002 0.0
1235 5 2 -0.1200 14.782 183.1002 0.0
1236 5 3 0.0600 12.935 182.0392 -0.07
1237 5 3 0.0600 12.852 183.6092 0.888
1238 5 3 0.0600 15.157 182.6422 0.933
1239 5 3 0.0600 15.065000000000001 184.1822 -0.07
1240 5 2 -0.1200 16.782 183.1002 0.0
1241 5 2 -0.1200 18.290000000000003 183.1002 0.0
1242 5 3 0.0600 16.443 183.0302 -1.061
1243 5 3 0.0600 16.360000000000003 183.9882 0.509
1244 5 3 0.0600 18.665000000000003 184.0332 -0.4580000000000001
1245 5 3 0.0600 18.573 183.0302 1.082
1246 5 2 -0.1200 20.29 183.1002 0.0
1247 5 2 -0.1200 21.798000000000002 183.1002 0.0
1248 5 3 0.0600 19.951 182.0392 -0.07
1249 5 3 0.0600 19.868000000000002 183.6092 0.888
1250 5 3 0.0600 22.173000000000002 182.6422 0.933
1251 5 3 0.0600 22.081 184.1822 -0.07
1252 5 2 -0.1200 23.798 183.1002 0.0
1253 5 2 -0.1200 25.306 183.1002 0.0
1254 5 3 0.0600 23.459 183.1702 -1.061
1255 5 3 0.0600 23.376 182.2122 0.509
1256 5 3 0.0600 25.681 182.1672 -0.45799999999999996
1257 5 3 0.0600 25.589 183.1702 1.082
1258 5 2 -0.1200 27.305999999999997 183.1002 0.0
1259 5 2 -0.1200 28.814 183.1002 0.0
1260 5 3 0.0600 26.967 182.0392 0.07
1261 5 3 0.0600 26.884 183.6092 -0.888
1262 5 3 0.0600 29.189 182.6422 -0.933
1263 5 3 0.0600 29.096999999999998 184.1822 0.07
1264 5 2 -0.1200 30.814 183.1002 0.0
1265 5 2 -0.1200 32.322 183.1002 0.0
1266 5 3 0.0600 30.475 183.0302 -1.061
1267 5 3 0.0600 30.392000000000003 183.9882 0.509
1268 5 3 0.0600 32.697 184.0332 -0.4580000000000001
1269 5 3 0.0600 32.605000000000004 183.0302 1.082
1270 5 2 -0.1200 34.322 183.1002 0.0
1271 5 2 -0.1200 35.83 183.1002 0.0
1272 5 3 0.0600 33.983000000000004 182.0392 0.07
1273 5 3 0.0600 33.9 183.6092 -0.888
1274 5 3 0.0600 36.205 182.6422 -0.933
1275 5 3 0.0600 36.113 184.1822 0.07
1276 5 2 -0.1200 37.830000000000005 183.1002 0.0
1277 5 2 -0.1200 39.338 183.1002 0.0
1278 5 3 0.0600 37.491 183.1702 -1.061
1279 5 3 0.0600 37.408 182.2122 0.509
1280 5 3 0.0600 39.713 182.1672 -0.45799999999999996
1281 5 3 0.0600 39.621 183.1702 1.082
1282 5 2 -0.1200 41.338 183.1002 0.0
1283 5 2 -0.1200 42.846 183.1002 0.0
1284 5 3 0.0600 40.998999999999995 182.0392 0.07
1285 5 3 0.0600 40.916 183.6092 -0.888
1286 5 3 0.0600 43.221 182.6422 -0.933
1287 5 3 0.0600 43.129 184.1822 0.07
1288 5 2 -0.1200 44.846000000000004 183.1002 0.0
1289 5 2 -0.1200 46.354 183.1002 0.0
1290 5 3 0.0600 44.507000000000005 183.1702 -1.061
1291 5 3 0.0600 44.424 182.2122 0.509
1292 5 3 0.0600 46.729 182.1672 -0.45799999999999996
1293 5 3 0.0600 46.637 183.1702 1.082
1294 5 2 -0.1200 48.354 183.1002 0.0
1295 5 2 -0.1200 49.861999999999995 183.1002 0.0
1296 5 3 0.0600 48.015 182.0392 0.07
1297 5 3 0.0600 47.931999999999995 183.6092 -0.888
1298 5 3 0.0600 50.236999999999995 182.6422 -0.933
1299 5 3 0.0600 50.144999999999996 184.1822 0.07
1300 5 2 -0.1200 51.862 183.1002 0.0
1301 5 2 -0.1200 53.37 183.1002 0.0
1302 5 3 0.0600 51.522999999999996 183.1702 -1.061
1303 5 3 0.0600 51.44 182.2122 0.509
1304 5 3 0.0600 53.745 182.1672 -0.45799999999999996
1305 5 3 0.0600 53.653 183.1702 1.082
1306 5 2 -0.1200 55.370000000000005 183.1002 0.0
1307 5 2 -0.1200 56.878 183.1002 0.0
1308 5 3 0.0600 55.031000000000006 182.0392 -0.07
1309 5 3 0.0600 54.948 183.6092 0.888
1310 5 3 0.0600 57.253 182.6422 0.933
1311 5 3 0.0600 57.161 184.1822 -0.07
1312 5 2 -0.1200 58.878 183.1002 0.0
1313 5 2 -0.1200 60.385999999999996 183.1002 0.0
1314 5 3 0.0600 58.539 183.1702 -1.061
1315 5 3 0.0600 58.455999999999996 182.2122 0.509
1316 5 3 0.0600 60.760999999999996 182.1672 -0.45799999999999996
1317 5 3 0.0600 60.669 183.1702 1.082
1318 5 2 -0.1200 62.386 183.1002 0.0
1319 5 2 -0.1200 63.894 183.1002 0.0
1320 5 3 0.0600 62.047 182.0392 0.07
1321 5 3 0.0600 61.964 183.6092 -0.888
1322 5 3 0.0600 64.269 182.6422 -0.933
1323 5 3 0.0600 64.177 184.1822 0.07
1324 5 2 -0.1200 65.89399999999999 183.1002 0.0
1325 5 2 -0.1200 67.402 183.1002 0.0
1326 5 3 0.0600 65.55499999999999 183.1702 -1.061
1327 5 3 0.0600 65.472 182.2122 0.509
1328 5 3 0.0600 67.777 182.1672 -0.45799999999999996
1329 5 3 0.0600 67.685 183.1702 1.082
1330 5 2 -0.1200 69.402 183.1002 0.0
1331 5 2 -0.1200 70.91000000000001 183.1002 0.0
1332 5 3 0.0600 69.063 182.0392 -0.07
1333 5 3 0.0600 68.98 183.6092 0.888
1334 5 3 0.0600 71.28500000000001 182.6422 0.933
1335 5 3 0.0600 71.19300000000001 184.1822 -0.07
1336 5 2 -0.1200 72.91 183.1002 0.0
1337 5 2 -0.1200 74.418 183.1002 0.0
1338 5 3 0.0600 72.571 183.1702 -1.061
1339 5 3 0.0600 72.488 182.2122 0.509
1340 5 3 0.0600 74.793 182.1672 -0.45799999999999996
1341 5 3 0.0600 74.70100000000001 183.1702 1.082
1342 5 2 -0.1200 76.41799999999999 183.1002 0.0
1343 5 2 -0.1200 77.926 183.1002 0.0
1344 5 3 0.0600 76.079 182.0392 0.07
1345 5 3 0.0600 75.996 183.6092 -0.888
1346 5 3 0.0600 78.301 182.6422 -0.933
1347 5 3 0.0600 78.209 184.1822 0.07
1348 5 2 -0.1200 79.926 183.1002 0.0
1349 5 2 -0.1200 81.43400000000001 183.1002 0.0
1350 5 3 0.0600 79.587 183.0302 -1.061
1351 5 3 0.0600 79.504 183.9882 0.509
1352 5 3 0.0600 81.80900000000001 184.0332 -0.4580000000000001
1353 5 3 0.0600 81.71700000000001 183.0302 1.082
1354 5 2 -0.1200 83.434 183.1002 0.0
1355 5 2 -0.1200 84.94200000000001 183.1002 0.0
1356 5 3 0.0600 83.095 182.0392 0.07
1357 5 3 0.0600 83.012 183.6092 -0.888
1358 5 3 0.0600 85.31700000000001 182.6422 -0.933
1359 5 3 0.0600 85.22500000000001 184.1822 0.07
1360 5 2 -0.1200 86.942 183.1002 0.0
1361 5 2 -0.1200 88.45 183.1002 0.0
1362 5 3 0.0600 86.603 183.1702 -1.061
1363 5 3 0.0600 86.52 182.2122 0.509
1364 5 3 0.0600 88.825 182.1672 -0.45799999999999996
1365 5 3 0.0600 88.733 183.1702 1.082
1366 5 2 -0.1200 90.44999999999999 183.1002 0.0
1367 5 2 -0.1200 91.958 183.1002 0.0
1368 5 3 0.0600 90.11099999999999 182.0392 -0.07
1369 5 3 0.0600 90.02799999999999 183.6092 0.888
1370 5 3 0.0600 92.333 182.6422 0.933
1371 5 3 0.0600 92.241 184.1822 -0.07
1372 5 2 -0.1200 93.958 183.1002 0.0
1373 5 2 -0.1200 95.46600000000001 183.1002 0.0
1374 5 3 0.0600 93.619 183.1702 -1.061
1375 5 3 0.0600 93.536 182.2122 0.509
1376 5 3 0.0600 95.84100000000001 182.1672 -0.45799999999999996
1377 5 3 0.0600 95.74900000000001 183.1702 1.082
1378 5 2 -0.1200 97.466 183.1002 0.0
1379 5 2 -0.1200 98.974 183.1002 0.0
1380 5 3 0.0600 97.127 182.0392 -0.07
1381 5 3 0.0600 97.044 183.6092 0.888
1382 5 3 0.0600 99.349 182.6422 0.933
1383 5 3 0.0600 99.257 184.1822 -0.07
1384 5 2 -0.1200 100.97399999999999 183.1002 0.0
1385 5 2 -0.1200 102.482 183.1002 0.0
1386 5 3 0.0600 100.63499999999999 183.1702 -1.061
1387 5 3 0.0600 100.55199999999999 182.2122 0.509
1388 5 3 0.0600 102.857 182.1672 -0.45799999999999996
1389 5 3 0.0600 102.765 183.1702 1.082
1390 5 2 -0.1200 104.482 183.1002 0.0
1391 5 2 -0.1200 105.99000000000001 183.1002 0.0
1392 5 3 0.0600 104.143 182.0392 0.07
1393 5 3 0.0600 104.06 183.6092 -0.888
1394 5 3 0.0600 106.36500000000001 182.6422 -0.933
1395 5 3 0.0600 106.27300000000001 184.1822 0.07
1396 5 2 -0.1200 107.99 183.1002 0.0
1397 5 2 -0.1200 109.498 183.1002 0.0
1398 5 3 0.0600 107.651 183.1702 -1.061
1399 5 3 0.0600 107.568 182.2122 0.509
1400 5 3 0.0600 109.873 182.1672 -0.45799999999999996
1401 5 3 0.0600 109.781 183.1702 1.082
1402 5 2 -0.1200 111.49799999999999 183.1002 0.0
1403 5 2 -0.1200 113.006 183.1002 0.0
1404 5 3 0.0600 111.15899999999999 182.0392 -0.07
1405 5 3 0.0600 111.076 183.6092 0.888
1406 5 3 0.0600 113.381 182.6422 0.933
1407 5 3 0.0600 113.289 184.1822 -0.07
1408 5 2 -0.1200 115.006 183.1002 0.0
1409 5 2 -0.1200 116.51400000000001 183.1002 0.0
1410 5 3 0.0600 114.667 183.1702 -1.061
1411 5 3 0.0600 114.584 182.2122 0.509
1412 5 3 0.0600 116.88900000000001 182.1672 -0.45799999999999996
1413 5 3 0.0600 116.79700000000001 183.1702 1.082
1414 5 2 -0.1200 118.514 183.1002 0.0
1415 5 2 -0.1200 120.022 183.1002 0.0
1416 5 3 0.0600 118.175 182.0392 -0.07
1417 5 3 0.0600 118.092 183.6092 0.888
1418 5 3 0.0600 120.397 182.6422 0.933
1419 5 3 0.0600 120.305 184.1822 -0.07
1420 5 2 -0.1200 122.02199999999999 183.1002 0.0
1421 5 2 -0.1200 123.53 183.1002 0.0
1422 5 3 0.0600 121.68299999999999 183.1702 -1.061
1423 5 3 0.0600 121.6 182.2122 0.509
1424 5 3 0.0600 123.905 182.1672 -0.45799999999999996
1425 5 3 0.0600 123.813 183.1702 1.082
1426 5 2 -0.1200 125.53 183.1002 0.0
1427 5 2 -0.1200 127.03800000000001 183.1002 0.0
1428 5 3 0.0600 125.191 182.0392 -0.07
1429 5 3 0.0600 125.108 183.6092 0.888
1430 5 3 0.0600 127.41300000000001 182.6422 0.933
1431 5 3 0.0600 127.32100000000001 184.1822 -0.07
1432 5 2 -0.1200 129.038 183.1002 0.0
1433 5 2 -0.1200 130.546 183.1002 0.0
1434 5 3 0.0600 128.699 183.0302 -1.061
1435 5 3 0.0600 128.616 183.9882 0.509
1436 5 3 0.0600 130.921 184.0332 -0.4580000000000001
1437 5 3 0.0600 130.829 183.0302 1.082
1438 5 2 -0.1200 132.54600000000002 183.1002 0.0
1439 5 2 -0.1200 134.054 183.1002 0.0
1440 5 3 0.0600 132.20700000000002 182.0392 -0.07
1441 5 3 0.0600 132.12400000000002 183.6092 0.888
1442 5 3 0.0600 134.429 182.6422 0.933
1443 5 3 0.0600 134.33700000000002 184.1822 -0.07
1444 5 2 -0.1200 136.054 183.1002 0.0
1445 5 2 -0.1200 137.56199999999998 183.1002 0.0
1446 5 3 0.0600 135.715 183.1702 -1.061
1447 5 3 0.0600 135.632 182.2122 0.509
1448 5 3 0.0600 137.93699999999998 182.1672 -0.45799999999999996
1449 5 3 0.0600 137.845 183.1702 1.082
1450 5 2 -0.1200 139.562 183.1002 0.0
1451 5 2 -0.1200 141.07 183.1002 0.0
1452 5 3 0.0600 139.223 182.0392 -0.07
1453 5 3 0.0600 139.14000000000001 183.6092 0.888
1454 5 3 0.0600 141.445 182.6422 0.933
1455 5 3 0.0600 141.353 184.1822 -0.07
1456 5 2 -0.1200 143.07000000000002 183.1002 0.0
1457 5 2 -0.1200 144.578 183.1002 0.0
1458 5 3 0.0600 142.73100000000002 183.0302 -1.061
1459 5 3 0.0600 142.64800000000002 183.9882 0.509
1460 5 3 0.0600 144.953 184.0332 -0.4580000000000001
1461 5 3 0.0600 144.86100000000002 183.0302 1.082
1462 5 2 -0.1200 146.578 183.1002 0.0
1463 5 2 -0.1200 148.08599999999998 183.1002 0.0
1464 5 3 0.0600 146.239 182.0392 -0.07
1465 5 3 0.0600 146.156 183.6092 0.888
1466 5 3 0.0600 148.46099999999998 182.6422 0.933
1467 5 3 0.0600 148.369 184.1822 -0.07
1468 5 2 -0.1200 150.086 183.1002 0.0
1469 5 2 -0.1200 151.594 183.1002 0.0
1470 5 3 0.0600 149.747 183.1702 -1.061
1471 5 3 0.0600 149.66400000000002 182.2122 0.509
1472 5 3 0.0600 151.969 182.1672 -0.45799999999999996
1473 5 3 0.0600 151.877 183.1702 1.082
1474 5 2 -0.1200 153.59400000000002 183.1002 0.0
1475 5 2 -0.1200 155.102 183.1002 0.0
1476 5 3 0.0600 153.25500000000002 182.0392 0.07
1477 5 3 0.0600 153.17200000000003 183.6092 -0.888
1478 5 3 0.0600 155.477 182.6422 -0.933
1479 5 3 0.0600 155.38500000000002 184.1822 0.07
1480 5 2 -0.1200 157.102 183.1002 0.0
1481 5 2 -0.1200 158.60999999999999 183.1002 0.0
1482 5 3 0.0600 156.763 183.1702 -1.061
1483 5 3 0.0600 156.68 182.2122 0.509
1484 5 3 0.0600 158.98499999999999 182.1672 -0.45799999999999996
1485 5 3 0.0600 158.893 183.1702 1.082
1486 5 2 -0.1200 160.61 183.1002 0.0
1487 5 2 -0.1200 162.118 183.1002 0.0
1488 5 3 0.0600 160.27100000000002 182.0392 -0.07
1489 5 3 0.0600 160.18800000000002 183.6092 0.888
1490 5 3 0.0600 162.493 182.6422 0.933
1491 5 3 0.0600 162.401 184.1822 -0.07
1492 5 2 -0.1200 164.11800000000002 183.1002 0.0
1493 5 2 -0.1200 165.626 183.1002 0.0
1494 5 3 0.0600 163.77900000000002 183.1702 -1.061
1495 5 3 0.0600 163.69600000000003 182.2122 0.509
1496 5 3 0.0600 166.001 182.1672 -0.45799999999999996
1497 5 3 0.0600 165.90900000000002 183.1702 1.082
1498 5 2 -0.1200 167.626 183.1002 0.0
1499 5 2 -0.1200 169.134 183.1002 0.0
1500 5 3 0.0600 167.287 182.0392 -0.07
1501 5 3 0.0600 167.204 183.6092 0.888
1502 5 3 0.0600 169.509 182.6422 0.933
1503 5 3 0.0600 169.417 184.1822 -0.07
1504 5 2 -0.1200 170.805 183.1002 0.0
1505 5 1 -0.1800 172.139 183.8312 0.0009999999999999554
1506 5 3 0.0600 170.144 183.5632 0.776
1507 5 3 0.0600 170.321 183.34120000000001 -0.969
1508 5 3 0.0600 172.196 184.5012 0.8769999999999999
1509 5 3 0.0600 172.266 184.4802 -0.8920000000000001
1510 5 3 0.0600 172.971 183.1002 0.0
1511 6 1 -0.1800 182.3482 183.1002 0.0
1512 6 2 -0.1200 183.8522 183.1002 0.0
1513 6 3 0.0600 181.9972 183.5702 0.954
1514 6 3 0.0600 181.9672 183.7342 -0.836
1515 6 3 0.0600 181.9282 182.0772 -0.096
1516 6 3 0.0600 184.2182 184.0782 -0.354
1517 6 3 0.0600 184.3012 182.2512 -0.533
1518 6 2 -0.1200 185.8502 183.1002 0.0
1519 6 2 -0.1200 187.35819999999998 183.1002 0.0
1520 6 3 0.0600 185.5112 183.1702 -1.061
1521 6 3 0.0600 185.4282 182.2122 0.509
1522 6 3 0.0600 187.73319999999998 182.1672 -0.45799999999999996
1523 6 3 0.0600 187.6412 183.1702 1.082
1524 6 2 -0.1200 189.3582 183.1002 0.0
1525 6 2 -0.1200 190.8662 183.1002 0.0
1526 6 3 0.0600 189.0192 182.0392 0.07
1527 6 3 0.0600 188.9362 183.6092 -0.888
1528 6 3 0.0600 191.2412 182.6422 -0.933
1529 6 3 0.0600 191.1492 184.1822 0.07
1530 6 2 -0.1200 192.86620000000002 183.1002 0.0
1531 6 2 -0.1200 194.3742 183.1002 0.0
1532 6 3 0.0600 192.52720000000002 183.1702 -1.061
1533 6 3 0.0600 192.44420000000002 182.2122 0.509
1534 6 3 0.0600 194.7492 182.1672 -0.45799999999999996
1535 6 3 0.0600 194.65720000000002 183.1702 1.082
1536 6 2 -0.1200 196.3742 183.1002 0.0
1537 6 2 -0.1200 197.88219999999998 183.1002 0.0
1538 6 3 0.0600 196.0352 182.0392 0.07
1539 6 3 0.0600 195.9522 183.6092 -0.888
1540 6 3 0.0600 198.25719999999998 182.6422 -0.933
1541 6 3 0.0600 198.1652 184.1822 0.07
1542 6 2 -0.1200 199.8822 183.1002 0.0
1543 6 2 -0.1200 201.3902 183.1002 0.0
1544 6 3 0.0600 199.5432 183.0302 -1.061
1545 6 3 0.0600 199.46020000000001 183.9882 0.509
1546 6 3 0.0600 201.7652 184.0332 -0.4580000000000001
1547 6 3 0.0600 201.6732 183.0302 1.082
1548 6 2 -0.1200 203.39020000000002 183.1002 0.0
1549 6 2 -0.1200 204.8982 183.1002 0.0
1550 6 3 0.0600 203.05120000000002 182.0392 0.07
1551 6 3 0.0600 202.96820000000002 183.6092 -0.888
1552 6 3 0.0600 205.2732 182.6422 -0.933
1553 6 3 0.0600 205.18120000000002 184.1822 0.07
1554 6 2 -0.1200 206.8982 183.1002 0.0
1555 6 2 -0.1200 208.40619999999998 183.1002 0.0
1556 6 3 0.0600 206.5592 183.0302 -1.061
1557 6 3 0.0600 206.4762 183.9882 0.509
1558 6 3 0.0600 208.78119999999998 184.0332 -0.4580000000000001
1559 6 3 0.0600 208.6892 183.0302 1.082
1560 6 2 -0.1200 210.4062 183.1002 0.0
1561 6 2 -0.1200 211.9142 183.1002 0.0
1562 6 3 0.0600 210.0672 182.0392 0.07
1563 6 3 0.0600 209.98420000000002 183.6092 -0.888
1564 6 3 0.0600 212.2892 182.6422 -0.933
1565 6 3 0.0600 212.1972 184.1822 0.07
1566 6 2 -0.1200 213.91420000000002 183.1002 0.0
1567 6 2 -0.1200 215.4222 183.1002 0.0
1568 6 3 0.0600 213.57520000000002 183.0302 -1.061
1569 6 3 0.0600 213.49220000000003 183.9882 0.509
1570 6 3 0.0600 215.7972 184.0332 -0.4580000000000001
1571 6 3 0.0600 215.70520000000002 183.0302 1.082
1572 6 2 -0.1200 217.4222 183.1002 0.0
1573 6 2 -0.1200 218.93019999999999 183.1002 0.0
1574 6 3 0.0600 217.0832 182.0392 0.07
1575 6 3 0.0600 217.0002 183.6092 -0.888
1576 6 3 0.0600 219.30519999999999 182.6422 -0.933
1577 6 3 0.0600 219.2132 184.1822 0.07
1578 6 2 -0.1200 220.9302 183.1002 0.0
1579 6 2 -0.1200 222.4382 183.1002 0.0
1580 6 3 0.0600 220.59120000000001 183.1702 -1.061
1581 6 3 0.0600 220.50820000000002 182.2122 0.509
1582 6 3 0.0600 222.8132 182.1672 -0.45799999999999996
1583 6 3 0.0600 222.7212 183.1702 1.082
1584 6 2 -0.1200 224.43820000000002 183.1002 0.0
1585 6 2 -0.1200 225.9462 183.1002 0.0
1586 6 3 0.0600 224.09920000000002 182.0392 -0.07
1587 6 3 0.0600 224.01620000000003 183.6092 0.888
1588 6 3 0.0600 226.3212 182.6422 0.933
1589 6 3 0.0600 226.22920000000002 184.1822 -0.07
1590 6 2 -0.1200 227.9462 183.1002 0.0
1591 6 2 -0.1200 229.4542 183.1002 0.0
1592 6 3 0.0600 227.6072 183.0302 -1.061
1593 6 3 0.0600 227.5242 183.9882 0.509
1594 6 3 0.0600 229.8292 184.0332 -0.4580000000000001
1595 6 3 0.0600 229.7372 183.0302 1.082
1596 6 2 -0.1200 231.45420000000001 183.1002 0.0
1597 6 2 -0.1200 232.9622 183.1002 0.0
1598 6 3 0.0600 231.11520000000002 182.0392 -0.07
1599 6 3 0.0600 231.03220000000002 183.6092 0.888
1600 6 3 0.0600 233.3372 182.6422 0.933
1601 6 3 0.0600 233.2452 184.1822 -0.07
1602 6 2 -0.1200 234.96220000000002 183.1002 0.0
1603 6 2 -0.1200 236.4702 183.1002 0.0
1604 6 3 0.0600 234.62320000000003 183.0302 -1.061
1605 6 3 0.0600 234.54020000000003 183.9882 0.509
1606 6 3 0.0600 236.8452 184.0332 -0.4580000000000001
1607 6 3 0.0600 236.75320000000002 183.0302 1.082
1608 6 2 -0.1200 238.4702 183.1002 0.0
1609 6 2 -0.1200 239.9782 183.1002 0.0
1610 6 3 0.0600 238.1312 182.0392 0.07
1611 6 3 0.0600 238.0482 183.6092 -0.888
1612 6 3 0.0600 240.3532 182.6422 -0.933
1613 6 3 0.0600 240.2612 184.1822 0.07
1614 6 2 -0.1200 241.97820000000002 183.1002 0.0
1615 6 2 -0.1200 243.4862 183.1002 0.0
1616 6 3 0.0600 241.63920000000002 183.1702 -1.061
1617 6 3 0.0600 241.55620000000002 182.2122 0.509
1618 6 3 0.0600 243.8612 182.1672 -0.45799999999999996
1619 6 3 0.0600 243.7692 183.1702 1.082
1620 6 2 -0.1200 245.48620000000003 183.1002 0.0
1621 6 2 -0.1200 246.9942 183.1002 0.0
1622 6 3 0.0600 245.14720000000003 182.0392 0.07
1623 6 3 0.0600 245.06420000000003 183.6092 -0.888
1624 6 3 0.0600 247.3692 182.6422 -0.933
1625 6 3 0.0600 247.27720000000002 184.1822 0.07
1626 6 2 -0.1200 248.9942 183.1002 0.0
1627 6 2 -0.1200 250.5022 183.1002 0.0
1628 6 3 0.0600 248.6552 183.1702 -1.061
1629 6 3 0.0600 248.5722 182.2122 0.509
1630 6 3 0.0600 250.8772 182.1672 -0.45799999999999996
1631 6 3 0.0600 250.7852 183.1702 1.082
1632 6 2 -0.1200 252.50220000000002 183.1002 0.0
1633 6 2 -0.1200 254.0102 183.1002 0.0
1634 6 3 0.0600 252.16320000000002 182.0392 0.07
1635 6 3 0.0600 252.08020000000002 183.6092 -0.888
1636 6 3 0.0600 254.3852 182.6422 -0.933
1637 6 3 0.0600 254.2932 184.1822 0.07
1638 6 2 -0.1200 256.0102 183.1002 0.0
1639 6 2 -0.1200 257.51820000000004 183.1002 0.0
1640 6 3 0.0600 255.67120000000003 183.0302 -1.061
1641 6 3 0.0600 255.58820000000003 183.9882 0.509
1642 6 3 0.0600 257.89320000000004 184.0332 -0.4580000000000001
1643 6 3 0.0600 257.8012 183.0302 1.082
1644 6 2 -0.1200 259.5182 183.1002 0.0
1645 6 2 -0.1200 261.0262 183.1002 0.0
1646 6 3 0.0600 259.1792 182.0392 -0.07
1647 6 3 0.0600 259.0962 183.6092 0.888
1648 6 3 0.0600 261.4012 182.6422 0.933
1649 6 3 0.0600 261.3092 184.1822 -0.07
1650 6 2 -0.1200 263.0262 183.1002 0.0
1651 6 2 -0.1200 264.53420000000006 183.1002 0.0
1652 6 3 0.0600 262.6872 183.0302 -1.061
1653 6 3 0.0600 262.60420000000005 183.9882 0.509
1654 6 3 0.0600 264.90920000000006 184.0332 -0.4580000000000001
1655 6 3 0.0600 264.8172 183.0302 1.082
1656 6 2 -0.1200 266.5342 183.1002 0.0
1657 6 2 -0.1200 268.04220000000004 183.1002 0.0
1658 6 3 0.0600 266.1952 182.0392 -0.07
1659 6 3 0.0600 266.11220000000003 183.6092 0.888
1660 6 3 0.0600 268.41720000000004 182.6422 0.933
1661 6 3 0.0600 268.3252 184.1822 -0.07
1662 6 2 -0.1200 270.0422 183.1002 0.0
1663 6 2 -0.1200 271.5502 183.1002 0.0
1664 6 3 0.0600 269.7032 183.1702 -1.061
1665 6 3 0.0600 269.6202 182.2122 0.509
1666 6 3 0.0600 271.9252 182.1672 -0.45799999999999996
1667 6 3 0.0600 271.8332 183.1702 1.082
1668 6 2 -0.1200 273.55019999999996 183.1002 0.0
1669 6 2 -0.1200 275.0582 183.1002 0.0
1670 6 3 0.0600 273.21119999999996 182.0392 0.07
1671 6 3 0.0600 273.1282 183.6092 -0.888
1672 6 3 0.0600 275.4332 182.6422 -0.933
1673 6 3 0.0600 275.34119999999996 184.1822 0.07
1674 6 2 -0.1200 277.0582 183.1002 0.0
1675 6 2 -0.1200 278.56620000000004 183.1002 0.0
1676 6 3 0.0600 276.7192 183.0302 -1.061
1677 6 3 0.0600 276.63620000000003 183.9882 0.509
1678 6 3 0.0600 278.94120000000004 184.0332 -0.4580000000000001
1679 6 3 0.0600 278.8492 183.0302 1.082
1680 6 2 -0.1200 280.5662 183.1002 0.0
1681 6 2 -0.1200 282.0742 183.1002 0.0
1682 6 3 0.0600 280.2272 182.0392 0.07
1683 6 3 0.0600 280.1442 183.6092 -0.888
1684 6 3 0.0600 282.4492 182.6422 -0.933
1685 6 3 0.0600 282.3572 184.1822 0.07
1686 6 2 -0.1200 284.07419999999996 183.1002 0.0
1687 6 2 -0.1200 285.5822 183.1002 0.0
1688 6 3 0.0600 283.73519999999996 183.1702 -1.061
1689 6 3 0.0600 283.6522 182.2122 0.509
1690 6 3 0.0600 285.9572 182.1672 -0.45799999999999996
1691 6 3 0.0600 285.86519999999996 183.1702 1.082
1692 6 2 -0.1200 287.5822 183.1002 0.0
1693 6 2 -0.1200 289.09020000000004 183.1002 0.0
1694 6 3 0.0600 287.2432 182.0392 -0.07
1695 6 3 0.0600 287.16020000000003 183.6092 0.888
1696 6 3 0.0600 289.46520000000004 182.6422 0.933
1697 6 3 0.0600 289.3732 184.1822 -0.07
1698 6 2 -0.1200 291.0902 183.1002 0.0
1699 6 2 -0.1200 292.5982 183.1002 0.0
1700 6 3 0.0600 290.7512 183.0302 -1.061
1701 6 3 0.0600 290.6682 183.9882 0.509
1702 6 3 0.0600 292.9732 184.0332 -0.4580000000000001
1703 6 3 0.0600 292.8812 183.0302 1.082
1704 6 2 -0.1200 294.59819999999996 183.1002 0.0
1705 6 2 -0.1200 296.1062 183.1002 0.0
1706 6 3 0.0600 294.25919999999996 182.0392 -0.07
1707 6 3 0.0600 294.1762 183.6092 0.888
1708 6 3 0.0600 296.4812 182.6422 0.933
1709 6 3 0.0600 296.38919999999996 184.1822 -0.07
1710 6 2 -0.1200 298.1062 183.1002 0.0
1711 6 2 -0.1200 299.61420000000004 183.1002 0.0
1712 6 3 0.0600 297.7672 183.1702 -1.061
1713 6 3 0.0600 297.68420000000003 182.2122 0.509
1714 6 3 0.0600 299.98920000000004 182.1672 -0.45799999999999996
1715 6 3 0.0600 299.8972 183.1702 1.082
1716 6 2 -0.1200 301.6142 183.1002 0.0
1717 6 2 -0.1200 303.1222 183.1002 0.0
1718 6 3 0.0600 301.2752 182.0392 0.07
1719 6 3 0.0600 301.1922 183.6092 -0.888
1720 6 3 0.0600 303.4972 182.6422 -0.933
1721 6 3 0.0600 303.4052 184.1822 0.07
1722 6 2 -0.1200 305.12219999999996 183.1002 0.0
1723 6 2 -0.1200 306.6302 183.1002 0.0
1724 6 3 0.0600 304.78319999999997 183.0302 -1.061
1725 6 3 0.0600 304.7002 183.9882 0.509
1726 6 3 0.0600 307.0052 184.0332 -0.4580000000000001
1727 6 3 0.0600 306.91319999999996 183.0302 1.082
1728 6 2 -0.1200 308.6302 183.1002 0.0
1729 6 2 -0.1200 310.13820000000004 183.1002 0.0
1730 6 3 0.0600 308.2912 182.0392 0.07
1731 6 3 0.0600 308.20820000000003 183.6092 -0.888
1732 6 3 0.0600 310.51320000000004 182.6422 -0.933
1733 6 3 0.0600 310.4212 184.1822 0.07
1734 6 2 -0.1200 312.1382 183.1002 0.0
1735 6 2 -0.1200 313.6462 183.1002 0.0
1736 6 3 0.0600 311.7992 183.1702 -1.061
1737 6 3 0.0600 311.7162 182.2122 0.509
1738 6 3 0.0600 314.0212 182.1672 -0.45799999999999996
1739 6 3 0.0600 313.9292 183.1702 1.082
1740 6 2 -0.1200 315.6462 183.1002 0.0
1741 6 2 -0.1200 317.15420000000006 183.1002 0.0
1742 6 3 0.0600 315.3072 182.0392 -0.07
1743 6 3 0.0600 315.22420000000005 183.6092 0.888
1744 6 3 0.0600 317.52920000000006 182.6422 0.933
1745 6 3 0.0600 317.4372 184.1822 -0.07
1746 6 2 -0.1200 319.15419999999995 183.1002 0.0
1747 6 2 -0.1200 320.6622 183.1002 0.0
1748 6 3 0.0600 318.81519999999995 183.1702 -1.061
1749 6 3 0.0600 318.7322 182.2122 0.509
1750 6 3 0.0600 321.0372 182.1672 -0.45799999999999996
1751 6 3 0.0600 320.94519999999994 183.1702 1.082
1752 6 2 -0.1200 322.6622 183.1002 0.0
1753 6 2 -0.1200 324.1702 183.1002 0.0
1754 6 3 0.0600 322.3232 182.0392 0.07
1755 6 3 0.0600 322.2402 183.6092 -0.888
1756 6 3 0.0600 324.5452 182.6422 -0.933
1757 6 3 0.0600 324.4532 184.1822 0.07
1758 6 2 -0.1200 326.1702 183.1002 0.0
1759 6 2 -0.1200 327.67820000000006 183.1002 0.0
1760 6 3 0.0600 325.8312 183.1702 -1.061
1761 6 3 0.0600 325.74820000000005 182.2122 0.509
1762 6 3 0.0600 328.05320000000006 182.1672 -0.45799999999999996
1763 6 3 0.0600 327.9612 183.1702 1.082
1764 6 2 -0.1200 329.67819999999995 183.1002 0.0
1765 6 2 -0.1200 331.1862 183.1002 0.0
1766 6 3 0.0600 329.33919999999995 182.0392 -0.07
1767 6 3 0.0600 329.2562 183.6092 0.888
1768 6 3 0.0600 331.5612 182.6422 0.933
1769 6 3 0.0600 331.46919999999994 184.1822 -0.07
1770 6 2 -0.1200 333.1862 183.1002 0.0
1771 6 2 -0.1200 334.6942 183.1002 0.0
1772 6 3 0.0600 332.8472 183.0302 -1.061
1773 6 3 0.0600 332.7642 183.9882 0.509
1774 6 3 0.0600 335.0692 184.0332 -0.4580000000000001
1775 6 3 0.0600 334.9772 183.0302 1.082
1776 6 2 -0.1200 336.6942 183.1002 0.0
1777 6 2 -0.1200 338.20220000000006 183.1002 0.0
1778 6 3 0.0600 336.3552 182.0392 -0.07
1779 6 3 0.0600 336.27220000000005 183.6092 0.888
1780 6 3 0.0600 338.57720000000006 182.6422 0.933
1781 6 3 0.0600 338.4852 184.1822 -0.07
1782 6 2 -0.1200 340.20219999999995 183.1002 0.0
1783 6 2 -0.1200 341.7102 183.1002 0.0
1784 6 3 0.0600 339.86319999999995 183.0302 -1.061
1785 6 3 0.0600 339.7802 183.9882 0.509
1786 6 3 0.0600 342.0852 184.0332 -0.4580000000000001
1787 6 3 0.0600 341.99319999999994 183.0302 1.082
1788 6 2 -0.1200 343.7102 183.1002 0.0
1789 6 2 -0.1200 345.2182 183.1002 0.0
1790 6 3 0.0600 343.3712 182.0392 -0.07
1791 6 3 0.0600 343.2882 183.6092 0.888
1792 6 3 0.0600 345.5932 182.6422 0.933
1793 6 3 0.0600 345.5012 184.1822 -0.07
1794 6 2 -0.1200 347.2182 183.1002 0.0
1795 6 2 -0.1200 348.72620000000006 183.1002 0.0
1796 6 3 0.0600 346.8792 183.0302 -1.061
1797 6 3 0.0600 346.79620000000006 183.9882 0.509
1798 6 3 0.0600 349.10120000000006 184.0332 -0.4580000000000001
1799 6 3 0.0600 349.0092 183.0302 1.082
1800 6 2 -0.1200 350.72619999999995 183.1002 0.0
1801 6 2 -0.1200 352.2342 183.1002 0.0
1802 6 3 0.0600 350.38719999999995 182.0392 -0.07
1803 6 3 0.0600 350.3042 183.6092 0.888
1804 6 3 0.0600 352.6092 182.6422 0.933
1805 6 3 0.0600 352.51719999999995 184.1822 -0.07
1806 6 2 -0.1200 353.9052 183.1002 0.0
1807 6 1 -0.1800 355.2392 183.8312 0.0009999999999999554
1808 6 3 0.0600 353.2442 183.5632 0.776
1809 6 3 0.0600 353.4212 183.34120000000001 -0.969
1810 6 3 0.0600 355.2962 184.5012 0.8769999999999999
1811 6 3 0.0600 355.3662 184.4802 -0.8920000000000001
1812 6 3 0.0600 356.07120000000003 183.1002 0.0
1813 7 1 -0.1800 365.4483 183.1002 0.0
1814 7 2 -0.1200 366.95230000000004 183.1002 0.0
1815 7 3 0.0600 365.0973 183.5702 0.954
1816 7 3 0.0600 365.06730000000005 183.7342 -0.836
1817 7 3 0.0600 365.0283 182.0772 -0.096
1818 7 3 0.0600 367.3183 184.0782 -0.354
1819 7 3 0.0600 367.40130000000005 182.2512 -0.533
1820 7 2 -0.1200 368.9503 183.1002 0.0
1821 7 2 -0.1200 370.45830000000007 183.1002 0.0
1822 7 3 0.0600 368.6113 183.0302 -1.061
1823 7 3 0.0600 368.52830000000006 183.9882 0.509
1824 7 3 0.0600 370.83330000000007 184.0332 -0.4580000000000001
1825 7 3 0.0600 370.7413 183.0302 1.082
1826 7 2 -0.1200 372.4583 183.1002 0.0
1827 7 2 -0.1200 373.96630000000005 183.1002 0.0
1828 7 3 0.0600 372.1193 182.0392 0.07
1829 7 3 0.0600 372.03630000000004 183.6092 -0.888
1830 7 3 0.0600 374.34130000000005 182.6422 -0.933
1831 7 3 0.0600 374.2493 184.1822 0.07
1832 7 2 -0.1200 375.9663 183.1002 0.0
1833 7 2 -0.1200 377.4743 183.1002 0.0
1834 7 3 0.0600 375.6273 183.0302 -1.061
1835 7 3 0.0600 375.5443 183.9882 0.509
1836 7 3 0.0600 377.8493 184.0332 -0.4580000000000001
1837 7 3 0.0600 377.7573 183.0302 1.082
1838 7 2 -0.1200 379.4743 183.1002 0.0
1839 7 2 -0.1200 380.98230000000007 183.1002 0.0
1840 7 3 0.0600 379.13530000000003 182.0392 -0.07
1841 7 3 0.0600 379.05230000000006 183.6092 0.888
1842 7 3 0.0600 381.35730000000007 182.6422 0.933
1843 7 3 0.0600 381.2653 184.1822 -0.07
1844 7 2 -0.1200 382.9823 183.1002 0.0
1845 7 2 -0.1200 384.49030000000005 183.1002 0.0
1846 7 3 0.0600 382.6433 183.0302 -1.061
1847 7 3 0.0600 382.56030000000004 183.9882 0.509
1848 7 3 0.0600 384.86530000000005 184.0332 -0.4580000000000001
1849 7 3 0.0600 384.7733 183.0302 1.082
1850 7 2 -0.1200 386.4903 183.1002 0.0
1851 7 2 -0.1200 387.99830000000003 183.1002 0.0
1852 7 3 0.0600 386.1513 182.0392 0.07
1853 7 3 0.0600 386.0683 183.6092 -0.888
1854 7 3 0.0600 388.37330000000003 182.6422 -0.933
1855 7 3 0.0600 388.2813 184.1822 0.07
1856 7 2 -0.1200 389.99830000000003 183.1002 0.0
1857 7 2 -0.1200 391.50630000000007 183.1002 0.0
1858 7 3 0.0600 389.65930000000003 183.0302 -1.061
1859 7 3 0.0600 389.57630000000006 183.9882 0.509
1860 7 3 0.0600 391.88130000000007 184.0332 -0.4580000000000001
1861 7 3 0.0600 391.7893 183.0302 1.082
1862 7 2 -0.1200 393.5063 183.1002 0.0
1863 7 2 -0.1200 395.01430000000005 183.1002 0.0
1864 7 3 0.0600 393.1673 182.0392 -0.07
1865 7 3 0.0600 393.08430000000004 183.6092 0.888
1866 7 3 0.0600 395.38930000000005 182.6422 0.933
1867 7 3 0.0600 395.2973 184.1822 -0.07
1868 7 2 -0.1200 397.0143 183.1002 0.0
1869 7 2 -0.1200 398.52230000000003 183.1002 0.0
1870 7 3 0.0600 396.6753 183.1702 -1.061
1871 7 3 0.0600 396.5923 182.2122 0.509
1872 7 3 0.0600 398.89730000000003 182.1672 -0.45799999999999996
1873 7 3 0.0600 398.8053 183.1702 1.082
1874 7 2 -0.1200 400.52230000000003 183.1002 0.0
1875 7 2 -0.1200 402.03030000000007 183.1002 0.0
1876 7 3 0.0600 400.18330000000003 182.0392 0.07
1877 7 3 0.0600 400.10030000000006 183.6092 -0.888
1878 7 3 0.0600 402.40530000000007 182.6422 -0.933
1879 7 3 0.0600 402.3133 184.1822 0.07
1880 7 2 -0.1200 404.0303 183.1002 0.0
1881 7 2 -0.1200 405.53830000000005 183.1002 0.0
1882 7 3 0.0600 403.6913 183.1702 -1.061
1883 7 3 0.0600 403.60830000000004 182.2122 0.509
1884 7 3 0.0600 405.91330000000005 182.1672 -0.45799999999999996
1885 7 3 0.0600 405.8213 183.1702 1.082
1886 7 2 -0.1200 407.5383 183.1002 0.0
1887 7 2 -0.1200 409.04630000000003 183.1002 0.0
1888 7 3 0.0600 407.1993 182.0392 -0.07
1889 7 3 0.0600 407.1163 183.6092 0.888
1890 7 3 0.0600 409.42130000000003 182.6422 0.933
1891 7 3 0.0600 409.3293 184.1822 -0.07
1892 7 2 -0.1200 411.04630000000003 183.1002 0.0
1893 7 2 -0.1200 412.55430000000007 183.1002 0.0
1894 7 3 0.0600 410.70730000000003 183.0302 -1.061
1895 7 3 0.0600 410.62430000000006 183.9882 0.509
1896 7 3 0.0600 412.92930000000007 184.0332 -0.4580000000000001
1897 7 3 0.0600 412.8373 183.0302 1.082
1898 7 2 -0.1200 414.5543 183.1002 0.0
1899 7 2 -0.1200 416.06230000000005 183.1002 0.0
1900 7 3 0.0600 414.2153 182.0392 0.07
1901 7 3 0.0600 414.13230000000004 183.6092 -0.888
1902 7 3 0.0600 416.43730000000005 182.6422 -0.933
1903 7 3 0.0600 416.3453 184.1822 0.07
1904 7 2 -0.1200 418.0623 183.1002 0.0
1905 7 2 -0.1200 419.57030000000003 183.1002 0.0
1906 7 3 0.0600 417.7233 183.1702 -1.061
1907 7 3 0.0600 417.6403 182.2122 0.509
1908 7 3 0.0600 419.94530000000003 182.1672 -0.45799999999999996
1909 7 3 0.0600 419.8533 183.1702 1.082
1910 7 2 -0.1200 421.57030000000003 183.1002 0.0
1911 7 2 -0.1200 423.07830000000007 183.1002 0.0
1912 7 3 0.0600 421.23130000000003 182.0392 0.07
1913 7 3 0.0600 421.14830000000006 183.6092 -0.888
1914 7 3 0.0600 423.45330000000007 182.6422 -0.933
1915 7 3 0.0600 423.3613 184.1822 0.07
1916 7 2 -0.1200 425.0783 183.1002 0.0
1917 7 2 -0.1200 426.58630000000005 183.1002 0.0
1918 7 3 0.0600 424.7393 183.1702 -1.061
1919 7 3 0.0600 424.65630000000004 182.2122 0.509
1920 7 3 0.0600 426.96130000000005 182.1672 -0.45799999999999996
1921 7 3 0.0600 426.8693 183.1702 1.082
1922 7 2 -0.1200 428.5863 183.1002 0.0
1923 7 2 -0.1200 430.09430000000003 183.1002 0.0
1924 7 3 0.0600 428.2473 182.0392 0.07
1925 7 3 0.0600 428.1643 183.6092 -0.888
1926 7 3 0.0600 430.46930000000003 182.6422 -0.933
1927 7 3 0.0600 430.3773 184.1822 0.07
1928 7 2 -0.1200 432.0943 183.1002 0.0
1929 7 2 -0.1200 433.6023 183.1002 0.0
1930 7 3 0.0600 431.7553 183.0302 -1.061
1931 7 3 0.0600 431.6723 183.9882 0.509
1932 7 3 0.0600 433.9773 184.0332 -0.4580000000000001
1933 7 3 0.0600 433.8853 183.0302 1.082
1934 7 2 -0.1200 435.6023 183.1002 0.0
1935 7 2 -0.1200 437.11030000000005 183.1002 0.0
1936 7 3 0.0600 435.2633 182.0392 -0.07
1937 7 3 0.0600 435.18030000000005 183.6092 0.888
1938 7 3 0.0600 437.48530000000005 182.6422 0.933
1939 7 3 0.0600 437.3933 184.1822 -0.07
1940 7 2 -0.1200 439.1103 183.1002 0.0
1941 7 2 -0.1200 440.61830000000003 183.1002 0.0
1942 7 3 0.0600 438.7713 183.1702 -1.061
1943 7 3 0.0600 438.6883 182.2122 0.509
1944 7 3 0.0600 440.99330000000003 182.1672 -0.45799999999999996
1945 7 3 0.0600 440.9013 183.1702 1.082
1946 7 2 -0.1200 442.6183 183.1002 0.0
1947 7 2 -0.1200 444.1263 183.1002 0.0
1948 7 3 0.0600 442.2793 182.0392 0.07
1949 7 3 0.0600 442.1963 183.6092 -0.888
1950 7 3 0.0600 444.5013 182.6422 -0.933
1951 7 3 0.0600 444.4093 184.1822 0.07
1952 7 2 -0.1200 446.1263 183.1002 0.0
1953 7 2 -0.1200 447.63430000000005 183.1002 0.0
1954 7 3 0.0600 445.7873 183.1702 -1.061
1955 7 3 0.0600 445.70430000000005 182.2122 0.509
1956 7 3 0.0600 448.00930000000005 182.1672 -0.45799999999999996
1957 7 3 0.0600 447.9173 183.1702 1.082
1958 7 2 -0.1200 449.6343 183.1002 0.0
1959 7 2 -0.1200 451.14230000000003 183.1002 0.0
1960 7 3 0.0600 449.2953 182.0392 -0.07
1961 7 3 0.0600 449.2123 183.6092 0.888
1962 7 3 0.0600 451.51730000000003 182.6422 0.933
1963 7 3 0.0600 451.4253 184.1822 -0.07
1964 7 2 -0.1200 453.1423 183.1002 0.0
1965 7 2 -0.1200 454.6503 183.1002 0.0
1966 7 3 0.0600 452.8033 183.0302 -1.061
1967 7 3 0.0600 452.7203 183.9882 0.509
1968 7 3 0.0600 455.0253 184.0332 -0.4580000000000001
1969 7 3 0.0600 454.9333 183.0302 1.082
1970 7 2 -0.1200 456.6503 183.1002 0.0
1971 7 2 -0.1200 458.15830000000005 183.1002 0.0
1972 7 3 0.0600 456.3113 182.0392 -0.07
1973 7 3 0.0600 456.22830000000005 183.6092 0.888
1974 7 3 0.0600 458.53330000000005 182.6422 0.933
1975 7 3 0.0600 458.4413 184.1822 -0.07
1976 7 2 -0.1200 460.1583 183.1002 0.0
1977 7 2 -0.1200 461.66630000000004 183.1002 0.0
1978 7 3 0.0600 459.8193 183.1702 -1.061
1979 7 3 0.0600 459.7363 182.2122 0.509
1980 7 3 0.0600 462.04130000000004 182.1672 -0.45799999999999996
1981 7 3 0.0600 461.9493 183.1702 1.082
1982 7 2 -0.1200 463.6663 183.1002 0.0
1983 7 2 -0.1200 465.1743 183.1002 0.0
1984 7 3 0.0600 463.3273 182.0392 -0.07
1985 7 3 0.0600 463.2443 183.6092 0.888
1986 7 3 0.0600 465.5493 182.6422 0.933
1987 7 3 0.0600 465.4573 184.1822 -0.07
1988 7 2 -0.1200 467.1743 183.1002 0.0
1989 7 2 -0.1200 468.68230000000005 183.1002 0.0
1990 7 3 0.0600 466.8353 183.1702 -1.061
1991 7 3 0.0600 466.75230000000005 182.2122 0.509
1992 7 3 0.0600 469.05730000000005 182.1672 -0.45799999999999996
1993 7 3 0.0600 468.9653 183.1702 1.082
1994 7 2 -0.1200 470.6823 183.1002 0.0
1995 7 2 -0.1200 472.19030000000004 183.1002 0.0
1996 7 3 0.0600 470.3433 182.0392 0.07
1997 7 3 0.0600 470.26030000000003 183.6092 -0.888
1998 7 3 0.0600 472.56530000000004 182.6422 -0.933
1999 7 3 0.0600 472.4733 184.1822 0.07
2000 7 2 -0.1200 474.1903 183.1002 0.0
2001 7 2 -0.1200 475.6983 183.1002 0.0
2002 7 3 0.0600 473.8513 183.1702 -1.061
2003 7 3 0.0600 473.7683 182.2122 0.509
2004 7 3 0.0600 476.0733 182.1672 -0.45799999999999996
2005 7 3 0.0600 475.9813 183.1702 1.082
2006 7 2 -0.1200 477.6983 183.1002 0.0
2007 7 2 -0.1200 479.20630000000006 183.1002 0.0
2008 7 3 0.0600 477.3593 182.0392 -0.07
2009 7 3 0.0600 477.27630000000005 183.6092 0.888
2010 7 3 0.0600 479.58130000000006 182.6422 0.933
2011 7 3 0.0600 479.4893 184.1822 -0.07
2012 7 2 -0.1200 481.2063 183.1002 0.0
2013 7 2 -0.1200 482.71430000000004 183.1002 0.0
2014 7 3 0.0600 480.8673 183.1702 -1.061
2015 7 3 0.0600 480.78430000000003 182.2122 0.509
2016 7 3 0.0600 483.08930000000004 182.1672 -0.45799999999999996
2017 7 3 0.0600 482.9973 183.1702 1.082
2018 7 2 -0.1200 484.7143 183.1002 0.0
2019 7 2 -0.1200 486.2223 183.1002 0.0
2020 7 3 0.0600 484.3753 182.0392 0.07
2021 7 3 0.0600 484.2923 183.6092 -0.888
2022 7 3 0.0600 486.5973 182.6422 -0.933
2023 7 3 0.0600 486.5053 184.1822 0.07
2024 7 2 -0.1200 488.2223 183.1002 0.0
2025 7 2 -0.1200 489.73030000000006 183.1002 0.0
2026 7 3 0.0600 487.8833 183.0302 -1.061
2027 7 3 0.0600 487.80030000000005 183.9882 0.509
2028 7 3 0.0600 490.10530000000006 184.0332 -0.4580000000000001
2029 7 3 0.0600 490.0133 183.0302 1.082
2030 7 2 -0.1200 491.7303 183.1002 0.0
2031 7 2 -0.1200 493.23830000000004 183.1002 0.0
2032 7 3 0.0600 491.3913 182.0392 0.07
2033 7 3 0.0600 491.30830000000003 183.6092 -0.888
2034 7 3 0.0600 493.61330000000004 182.6422 -0.933
2035 7 3 0.0600 493.5213 184.1822 0.07
2036 7 2 -0.1200 495.2383 183.1002 0.0
2037 7 2 -0.1200 496.7463 183.1002 0.0
2038 7 3 0.0600 494.8993 183.1702 -1.061
2039 7 3 0.0600 494.8163 182.2122 0.509
2040 7 3 0.0600 497.1213 182.1672 -0.45799999999999996
2041 7 3 0.0600 497.0293 183.1702 1.082
2042 7 2 -0.1200 498.7463 183.1002 0.0
2043 7 2 -0.1200 500.25430000000006 183.1002 0.0
2044 7 3 0.0600 498.4073 182.0392 -0.07
2045 7 3 0.0600 498.32430000000005 183.6092 0.888
2046 7 3 0.0600 500.62930000000006 182.6422 0.933
2047 7 3 0.0600 500.5373 184.1822 -0.07
2048 7 2 -0.1200 502.2543 183.1002 0.0
2049 7 2 -0.1200 503.76230000000004 183.1002 0.0
2050 7 3 0.0600 501.9153 183.0302 -1.061
2051 7 3 0.0600 501.83230000000003 183.9882 0.509
2052 7 3 0.0600 504.13730000000004 184.0332 -0.4580000000000001
2053 7 3 0.0600 504.0453 183.0302 1.082
2054 7 2 -0.1200 505.7623 183.1002 0.0
2055 7 2 -0.1200 507.2703 183.1002 0.0
2056 7 3 0.0600 505.4233 182.0392 0.07
2057 7 3 0.0600 505.3403 183.6092 -0.888
2058 7 3 0.0600 507.6453 182.6422 -0.933
2059 7 3 0.0600 507.5533 184.1822 0.07
2060 7 2 -0.1200 509.2703 183.1002 0.0
2061 7 2 -0.1200 510.77830000000006 183.1002 0.0
2062 7 3 0.0600 508.9313 183.0302 -1.061
2063 7 3 0.0600 508.84830000000005 183.9882 0.509
2064 7 3 0.0600 511.15330000000006 184.0332 -0.4580000000000001
2065 7 3 0.0600 511.0613 183.0302 1.082
2066 7 2 -0.1200 512.7783000000001 183.1002 0.0
2067 7 2 -0.1200 514.2863000000001 183.1002 0.0
2068 7 3 0.0600 512.4393000000001 182.0392 0.07
2069 7 3 0.0600 512.3563 183.6092 -0.888
2070 7 3 0.0600 514.6613000000001 182.6422 -0.933
2071 7 3 0.0600 514.5693000000001 184.1822 0.07
2072 7 2 -0.1200 516.2863 183.1002 0.0
2073 7 2 -0.1200 517.7943 183.1002 0.0
2074 7 3 0.0600 515.9473 183.0302 -1.061
2075 7 3 0.0600 515.8643 183.9882 0.509
2076 7 3 0.0600 518.1693 184.0332 -0.4580000000000001
2077 7 3 0.0600 518.0773 183.0302 1.082
2078 7 2 -0.1200 519.7943 183.1002 0.0
2079 7 2 -0.1200 521.3023000000001 183.1002 0.0
2080 7 3 0.0600 519.4553000000001 182.0392 0.07
2081 7 3 0.0600 519.3723 183.6092 -0.888
2082 7 3 0.0600 521.6773000000001 182.6422 -0.933
2083 7 3 0.0600 521.5853000000001 184.1822 0.07
2084 7 2 -0.1200 523.3023 183.1002 0.0
2085 7 2 -0.1200 524.8103 183.1002 0.0
2086 7 3 0.0600 522.9633 183.0302 -1.061
2087 7 3 0.0600 522.8802999999999 183.9882 0.509
2088 7 3 0.0600 525.1853 184.0332 -0.4580000000000001
2089 7 3 0.0600 525.0933 183.0302 1.082
2090 7 2 -0.1200 526.8103 183.1002 0.0
2091 7 2 -0.1200 528.3183 183.1002 0.0
2092 7 3 0.0600 526.4713 182.0392 -0.07
2093 7 3 0.0600 526.3883 183.6092 0.888
2094 7 3 0.0600 528.6933 182.6422 0.933
2095 7 3 0.0600 528.6013 184.1822 -0.07
2096 7 2 -0.1200 530.3183 183.1002 0.0
2097 7 2 -0.1200 531.8263000000001 183.1002 0.0
2098 7 3 0.0600 529.9793000000001 183.0302 -1.061
2099 7 3 0.0600 529.8963 183.9882 0.509
2100 7 3 0.0600 532.2013000000001 184.0332 -0.4580000000000001
2101 7 3 0.0600 532.1093000000001 183.0302 1.082
2102 7 2 -0.1200 533.8263000000001 183.1002 0.0
2103 7 2 -0.1200 535.3343000000001 183.1002 0.0
2104 7 3 0.0600 533.4873000000001 182.0392 -0.07
2105 7 3 0.0600 533.4043 183.6092 0.888
2106 7 3 0.0600 535.7093000000001 182.6422 0.933
2107 7 3 0.0600 535.6173000000001 184.1822 -0.07
2108 7 2 -0.1200 537.0053 183.1002 0.0
2109 7 1 -0.1800 538.3393 183.8312 0.0009999999999999554
2110 7 3 0.0600 536.3443 183.5632 0.776
2111 7 3 0.0600 536.5213 183.34120000000001 -0.969
2112 7 3 0.0600 538.3963 184.5012 0.8769999999999999
2113 7 3 0.0600 538.4663 184.4802 -0.8920000000000001
2114 7 3 0.0600 539.1713 183.1002 0.0
2115 8 1 -0.1800 548.5485000000001 183.1002 0.0
2116 8 2 -0.1200 550.0525 183.1002 0.0
2117 8 3 0.0600 548.1975000000001 183.5702 -0.954
2118 8 3 0.0600 548.1675 183.7342 0.836
2119 8 3 0.0600 548.1285 182.0772 0.096
2120 8 3 0.0600 550.4185000000001 184.0782 0.354
2121 8 3 0.0600 550.5015000000001 182.2512 0.533
2122 8 2 -0.1200 552.0505 183.1002 0.0
2123 8 2 -0.1200 553.5585000000001 183.1002 0.0
2124 8 3 0.0600 551.7115000000001 183.0302 -1.061
2125 8 3 0.0600 551.6285 183.9882 0.509
2126 8 3 0.0600 553.9335000000001 184.0332 -0.4580000000000001
2127 8 3 0.0600 553.8415000000001 183.0302 1.082
2128 8 2 -0.1200 555.5585 183.1002 0.0
2129 8 2 -0.1200 557.0665 183.1002 0.0
2130 8 3 0.0600 555.2195 182.0392 0.07
2131 8 3 0.0600 555.1365 183.6092 -0.888
2132 8 3 0.0600 557.4415 182.6422 -0.933
2133 8 3 0.0600 557.3495 184.1822 0.07
2134 8 2 -0.1200 559.0665 183.1002 0.0
2135 8 2 -0.1200 560.5745000000001 183.1002 0.0
2136 8 3 0.0600 558.7275000000001 183.0302 -1.061
2137 8 3 0.0600 558.6445 183.9882 0.509
2138 8 3 0.0600 560.9495000000001 184.0332 -0.4580000000000001
2139 8 3 0.0600 560.8575000000001 183.0302 1.082
2140 8 2 -0.1200 562.5745000000001 183.1002 0.0
2141 8 2 -0.1200 564.0825000000001 183.1002 0.0
2142 8 3 0.0600 562.2355000000001 182.0392 -0.07
2143 8 3 0.0600 562.1525 183.6092 0.888
2144 8 3 0.0600 564.4575000000001 182.6422 0.933
2145 8 3 0.0600 564.3655000000001 184.1822 -0.07
2146 8 2 -0.1200 566.0825000000001 183.1002 0.0
2147 8 2 -0.1200 567.5905000000001 183.1002 0.0
2148 8 3 0.0600 565.7435000000002 183.0302 -1.061
2149 8 3 0.0600 565.6605000000001 183.9882 0.509
2150 8 3 0.0600 567.9655000000001 184.0332 -0.4580000000000001
2151 8 3 0.0600 567.8735000000001 183.0302 1.082
2152 8 2 -0.1200 569.5905 183.1002 0.0
2153 8 2 -0.1200 571.0985000000001 183.1002 0.0
2154 8 3 0.0600 569.2515000000001 182.0392 0.07
2155 8 3 0.0600 569.1685 183.6092 -0.888
2156 8 3 0.0600 571.4735000000001 182.6422 -0.933
2157 8 3 0.0600 571.3815000000001 184.1822 0.07
2158 8 2 -0.1200 573.0985000000001 183.1002 0.0
2159 8 2 -0.1200 574.6065000000001 183.1002 0.0
2160 8 3 0.0600 572.7595000000001 183.1702 -1.061
2161 8 3 0.0600 572.6765 182.2122 0.509
2162 8 3 0.0600 574.9815000000001 182.1672 -0.45799999999999996
2163 8 3 0.0600 574.8895000000001 183.1702 1.082
2164 8 2 -0.1200 576.6065 183.1002 0.0
2165 8 2 -0.1200 578.1145 183.1002 0.0
2166 8 3 0.0600 576.2675 182.0392 -0.07
2167 8 3 0.0600 576.1845 183.6092 0.888
2168 8 3 0.0600 578.4895 182.6422 0.933
2169 8 3 0.0600 578.3975 184.1822 -0.07
2170 8 2 -0.1200 580.1145 183.1002 0.0
2171 8 2 -0.1200 581.6225000000001 183.1002 0.0
2172 8 3 0.0600 579.7755000000001 183.1702 -1.061
2173 8 3 0.0600 579.6925 182.2122 0.509
2174 8 3 0.0600 581.9975000000001 182.1672 -0.45799999999999996
2175 8 3 0.0600 581.9055000000001 183.1702 1.082
2176 8 2 -0.1200 583.6225000000001 183.1002 0.0
2177 8 2 -0.1200 585.1305000000001 183.1002 0.0
2178 8 3 0.0600 583.2835000000001 182.0392 0.07
2179 8 3 0.0600 583.2005 183.6092 -0.888
2180 8 3 0.0600 585.5055000000001 182.6422 -0.933
2181 8 3 0.0600 585.4135000000001 184.1822 0.07
2182 8 2 -0.1200 587.1305000000001 183.1002 0.0
2183 8 2 -0.1200 588.6385000000001 183.1002 0.0
2184 8 3 0.0600 586.7915000000002 183.0302 -1.061
2185 8 3 0.0600 586.7085000000001 183.9882 0.509
2186 8 3 0.0600 589.0135000000001 184.0332 -0.4580000000000001
2187 8 3 0.0600 588.9215000000002 183.0302 1.082
2188 8 2 -0.1200 590.6385 183.1002 0.0
2189 8 2 -0.1200 592.1465000000001 183.1002 0.0
2190 8 3 0.0600 590.2995000000001 182.0392 -0.07
2191 8 3 0.0600 590.2165 183.6092 0.888
2192 8 3 0.0600 592.5215000000001 182.6422 0.933
2193 8 3 0.0600 592.4295000000001 184.1822 -0.07
2194 8 2 -0.1200 594.1465000000001 183.1002 0.0
2195 8 2 -0.1200 595.6545000000001 183.1002 0.0
2196 8 3 0.0600 593.8075000000001 183.0302 -1.061
2197 8 3 0.0600 593.7245 183.9882 0.509
2198 8 3 0.0600 596.0295000000001 184.0332 -0.4580000000000001
2199 8 3 0.0600 595.9375000000001 183.0302 1.082
2200 8 2 -0.1200 597.6545 183.1002 0.0
2201 8 2 -0.1200 599.1625 183.1002 0.0
2202 8 3 0.0600 597.3155 182.0392 -0.07
2203 8 3 0.0600 597.2325 183.6092 0.888
2204 8 3 0.0600 599.5375 182.6422 0.933
2205 8 3 0.0600 599.4455 184.1822 -0.07
2206 8 2 -0.1200 601.1625 183.1002 0.0
2207 8 2 -0.1200 602.6705000000001 183.1002 0.0
2208 8 3 0.0600 600.8235000000001 183.0302 -1.061
2209 8 3 0.0600 600.7405 183.9882 0.509
2210 8 3 0.0600 603.0455000000001 184.0332 -0.4580000000000001
2211 8 3 0.0600 602.9535000000001 183.0302 1.082
2212 8 2 -0.1200 604.6705000000001 183.1002 0.0
2213 8 2 -0.1200 606.1785000000001 183.1002 0.0
2214 8 3 0.0600 604.3315000000001 182.0392 -0.07
2215 8 3 0.0600 604.2485 183.6092 0.888
2216 8 3 0.0600 606.5535000000001 182.6422 0.933
2217 8 3 0.0600 606.4615000000001 184.1822 -0.07
2218 8 2 -0.1200 608.1785 183.1002 0.0
2219 8 2 -0.1200 609.6865 183.1002 0.0
2220 8 3 0.0600 607.8395 183.1702 -1.061
2221 8 3 0.0600 607.7565 182.2122 0.509
2222 8 3 0.0600 610.0615 182.1672 -0.45799999999999996
2223 8 3 0.0600 609.9695 183.1702 1.082
2224 8 2 -0.1200 611.6865 183.1002 0.0
2225 8 2 -0.1200 613.1945000000001 183.1002 0.0
2226 8 3 0.0600 611.3475000000001 182.0392 0.07
2227 8 3 0.0600 611.2645 183.6092 -0.888
2228 8 3 0.0600 613.5695000000001 182.6422 -0.933
2229 8 3 0.0600 613.4775000000001 184.1822 0.07
2230 8 2 -0.1200 615.1945000000001 183.1002 0.0
2231 8 2 -0.1200 616.7025000000001 183.1002 0.0
2232 8 3 0.0600 614.8555000000001 183.1702 -1.061
2233 8 3 0.0600 614.7725 182.2122 0.509
2234 8 3 0.0600 617.0775000000001 182.1672 -0.45799999999999996
2235 8 3 0.0600 616.9855000000001 183.1702 1.082
2236 8 2 -0.1200 618.7025 183.1002 0.0
2237 8 2 -0.1200 620.2105 183.1002 0.0
2238 8 3 0.0600 618.3635 182.0392 -0.07
2239 8 3 0.0600 618.2805 183.6092 0.888
2240 8 3 0.0600 620.5855 182.6422 0.933
2241 8 3 0.0600 620.4935 184.1822 -0.07
2242 8 2 -0.1200 622.2105 183.1002 0.0
2243 8 2 -0.1200 623.7185000000001 183.1002 0.0
2244 8 3 0.0600 621.8715000000001 183.1702 -1.061
2245 8 3 0.0600 621.7885 182.2122 0.509
2246 8 3 0.0600 624.0935000000001 182.1672 -0.45799999999999996
2247 8 3 0.0600 624.0015000000001 183.1702 1.082
2248 8 2 -0.1200 625.7185000000001 183.1002 0.0
2249 8 2 -0.1200 627.2265000000001 183.1002 0.0
2250 8 3 0.0600 625.3795000000001 182.0392 0.07
2251 8 3 0.0600 625.2965 183.6092 -0.888
2252 8 3 0.0600 627.6015000000001 182.6422 -0.933
2253 8 3 0.0600 627.5095000000001 184.1822 0.07
2254 8 2 -0.1200 629.2265000000001 183.1002 0.0
2255 8 2 -0.1200 630.7345000000001 183.1002 0.0
2256 8 3 0.0600 628.8875000000002 183.0302 -1.061
2257 8 3 0.0600 628.8045000000001 183.9882 0.509
2258 8 3 0.0600 631.1095000000001 184.0332 -0.4580000000000001
2259 8 3 0.0600 631.0175000000002 183.0302 1.082
2260 8 2 -0.1200 632.7345 183.1002 0.0
2261 8 2 -0.1200 634.2425000000001 183.1002 0.0
2262 8 3 0.0600 632.3955000000001 182.0392 0.07
2263 8 3 0.0600 632.3125 183.6092 -0.888
2264 8 3 0.0600 634.6175000000001 182.6422 -0.933
2265 8 3 0.0600 634.5255000000001 184.1822 0.07
2266 8 2 -0.1200 636.2425000000001 183.1002 0.0
2267 8 2 -0.1200 637.7505000000001 183.1002 0.0
2268 8 3 0.0600 635.9035000000001 183.0302 -1.061
2269 8 3 0.0600 635.8205 183.9882 0.509
2270 8 3 0.0600 638.1255000000001 184.0332 -0.4580000000000001
2271 8 3 0.0600 638.0335000000001 183.0302 1.082
2272 8 2 -0.1200 639.7505 183.1002 0.0
2273 8 2 -0.1200 641.2585 183.1002 0.0
2274 8 3 0.0600 639.4115 182.0392 -0.07
2275 8 3 0.0600 639.3285 183.6092 0.888
2276 8 3 0.0600 641.6335 182.6422 0.933
2277 8 3 0.0600 641.5415 184.1822 -0.07
2278 8 2 -0.1200 643.2585 183.1002 0.0
2279 8 2 -0.1200 644.7665000000001 183.1002 0.0
2280 8 3 0.0600 642.9195000000001 183.1702 -1.061
2281 8 3 0.0600 642.8365 182.2122 0.509
2282 8 3 0.0600 645.1415000000001 182.1672 -0.45799999999999996
2283 8 3 0.0600 645.0495000000001 183.1702 1.082
2284 8 2 -0.1200 646.7665000000001 183.1002 0.0
2285 8 2 -0.1200 648.2745000000001 183.1002 0.0
2286 8 3 0.0600 646.4275000000001 182.0392 -0.07
2287 8 3 0.0600 646.3445 183.6092 0.888
2288 8 3 0.0600 648.6495000000001 182.6422 0.933
2289 8 3 0.0600 648.5575000000001 184.1822 -0.07
2290 8 2 -0.1200 650.2745 183.1002 0.0
2291 8 2 -0.1200 651.7825 183.1002 0.0
2292 8 3 0.0600 649.9355 183.0302 -1.061
2293 8 3 0.0600 649.8525 183.9882 0.509
2294 8 3 0.0600 652.1575 184.0332 -0.4580000000000001
2295 8 3 0.0600 652.0655 183.0302 1.082
2296 8 2 -0.1200 653.7825 183.1002 0.0
2297 8 2 -0.1200 655.2905000000001 183.1002 0.0
2298 8 3 0.0600 653.4435000000001 182.0392 -0.07
2299 8 3 0.0600 653.3605 183.6092 0.888
2300 8 3 0.0600 655.6655000000001 182.6422 0.933
2301 8 3 0.0600 655.5735000000001 184.1822 -0.07
2302 8 2 -0.1200 657.2905000000001 183.1002 0.0
2303 8 2 -0.1200 658.7985000000001 183.1002 0.0
2304 8 3 0.0600 656.9515000000001 183.0302 -1.061
2305 8 3 0.0600 656.8685 183.9882 0.509
2306 8 3 0.0600 659.1735000000001 184.0332 -0.4580000000000001
2307 8 3 0.0600 659.0815000000001 183.0302 1.082
2308 8 2 -0.1200 660.7985 183.1002 0.0
2309 8 2 -0.1200 662.3065 183.1002 0.0
2310 8 3 0.0600 660.4595 182.0392 -0.07
2311 8 3 0.0600 660.3765 183.6092 0.888
2312 8 3 0.0600 662.6815 182.6422 0.933
2313 8 3 0.0600 662.5895 184.1822 -0.07
2314 8 2 -0.1200 664.3065 183.1002 0.0
2315 8 2 -0.1200 665.8145000000001 183.1002 0.0
2316 8 3 0.0600 663.9675000000001 183.0302 -1.061
2317 8 3 0.0600 663.8845 183.9882 0.509
2318 8 3 0.0600 666.1895000000001 184.0332 -0.4580000000000001
2319 8 3 0.0600 666.0975000000001 183.0302 1.082
2320 8 2 -0.1200 667.8145000000001 183.1002 0.0
2321 8 2 -0.1200 669.3225000000001 183.1002 0.0
2322 8 3 0.0600 667.4755000000001 182.0392 0.07
2323 8 3 0.0600 667.3925 183.6092 -0.888
2324 8 3 0.0600 669.6975000000001 182.6422 -0.933
2325 8 3 0.0600 669.6055000000001 184.1822 0.07
2326 8 2 -0.1200 671.3225 183.1002 0.0
2327 8 2 -0.1200 672.8305 183.1002 0.0
2328 8 3 0.0600 670.9835 183.1702 -1.061
2329 8 3 0.0600 670.9005 182.2122 0.509
2330 8 3 0.0600 673.2055 182.1672 -0.45799999999999996
2331 8 3 0.0600 673.1135 183.1702 1.082
2332 8 2 -0.1200 674.8305 183.1002 0.0
2333 8 2 -0.1200 676.3385000000001 183.1002 0.0
2334 8 3 0.0600 674.4915000000001 182.0392 -0.07
2335 8 3 0.0600 674.4085 183.6092 0.888
2336 8 3 0.0600 676.7135000000001 182.6422 0.933
2337 8 3 0.0600 676.6215000000001 184.1822 -0.07
2338 8 2 -0.1200 678.3385000000001 183.1002 0.0
2339 8 2 -0.1200 679.8465000000001 183.1002 0.0
2340 8 3 0.0600 677.9995000000001 183.1702 -1.061
2341 8 3 0.0600 677.9165 182.2122 0.509
2342 8 3 0.0600 680.2215000000001 182.1672 -0.45799999999999996
2343 8 3 0.0600 680.1295000000001 183.1702 1.082
2344 8 2 -0.1200 681.8465 183.1002 0.0
2345 8 2 -0.1200 683.3545 183.1002 0.0
2346 8 3 0.0600 681.5075 182.0392 0.07
2347 8 3 0.0600 681.4245 183.6092 -0.888
2348 8 3 0.0600 683.7295 182.6422 -0.933
2349 8 3 0.0600 683.6375 184.1822 0.07
2350 8 2 -0.1200 685.3545 183.1002 0.0
2351 8 2 -0.1200 686.8625000000001 183.1002 0.0
2352 8 3 0.0600 685.0155000000001 183.1702 -1.061
2353 8 3 0.0600 684.9325 182.2122 0.509
2354 8 3 0.0600 687.2375000000001 182.1672 -0.45799999999999996
2355 8 3 0.0600 687.1455000000001 183.1702 1.082
2356 8 2 -0.1200 688.8625000000001 183.1002 0.0
2357 8 2 -0.1200 690.3705000000001 183.1002 0.0
2358 8 3 0.0600 688.5235000000001 182.0392 -0.07
2359 8 3 0.0600 688.4405 183.6092 0.888
2360 8 3 0.0600 690.7455000000001 182.6422 0.933
2361 8 3 0.0600 690.6535000000001 184.1822 -0.07
2362 8 2 -0.1200 692.3705000000001 183.1002 0.0
2363 8 2 -0.1200 693.8785000000001 183.1002 0.0
2364 8 3 0.0600 692.0315000000002 183.0302 -1.061
2365 8 3 0.0600 691.9485000000001 183.9882 0.509
2366 8 3 0.0600 694.2535000000001 184.0332 -0.4580000000000001
2367 8 3 0.0600 694.1615000000002 183.0302 1.082
2368 8 2 -0.1200 695.8785 183.1002 0.0
2369 8 2 -0.1200 697.3865000000001 183.1002 0.0
2370 8 3 0.0600 695.5395000000001 182.0392 0.07
2371 8 3 0.0600 695.4565 183.6092 -0.888
2372 8 3 0.0600 697.7615000000001 182.6422 -0.933
2373 8 3 0.0600 697.6695000000001 184.1822 0.07
2374 8 2 -0.1200 699.3865000000001 183.1002 0.0
2375 8 2 -0.1200 700.8945000000001 183.1002 0.0
2376 8 3 0.0600 699.0475000000001 183.0302 -1.061
2377 8 3 0.0600 698.9645 183.9882 0.509
2378 8 3 0.0600 701.2695000000001 184.0332 -0.4580000000000001
2379 8 3 0.0600 701.1775000000001 183.0302 1.082
2380 8 2 -0.1200 702.8945 183.1002 0.0
2381 8 2 -0.1200 704.4025 183.1002 0.0
2382 8 3 0.0600 702.5555 182.0392 0.07
2383 8 3 0.0600 702.4725 183.6092 -0.888
2384 8 3 0.0600 704.7775 182.6422 -0.933
2385 8 3 0.0600 704.6855 184.1822 0.07
2386 8 2 -0.1200 706.4025 183.1002 0.0
2387 8 2 -0.1200 707.9105000000001 183.1002 0.0
2388 8 3 0.0600 706.0635000000001 183.1702 -1.061
2389 8 3 0.0600 705.9805 182.2122 0.509
2390 8 3 0.0600 708.2855000000001 182.1672 -0.45799999999999996
2391 8 3 0.0600 708.1935000000001 183.1702 1.082
2392 8 2 -0.1200 709.9105000000001 183.1002 0.0
2393 8 2 -0.1200 711.4185000000001 183.1002 0.0
2394 8 3 0.0600 709.5715000000001 182.0392 0.07
2395 8 3 0.0600 709.4885 183.6092 -0.888
2396 8 3 0.0600 711.7935000000001 182.6422 -0.933
2397 8 3 0.0600 711.7015000000001 184.1822 0.07
2398 8 2 -0.1200 713.4185000000001 183.1002 0.0
2399 8 2 -0.1200 714.9265000000001 183.1002 0.0
2400 8 3 0.0600 713.0795000000002 183.1702 -1.061
2401 8 3 0.0600 712.9965000000001 182.2122 0.509
2402 8 3 0.0600 715.3015000000001 182.1672 -0.45799999999999996
2403 8 3 0.0600 715.2095000000002 183.1702 1.082
2404 8 2 -0.1200 716.9265 183.1002 0.0
2405 8 2 -0.1200 718.4345000000001 183.1002 0.0
2406 8 3 0.0600 716.5875000000001 182.0392 0.07
2407 8 3 0.0600 716.5045 183.6092 -0.888
2408 8 3 0.0600 718.8095000000001 182.6422 -0.933
2409 8 3 0.0600 718.7175000000001 184.1822 0.07
2410 8 2 -0.1200 720.1055000000001 183.1002 0.0
2411 8 1 -0.1800 721.4395000000001 183.8312 0.0009999999999999554
2412 8 3 0.0600 719.4445000000001 183.5632 0.776
2413 8 3 0.0600 719.6215000000001 183.34120000000001 -0.969
2414 8 3 0.0600 721.4965000000001 184.5012 0.8769999999999999
2415 8 3 0.0600 721.5665000000001 184.4802 -0.8920000000000001
2416 8 3 0.0600 722.2715000000001 183.1002 0.0
2417 9 1 -0.1800 -0.752 366.2003 0.0
2418 9 2 -0.1200 0.752 366.2003 0.0
2419 9 3 0.0600 -1.103 366.67030000000005 -0.954
2420 9 3 0.0600 -1.133 366.83430000000004 0.836
2421 9 3 0.0600 -1.172 365.1773 0.096
2422 9 3 0.0600 1.118 367.17830000000004 0.354
2423 9 3 0.0600 1.201 365.35130000000004 0.533
2424 9 2 -0.1200 2.75 366.2003 0.0
2425 9 2 -0.1200 4.258 366.2003 0.0
2426 9 3 0.0600 2.411 366.2703 -1.061
2427 9 3 0.0600 2.3280000000000003 365.31230000000005 0.509
2428 9 3 0.0600 4.633 365.26730000000003 -0.45799999999999996
2429 9 3 0.0600 4.541 366.2703 1.082
2430 9 2 -0.1200 6.257999999999999 366.2003 0.0
2431 9 2 -0.1200 7.766 366.2003 0.0
2432 9 3 0.0600 5.919 365.13930000000005 0.07
2433 9 3 0.0600 5.835999999999999 366.70930000000004 -0.888
2434 9 3 0.0600 8.141 365.7423 -0.933
2435 9 3 0.0600 8.049 367.2823 0.07
2436 9 2 -0.1200 9.766 366.2003 0.0
2437 9 2 -0.1200 11.274 366.2003 0.0
2438 9 3 0.0600 9.427 366.13030000000003 -1.061
2439 9 3 0.0600 9.344 367.0883 0.509
2440 9 3 0.0600 11.649 367.1333 -0.4580000000000001
2441 9 3 0.0600 11.556999999999999 366.13030000000003 1.082
2442 9 2 -0.1200 13.274000000000001 366.2003 0.0
2443 9 2 -0.1200 14.782 366.2003 0.0
2444 9 3 0.0600 12.935 365.13930000000005 -0.07
2445 9 3 0.0600 12.852 366.70930000000004 0.888
2446 9 3 0.0600 15.157 365.7423 0.933
2447 9 3 0.0600 15.065000000000001 367.2823 -0.07
2448 9 2 -0.1200 16.782 366.2003 0.0
2449 9 2 -0.1200 18.290000000000003 366.2003 0.0
2450 9 3 0.0600 16.443 366.2703 -1.061
2451 9 3 0.0600 16.360000000000003 365.31230000000005 0.509
2452 9 3 0.0600 18.665000000000003 365.26730000000003 -0.45799999999999996
2453 9 3 0.0600 18.573 366.2703 1.082
2454 9 2 -0.1200 20.29 366.2003 0.0
2455 9 2 -0.1200 21.798000000000002 366.2003 0.0
2456 9 3 0.0600 19.951 365.13930000000005 0.07
2457 9 3 0.0600 19.868000000000002 366.70930000000004 -0.888
2458 9 3 0.0600 22.173000000000002 365.7423 -0.933
2459 9 3 0.0600 22.081 367.2823 0.07
2460 9 2 -0.1200 23.798 366.2003 0.0
2461 9 2 -0.1200 25.306 366.2003 0.0
2462 9 3 0.0600 23.459 366.2703 -1.061
2463 9 3 0.0600 23.376 365.31230000000005 0.509
2464 9 3 0.0600 25.681 365.26730000000003 -0.45799999999999996
2465 9 3 0.0600 25.589 366.2703 1.082
2466 9 2 -0.1200 27.305999999999997 366.2003 0.0
2467 9 2 -0.1200 28.814 366.2003 0.0
2468 9 3 0.0600 26.967 365.13930000000005 0.07
2469 9 3 0.0600 26.884 366.70930000000004 -0.888
2470 9 3 0.0600 29.189 365.7423 -0.933
2471 9 3 0.0600 29.096999999999998 367.2823 0.07
2472 9 2 -0.1200 30.814 366.2003 0.0
2473 9 2 -0.1200 32.322 366.2003 0.0
2474 9 3 0.0600 30.475 366.2703 -1.061
2475 9 3 0.0600 30.392000000000003 365.31230000000005 0.509
2476 9 3 0.0600 32.697 365.26730000000003 -0.45799999999999996
2477 9 3 0.0600 32.605000000000004 366.2703 1.082
2478 9 2 -0.1200 34.322 366.2003 0.0
2479 9 2 -0.1200 35.83 366.2003 0.0
2480 9 3 0.0600 33.983000000000004 365.13930000000005 0.07
2481 9 3 0.0600 33.9 366.70930000000004 -0.888
2482 9 3 0.0600 36.205 365.7423 -0.933
2483 9 3 0.0600 36.113 367.2823 0.07
2484 9 2 -0.1200 37.830000000000005 366.2003 0.0
2485 9 2 -0.1200 39.338 366.2003 0.0
2486 9 3 0.0600 37.491 366.13030000000003 -1.061
2487 9 3 0.0600 37.408 367.0883 0.509
2488 9 3 0.0600 39.713 367.1333 -0.4580000000000001
2489 9 3 0.0600 39.621 366.13030000000003 1.082
2490 9 2 -0.1200 41.338 366.2003 0.0
2491 9 2 -0.1200 42.846 366.2003 0.0
2492 9 3 0.0600 40.998999999999995 365.13930000000005 -0.07
2493 9 3 0.0600 40.916 366.70930000000004 0.888
2494 9 3 0.0600 43.221 365.7423 0.933
2495 9 3 0.0600 43.129 367.2823 -0.07
2496 9 2 -0.1200 44.846000000000004 366.2003 0.0
2497 9 2 -0.1200 46.354 366.2003 0.0
2498 9 3 0.0600 44.507000000000005 366.13030000000003 -1.061
2499 9 3 0.0600 44.424 367.0883 0.509
2500 9 3 0.0600 46.729 367.1333 -0.4580000000000001
2501 9 3 0.0600 46.637 366.13030000000003 1.082
2502 9 2 -0.1200 48.354 366.2003 0.0
2503 9 2 -0.1200 49.861999999999995 366.2003 0.0
2504 9 3 0.0600 48.015 365.13930000000005 0.07
2505 9 3 0.0600 47.931999999999995 366.70930000000004 -0.888
2506 9 3 0.0600 50.236999999999995 365.7423 -0.933
2507 9 3 0.0600 50.144999999999996 367.2823 0.07
2508 9 2 -0.1200 51.862 366.2003 0.0
2509 9 2 -0.1200 53.37 366.2003 0.0
2510 9 3 0.0600 51.522999999999996 366.2703 -1.061
2511 9 3 0.0600 51.44 365.31230000000005 0.509
2512 9 3 0.0600 53.745 365.26730000000003 -0.45799999999999996
2513 9 3 0.0600 53.653 366.2703 1.082
2514 9 2 -0.1200 55.370000000000005 366.2003 0.0
2515 9 2 -0.1200 56.878 366.2003 0.0
2516 9 3 0.0600 55.031000000000006 365.13930000000005 0.07
2517 9 3 0.0600 54.948 366.70930000000004 -0.888
2518 9 3 0.0600 57.253 365.7423 -0.933
2519 9 3 0.0600 57.161 367.2823 0.07
2520 9 2 -0.1200 58.878 366.2003 0.0
2521 9 2 -0.1200 60.385999999999996 366.2003 0.0
2522 9 3 0.0600 58.539 366.2703 -1.061
2523 9 3 0.0600 58.455999999999996 365.31230000000005 0.509
2524 9 3 0.0600 60.760999999999996 365.26730000000003 -0.45799999999999996
2525 9 3 0.0600 60.669 366.2703 1.082
2526 9 2 -0.1200 62.386 366.2003 0.0
2527 9 2 -0.1200 63.894 366.2003 0.0
2528 9 3 0.0600 62.047 365.13930000000005 -0.07
2529 9 3 0.0600 61.964 366.70930000000004 0.888
2530 9 3 0.0600 64.269 365.7423 0.933
2531 9 3 0.0600 64.177 367.2823 -0.07
2532 9 2 -0.1200 65.89399999999999 366.2003 0.0
2533 9 2 -0.1200 67.402 366.2003 0.0
2534 9 3 0.0600 65.55499999999999 366.2703 -1.061
2535 9 3 0.0600 65.472 365.31230000000005 0.509
2536 9 3 0.0600 67.777 365.26730000000003 -0.45799999999999996
2537 9 3 0.0600 67.685 366.2703 1.082
2538 9 2 -0.1200 69.402 366.2003 0.0
2539 9 2 -0.1200 70.91000000000001 366.2003 0.0
2540 9 3 0.0600 69.063 365.13930000000005 -0.07
2541 9 3 0.0600 68.98 366.70930000000004 0.888
2542 9 3 0.0600 71.28500000000001 365.7423 0.933
2543 9 3 0.0600 71.19300000000001 367.2823 -0.07
2544 9 2 -0.1200 72.91 366.2003 0.0
2545 9 2 -0.1200 74.418 366.2003 0.0
2546 9 3 0.0600 72.571 366.13030000000003 -1.061
2547 9 3 0.0600 72.488 367.0883 0.509
2548 9 3 0.0600 74.793 367.1333 -0.4580000000000001
2549 9 3 0.0600 74.70100000000001 366.13030000000003 1.082
2550 9 2 -0.1200 76.41799999999999 366.2003 0.0
2551 9 2 -0.1200 77.926 366.2003 0.0
2552 9 3 0.0600 76.079 365.13930000000005 0.07
2553 9 3 0.0600 75.996 366.70930000000004 -0.888
2554 9 3 0.0600 78.301 365.7423 -0.933
2555 9 3 0.0600 78.209 367.2823 0.07
2556 9 2 -0.1200 79.926 366.2003 0.0
2557 9 2 -0.1200 81.43400000000001 366.2003 0.0
2558 9 3 0.0600 79.587 366.13030000000003 -1.061
2559 9 3 0.0600 79.504 367.0883 0.509
2560 9 3 0.0600 81.80900000000001 367.1333 -0.4580000000000001
2561 9 3 0.0600 81.71700000000001 366.13030000000003 1.082
2562 9 2 -0.1200 83.434 366.2003 0.0
2563 9 2 -0.1200 84.94200000000001 366.2003 0.0
2564 9 3 0.0600 83.095 365.13930000000005 -0.07
2565 9 3 0.0600 83.012 366.70930000000004 0.888
2566 9 3 0.0600 85.31700000000001 365.7423 0.933
2567 9 3 0.0600 85.22500000000001 367.2823 -0.07
2568 9 2 -0.1200 86.942 366.2003 0.0
2569 9 2 -0.1200 88.45 366.2003 0.0
2570 9 3 0.0600 86.603 366.2703 -1.061
2571 9 3 0.0600 86.52 365.31230000000005 0.509
2572 9 3 0.0600 88.825 365.26730000000003 -0.45799999999999996
2573 9 3 0.0600 88.733 366.2703 1.082
2574 9 2 -0.1200 90.44999999999999 366.2003 0.0
2575 9 2 -0.1200 91.958 366.2003 0.0
2576 9 3 0.0600 90.11099999999999 365.13930000000005 -0.07
2577 9 3 0.0600 90.02799999999999 366.70930000000004 0.888
2578 9 3 0.0600 92.333 365.7423 0.933
2579 9 3 0.0600 92.241 367.2823 -0.07
2580 9 2 -0.1200 93.958 366.2003 0.0
2581 9 2 -0.1200 95.46600000000001 366.2003 0.0
2582 9 3 0.0600 93.619 366.13030000000003 -1.061
2583 9 3 0.0600 93.536 367.0883 0.509
2584 9 3 0.0600 95.84100000000001 367.1333 -0.4580000000000001
2585 9 3 0.0600 95.74900000000001 366.13030000000003 1.082
2586 9 2 -0.1200 97.466 366.2003 0.0
2587 9 2 -0.1200 98.974 366.2003 0.0
2588 9 3 0.0600 97.127 365.13930000000005 0.07
2589 9 3 0.0600 97.044 366.70930000000004 -0.888
2590 9 3 0.0600 99.349 365.7423 -0.933
2591 9 3 0.0600 99.257 367.2823 0.07
2592 9 2 -0.1200 100.97399999999999 366.2003 0.0
2593 9 2 -0.1200 102.482 366.2003 0.0
2594 9 3 0.0600 100.63499999999999 366.2703 -1.061
2595 9 3 0.0600 100.55199999999999 365.31230000000005 0.509
2596 9 3 0.0600 102.857 365.26730000000003 -0.45799999999999996
2597 9 3 0.0600 102.765 366.2703 1.082
2598 9 2 -0.1200 104.482 366.2003 0.0
2599 9 2 -0.1200 105.99000000000001 366.2003 0.0
2600 9 3 0.0600 104.143 365.13930000000005 0.07
2601 9 3 0.0600 104.06 366.70930000000004 -0.888
2602 9 3 0.0600 106.36500000000001 365.7423 -0.933
2603 9 3 0.0600 106.27300000000001 367.2823 0.07
2604 9 2 -0.1200 107.99 366.2003 0.0
2605 9 2 -0.1200 109.498 366.2003 0.0
2606 9 3 0.0600 107.651 366.2703 -1.061
2607 9 3 0.0600 107.568 365.31230000000005 0.509
2608 9 3 0.0600 109.873 365.26730000000003 -0.45799999999999996
2609 9 3 0.0600 109.781 366.2703 1.082
2610 9 2 -0.1200 111.49799999999999 366.2003 0.0
2611 9 2 -0.1200 113.006 366.2003 0.0
2612 9 3 0.0600 111.15899999999999 365.13930000000005 0.07
2613 9 3 0.0600 111.076 366.70930000000004 -0.888
2614 9 3 0.0600 113.381 365.7423 -0.933
2615 9 3 0.0600 113.289 367.2823 0.07
2616 9 2 -0.1200 115.006 366.2003 0.0
2617 9 2 -0.1200 116.51400000000001 366.2003 0.0
2618 9 3 0.0600 114.667 366.2703 -1.061
2619 9 3 0.0600 114.584 365.31230000000005 0.509
2620 9 3 0.0600 116.88900000000001 365.26730000000003 -0.45799999999999996
2621 9 3 0.0600 116.79700000000001 366.2703 1.082
2622 9 2 -0.1200 118.514 366.2003 0.0
2623 9 2 -0.1200 120.022 366.2003 0.0
2624 9 3 0.0600 118.175 365.13930000000005 0.07
2625 9 3 0.0600 118.092 366.70930000000004 -0.888
2626 9 3 0.0600 120.397 365.7423 -0.933
2627 9 3 0.0600 120.305 367.2823 0.07
2628 9 2 -0.1200 122.02199999999999 366.2003 0.0
2629 9 2 -0.1200 123.53 366.2003 0.0
2630 9 3 0.0600 121.68299999999999 366.2703 -1.061
2631 9 3 0.0600 121.6 365.31230000000005 0.509
2632 9 3 0.0600 123.905 365.26730000000003 -0.45799999999999996
2633 9 3 0.0600 123.813 366.2703 1.082
2634 9 2 -0.1200 125.53 366.2003 0.0
2635 9 2 -0.1200 127.03800000000001 366.2003 0.0
2636 9 3 0.0600 125.191 365.13930000000005 0.07
2637 9 3 0.0600 125.108 366.70930000000004 -0.888
2638 9 3 0.0600 127.41300000000001 365.7423 -0.933
2639 9 3 0.0600 127.32100000000001 367.2823 0.07
2640 9 2 -0.1200 129.038 366.2003 0.0
2641 9 2 -0.1200 130.546 366.2003 0.0
2642 9 3 0.0600 128.699 366.13030000000003 -1.061
2643 9 3 0.0600 128.616 367.0883 0.509
2644 9 3 0.0600 130.921 367.1333 -0.4580000000000001
2645 9 3 0.0600 130.829 366.13030000000003 1.082
2646 9 2 -0.1200 132.54600000000002 366.2003 0.0
2647 9 2 -0.1200 134.054 366.2003 0.0
2648 9 3 0.0600 132.20700000000002 365.13930000000005 0.07
2649 9 3 0.0600 132.12400000000002 366.70930000000004 -0.888
2650 9 3 0.0600 134.429 365.7423 -0.933
2651 9 3 0.0600 134.33700000000002 367.2823 0.07
2652 9 2 -0.1200 136.054 366.2003 0.0
2653 9 2 -0.1200 137.56199999999998 366.2003 0.0
2654 9 3 0.0600 135.715 366.2703 -1.061
2655 9 3 0.0600 135.632 365.31230000000005 0.509
2656 9 3 0.0600 137.93699999999998 365.26730000000003 -0.45799999999999996
2657 9 3 0.0600 137.845 366.2703 1.082
2658 9 2 -0.1200 139.562 366.2003 0.0
2659 9 2 -0.1200 141.07 366.2003 0.0
2660 9 3 0.0600 139.223 365.13930000000005 0.07
2661 9 3 0.0600 139.14000000000001 366.70930000000004 -0.888
2662 9 3 0.0600 141.445 365.7423 -0.933
2663 9 3 0.0600 141.353 367.2823 0.07
2664 9 2 -0.1200 143.07000000000002 366.2003 0.0
2665 9 2 -0.1200 144.578 366.2003 0.0
2666 9 3 0.0600 142.73100000000002 366.13030000000003 -1.061
2667 9 3 0.0600 142.64800000000002 367.0883 0.509
2668 9 3 0.0600 144.953 367.1333 -0.4580000000000001
2669 9 3 0.0600 144.86100000000002 366.13030000000003 1.082
2670 9 2 -0.1200 146.578 366.2003 0.0
2671 9 2 -0.1200 148.08599999999998 366.2003 0.0
2672 9 3 0.0600 146.239 365.13930000000005 0.07
2673 9 3 0.0600 146.156 366.70930000000004 -0.888
2674 9 3 0.0600 148.46099999999998 365.7423 -0.933
2675 9 3 0.0600 148.369 367.2823 0.07
2676 9 2 -0.1200 150.086 366.2003 0.0
2677 9 2 -0.1200 151.594 366.2003 0.0
2678 9 3 0.0600 149.747 366.13030000000003 -1.061
2679 9 3 0.0600 149.66400000000002 367.0883 0.509
2680 9 3 0.0600 151.969 367.1333 -0.4580000000000001
2681 9 3 0.0600 151.877 366.13030000000003 1.082
2682 9 2 -0.1200 153.59400000000002 366.2003 0.0
2683 9 2 -0.1200 155.102 366.2003 0.0
2684 9 3 0.0600 153.25500000000002 365.13930000000005 -0.07
2685 9 3 0.0600 153.17200000000003 366.70930000000004 0.888
2686 9 3 0.0600 155.477 365.7423 0.933
2687 9 3 0.0600 155.38500000000002 367.2823 -0.07
2688 9 2 -0.1200 157.102 366.2003 0.0
2689 9 2 -0.1200 158.60999999999999 366.2003 0.0
2690 9 3 0.0600 156.763 366.13030000000003 -1.061
2691 9 3 0.0600 156.68 367.0883 0.509
2692 9 3 0.0600 158.98499999999999 367.1333 -0.4580000000000001
2693 9 3 0.0600 158.893 366.13030000000003 1.082
2694 9 2 -0.1200 160.61 366.2003 0.0
2695 9 2 -0.1200 162.118 366.2003 0.0
2696 9 3 0.0600 160.27100000000002 365.13930000000005 -0.07
2697 9 3 0.0600 160.18800000000002 366.70930000000004 0.888
2698 9 3 0.0600 162.493 365.7423 0.933
2699 9 3 0.0600 162.401 367.2823 -0.07
2700 9 2 -0.1200 164.11800000000002 366.2003 0.0
2701 9 2 -0.1200 165.626 366.2003 0.0
2702 9 3 0.0600 163.77900000000002 366.2703 -1.061
2703 9 3 0.0600 163.69600000000003 365.31230000000005 0.509
2704 9 3 0.0600 166.001 365.26730000000003 -0.45799999999999996
2705 9 3 0.0600 165.90900000000002 366.2703 1.082
2706 9 2 -0.1200 167.626 366.2003 0.0
2707 9 2 -0.1200 169.134 366.2003 0.0
2708 9 3 0.0600 167.287 365.13930000000005 -0.07
2709 9 3 0.0600 167.204 366.70930000000004 0.888
2710 9 3 0.0600 169.509 365.7423 0.933
2711 9 3 0.0600 169.417 367.2823 -0.07
2712 9 2 -0.1200 170.805 366.2003 0.0
2713 9 1 -0.1800 172.139 366.9313 0.0009999999999999554
2714 9 3 0.0600 170.144 366.66330000000005 0.776
2715 9 3 0.0600 170.321 366.4413 -0.969
2716 9 3 0.0600 172.196 367.60130000000004 0.8769999999999999
2717 9 3 0.0600 172.266 367.5803 -0.8920000000000001
2718 9 3 0.0600 172.971 366.2003 0.0
2719 10 1 -0.1800 182.3482 366.2003 0.0
2720 10 2 -0.1200 183.8522 366.2003 0.0
2721 10 3 0.0600 181.9972 366.67030000000005 0.954
2722 10 3 0.0600 181.9672 366.83430000000004 -0.836
2723 10 3 0.0600 181.9282 365.1773 -0.096
2724 10 3 0.0600 184.2182 367.17830000000004 -0.354
2725 10 3 0.0600 184.3012 365.35130000000004 -0.533
2726 10 2 -0.1200 185.8502 366.2003 0.0
2727 10 2 -0.1200 187.35819999999998 366.2003 0.0
2728 10 3 0.0600 185.5112 366.2703 -1.061
2729 10 3 0.0600 185.4282 365.31230000000005 0.509
2730 10 3 0.0600 187.73319999999998 365.26730000000003 -0.45799999999999996
2731 10 3 0.0600 187.6412 366.2703 1.082
2732 10 2 -0.1200 189.3582 366.2003 0.0
2733 10 2 -0.1200 190.8662 366.2003 0.0
2734 10 3 0.0600 189.0192 365.13930000000005 -0.07
2735 10 3 0.0600 188.9362 366.70930000000004 0.888
2736 10 3 0.0600 191.2412 365.7423 0.933
2737 10 3 0.0600 191.1492 367.2823 -0.07
2738 10 2 -0.1200 192.86620000000002 366.2003 0.0
2739 10 2 -0.1200 194.3742 366.2003 0.0
2740 10 3 0.0600 192.52720000000002 366.13030000000003 -1.061
2741 10 3 0.0600 192.44420000000002 367.0883 0.509
2742 10 3 0.0600 194.7492 367.1333 -0.4580000000000001
2743 10 3 0.0600 194.65720000000002 366.13030000000003 1.082
2744 10 2 -0.1200 196.3742 366.2003 0.0
2745 10 2 -0.1200 197.88219999999998 366.2003 0.0
2746 10 3 0.0600 196.0352 365.13930000000005 0.07
2747 10 3 0.0600 195.9522 366.70930000000004 -0.888
2748 10 3 0.0600 198.25719999999998 365.7423 -0.933
2749 10 3 0.0600 198.1652 367.2823 0.07
2750 10 2 -0.1200 199.8822 366.2003 0.0
2751 10 2 -0.1200 201.3902 366.2003 0.0
2752 10 3 0.0600 199.5432 366.2703 -1.061
2753 10 3 0.0600 199.46020000000001 365.31230000000005 0.509
2754 10 3 0.0600 201.7652 365.26730000000003 -0.45799999999999996
2755 10 3 0.0600 201.6732 366.2703 1.082
2756 10 2 -0.1200 203.39020000000002 366.2003 0.0
2757 10 2 -0.1200 204.8982 366.2003 0.0
2758 10 3 0.0600 203.05120000000002 365.13930000000005 -0.07
2759 10 3 0.0600 202.96820000000002 366.70930000000004 0.888
2760 10 3 0.0600 205.2732 365.7423 0.933
2761 10 3 0.0600 205.18120000000002 367.2823 -0.07
2762 10 2 -0.1200 206.8982 366.2003 0.0
2763 10 2 -0.1200 208.40619999999998 366.2003 0.0
2764 10 3 0.0600 206.5592 366.2703 -1.061
2765 10 3 0.0600 206.4762 365.31230000000005 0.509
2766 10 3 0.0600 208.78119999999998 365.26730000000003 -0.45799999999999996
2767 10 3 0.0600 208.6892 366.2703 1.082
2768 10 2 -0.1200 210.4062 366.2003 0.0
2769 10 2 -0.1200 211.9142 366.2003 0.0
2770 10 3 0.0600 210.0672 365.13930000000005 0.07
2771 10 3 0.0600 209.98420000000002 366.70930000000004 -0.888
2772 10 3 0.0600 212.2892 365.7423 -0.933
2773 10 3 0.0600 212.1972 367.2823 0.07
2774 10 2 -0.1200 213.91420000000002 366.2003 0.0
2775 10 2 -0.1200 215.4222 366.2003 0.0
2776 10 3 0.0600 213.57520000000002 366.2703 -1.061
2777 10 3 0.0600 213.49220000000003 365.31230000000005 0.509
2778 10 3 0.0600 215.7972 365.26730000000003 -0.45799999999999996
2779 10 3 0.0600 215.70520000000002 366.2703 1.082
2780 10 2 -0.1200 217.4222 366.2003 0.0
2781 10 2 -0.1200 218.93019999999999 366.2003 0.0
2782 10 3 0.0600 217.0832 365.13930000000005 0.07
2783 10 3 0.0600 217.0002 366.70930000000004 -0.888
2784 10 3 0.0600 219.30519999999999 365.7423 -0.933
2785 10 3 0.0600 219.2132 367.2823 0.07
2786 10 2 -0.1200 220.9302 366.2003 0.0
2787 10 2 -0.1200 222.4382 366.2003 0.0
2788 10 3 0.0600 220.59120000000001 366.2703 -1.061
2789 10 3 0.0600 220.50820000000002 365.31230000000005 0.509
2790 10 3 0.0600 222.8132 365.26730000000003 -0.45799999999999996
2791 10 3 0.0600 222.7212 366.2703 1.082
2792 10 2 -0.1200 224.43820000000002 366.2003 0.0
2793 10 2 -0.1200 225.9462 366.2003 0.0
2794 10 3 0.0600 224.09920000000002 365.13930000000005 0.07
2795 10 3 0.0600 224.01620000000003 366.70930000000004 -0.888
2796 10 3 0.0600 226.3212 365.7423 -0.933
2797 10 3 0.0600 226.22920000000002 367.2823 0.07
2798 10 2 -0.1200 227.9462 366.2003 0.0
2799 10 2 -0.1200 229.4542 366.2003 0.0
2800 10 3 0.0600 227.6072 366.2703 -1.061
2801 10 3 0.0600 227.5242 365.31230000000005 0.509
2802 10 3 0.0600 229.8292 365.26730000000003 -0.45799999999999996
2803 10 3 0.0600 229.7372 366.2703 1.082
2804 10 2 -0.1200 231.45420000000001 366.2003 0.0
2805 10 2 -0.1200 232.9622 366.2003 0.0
2806 10 3 0.0600 231.11520000000002 365.13930000000005 -0.07
2807 10 3 0.0600 231.03220000000002 366.70930000000004 0.888
2808 10 3 0.0600 233.3372 365.7423 0.933
2809 10 3 0.0600 233.2452 367.2823 -0.07
2810 10 2 -0.1200 234.96220000000002 366.2003 0.0
2811 10 2 -0.1200 236.4702 366.2003 0.0
2812 10 3 0.0600 234.62320000000003 366.13030000000003 -1.061
2813 10 3 0.0600 234.54020000000003 367.0883 0.509
2814 10 3 0.0600 236.8452 367.1333 -0.4580000000000001
2815 10 3 0.0600 236.75320000000002 366.13030000000003 1.082
2816 10 2 -0.1200 238.4702 366.2003 0.0
2817 10 2 -0.1200 239.9782 366.2003 0.0
2818 10 3 0.0600 238.1312 365.13930000000005 -0.07
2819 10 3 0.0600 238.0482 366.70930000000004 0.888
2820 10 3 0.0600 240.3532 365.7423 0.933
2821 10 3 0.0600 240.2612 367.2823 -0.07
2822 10 2 -0.1200 241.97820000000002 366.2003 0.0
2823 10 2 -0.1200 243.4862 366.2003 0.0
2824 10 3 0.0600 241.63920000000002 366.13030000000003 -1.061
2825 10 3 0.0600 241.55620000000002 367.0883 0.509
2826 10 3 0.0600 243.8612 367.1333 -0.4580000000000001
2827 10 3 0.0600 243.7692 366.13030000000003 1.082
2828 10 2 -0.1200 245.48620000000003 366.2003 0.0
2829 10 2 -0.1200 246.9942 366.2003 0.0
2830 10 3 0.0600 245.14720000000003 365.13930000000005 0.07
2831 10 3 0.0600 245.06420000000003 366.70930000000004 -0.888
2832 10 3 0.0600 247.3692 365.7423 -0.933
2833 10 3 0.0600 247.27720000000002 367.2823 0.07
2834 10 2 -0.1200 248.9942 366.2003 0.0
2835 10 2 -0.1200 250.5022 366.2003 0.0
2836 10 3 0.0600 248.6552 366.13030000000003 -1.061
2837 10 3 0.0600 248.5722 367.0883 0.509
2838 10 3 0.0600 250.8772 367.1333 -0.4580000000000001
2839 10 3 0.0600 250.7852 366.13030000000003 1.082
2840 10 2 -0.1200 252.50220000000002 366.2003 0.0
2841 10 2 -0.1200 254.0102 366.2003 0.0
2842 10 3 0.0600 252.16320000000002 365.13930000000005 0.07
2843 10 3 0.0600 252.08020000000002 366.70930000000004 -0.888
2844 10 3 0.0600 254.3852 365.7423 -0.933
2845 10 3 0.0600 254.2932 367.2823 0.07
2846 10 2 -0.1200 256.0102 366.2003 0.0
2847 10 2 -0.1200 257.51820000000004 366.2003 0.0
2848 10 3 0.0600 255.67120000000003 366.2703 -1.061
2849 10 3 0.0600 255.58820000000003 365.31230000000005 0.509
2850 10 3 0.0600 257.89320000000004 365.26730000000003 -0.45799999999999996
2851 10 3 0.0600 257.8012 366.2703 1.082
2852 10 2 -0.1200 259.5182 366.2003 0.0
2853 10 2 -0.1200 261.0262 366.2003 0.0
2854 10 3 0.0600 259.1792 365.13930000000005 0.07
2855 10 3 0.0600 259.0962 366.70930000000004 -0.888
2856 10 3 0.0600 261.4012 365.7423 -0.933
2857 10 3 0.0600 261.3092 367.2823 0.07
2858 10 2 -0.1200 263.0262 366.2003 0.0
2859 10 2 -0.1200 264.53420000000006 366.2003 0.0
2860 10 3 0.0600 262.6872 366.13030000000003 -1.061
2861 10 3 0.0600 262.60420000000005 367.0883 0.509
2862 10 3 0.0600 264.90920000000006 367.1333 -0.4580000000000001
2863 10 3 0.0600 264.8172 366.13030000000003 1.082
2864 10 2 -0.1200 266.5342 366.2003 0.0
2865 10 2 -0.1200 268.04220000000004 366.2003 0.0
2866 10 3 0.0600 266.1952 365.13930000000005 0.07
2867 10 3 0.0600 266.11220000000003 366.70930000000004 -0.888
2868 10 3 0.0600 268.41720000000004 365.7423 -0.933
2869 10 3 0.0600 268.3252 367.2823 0.07
2870 10 2 -0.1200 270.0422 366.2003 0.0
2871 10 2 -0.1200 271.5502 366.2003 0.0
2872 10 3 0.0600 269.7032 366.13030000000003 -1.061
2873 10 3 0.0600 269.6202 367.0883 0.509
2874 10 3 0.0600 271.9252 367.1333 -0.4580000000000001
2875 10 3 0.0600 271.8332 366.13030000000003 1.082
2876 10 2 -0.1200 273.55019999999996 366.2003 0.0
2877 10 2 -0.1200 275.0582 366.2003 0.0
2878 10 3 0.0600 273.21119999999996 365.13930000000005 -0.07
2879 10 3 0.0600 273.1282 366.70930000000004 0.888
2880 10 3 0.0600 275.4332 365.7423 0.933
2881 10 3 0.0600 275.34119999999996 367.2823 -0.07
2882 10 2 -0.1200 277.0582 366.2003 0.0
2883 10 2 -0.1200 278.56620000000004 366.2003 0.0
2884 10 3 0.0600 276.7192 366.13030000000003 -1.061
2885 10 3 0.0600 276.63620000000003 367.0883 0.509
2886 10 3 0.0600 278.94120000000004 367.1333 -0.4580000000000001
2887 10 3 0.0600 278.8492 366.13030000000003 1.082
2888 10 2 -0.1200 280.5662 366.2003 0.0
2889 10 2 -0.1200 282.0742 366.2003 0.0
2890 10 3 0.0600 280.2272 365.13930000000005 0.07
2891 10 3 0.0600 280.1442 366.70930000000004 -0.888
2892 10 3 0.0600 282.4492 365.7423 -0.933
2893 10 3 0.0600 282.3572 367.2823 0.07
2894 10 2 -0.1200 284.07419999999996 366.2003 0.0
2895 10 2 -0.1200 285.5822 366.2003 0.0
2896 10 3 0.0600 283.73519999999996 366.13030000000003 -1.061
2897 10 3 0.0600 283.6522 367.0883 0.509
2898 10 3 0.0600 285.9572 367.1333 -0.4580000000000001
2899 10 3 0.0600 285.86519999999996 366.13030000000003 1.082
2900 10 2 -0.1200 287.5822 366.2003 0.0
2901 10 2 -0.1200 289.09020000000004 366.2003 0.0
2902 10 3 0.0600 287.2432 365.13930000000005 -0.07
2903 10 3 0.0600 287.16020000000003 366.70930000000004 0.888
2904 10 3 0.0600 289.46520000000004 365.7423 0.933
2905 10 3 0.0600 289.3732 367.2823 -0.07
2906 10 2 -0.1200 291.0902 366.2003 0.0
2907 10 2 -0.1200 292.5982 366.2003 0.0
2908 10 3 0.0600 290.7512 366.2703 -1.061
2909 10 3 0.0600 290.6682 365.31230000000005 0.509
2910 10 3 0.0600 292.9732 365.26730000000003 -0.45799999999999996
2911 10 3 0.0600 292.8812 366.2703 1.082
2912 10 2 -0.1200 294.59819999999996 366.2003 0.0
2913 10 2 -0.1200 296.1062 366.2003 0.0
2914 10 3 0.0600 294.25919999999996 365.13930000000005 -0.07
2915 10 3 0.0600 294.1762 366.70930000000004 0.888
2916 10 3 0.0600 296.4812 365.7423 0.933
2917 10 3 0.0600 296.38919999999996 367.2823 -0.07
2918 10 2 -0.1200 298.1062 366.2003 0.0
2919 10 2 -0.1200 299.61420000000004 366.2003 0.0
2920 10 3 0.0600 297.7672 366.13030000000003 -1.061
2921 10 3 0.0600 297.68420000000003 367.0883 0.509
2922 10 3 0.0600 299.98920000000004 367.1333 -0.4580000000000001
2923 10 3 0.0600 299.8972 366.13030000000003 1.082
2924 10 2 -0.1200 301.6142 366.2003 0.0
2925 10 2 -0.1200 303.1222 366.2003 0.0
2926 10 3 0.0600 301.2752 365.13930000000005 0.07
2927 10 3 0.0600 301.1922 366.70930000000004 -0.888
2928 10 3 0.0600 303.4972 365.7423 -0.933
2929 10 3 0.0600 303.4052 367.2823 0.07
2930 10 2 -0.1200 305.12219999999996 366.2003 0.0
2931 10 2 -0.1200 306.6302 366.2003 0.0
2932 10 3 0.0600 304.78319999999997 366.13030000000003 -1.061
2933 10 3 0.0600 304.7002 367.0883 0.509
2934 10 3 0.0600 307.0052 367.1333 -0.4580000000000001
2935 10 3 0.0600 306.91319999999996 366.13030000000003 1.082
2936 10 2 -0.1200 308.6302 366.2003 0.0
2937 10 2 -0.1200 310.13820000000004 366.2003 0.0
2938 10 3 0.0600 308.2912 365.13930000000005 0.07
2939 10 3 0.0600 308.20820000000003 366.70930000000004 -0.888
2940 10 3 0.0600 310.51320000000004 365.7423 -0.933
2941 10 3 0.0600 310.4212 367.2823 0.07
2942 10 2 -0.1200 312.1382 366.2003 0.0
2943 10 2 -0.1200 313.6462 366.2003 0.0
2944 10 3 0.0600 311.7992 366.2703 -1.061
2945 10 3 0.0600 311.7162 365.31230000000005 0.509
2946 10 3 0.0600 314.0212 365.26730000000003 -0.45799999999999996
2947 10 3 0.0600 313.9292 366.2703 1.082
2948 10 2 -0.1200 315.6462 366.2003 0.0
2949 10 2 -0.1200 317.15420000000006 366.2003 0.0
2950 10 3 0.0600 315.3072 365.13930000000005 0.07
2951 10 3 0.0600 315.22420000000005 366.70930000000004 -0.888
2952 10 3 0.0600 317.52920000000006 365.7423 -0.933
2953 10 3 0.0600 317.4372 367.2823 0.07
2954 10 2 -0.1200 319.15419999999995 366.2003 0.0
2955 10 2 -0.1200 320.6622 366.2003 0.0
2956 10 3 0.0600 318.81519999999995 366.13030000000003 -1.061
2957 10 3 0.0600 318.7322 367.0883 0.509
2958 10 3 0.0600 321.0372 367.1333 -0.4580000000000001
2959 10 3 0.0600 320.94519999999994 366.13030000000003 1.082
2960 10 2 -0.1200 322.6622 366.2003 0.0
2961 10 2 -0.1200 324.1702 366.2003 0.0
2962 10 3 0.0600 322.3232 365.13930000000005 0.07
2963 10 3 0.0600 322.2402 366.70930000000004 -0.888
2964 10 3 0.0600 324.5452 365.7423 -0.933
2965 10 3 0.0600 324.4532 367.2823 0.07
2966 10 2 -0.1200 326.1702 366.2003 0.0
2967 10 2 -0.1200 327.67820000000006 366.2003 0.0
2968 10 3 0.0600 325.8312 366.2703 -1.061
2969 10 3 0.0600 325.74820000000005 365.31230000000005 0.509
2970 10 3 0.0600 328.05320000000006 365.26730000000003 -0.45799999999999996
2971 10 3 0.0600 327.9612 366.2703 1.082
2972 10 2 -0.1200 329.67819999999995 366.2003 0.0
2973 10 2 -0.1200 331.1862 366.2003 0.0
2974 10 3 0.0600 329.33919999999995 365.13930000000005 0.07
2975 10 3 0.0600 329.2562 366.70930000000004 -0.888
2976 10 3 0.0600 331.5612 365.7423 -0.933
2977 10 3 0.0600 331.46919999999994 367.2823 0.07
2978 10 2 -0.1200 333.1862 366.2003 0.0
2979 10 2 -0.1200 334.6942 366.2003 0.0
2980 10 3 0.0600 332.8472 366.13030000000003 -1.061
2981 10 3 0.0600 332.7642 367.0883 0.509
2982 10 3 0.0600 335.0692 367.1333 -0.4580000000000001
2983 10 3 0.0600 334.9772 366.13030000000003 1.082
2984 10 2 -0.1200 336.6942 366.2003 0.0
2985 10 2 -0.1200 338.20220000000006 366.2003 0.0
2986 10 3 0.0600 336.3552 365.13930000000005 -0.07
2987 10 3 0.0600 336.27220000000005 366.70930000000004 0.888
2988 10 3 0.0600 338.57720000000006 365.7423 0.933
2989 10 3 0.0600 338.4852 367.2823 -0.07
2990 10 2 -0.1200 340.20219999999995 366.2003 0.0
2991 10 2 -0.1200 341.7102 366.2003 0.0
2992 10 3 0.0600 339.86319999999995 366.13030000000003 -1.061
2993 10 3 0.0600 339.7802 367.0883 0.509
2994 10 3 0.0600 342.0852 367.1333 -0.4580000000000001
2995 10 3 0.0600 341.99319999999994 366.13030000000003 1.082
2996 10 2 -0.1200 343.7102 366.2003 0.0
2997 10 2 -0.1200 345.2182 366.2003 0.0
2998 10 3 0.0600 343.3712 365.13930000000005 -0.07
2999 10 3 0.0600 343.2882 366.70930000000004 0.888
3000 10 3 0.0600 345.5932 365.7423 0.933
3001 10 3 0.0600 345.5012 367.2823 -0.07
3002 10 2 -0.1200 347.2182 366.2003 0.0
3003 10 2 -0.1200 348.72620000000006 366.2003 0.0
3004 10 3 0.0600 346.8792 366.13030000000003 -1.061
3005 10 3 0.0600 346.79620000000006 367.0883 0.509
3006 10 3 0.0600 349.10120000000006 367.1333 -0.4580000000000001
3007 10 3 0.0600 349.0092 366.13030000000003 1.082
3008 10 2 -0.1200 350.72619999999995 366.2003 0.0
3009 10 2 -0.1200 352.2342 366.2003 0.0
3010 10 3 0.0600 350.38719999999995 365.13930000000005 -0.07
3011 10 3 0.0600 350.3042 366.70930000000004 0.888
3012 10 3 0.0600 352.6092 365.7423 0.933
3013 10 3 0.0600 352.51719999999995 367.2823 -0.07
3014 10 2 -0.1200 353.9052 366.2003 0.0
3015 10 1 -0.1800 355.2392 365.46930000000003 0.0010000000000000447
3016 10 3 0.0600 353.2442 365.7373 0.776
3017 10 3 0.0600 353.4212 365.95930000000004 -0.969
3018 10 3 0.0600 355.2962 364.7993 0.8770000000000001
3019 10 3 0.0600 355.3662 364.82030000000003 -0.8919999999999999
3020 10 3 0.0600 356.07120000000003 366.2003 0.0
